timestamp,fps,frame_time_ms,state,cap_read_ms,process_state_ms,draw_ui_ms,imshow_ms,memory_mb
2026-02-03 13:22:47.809,0.87,1144.42,READY,449.51,267.89,115.55,308.61,221.89
2026-02-03 13:22:47.992,6.32,158.22,READY,2.36,0.63,151.47,0.91,224.77
2026-02-03 13:22:48.157,7.00,142.84,READY,4.40,0.95,128.05,0.57,225.38
2026-02-03 13:22:48.288,8.45,118.35,READY,2.70,1.10,110.91,0.61,226.16
2026-02-03 13:22:48.418,8.16,122.54,READY,1.57,2.03,113.27,0.61,226.41
2026-02-03 13:22:48.646,4.48,223.21,READY,2.86,111.46,104.41,0.58,227.79
2026-02-03 13:22:48.787,7.56,132.36,READY,2.96,1.71,123.42,0.67,228.00
2026-02-03 13:22:48.912,8.25,121.22,READY,3.01,1.76,112.60,0.59,228.00
2026-02-03 13:22:49.038,8.24,121.40,READY,2.80,1.35,113.24,0.75,228.00
2026-02-03 13:22:49.160,8.53,117.25,READY,2.62,1.53,109.11,0.62,228.00
2026-02-03 13:22:49.394,4.38,228.43,READY,2.71,111.88,109.88,0.84,229.75
2026-02-03 13:22:49.522,8.13,123.06,READY,2.65,1.34,115.12,0.58,229.75
2026-02-03 13:22:49.645,8.43,118.60,READY,2.90,1.45,110.65,0.59,229.75
2026-02-03 13:22:49.766,8.62,116.07,READY,2.58,1.70,108.04,0.66,229.75
2026-02-03 13:22:49.891,8.36,119.62,READY,5.65,1.75,108.19,0.61,229.75
2026-02-03 13:22:50.125,4.35,229.64,READY,2.72,118.59,104.74,0.58,231.38
2026-02-03 13:22:50.258,8.01,124.84,READY,4.23,1.95,114.56,0.58,231.38
2026-02-03 13:22:50.378,8.70,114.94,READY,2.48,0.76,108.77,0.62,231.38
2026-02-03 13:22:50.496,8.78,113.83,READY,2.61,0.93,107.59,0.57,231.38
2026-02-03 13:22:50.622,8.32,120.21,READY,11.02,1.13,104.67,0.59,231.38
2026-02-03 13:22:50.867,4.16,240.19,READY,16.94,108.85,111.64,0.69,231.41
2026-02-03 13:22:51.001,7.93,126.04,READY,2.93,2.12,116.39,0.59,231.41
2026-02-03 13:22:51.122,8.57,116.72,READY,2.60,0.77,110.48,0.61,231.41
2026-02-03 13:22:51.245,8.51,117.51,READY,2.63,1.43,109.67,0.61,231.41
2026-02-03 13:22:51.368,8.42,118.80,READY,2.16,1.78,111.19,0.60,231.41
2026-02-03 13:22:51.599,4.44,225.20,READY,4.09,112.68,104.78,0.63,231.41
2026-02-03 13:22:51.732,8.00,125.04,READY,2.90,2.06,116.38,0.57,231.41
2026-02-03 13:22:51.851,8.75,114.23,READY,2.56,0.69,108.40,0.61,231.41
2026-02-03 13:22:51.971,8.66,115.52,READY,1.74,1.36,109.16,0.59,231.41
2026-02-03 13:22:52.092,8.58,116.50,READY,2.63,1.20,110.11,0.57,231.41
2026-02-03 13:22:52.328,4.33,230.96,READY,2.54,112.58,111.74,0.59,231.41
2026-02-03 13:22:52.462,7.96,125.66,READY,3.35,1.95,116.27,0.61,231.41
2026-02-03 13:22:52.582,8.73,114.49,READY,2.35,0.73,108.34,0.60,231.41
2026-02-03 13:22:52.706,8.40,119.10,READY,1.68,1.23,112.89,0.62,231.41
2026-02-03 13:22:52.828,8.48,117.86,READY,2.50,1.76,109.96,0.62,231.41
2026-02-03 13:22:53.077,4.10,243.86,READY,11.41,120.05,108.79,0.58,231.91
2026-02-03 13:22:53.215,7.69,129.96,READY,4.15,1.56,118.44,0.61,231.91
2026-02-03 13:22:53.336,8.61,116.21,READY,2.68,1.23,109.11,0.59,231.91
2026-02-03 13:22:53.458,8.50,117.61,READY,2.73,1.59,109.18,0.63,231.91
2026-02-03 13:22:53.581,8.47,118.04,READY,2.61,1.44,110.10,0.58,231.91
2026-02-03 13:22:53.809,4.49,222.71,READY,2.42,110.28,107.08,0.57,231.91
2026-02-03 13:22:53.936,8.41,118.96,READY,2.62,1.52,111.99,0.61,231.91
2026-02-03 13:22:54.065,8.12,123.14,READY,2.92,1.76,114.43,0.57,231.91
2026-02-03 13:22:54.189,8.42,118.74,READY,4.39,1.85,108.83,0.62,231.91
2026-02-03 13:22:54.313,8.34,119.85,READY,5.22,1.82,109.03,0.57,231.91
2026-02-03 13:22:54.540,4.51,221.59,READY,3.16,111.96,103.68,0.59,231.91
2026-02-03 13:22:54.663,8.47,118.13,READY,2.61,1.65,110.22,0.57,231.91
2026-02-03 13:22:54.798,7.71,129.73,READY,3.96,1.45,120.73,0.59,231.91
2026-02-03 13:22:54.921,8.46,118.25,READY,2.53,0.72,112.02,0.60,231.91
2026-02-03 13:22:55.048,8.20,121.89,READY,2.70,2.78,112.08,0.83,231.91
2026-02-03 13:22:55.281,4.39,227.98,READY,2.61,117.99,104.71,0.57,231.91
2026-02-03 13:22:55.414,7.95,125.83,READY,3.48,1.90,116.35,0.63,231.91
2026-02-03 13:22:55.534,8.71,114.78,READY,2.14,0.62,108.77,0.63,231.91
2026-02-03 13:22:55.656,8.53,117.17,READY,2.52,0.76,109.16,2.56,231.91
2026-02-03 13:22:55.777,8.64,115.79,READY,2.57,0.63,109.89,0.60,231.91
2026-02-03 13:22:56.012,4.35,230.04,READY,2.46,119.05,105.57,0.58,231.91
2026-02-03 13:22:56.146,7.97,125.41,READY,3.37,1.97,116.09,0.61,231.91
2026-02-03 13:22:56.269,8.43,118.67,READY,2.70,1.48,110.70,0.58,231.91
2026-02-03 13:22:56.391,8.52,117.39,READY,2.30,1.77,109.60,0.66,231.91
2026-02-03 13:22:56.512,8.61,116.21,READY,2.66,1.38,108.36,0.62,231.91
2026-02-03 13:22:56.753,4.25,235.37,READY,2.74,119.26,109.80,0.58,231.91
2026-02-03 13:22:56.877,8.47,118.08,READY,2.81,2.03,109.21,0.84,231.91
2026-02-03 13:22:57.013,7.65,130.70,READY,3.21,1.49,122.07,0.59,231.91
2026-02-03 13:22:57.139,8.25,121.21,READY,3.83,2.65,110.17,0.58,231.91
2026-02-03 13:22:57.263,8.39,119.19,READY,3.13,1.41,110.72,0.60,231.91
2026-02-03 13:22:57.497,4.37,228.72,READY,2.95,115.56,106.23,0.78,231.91
2026-02-03 13:22:57.624,8.18,122.21,READY,4.56,2.01,111.74,0.61,231.91
2026-02-03 13:22:57.751,8.24,121.35,READY,3.47,0.79,113.92,0.60,231.91
2026-02-03 13:22:57.874,8.46,118.27,READY,2.88,1.54,110.86,0.59,231.91
2026-02-03 13:22:57.997,8.46,118.26,READY,2.94,1.29,110.22,0.57,231.91
2026-02-03 13:22:58.232,4.34,230.63,READY,4.82,112.87,108.93,0.60,231.91
2026-02-03 13:22:58.375,7.56,132.22,READY,4.43,1.25,122.00,0.73,231.91
2026-02-03 13:22:58.496,8.58,116.49,READY,2.39,0.63,110.16,0.82,231.91
2026-02-03 13:22:58.624,8.12,123.16,READY,13.51,0.65,105.51,0.61,231.91
2026-02-03 13:22:58.756,7.86,127.25,READY,16.10,0.63,106.56,0.58,231.91
2026-02-03 13:22:58.995,4.28,233.74,READY,2.75,121.25,106.94,0.58,231.91
2026-02-03 13:22:59.128,7.97,125.48,READY,2.90,2.08,116.86,0.63,231.91
2026-02-03 13:22:59.249,8.65,115.58,READY,1.62,1.20,109.37,0.60,231.91
2026-02-03 13:22:59.372,8.47,118.04,READY,3.65,1.08,109.19,0.64,231.91
2026-02-03 13:22:59.495,8.48,117.88,READY,4.50,1.98,107.68,0.59,231.91
2026-02-03 13:22:59.740,4.16,240.50,READY,13.81,116.43,107.44,0.56,231.91
2026-02-03 13:22:59.867,8.40,119.00,READY,3.25,2.11,110.01,0.61,231.91
2026-02-03 13:22:59.998,7.94,125.99,READY,2.72,1.81,117.31,0.61,231.91
2026-02-03 13:23:00.120,8.56,116.87,READY,2.86,1.50,108.55,0.86,231.91
2026-02-03 13:23:00.243,8.53,117.29,READY,2.84,1.34,108.96,0.64,231.91
2026-02-03 13:23:00.472,4.45,224.78,READY,2.79,112.21,106.28,0.57,231.91
2026-02-03 13:23:00.615,7.40,135.14,READY,3.12,1.34,126.45,1.09,231.91
2026-02-03 13:23:00.741,8.23,121.48,READY,2.64,1.81,113.52,0.71,231.91
2026-02-03 13:23:00.866,8.35,119.80,READY,2.62,1.60,111.57,0.58,231.91
2026-02-03 13:23:00.990,8.38,119.31,READY,2.65,1.62,111.04,0.63,231.91
2026-02-03 13:23:01.222,4.40,227.09,READY,2.56,116.27,105.22,0.63,231.91
2026-02-03 13:23:01.353,8.13,122.95,READY,3.27,2.33,113.04,0.62,231.91
2026-02-03 13:23:01.478,8.64,115.68,READY,2.96,0.72,109.24,0.62,231.91
2026-02-03 13:23:01.603,8.34,119.87,READY,3.72,1.44,110.70,0.82,231.91
2026-02-03 13:23:01.723,8.67,115.36,READY,2.73,0.70,109.28,0.60,231.91
2026-02-03 13:23:01.957,4.36,229.62,READY,2.60,119.18,104.98,0.57,231.91
2026-02-03 13:23:02.087,8.18,122.18,READY,3.07,1.72,113.09,0.67,231.91
2026-02-03 13:23:02.216,8.18,122.23,READY,2.93,1.32,113.76,1.20,231.91
2026-02-03 13:23:02.340,8.40,119.10,READY,2.94,1.55,110.62,0.57,231.91
2026-02-03 13:23:02.462,8.53,117.18,READY,2.71,1.47,109.34,0.57,231.91
2026-02-03 13:23:02.698,4.31,231.76,READY,3.55,119.70,104.99,0.62,231.91
2026-02-03 13:23:02.827,8.36,119.56,READY,3.98,1.67,108.53,0.62,231.91
2026-02-03 13:23:02.958,7.89,126.70,READY,3.10,1.81,117.77,0.58,231.91
2026-02-03 13:23:03.080,8.55,116.99,READY,2.88,1.59,108.87,0.61,231.91
2026-02-03 13:23:03.203,8.43,118.57,READY,2.88,1.40,110.46,0.60,231.91
2026-02-03 13:23:03.436,4.39,227.55,READY,2.98,116.15,104.79,0.58,231.91
2026-02-03 13:23:03.571,7.87,127.11,READY,3.45,1.89,118.22,0.60,231.91
2026-02-03 13:23:03.693,8.51,117.48,READY,2.07,1.64,110.48,0.58,231.91
2026-02-03 13:23:03.814,8.60,116.22,READY,2.51,1.61,109.32,0.58,231.91
2026-02-03 13:23:03.933,8.72,114.66,READY,2.51,0.63,108.58,0.57,231.91
2026-02-03 13:23:04.170,4.31,232.13,READY,2.31,117.89,108.92,0.61,231.91
2026-02-03 13:23:04.309,7.67,130.31,READY,2.89,2.20,121.51,0.60,231.91
2026-02-03 13:23:04.430,8.58,116.57,READY,2.48,0.76,110.26,0.58,231.91
2026-02-03 13:23:04.551,8.62,115.99,READY,2.53,0.65,109.88,0.58,231.91
2026-02-03 13:23:04.671,8.69,115.13,READY,2.65,0.69,108.93,0.59,231.91
2026-02-03 13:23:04.911,4.27,234.26,READY,1.54,121.26,107.94,0.61,231.91
2026-02-03 13:23:05.038,8.13,122.98,READY,3.07,1.48,114.80,0.70,231.91
2026-02-03 13:23:05.164,8.28,120.77,READY,4.38,2.40,109.23,0.61,231.91
2026-02-03 13:23:05.285,8.66,115.48,READY,2.63,0.70,109.29,0.63,231.91
2026-02-03 13:23:05.409,8.39,119.16,READY,2.73,1.54,111.00,0.65,231.91
2026-02-03 13:23:05.648,4.28,233.90,READY,2.56,118.46,108.84,0.60,231.91
2026-02-03 13:23:05.777,8.42,118.71,READY,3.23,1.25,110.11,0.62,231.91
2026-02-03 13:23:05.904,8.24,121.35,READY,3.48,0.84,114.05,0.60,231.91
2026-02-03 13:23:06.029,8.43,118.60,READY,4.71,1.49,108.39,0.61,231.91
2026-02-03 13:23:06.153,8.39,119.15,READY,3.37,1.51,110.42,0.61,231.91
2026-02-03 13:23:06.385,4.41,226.63,READY,2.69,116.36,103.85,0.60,231.91
2026-02-03 13:23:06.510,8.46,118.16,READY,3.49,0.97,109.95,0.89,231.91
2026-02-03 13:23:06.645,7.82,127.86,READY,3.04,2.09,117.84,0.63,231.91
2026-02-03 13:23:06.780,7.72,129.59,READY,3.25,1.43,121.13,0.72,231.91
2026-02-03 13:23:06.916,7.65,130.74,READY,2.90,1.50,122.13,0.55,231.91
2026-02-03 13:23:07.158,4.23,236.57,READY,2.62,119.98,109.72,0.53,231.88
2026-02-03 13:23:07.284,8.47,118.12,READY,3.32,1.95,108.67,0.58,231.88
2026-02-03 13:23:07.407,8.43,118.58,READY,3.15,1.43,110.46,0.58,231.88
2026-02-03 13:23:07.531,8.43,118.60,READY,2.55,1.56,111.59,0.58,231.88
2026-02-03 13:23:07.649,8.80,113.70,READY,2.39,0.62,108.01,0.58,231.88
2026-02-03 13:23:07.884,4.36,229.60,READY,2.56,120.14,104.37,0.56,231.88
2026-02-03 13:23:08.014,8.23,121.47,READY,3.39,1.87,112.04,0.61,231.88
2026-02-03 13:23:08.140,8.26,121.08,READY,2.54,1.61,113.48,0.61,231.88
2026-02-03 13:23:08.264,8.48,117.98,READY,1.84,2.31,110.67,0.63,231.88
2026-02-03 13:23:08.388,8.51,117.52,READY,2.68,1.94,109.08,0.57,231.88
2026-02-03 13:23:08.571,5.62,178.05,PRE_ADJUST,2.66,118.67,53.23,0.59,231.88
2026-02-03 13:23:08.782,5.05,198.16,PRE_ADJUST,3.07,0.15,191.26,0.57,231.94
2026-02-03 13:23:09.005,4.68,213.89,PRE_ADJUST,3.92,0.14,205.80,0.66,231.97
2026-02-03 13:23:09.225,4.70,212.96,PRE_ADJUST,3.05,0.09,206.96,0.62,231.94
2026-02-03 13:23:09.430,5.05,198.08,PRE_ADJUST,2.05,0.11,193.23,0.64,231.94
2026-02-03 13:23:09.630,5.19,192.64,PRE_ADJUST,2.89,0.07,186.76,0.62,231.94
2026-02-03 13:23:09.839,4.96,201.77,PRE_ADJUST,3.81,0.07,195.37,0.56,231.94
2026-02-03 13:23:10.041,5.14,194.60,PRE_ADJUST,2.79,0.09,188.82,0.59,231.94
2026-02-03 13:23:10.240,5.22,191.66,PRE_ADJUST,2.42,0.13,186.33,0.56,231.94
2026-02-03 13:23:10.442,5.14,194.52,PRE_ADJUST,2.53,0.10,189.19,0.57,231.94
2026-02-03 13:23:10.645,5.11,195.78,PRE_ADJUST,2.86,0.06,190.01,0.56,231.94
2026-02-03 13:23:10.852,5.00,200.11,PRE_ADJUST,2.50,0.06,194.72,0.57,231.94
2026-02-03 13:23:11.058,5.03,198.93,PRE_ADJUST,2.08,0.12,192.95,0.61,231.94
2026-02-03 13:23:11.263,5.06,197.57,PRE_ADJUST,2.62,0.10,190.85,0.56,231.94
2026-02-03 13:23:11.468,5.07,197.34,PRE_ADJUST,3.31,0.08,190.16,0.62,231.94
2026-02-03 13:23:11.671,5.10,196.19,PRE_ADJUST,2.53,0.09,189.67,0.58,231.94
2026-02-03 13:23:11.880,4.94,202.25,PRE_ADJUST,2.96,0.09,195.41,0.57,231.94
2026-02-03 13:23:12.087,5.04,198.25,PRE_ADJUST,4.04,0.09,190.55,0.60,231.94
2026-02-03 13:23:12.296,5.02,199.01,PRE_ADJUST,3.52,0.14,191.80,0.56,231.94
2026-02-03 13:23:12.505,5.03,198.79,PRE_ADJUST,4.17,0.15,191.12,0.60,231.94
2026-02-03 13:23:12.711,5.04,198.24,PRE_ADJUST,2.84,0.08,191.45,0.57,231.94
2026-02-03 13:23:12.919,5.03,198.92,PRE_ADJUST,3.71,0.10,191.66,0.68,231.94
2026-02-03 13:23:13.126,5.02,199.08,PRE_ADJUST,3.32,0.10,192.17,0.62,231.94
2026-02-03 13:23:13.340,4.86,205.76,PRE_ADJUST,2.74,0.08,198.63,1.08,231.94
2026-02-03 13:23:13.544,5.11,195.69,PRE_ADJUST,3.41,0.15,188.62,0.57,231.94
2026-02-03 13:23:13.749,5.08,196.95,PRE_ADJUST,3.55,0.11,189.64,0.94,231.94
2026-02-03 13:23:13.955,5.06,197.70,PRE_ADJUST,3.96,0.07,189.84,0.62,231.94
2026-02-03 13:23:14.157,5.15,194.33,PRE_ADJUST,2.61,0.09,187.73,0.57,231.94
2026-02-03 13:23:14.364,5.03,198.94,PRE_ADJUST,3.61,0.08,191.76,0.65,231.94
2026-02-03 13:23:14.571,5.04,198.26,PRE_ADJUST,3.46,0.09,191.16,0.59,231.94
2026-02-03 13:23:14.642,15.73,63.59,ADJUST,2.48,0.39,56.67,0.60,231.94
2026-02-03 13:23:14.883,4.35,230.00,ADJUST,2.77,115.50,108.38,0.57,232.31
2026-02-03 13:23:15.020,7.75,129.02,ADJUST,1.56,1.57,121.34,0.69,232.31
2026-02-03 13:23:15.149,8.07,123.89,ADJUST,3.98,2.48,113.68,0.56,232.31
2026-02-03 13:23:15.276,8.18,122.19,ADJUST,3.94,2.11,112.61,0.57,232.31
2026-02-03 13:23:15.404,8.16,122.53,ADJUST,2.61,1.62,114.31,0.57,232.31
2026-02-03 13:23:15.641,4.30,232.73,ADJUST,2.86,117.35,108.84,0.58,232.31
2026-02-03 13:23:15.771,8.15,122.72,ADJUST,4.04,2.33,112.74,0.64,232.31
2026-02-03 13:23:15.901,8.15,122.72,ADJUST,7.08,1.43,110.53,0.59,232.31
2026-02-03 13:23:16.033,7.84,127.49,ADJUST,10.79,1.34,111.98,0.56,232.31
2026-02-03 13:23:16.164,7.97,125.43,ADJUST,2.63,1.63,117.31,0.56,232.31
2026-02-03 13:23:16.415,4.05,246.99,ADJUST,2.98,127.68,112.60,0.61,232.31
2026-02-03 13:23:16.549,7.99,125.20,ADJUST,3.44,2.29,115.58,0.58,232.31
2026-02-03 13:23:16.680,7.89,126.77,ADJUST,3.64,1.58,117.04,0.56,232.31
2026-02-03 13:23:16.807,8.23,121.57,ADJUST,2.56,1.69,113.51,0.63,232.31
2026-02-03 13:23:16.935,8.10,123.43,ADJUST,3.44,1.47,114.63,0.57,232.31
2026-02-03 13:23:17.174,4.28,233.57,ADJUST,2.84,116.35,110.63,0.66,232.31
2026-02-03 13:23:17.306,8.12,123.16,ADJUST,5.63,1.32,112.16,0.59,232.31
2026-02-03 13:23:17.435,8.04,124.45,ADJUST,6.28,2.02,112.26,0.59,232.31
2026-02-03 13:23:17.559,8.39,119.23,ADJUST,2.53,1.26,112.95,0.62,232.31
2026-02-03 13:23:17.684,8.31,120.35,ADJUST,2.66,0.85,113.99,0.60,232.31
2026-02-03 13:23:17.925,4.24,235.70,ADJUST,2.40,117.02,113.47,0.56,232.31
2026-02-03 13:23:18.057,8.07,123.93,ADJUST,6.66,1.50,112.25,0.60,232.31
2026-02-03 13:23:18.182,8.24,121.40,ADJUST,1.88,1.86,114.66,0.65,232.31
2026-02-03 13:23:18.323,7.38,135.58,ADJUST,3.58,3.87,121.59,0.64,232.31
2026-02-03 13:23:18.450,8.14,122.82,ADJUST,4.16,1.92,113.23,0.62,232.31
2026-02-03 13:23:18.765,3.23,309.72,ADJUST,2.64,116.13,187.48,0.58,232.31
2026-02-03 13:23:18.965,5.18,193.06,ADJUST,2.52,1.00,186.69,0.57,232.31
2026-02-03 13:23:19.161,5.24,190.91,ADJUST,1.24,1.15,185.09,0.60,232.31
2026-02-03 13:23:19.359,5.18,192.90,ADJUST,1.33,1.10,187.05,0.57,232.31
2026-02-03 13:23:19.557,5.17,193.39,ADJUST,1.23,1.11,187.36,0.69,232.31
2026-02-03 13:23:19.791,4.37,229.00,ADJUST,1.57,115.47,108.26,0.58,232.31
2026-02-03 13:23:19.925,7.89,126.77,ADJUST,3.48,2.26,117.55,0.61,232.31
2026-02-03 13:23:20.048,8.49,117.77,ADJUST,2.42,1.21,111.56,0.57,232.31
2026-02-03 13:23:20.173,8.36,119.65,ADJUST,2.46,1.21,113.12,0.58,232.31
2026-02-03 13:23:20.305,7.90,126.54,ADJUST,6.76,1.65,114.09,0.56,232.31
2026-02-03 13:23:20.539,4.36,229.58,ADJUST,3.20,113.05,109.27,0.59,232.31
2026-02-03 13:23:20.671,8.07,123.93,ADJUST,4.27,2.13,113.35,0.56,232.31
2026-02-03 13:23:20.804,7.86,127.26,ADJUST,2.71,1.75,119.03,0.51,232.31
2026-02-03 13:23:20.933,8.04,124.31,ADJUST,4.63,2.35,113.60,0.62,232.31
2026-02-03 13:23:21.061,8.11,123.37,ADJUST,3.22,1.47,114.74,0.57,232.31
2026-02-03 13:23:21.354,3.47,288.17,ADJUST,2.92,120.22,161.27,0.66,232.31
2026-02-03 13:23:21.534,5.78,172.95,ADJUST,2.56,0.98,166.68,0.62,232.31
2026-02-03 13:23:21.715,5.68,176.14,ADJUST,1.24,2.67,168.36,0.59,232.31
2026-02-03 13:23:21.896,5.70,175.32,ADJUST,1.26,2.00,168.25,0.56,232.31
2026-02-03 13:23:22.079,5.61,178.26,ADJUST,1.26,1.36,172.08,0.73,232.31
2026-02-03 13:23:22.310,4.42,226.40,ADJUST,1.46,111.55,110.18,0.57,232.31
2026-02-03 13:23:22.439,8.25,121.19,ADJUST,2.53,1.29,114.60,0.58,232.31
2026-02-03 13:23:22.569,7.96,125.62,ADJUST,9.95,1.40,111.01,0.53,232.31
2026-02-03 13:23:22.705,7.62,131.17,ADJUST,12.72,1.13,113.84,0.56,232.31
2026-02-03 13:23:22.838,7.83,127.68,ADJUST,2.99,1.67,119.15,0.58,232.28
2026-02-03 13:23:23.147,3.29,304.18,ADJUST,2.46,117.96,180.88,0.72,232.28
2026-02-03 13:23:23.349,5.15,194.06,ADJUST,2.72,1.64,186.76,0.60,232.28
2026-02-03 13:23:23.546,5.19,192.69,ADJUST,1.40,1.39,186.60,0.69,232.28
2026-02-03 13:23:23.747,5.10,196.09,ADJUST,2.93,1.09,188.77,0.64,232.28
2026-02-03 13:23:23.945,5.19,192.76,ADJUST,1.25,1.86,186.52,0.59,232.28
2026-02-03 13:23:24.189,4.18,239.22,ADJUST,1.35,120.36,114.14,0.58,232.31
2026-02-03 13:23:24.343,6.89,145.07,ADJUST,3.78,1.99,134.98,0.79,232.31
2026-02-03 13:23:24.473,7.95,125.79,ADJUST,1.26,1.25,119.69,0.62,232.31
2026-02-03 13:23:24.605,7.93,126.13,ADJUST,2.85,1.71,117.74,0.57,232.19
2026-02-03 13:23:24.731,8.22,121.65,ADJUST,2.63,1.75,113.73,0.60,232.19
2026-02-03 13:23:24.963,4.41,226.79,ADJUST,2.63,112.32,108.97,0.55,232.19
2026-02-03 13:23:25.093,8.14,122.80,ADJUST,3.70,2.42,112.91,0.60,232.19
2026-02-03 13:23:25.222,8.12,123.21,ADJUST,4.11,2.27,113.10,0.56,232.19
2026-02-03 13:23:25.351,8.05,124.26,ADJUST,3.87,2.53,114.13,0.64,232.19
2026-02-03 13:23:25.479,8.08,123.81,ADJUST,2.84,1.80,115.40,0.63,232.19
2026-02-03 13:23:25.722,4.21,237.33,ADJUST,2.88,122.02,109.72,0.59,232.19
2026-02-03 13:23:25.853,8.11,123.33,ADJUST,3.44,2.24,113.67,0.56,232.19
2026-02-03 13:23:25.996,7.28,137.45,ADJUST,5.24,2.69,124.22,0.62,232.31
2026-02-03 13:23:26.135,7.45,134.31,ADJUST,3.34,2.10,123.85,0.61,232.31
2026-02-03 13:23:26.273,7.51,133.11,ADJUST,2.86,1.91,124.17,0.66,232.31
2026-02-03 13:23:26.523,4.10,243.95,ADJUST,1.37,121.96,116.52,0.59,232.31
2026-02-03 13:23:26.655,8.09,123.68,ADJUST,2.98,2.50,114.33,0.58,232.31
2026-02-03 13:23:26.781,8.28,120.84,ADJUST,2.87,0.86,114.30,0.60,232.31
2026-02-03 13:23:26.906,8.36,119.64,ADJUST,2.96,1.30,112.70,0.61,232.31
2026-02-03 13:23:27.036,7.98,125.38,ADJUST,7.95,1.47,112.29,0.59,232.31
2026-02-03 13:23:27.274,4.29,233.22,TAKE_PICTURE,2.87,126.90,99.14,0.76,232.35
2026-02-03 13:23:27.461,5.59,178.95,TAKE_PICTURE,2.81,3.47,168.83,0.57,232.35
2026-02-03 13:23:27.646,5.62,177.89,TAKE_PICTURE,2.84,2.94,169.38,0.57,232.35
2026-02-03 13:23:27.836,5.48,182.43,TAKE_PICTURE,3.09,2.56,172.79,0.72,232.31
2026-02-03 13:23:28.025,5.50,181.83,TAKE_PICTURE,2.68,2.42,173.02,0.57,232.31
2026-02-03 13:23:28.322,3.46,289.02,TAKE_PICTURE,3.21,114.79,166.93,0.70,232.31
2026-02-03 13:23:28.503,5.79,172.79,TAKE_PICTURE,1.34,0.65,167.84,0.58,232.31
2026-02-03 13:23:28.690,5.48,182.62,TAKE_PICTURE,2.48,1.37,173.62,0.61,232.31
2026-02-03 13:23:28.870,5.71,175.16,TAKE_PICTURE,1.27,1.55,167.92,0.61,232.31
2026-02-03 13:23:29.048,5.79,172.64,TAKE_PICTURE,1.39,0.73,166.82,0.63,232.31
2026-02-03 13:23:29.350,3.37,296.79,TAKE_PICTURE,1.30,129.19,163.41,0.57,232.31
2026-02-03 13:23:29.537,5.55,180.12,TAKE_PICTURE,1.50,1.60,171.34,0.60,232.35
2026-02-03 13:23:29.716,5.73,174.53,TAKE_PICTURE,1.98,1.09,167.86,0.57,232.35
2026-02-03 13:23:29.901,5.55,180.18,TAKE_PICTURE,1.36,1.65,173.50,0.60,232.35
2026-02-03 13:23:30.079,5.80,172.44,TAKE_PICTURE,1.32,1.31,166.02,1.01,232.35
2026-02-03 13:23:30.365,3.55,281.48,TAKE_PICTURE,1.60,113.87,162.31,0.57,232.35
2026-02-03 13:23:30.547,5.71,175.11,TAKE_PICTURE,1.80,0.58,169.40,0.59,232.35
2026-02-03 13:23:30.729,5.65,176.85,TAKE_PICTURE,1.50,1.57,169.06,0.68,232.35
2026-02-03 13:23:30.915,5.52,181.16,TAKE_PICTURE,1.58,0.99,175.58,0.60,232.35
2026-02-03 13:23:31.097,5.66,176.68,TAKE_PICTURE,1.55,1.21,170.22,0.60,232.35
2026-02-03 13:23:31.394,3.42,292.81,TAKE_PICTURE,1.32,119.96,167.83,0.73,232.28
2026-02-03 13:23:31.585,5.48,182.49,TAKE_PICTURE,1.46,1.28,176.50,0.60,232.28
2026-02-03 13:23:31.763,5.76,173.66,TAKE_PICTURE,1.33,0.71,168.78,0.60,232.28
2026-02-03 13:23:31.943,5.73,174.55,TAKE_PICTURE,1.24,1.26,169.05,0.58,232.28
2026-02-03 13:23:32.120,5.81,172.11,TAKE_PICTURE,1.30,0.69,166.92,0.60,232.28
2026-02-03 13:23:32.405,3.57,280.48,TAKE_PICTURE,1.25,114.31,161.97,0.56,232.28
2026-02-03 13:23:32.597,5.42,184.55,TAKE_PICTURE,3.21,1.38,175.93,0.55,232.28
2026-02-03 13:23:32.776,5.75,174.04,TAKE_PICTURE,1.28,1.01,168.37,0.55,232.28
2026-02-03 13:23:32.955,5.73,174.58,TAKE_PICTURE,1.31,1.27,168.63,0.59,232.28
2026-02-03 13:23:33.136,5.68,175.95,TAKE_PICTURE,1.24,0.95,170.33,0.59,232.28
2026-02-03 13:23:33.433,3.43,291.63,TAKE_PICTURE,1.39,125.83,161.31,0.60,232.28
2026-02-03 13:23:33.621,5.54,180.41,TAKE_PICTURE,2.79,1.70,172.56,0.57,232.28
2026-02-03 13:23:33.797,5.81,171.98,TAKE_PICTURE,1.36,1.26,166.72,0.58,232.28
2026-02-03 13:23:33.977,5.73,174.67,TAKE_PICTURE,1.80,0.66,168.47,0.55,232.28
2026-02-03 13:23:34.155,5.78,172.99,TAKE_PICTURE,1.30,1.37,167.07,0.59,232.28
2026-02-03 13:23:34.446,3.49,286.72,TAKE_PICTURE,1.50,117.50,164.54,0.63,232.28
2026-02-03 13:23:34.625,5.85,170.96,TAKE_PICTURE,1.72,0.77,165.60,0.63,232.28
2026-02-03 13:23:34.811,5.52,181.27,TAKE_PICTURE,3.15,1.47,173.28,0.55,232.28
2026-02-03 13:23:34.989,5.78,173.13,TAKE_PICTURE,1.27,1.20,167.44,0.62,232.28
2026-02-03 13:23:35.166,5.80,172.31,TAKE_PICTURE,1.35,0.67,166.68,0.58,232.28
2026-02-03 13:23:35.456,3.51,285.24,TAKE_PICTURE,1.29,118.92,161.27,0.59,232.28
2026-02-03 13:23:35.643,5.56,179.84,TAKE_PICTURE,1.31,1.67,173.65,0.60,232.28
2026-02-03 13:23:35.831,5.45,183.58,TAKE_PICTURE,1.42,1.54,177.41,0.63,232.28
2026-02-03 13:23:36.018,5.49,182.05,TAKE_PICTURE,1.36,0.95,176.35,0.55,232.28
2026-02-03 13:23:36.202,5.60,178.51,TAKE_PICTURE,1.32,0.61,172.89,0.58,232.28
2026-02-03 13:23:36.456,4.02,248.47,TAKE_PICTURE,1.40,115.08,127.94,0.62,232.21
2026-02-03 13:23:36.615,6.61,151.29,TAKE_PICTURE,3.38,0.16,143.70,0.57,232.32
2026-02-03 13:23:36.764,7.08,141.16,TAKE_PICTURE,4.46,0.16,132.67,0.58,232.32
2026-02-03 13:23:36.910,7.25,137.96,TAKE_PICTURE,3.14,0.17,131.31,0.57,232.32
2026-02-03 13:23:37.056,7.22,138.60,TAKE_PICTURE,3.97,0.16,130.93,0.57,232.32
2026-02-03 13:23:37.201,7.30,136.90,TAKE_PICTURE,2.81,0.12,130.48,0.60,232.32
2026-02-03 13:23:37.355,6.82,146.67,TAKE_PICTURE,3.88,0.16,138.97,0.58,232.32
2026-02-03 13:23:37.497,7.44,134.35,TAKE_PICTURE,1.56,0.12,129.52,0.57,232.32
2026-02-03 13:23:37.646,7.09,141.10,TAKE_PICTURE,3.59,0.16,133.86,0.58,232.32
2026-02-03 13:23:37.793,7.13,140.28,TAKE_PICTURE,1.97,0.08,134.52,0.63,232.32
2026-02-03 13:23:37.949,6.98,143.23,TAKE_PICTURE,4.69,0.17,134.62,0.62,232.32
2026-02-03 13:23:38.091,7.43,134.67,TAKE_PICTURE,1.67,0.08,129.45,0.57,232.32
2026-02-03 13:23:38.239,7.14,139.98,TAKE_PICTURE,3.36,0.12,133.13,0.58,232.32
2026-02-03 13:23:38.386,7.16,139.60,TAKE_PICTURE,3.55,0.19,132.18,0.62,232.32
2026-02-03 13:23:38.534,7.10,140.87,TAKE_PICTURE,2.87,0.14,134.88,0.63,232.32
2026-02-03 13:23:38.681,7.20,138.88,TAKE_PICTURE,4.35,0.13,130.32,0.62,232.32
2026-02-03 13:23:38.831,7.07,141.39,TAKE_PICTURE,3.61,0.11,134.27,0.60,232.32
2026-02-03 13:23:38.971,7.52,132.94,TAKE_PICTURE,2.76,0.14,126.92,0.67,232.32
2026-02-03 13:23:39.122,6.99,143.08,TAKE_PICTURE,3.46,0.15,135.59,0.63,232.32
2026-02-03 13:23:39.264,7.41,135.04,TAKE_PICTURE,2.01,0.17,129.14,0.70,232.32
2026-02-03 13:23:39.408,7.34,136.21,TAKE_PICTURE,2.49,0.12,130.16,0.56,232.32
2026-02-03 13:23:39.554,7.28,137.38,TAKE_PICTURE,3.48,0.14,129.52,0.56,232.32
2026-02-03 13:23:39.700,7.19,139.05,TAKE_PICTURE,3.19,0.10,132.26,0.56,232.32
2026-02-03 13:23:39.845,7.30,137.02,TAKE_PICTURE,2.94,0.12,130.41,0.61,232.32
2026-02-03 13:23:39.997,6.92,144.53,TAKE_PICTURE,3.49,0.16,137.21,0.61,232.32
2026-02-03 13:23:40.133,7.64,130.82,TAKE_PICTURE,1.31,0.11,125.93,0.60,232.32
2026-02-03 13:23:40.277,7.32,136.59,TAKE_PICTURE,3.87,0.16,128.90,0.61,232.32
2026-02-03 13:23:40.422,7.25,137.86,TAKE_PICTURE,3.49,0.10,130.74,0.64,232.32
2026-02-03 13:23:40.567,7.30,137.04,TAKE_PICTURE,2.81,0.12,130.47,0.59,232.32
2026-02-03 13:23:40.709,7.28,137.45,TAKE_PICTURE,2.58,0.07,132.23,0.63,232.32
2026-02-03 13:23:40.854,7.29,137.12,TAKE_PICTURE,5.91,0.13,126.55,0.56,232.32
2026-02-03 13:23:40.996,7.42,134.72,TAKE_PICTURE,3.61,0.12,127.23,0.67,232.32
2026-02-03 13:23:41.139,7.44,134.48,TAKE_PICTURE,3.57,0.16,127.26,0.56,232.32
2026-02-03 13:23:41.281,7.45,134.20,TAKE_PICTURE,3.04,0.16,127.54,0.56,232.32
2026-02-03 13:23:41.423,7.44,134.40,TAKE_PICTURE,3.38,0.12,127.27,0.57,232.32
2026-02-03 13:23:41.567,7.39,135.38,TAKE_PICTURE,3.99,0.10,127.21,0.58,232.32
2026-02-03 13:23:41.715,7.20,138.93,TAKE_PICTURE,3.38,0.13,131.08,0.61,232.32
2026-02-03 13:23:41.861,7.25,137.88,TAKE_PICTURE,4.11,0.13,128.42,0.57,232.32
2026-02-03 13:23:42.009,7.14,140.14,TAKE_PICTURE,1.95,0.07,135.36,0.58,232.32
2026-02-03 13:23:42.149,7.44,134.38,TAKE_PICTURE,2.62,0.15,127.99,0.59,232.32
2026-02-03 13:23:42.290,7.48,133.69,TAKE_PICTURE,3.55,0.14,126.18,0.59,232.32
2026-02-03 13:23:42.432,7.47,133.95,TAKE_PICTURE,2.60,0.10,127.41,0.69,232.32
2026-02-03 13:23:42.573,7.49,133.45,TAKE_PICTURE,3.48,0.13,125.96,0.57,232.32
2026-02-03 13:23:42.715,7.49,133.58,TAKE_PICTURE,3.25,0.13,126.29,0.57,232.32
2026-02-03 13:23:42.860,7.16,139.72,TAKE_PICTURE,2.87,0.12,132.66,0.59,232.32
2026-02-03 13:23:42.966,10.23,97.76,PICTURE_COOLDOWN,4.72,7.31,81.66,0.58,233.39
2026-02-03 13:23:43.176,4.94,202.26,PICTURE_COOLDOWN,12.99,5.28,181.40,0.60,233.59
2026-02-03 13:23:43.380,5.09,196.32,PICTURE_COOLDOWN,1.90,6.89,184.05,0.59,233.59
2026-02-03 13:23:43.587,5.02,199.38,PICTURE_COOLDOWN,1.46,5.54,188.75,0.65,233.59
2026-02-03 13:23:43.791,5.08,197.01,PICTURE_COOLDOWN,2.77,6.09,184.21,0.60,233.59
2026-02-03 13:23:43.995,5.08,197.04,PICTURE_COOLDOWN,2.73,5.98,184.37,0.68,233.59
2026-02-03 13:23:44.201,5.03,198.75,PICTURE_COOLDOWN,1.53,5.78,187.82,0.61,233.59
2026-02-03 13:23:44.407,5.05,198.02,PICTURE_COOLDOWN,1.55,6.85,185.96,0.64,233.59
2026-02-03 13:23:44.610,5.10,196.25,PICTURE_COOLDOWN,2.55,5.65,184.71,0.67,233.59
2026-02-03 13:23:44.814,5.10,196.21,PICTURE_COOLDOWN,3.12,7.26,181.44,0.59,233.59
2026-02-03 13:23:45.017,5.11,195.63,PICTURE_COOLDOWN,1.82,5.07,185.38,0.70,233.59
2026-02-03 13:23:45.228,4.93,202.98,PICTURE_COOLDOWN,1.76,8.37,187.10,0.56,233.59
2026-02-03 13:23:45.430,5.12,195.37,PICTURE_COOLDOWN,3.70,5.98,181.88,0.63,233.59
2026-02-03 13:23:45.636,5.05,197.88,PICTURE_COOLDOWN,4.74,7.15,182.02,0.57,233.59
2026-02-03 13:23:45.839,5.12,195.27,PICTURE_COOLDOWN,2.93,7.30,181.68,0.59,233.59
2026-02-03 13:23:46.047,4.99,200.46,PICTURE_COOLDOWN,3.49,5.87,187.43,0.60,233.59
2026-02-03 13:23:46.247,5.19,192.58,PICTURE_COOLDOWN,2.81,6.22,179.17,0.94,233.59
2026-02-03 13:23:46.449,5.12,195.15,PICTURE_COOLDOWN,3.98,6.51,180.75,0.61,233.59
2026-02-03 13:23:46.655,5.05,198.17,PICTURE_COOLDOWN,2.67,6.62,185.20,0.67,233.59
2026-02-03 13:23:46.859,5.08,196.84,PICTURE_COOLDOWN,1.43,7.11,183.35,0.60,233.59
2026-02-03 13:23:47.071,4.88,204.98,PICTURE_COOLDOWN,1.94,7.36,189.27,0.62,233.59
2026-02-03 13:23:47.273,5.14,194.38,PICTURE_COOLDOWN,1.31,6.70,183.06,0.63,233.59
2026-02-03 13:23:47.479,5.03,198.64,PICTURE_COOLDOWN,2.69,6.05,185.83,0.72,233.59
2026-02-03 13:23:47.678,5.19,192.50,PICTURE_COOLDOWN,3.29,5.65,179.71,0.69,233.59
2026-02-03 13:23:47.877,5.22,191.66,PICTURE_COOLDOWN,2.42,5.35,180.47,0.86,233.59
2026-02-03 13:23:48.084,5.02,199.13,PICTURE_COOLDOWN,2.82,5.95,186.35,0.63,233.59
2026-02-03 13:23:48.279,5.23,191.38,PICTURE_COOLDOWN,1.78,4.50,182.33,0.63,233.59
2026-02-03 13:23:48.491,4.99,200.28,PICTURE_COOLDOWN,2.20,7.04,188.22,0.64,233.59
2026-02-03 13:23:48.695,5.15,194.35,PICTURE_COOLDOWN,4.31,5.87,180.04,0.67,233.59
2026-02-03 13:23:48.901,5.07,197.39,PICTURE_COOLDOWN,2.06,7.43,184.67,0.60,233.59
2026-02-03 13:23:49.111,4.98,200.65,PICTURE_COOLDOWN,2.74,0.17,193.84,0.56,233.59
2026-02-03 13:23:49.223,9.87,101.33,TAKE_PICTURE,3.27,0.48,93.58,0.59,233.59
2026-02-03 13:23:49.417,5.43,184.14,TAKE_PICTURE,2.65,2.87,174.99,0.54,233.59
2026-02-03 13:23:49.604,5.58,179.36,TAKE_PICTURE,4.26,3.66,167.68,0.59,233.59
2026-02-03 13:23:49.792,5.56,179.98,TAKE_PICTURE,2.70,2.51,170.42,0.60,233.59
2026-02-03 13:23:49.986,5.39,185.66,TAKE_PICTURE,2.15,2.21,176.78,0.61,233.59
2026-02-03 13:23:50.247,3.95,252.93,TAKE_PICTURE,3.59,124.50,121.18,0.62,233.59
2026-02-03 13:23:50.397,7.08,141.27,TAKE_PICTURE,2.91,0.13,133.89,0.66,233.59
2026-02-03 13:23:50.552,6.89,145.17,TAKE_PICTURE,4.32,0.12,135.90,0.59,233.59
2026-02-03 13:23:50.700,7.19,139.09,TAKE_PICTURE,2.73,0.17,132.68,0.57,233.59
2026-02-03 13:23:50.847,7.17,139.41,TAKE_PICTURE,3.20,0.15,132.52,0.60,233.59
2026-02-03 13:23:51.004,6.73,148.70,TAKE_PICTURE,4.98,0.14,138.61,0.60,233.59
2026-02-03 13:23:51.158,6.92,144.47,TAKE_PICTURE,4.08,0.18,136.79,0.60,233.59
2026-02-03 13:23:51.312,6.93,144.39,TAKE_PICTURE,4.04,0.17,135.07,0.62,233.59
2026-02-03 13:23:51.467,6.86,145.69,TAKE_PICTURE,3.12,0.12,138.25,0.65,233.59
2026-02-03 13:23:51.612,7.14,140.06,TAKE_PICTURE,2.09,0.10,135.30,0.59,233.59
2026-02-03 13:23:51.760,7.15,139.92,TAKE_PICTURE,3.62,0.24,132.51,0.63,233.59
2026-02-03 13:23:51.917,6.66,150.11,TAKE_PICTURE,3.58,0.10,143.01,0.61,233.59
2026-02-03 13:23:52.061,7.34,136.25,TAKE_PICTURE,1.65,0.17,131.08,0.58,233.59
2026-02-03 13:23:52.211,6.99,143.07,TAKE_PICTURE,1.49,0.13,137.70,0.73,233.59
2026-02-03 13:23:52.363,6.98,143.17,TAKE_PICTURE,4.23,0.16,134.37,0.63,233.59
2026-02-03 13:23:52.517,6.85,146.00,TAKE_PICTURE,4.75,0.14,136.81,0.58,233.59
2026-02-03 13:23:52.664,7.18,139.20,TAKE_PICTURE,4.41,0.16,130.93,0.62,233.59
2026-02-03 13:23:52.811,7.18,139.23,TAKE_PICTURE,4.07,0.18,131.17,0.62,233.59
2026-02-03 13:23:52.967,6.75,148.15,TAKE_PICTURE,2.86,0.11,140.89,1.21,233.59
2026-02-03 13:23:53.112,7.27,137.46,TAKE_PICTURE,2.69,0.12,131.76,0.58,233.59
2026-02-03 13:23:53.264,6.91,144.72,TAKE_PICTURE,4.57,0.13,135.82,0.63,233.59
2026-02-03 13:23:53.410,7.26,137.74,TAKE_PICTURE,4.20,0.12,129.78,0.58,233.59
2026-02-03 13:23:53.570,6.54,152.96,TAKE_PICTURE,3.82,0.16,145.60,0.55,233.59
2026-02-03 13:23:53.727,6.68,149.64,TAKE_PICTURE,3.32,0.12,142.40,0.73,233.59
2026-02-03 13:23:53.877,7.05,141.88,TAKE_PICTURE,3.70,0.09,135.46,0.60,233.59
2026-02-03 13:23:54.023,7.22,138.57,TAKE_PICTURE,1.67,0.15,133.20,0.72,233.59
2026-02-03 13:23:54.176,6.90,144.87,TAKE_PICTURE,2.03,0.17,135.67,0.56,233.59
2026-02-03 13:23:54.323,7.20,138.98,TAKE_PICTURE,3.48,0.17,131.48,0.62,233.59
2026-02-03 13:23:54.478,6.78,147.51,TAKE_PICTURE,3.71,0.11,139.66,0.62,233.59
2026-02-03 13:23:54.625,7.17,139.43,TAKE_PICTURE,3.57,0.15,131.75,0.59,233.59
2026-02-03 13:23:54.775,7.02,142.54,TAKE_PICTURE,5.00,0.13,133.23,0.75,233.62
2026-02-03 13:23:54.933,6.74,148.39,TAKE_PICTURE,2.93,0.11,140.96,0.59,233.66
2026-02-03 13:23:55.083,7.06,141.72,TAKE_PICTURE,4.94,0.13,132.32,0.72,233.66
2026-02-03 13:23:55.230,7.17,139.51,TAKE_PICTURE,4.35,0.13,130.54,0.65,233.66
2026-02-03 13:23:55.373,7.40,135.12,TAKE_PICTURE,3.48,0.17,127.61,0.59,233.66
2026-02-03 13:23:55.517,7.34,136.23,TAKE_PICTURE,4.86,0.14,127.14,0.58,233.66
2026-02-03 13:23:55.673,6.87,145.66,TAKE_PICTURE,5.55,0.11,134.97,0.61,233.66
2026-02-03 13:23:55.813,7.52,133.07,TAKE_PICTURE,2.78,0.11,126.39,0.56,233.66
2026-02-03 13:23:55.959,7.27,137.59,TAKE_PICTURE,3.59,0.13,129.93,0.73,233.66
2026-02-03 13:23:56.106,7.20,138.82,TAKE_PICTURE,4.39,0.16,129.00,0.62,233.66
2026-02-03 13:23:56.249,7.43,134.65,TAKE_PICTURE,3.41,0.16,127.62,0.56,233.66
2026-02-03 13:23:56.419,6.22,160.80,TAKE_PICTURE,6.18,0.14,149.33,0.60,233.66
2026-02-03 13:23:56.562,7.38,135.53,TAKE_PICTURE,4.88,0.13,127.23,0.59,233.66
2026-02-03 13:23:56.711,7.08,141.19,TAKE_PICTURE,2.94,0.12,134.52,0.61,233.66
2026-02-03 13:23:56.851,7.54,132.66,TAKE_PICTURE,1.67,0.15,127.55,0.59,233.66
2026-02-03 13:23:56.956,10.42,95.98,PICTURE_COOLDOWN,3.32,7.23,81.65,0.59,233.66
2026-02-03 13:23:57.189,4.44,225.37,PICTURE_COOLDOWN,29.04,4.92,188.28,0.58,233.66
2026-02-03 13:23:57.393,5.08,196.94,PICTURE_COOLDOWN,1.75,5.10,186.55,0.65,233.66
2026-02-03 13:23:57.605,4.91,203.79,PICTURE_COOLDOWN,2.52,6.84,190.36,0.62,233.66
2026-02-03 13:23:57.809,5.07,197.27,PICTURE_COOLDOWN,2.48,4.77,186.60,0.64,233.66
2026-02-03 13:23:58.014,5.09,196.56,PICTURE_COOLDOWN,2.77,6.64,183.75,0.86,233.66
2026-02-03 13:23:58.212,5.14,194.52,PICTURE_COOLDOWN,1.88,4.55,185.45,0.57,233.66
2026-02-03 13:23:58.423,5.01,199.77,PICTURE_COOLDOWN,3.07,6.81,186.02,0.59,233.66
2026-02-03 13:23:58.631,5.02,199.30,PICTURE_COOLDOWN,3.50,7.07,184.89,0.62,233.66
2026-02-03 13:23:58.837,5.07,197.39,PICTURE_COOLDOWN,1.68,6.53,185.25,0.66,233.66
2026-02-03 13:23:59.047,5.00,199.89,PICTURE_COOLDOWN,3.22,6.50,186.27,0.59,233.66
2026-02-03 13:23:59.255,5.01,199.50,PICTURE_COOLDOWN,5.07,5.46,184.66,0.65,233.66
2026-02-03 13:23:59.464,4.98,200.73,PICTURE_COOLDOWN,4.54,5.94,186.19,0.60,233.66
2026-02-03 13:23:59.674,4.96,201.56,PICTURE_COOLDOWN,2.30,6.71,188.43,0.61,233.66
2026-02-03 13:23:59.884,4.95,202.16,PICTURE_COOLDOWN,3.60,6.55,188.51,0.60,233.66
2026-02-03 13:24:00.092,5.01,199.44,PICTURE_COOLDOWN,2.59,6.43,186.20,0.77,233.66
2026-02-03 13:24:00.302,4.99,200.23,PICTURE_COOLDOWN,4.37,7.00,185.27,0.65,233.66
2026-02-03 13:24:00.519,4.84,206.83,PICTURE_COOLDOWN,3.98,7.47,188.62,0.67,233.66
2026-02-03 13:24:00.733,4.90,204.19,PICTURE_COOLDOWN,4.01,7.19,187.56,0.67,233.66
2026-02-03 13:24:00.946,4.90,203.98,PICTURE_COOLDOWN,2.68,7.77,188.65,0.60,233.66
2026-02-03 13:24:01.156,4.96,201.70,PICTURE_COOLDOWN,2.83,6.56,188.60,0.66,233.66
2026-02-03 13:24:01.367,4.95,202.14,PICTURE_COOLDOWN,4.52,6.00,187.43,0.59,233.66
2026-02-03 13:24:01.577,4.96,201.56,PICTURE_COOLDOWN,2.06,6.78,188.95,0.68,233.66
2026-02-03 13:24:01.787,4.94,202.28,PICTURE_COOLDOWN,4.55,6.63,186.45,0.64,233.66
2026-02-03 13:24:01.997,5.02,199.26,PICTURE_COOLDOWN,3.97,5.85,184.22,0.59,233.66
2026-02-03 13:24:02.211,4.89,204.70,PICTURE_COOLDOWN,3.93,6.59,190.64,0.57,233.66
2026-02-03 13:24:02.422,4.94,202.30,PICTURE_COOLDOWN,4.08,6.45,188.11,0.61,233.66
2026-02-03 13:24:02.633,4.93,202.86,PICTURE_COOLDOWN,3.41,6.60,188.17,0.99,233.66
2026-02-03 13:24:02.840,5.05,197.99,PICTURE_COOLDOWN,7.53,4.15,182.30,0.60,233.66
2026-02-03 13:24:03.054,4.85,205.99,PICTURE_COOLDOWN,4.62,6.05,190.05,2.00,233.66
2026-02-03 13:24:03.259,5.09,196.33,PICTURE_COOLDOWN,3.36,0.10,189.07,0.60,233.66
2026-02-03 13:24:03.373,9.73,102.72,TAKE_PICTURE,2.98,0.49,95.55,0.72,233.66
2026-02-03 13:24:03.575,5.16,193.63,TAKE_PICTURE,12.90,1.14,176.78,0.73,233.66
2026-02-03 13:24:03.780,5.15,194.10,TAKE_PICTURE,4.55,4.15,181.42,0.63,233.66
2026-02-03 13:24:03.975,5.39,185.41,TAKE_PICTURE,3.89,3.51,174.13,0.63,233.66
2026-02-03 13:24:04.164,5.58,179.10,TAKE_PICTURE,1.54,1.02,173.89,0.66,233.66
2026-02-03 13:24:04.491,3.17,315.84,TAKE_PICTURE,2.63,135.21,173.69,0.59,233.66
2026-02-03 13:24:04.695,5.14,194.59,TAKE_PICTURE,4.17,2.07,183.27,0.61,233.66
2026-02-03 13:24:04.881,5.50,181.66,TAKE_PICTURE,1.29,1.88,174.64,0.63,233.66
2026-02-03 13:24:05.059,5.77,173.39,TAKE_PICTURE,1.30,0.78,167.76,0.57,233.66
2026-02-03 13:24:05.238,5.74,174.29,TAKE_PICTURE,1.38,1.72,167.37,0.61,233.66
2026-02-03 13:24:05.522,3.59,278.38,TAKE_PICTURE,1.30,110.72,162.76,0.57,233.66
2026-02-03 13:24:05.712,5.45,183.44,TAKE_PICTURE,2.55,1.74,176.01,0.62,233.66
2026-02-03 13:24:05.894,5.66,176.52,TAKE_PICTURE,1.31,1.40,170.39,0.55,233.66
2026-02-03 13:24:06.072,5.78,172.98,TAKE_PICTURE,1.30,1.53,167.41,0.58,233.66
2026-02-03 13:24:06.251,5.74,174.36,TAKE_PICTURE,1.32,1.66,167.77,0.57,233.66
2026-02-03 13:24:06.541,3.51,285.16,TAKE_PICTURE,1.29,118.48,161.81,0.58,233.66
2026-02-03 13:24:06.734,5.41,185.00,TAKE_PICTURE,1.38,1.33,179.52,0.56,233.66
2026-02-03 13:24:06.915,5.67,176.36,TAKE_PICTURE,1.27,0.74,170.90,0.59,233.66
2026-02-03 13:24:07.096,5.69,175.77,TAKE_PICTURE,2.58,1.14,168.72,0.58,233.66
2026-02-03 13:24:07.275,5.74,174.29,TAKE_PICTURE,1.34,0.83,168.73,0.58,233.66
2026-02-03 13:24:07.566,3.50,286.01,TAKE_PICTURE,1.29,117.80,163.19,0.56,233.66
2026-02-03 13:24:07.756,5.47,182.78,TAKE_PICTURE,2.69,1.17,174.39,0.56,233.66
2026-02-03 13:24:07.934,5.79,172.83,TAKE_PICTURE,1.34,0.60,167.95,0.56,233.66
2026-02-03 13:24:08.111,5.77,173.19,TAKE_PICTURE,1.89,0.66,168.02,0.65,233.66
2026-02-03 13:24:08.287,5.81,172.12,TAKE_PICTURE,1.25,0.83,166.56,0.59,233.66
2026-02-03 13:24:08.529,4.23,236.53,TAKE_PICTURE,1.29,111.11,120.79,0.58,233.66
2026-02-03 13:24:08.685,6.76,147.88,TAKE_PICTURE,3.90,0.16,139.34,1.17,233.66
2026-02-03 13:24:08.834,6.91,144.62,TAKE_PICTURE,2.88,0.12,138.57,0.63,233.66
2026-02-03 13:24:08.986,7.02,142.37,TAKE_PICTURE,4.05,0.16,134.43,0.62,233.66
2026-02-03 13:24:09.138,6.81,146.78,TAKE_PICTURE,3.00,0.16,140.20,0.59,233.66
2026-02-03 13:24:09.284,7.18,139.24,TAKE_PICTURE,2.69,0.10,132.74,0.58,233.66
2026-02-03 13:24:09.439,6.80,147.13,TAKE_PICTURE,4.30,0.15,138.94,1.00,233.66
2026-02-03 13:24:09.581,7.42,134.74,TAKE_PICTURE,2.63,0.12,129.45,0.61,233.66
2026-02-03 13:24:09.736,6.78,147.45,TAKE_PICTURE,5.45,0.10,137.32,0.62,233.66
2026-02-03 13:24:09.882,7.24,138.11,TAKE_PICTURE,2.13,0.13,131.90,0.62,233.66
2026-02-03 13:24:10.043,6.52,153.49,TAKE_PICTURE,4.41,0.16,144.83,0.92,233.66
2026-02-03 13:24:10.195,6.89,145.12,TAKE_PICTURE,1.53,0.19,139.95,0.63,233.66
2026-02-03 13:24:10.363,6.25,160.05,TAKE_PICTURE,2.36,0.07,153.83,0.67,233.66
2026-02-03 13:24:10.530,6.32,158.35,TAKE_PICTURE,2.20,0.13,152.19,0.67,233.66
2026-02-03 13:24:10.689,6.63,150.76,TAKE_PICTURE,2.32,0.08,144.95,0.65,233.66
2026-02-03 13:24:10.847,6.66,150.26,TAKE_PICTURE,2.09,0.21,144.92,0.66,233.66
2026-02-03 13:24:11.004,6.68,149.80,TAKE_PICTURE,1.80,0.15,144.43,0.63,233.66
2026-02-03 13:24:11.152,7.18,139.30,TAKE_PICTURE,3.27,0.13,132.00,0.57,233.66
2026-02-03 13:24:11.304,6.93,144.22,TAKE_PICTURE,3.29,0.13,136.75,0.61,233.66
2026-02-03 13:24:11.453,7.14,140.15,TAKE_PICTURE,4.51,0.21,131.41,0.56,233.66
2026-02-03 13:24:11.601,7.16,139.59,TAKE_PICTURE,4.05,0.13,131.41,0.67,233.66
2026-02-03 13:24:11.755,6.87,145.51,TAKE_PICTURE,3.05,0.11,137.59,0.62,233.66
2026-02-03 13:24:11.900,7.28,137.43,TAKE_PICTURE,3.40,0.14,130.05,0.56,233.66
2026-02-03 13:24:12.057,6.72,148.75,TAKE_PICTURE,3.54,0.16,141.33,0.56,233.66
2026-02-03 13:24:12.202,7.27,137.59,TAKE_PICTURE,2.10,0.16,131.69,0.69,233.66
2026-02-03 13:24:12.357,6.80,147.02,TAKE_PICTURE,5.01,0.19,137.64,0.56,233.66
2026-02-03 13:24:12.502,7.16,139.62,TAKE_PICTURE,1.25,0.07,133.18,0.66,233.66
2026-02-03 13:24:12.652,7.08,141.32,TAKE_PICTURE,3.80,0.14,132.15,0.63,233.66
2026-02-03 13:24:12.802,7.09,141.08,TAKE_PICTURE,2.64,0.14,135.21,0.68,233.66
2026-02-03 13:24:12.953,7.01,142.61,TAKE_PICTURE,4.27,0.15,133.57,0.62,233.66
2026-02-03 13:24:13.103,7.00,142.81,TAKE_PICTURE,3.66,0.22,135.13,0.63,233.66
2026-02-03 13:24:13.254,7.17,139.38,TAKE_PICTURE,4.86,0.10,130.79,0.62,233.66
2026-02-03 13:24:13.414,6.53,153.07,TAKE_PICTURE,2.98,0.11,144.67,1.95,233.59
2026-02-03 13:24:13.571,6.68,149.64,TAKE_PICTURE,2.70,0.13,143.44,0.66,233.59
2026-02-03 13:24:13.731,6.60,151.61,TAKE_PICTURE,4.17,0.13,143.69,0.60,233.59
2026-02-03 13:24:13.891,6.61,151.29,TAKE_PICTURE,3.48,0.13,143.68,0.56,233.59
2026-02-03 13:24:14.051,6.60,151.53,TAKE_PICTURE,4.25,0.14,142.97,0.68,233.59
2026-02-03 13:24:14.207,6.78,147.47,TAKE_PICTURE,4.22,0.13,139.10,0.61,233.59
2026-02-03 13:24:14.366,6.61,151.34,TAKE_PICTURE,2.79,0.12,144.42,0.57,233.59
2026-02-03 13:24:14.524,6.63,150.73,TAKE_PICTURE,3.35,0.12,143.59,0.57,233.59
2026-02-03 13:24:14.681,6.67,149.89,TAKE_PICTURE,3.45,0.10,142.75,0.57,233.59
2026-02-03 13:24:14.839,6.68,149.69,TAKE_PICTURE,4.73,0.14,141.01,0.57,233.59
2026-02-03 13:24:14.998,6.57,152.10,TAKE_PICTURE,2.94,0.17,145.10,0.66,233.59
2026-02-03 13:24:15.151,6.91,144.65,TAKE_PICTURE,2.73,0.13,138.05,0.72,233.59
2026-02-03 13:24:15.311,6.57,152.29,TAKE_PICTURE,3.60,0.13,144.14,0.60,233.59
2026-02-03 13:24:15.375,17.72,56.42,RESULT,2.41,7.83,42.04,0.60,233.59
2026-02-03 13:24:15.657,3.78,264.39,RESULT,3.88,88.36,168.12,0.59,234.19
2026-02-03 13:24:15.839,5.74,174.21,RESULT,2.46,0.13,168.25,0.87,234.19
2026-02-03 13:24:16.023,5.66,176.79,RESULT,4.45,0.22,167.85,0.85,234.19
2026-02-03 13:24:16.211,5.54,180.49,RESULT,2.41,0.13,174.62,0.70,234.19
2026-02-03 13:24:16.393,5.75,173.85,RESULT,1.72,0.13,169.09,0.60,234.19
2026-02-03 13:24:16.582,5.50,181.70,RESULT,1.29,0.26,176.79,0.60,234.19
2026-02-03 13:24:16.765,5.66,176.69,RESULT,1.49,0.17,171.57,0.67,234.19
2026-02-03 13:24:16.949,5.67,176.34,RESULT,1.51,0.18,171.21,0.71,234.19
2026-02-03 13:24:17.130,5.76,173.66,RESULT,1.44,0.11,168.59,0.60,234.19
2026-02-03 13:24:17.310,5.81,172.14,RESULT,2.27,0.12,166.55,0.76,234.19
2026-02-03 13:24:17.508,5.39,185.51,RESULT,5.08,0.14,175.80,0.60,234.25
2026-02-03 13:24:17.697,5.50,181.94,RESULT,3.03,0.11,175.12,0.68,234.25
2026-02-03 13:24:17.890,5.42,184.46,RESULT,2.70,0.09,177.49,0.66,234.25
2026-02-03 13:24:18.076,5.63,177.72,RESULT,3.11,0.11,170.38,0.60,234.25
2026-02-03 13:24:18.253,5.77,173.17,RESULT,1.63,0.07,168.92,0.58,234.25
2026-02-03 13:24:18.441,5.67,176.25,RESULT,3.84,0.12,168.98,0.62,234.25
2026-02-03 13:24:18.624,5.79,172.64,RESULT,4.36,0.14,164.04,0.64,234.25
2026-02-03 13:24:18.798,5.90,169.41,RESULT,1.35,0.11,164.80,0.63,234.25
2026-02-03 13:24:18.982,5.68,175.95,RESULT,2.60,0.11,169.36,0.66,234.25
2026-02-03 13:24:19.162,5.79,172.65,RESULT,2.89,0.14,166.04,0.63,234.25
2026-02-03 13:24:19.353,5.44,183.89,RESULT,2.60,0.13,177.10,0.58,234.22
2026-02-03 13:24:19.544,5.47,182.73,RESULT,2.44,0.14,175.89,0.58,234.22
2026-02-03 13:24:19.734,5.42,184.50,RESULT,1.82,0.19,178.35,0.72,234.22
2026-02-03 13:24:19.920,5.55,180.23,RESULT,1.28,0.06,174.44,0.57,234.22
2026-02-03 13:24:20.107,5.49,182.26,RESULT,1.33,0.22,176.93,0.80,234.22
2026-02-03 13:24:20.292,5.63,177.54,RESULT,1.69,0.06,169.54,0.60,234.25
2026-02-03 13:24:20.471,5.82,171.73,RESULT,1.85,0.06,166.92,0.61,234.25
2026-02-03 13:24:20.657,5.58,179.18,RESULT,2.70,0.14,172.48,0.59,234.22
2026-02-03 13:24:20.843,5.63,177.78,RESULT,2.54,0.11,171.01,1.02,234.22
2026-02-03 13:24:21.031,5.53,180.83,RESULT,3.34,0.06,174.21,0.66,234.22
2026-02-03 13:24:21.212,5.74,174.18,RESULT,3.70,0.16,166.91,0.69,234.22
2026-02-03 13:24:21.397,5.65,176.99,RESULT,2.76,0.17,171.04,0.67,234.22
2026-02-03 13:24:21.589,5.43,184.04,RESULT,2.74,0.22,177.38,0.55,234.22
2026-02-03 13:24:21.777,5.52,181.15,RESULT,1.41,0.07,174.28,0.86,234.22
2026-02-03 13:24:21.967,5.47,182.68,RESULT,2.70,0.14,175.11,0.59,234.22
2026-02-03 13:24:22.152,5.62,178.02,RESULT,2.14,0.14,172.43,0.59,234.22
2026-02-03 13:24:22.337,5.63,177.63,RESULT,2.54,0.07,172.35,0.60,234.22
2026-02-03 13:24:22.519,5.74,174.16,RESULT,2.69,0.13,167.55,0.64,234.22
2026-02-03 13:24:22.702,5.69,175.80,RESULT,2.68,0.14,169.45,0.70,234.22
2026-02-03 13:24:22.884,5.72,174.94,RESULT,1.95,0.16,168.95,0.64,234.22
2026-02-03 13:24:23.066,5.73,174.54,RESULT,3.01,0.18,168.27,0.78,234.22
2026-02-03 13:24:23.280,4.85,206.23,RESULT,2.68,0.17,199.14,0.71,234.22
2026-02-03 13:24:23.467,5.63,177.66,RESULT,3.52,0.12,170.61,0.58,234.22
2026-02-03 13:24:23.666,5.32,188.14,RESULT,4.85,0.12,178.67,0.60,234.22
2026-02-03 13:24:23.872,5.15,194.04,RESULT,3.18,0.20,186.25,0.59,234.22
2026-02-03 13:24:24.076,5.19,192.67,RESULT,3.51,0.14,184.52,0.59,234.22
2026-02-03 13:24:24.277,5.24,190.73,RESULT,3.77,0.15,182.73,0.58,234.22
2026-02-03 13:24:24.478,5.21,191.84,RESULT,3.93,0.16,182.44,0.59,234.22
2026-02-03 13:24:24.686,5.10,196.16,RESULT,3.85,0.13,188.02,0.67,234.22
2026-02-03 13:24:24.892,5.09,196.33,RESULT,4.38,0.42,188.05,0.58,234.22
2026-02-03 13:24:25.098,5.09,196.34,RESULT,3.91,0.13,188.27,0.64,234.22
2026-02-03 13:24:25.302,5.12,195.17,RESULT,4.95,0.15,185.84,0.59,234.22
2026-02-03 13:24:25.500,5.29,188.90,RESULT,3.67,0.12,180.91,0.63,234.22
2026-02-03 13:24:25.695,5.39,185.41,RESULT,3.20,0.10,178.56,0.65,234.18
2026-02-03 13:24:25.917,4.92,203.17,RESULT,3.31,0.20,192.98,0.57,234.22
2026-02-03 13:24:26.122,5.18,192.94,RESULT,4.43,0.13,184.40,0.60,234.22
2026-02-03 13:24:26.306,5.75,173.79,RESULT,3.01,0.18,166.58,0.63,234.22
2026-02-03 13:24:26.496,5.57,179.63,RESULT,3.67,0.16,171.95,0.58,234.22
2026-02-03 13:24:26.678,5.77,173.42,RESULT,3.71,0.16,165.94,0.61,234.22
2026-02-03 13:24:26.863,5.68,176.06,RESULT,3.59,0.12,168.29,0.56,234.22
2026-02-03 13:24:27.047,5.74,174.20,RESULT,2.26,0.15,167.24,0.62,234.22
2026-02-03 13:24:27.240,5.62,177.80,RESULT,3.62,0.10,169.58,0.63,234.22
2026-02-03 13:24:27.426,5.63,177.46,RESULT,3.38,0.13,170.01,0.61,234.22
2026-02-03 13:24:27.602,5.84,171.09,RESULT,1.29,0.08,166.68,0.59,234.22
2026-02-03 13:24:27.785,5.68,175.94,RESULT,5.57,0.13,167.02,0.60,234.22
2026-02-03 13:24:27.960,5.88,170.10,RESULT,1.30,0.07,166.20,0.66,234.22
2026-02-03 13:24:28.137,5.77,173.32,RESULT,1.80,0.07,168.93,0.59,234.22
2026-02-03 13:24:28.319,5.73,174.62,RESULT,2.84,0.12,168.07,0.72,234.22
2026-02-03 13:24:28.516,5.30,188.83,RESULT,2.32,0.08,182.67,0.82,234.25
2026-02-03 13:24:28.703,5.59,179.04,RESULT,2.37,0.08,173.51,0.69,234.25
2026-02-03 13:24:28.904,5.25,190.30,RESULT,3.73,0.14,182.15,0.59,234.25
2026-02-03 13:24:29.103,5.31,188.28,RESULT,3.47,0.13,180.72,0.65,234.25
2026-02-03 13:24:29.300,5.30,188.54,RESULT,4.09,0.15,180.42,0.70,234.25
2026-02-03 13:24:29.499,5.28,189.48,RESULT,3.95,0.13,181.20,0.73,234.25
2026-02-03 13:24:29.699,5.28,189.37,RESULT,3.95,0.10,181.68,0.57,234.22
2026-02-03 13:24:29.890,5.52,181.00,RESULT,4.27,0.15,172.52,0.82,234.19
2026-02-03 13:24:30.080,5.65,177.13,RESULT,3.28,0.15,170.08,0.57,234.19
2026-02-03 13:24:30.268,5.65,177.04,RESULT,5.04,0.13,167.89,0.60,234.19
2026-02-03 13:24:30.453,5.72,174.68,RESULT,1.56,0.15,169.38,0.61,234.19
2026-02-03 13:24:30.643,5.56,179.76,RESULT,4.47,0.13,170.54,0.64,234.19
2026-02-03 13:24:30.831,5.58,179.30,RESULT,3.74,0.33,170.91,0.64,234.19
2026-02-03 13:24:31.022,5.55,180.10,RESULT,3.76,0.19,171.19,0.69,234.19
2026-02-03 13:24:31.211,5.69,175.63,RESULT,2.61,0.13,168.74,0.74,234.19
2026-02-03 13:24:31.393,5.81,172.00,RESULT,3.52,0.08,164.96,0.68,234.19
2026-02-03 13:24:31.583,5.53,180.89,RESULT,4.02,0.22,171.52,0.61,234.19
2026-02-03 13:24:31.778,5.39,185.41,RESULT,3.61,0.15,177.31,1.04,234.19
2026-02-03 13:24:31.974,5.40,185.07,RESULT,3.80,0.15,177.44,0.63,234.19
2026-02-03 13:24:32.156,5.82,171.75,RESULT,3.20,0.11,165.01,0.65,234.19
2026-02-03 13:24:32.356,5.36,186.44,RESULT,3.32,0.12,179.12,0.78,234.19
2026-02-03 13:24:32.546,5.63,177.70,RESULT,3.19,0.12,170.39,0.62,234.19
2026-02-03 13:24:32.733,5.71,175.01,RESULT,3.49,0.16,167.25,0.72,234.19
2026-02-03 13:24:32.927,5.55,180.11,RESULT,5.19,0.11,170.96,0.65,234.16
2026-02-03 13:24:33.118,5.66,176.58,RESULT,3.31,0.21,169.13,0.69,234.16
2026-02-03 13:24:33.315,5.37,186.18,RESULT,2.26,0.11,180.23,0.67,234.16
2026-02-03 13:24:33.521,5.16,193.92,RESULT,3.68,0.12,185.31,1.18,234.16
2026-02-03 13:24:33.700,5.76,173.67,RESULT,1.88,0.07,169.15,0.70,234.16
2026-02-03 13:24:33.881,5.67,176.27,RESULT,1.66,0.10,171.48,0.63,234.16
2026-02-03 13:24:34.067,5.63,177.74,RESULT,3.61,0.11,169.70,0.60,234.16
2026-02-03 13:24:34.256,5.68,175.98,RESULT,1.82,0.13,170.59,0.59,234.16
2026-02-03 13:24:34.445,5.65,177.14,RESULT,4.04,0.12,168.67,0.66,234.16
2026-02-03 13:24:34.631,5.67,176.21,RESULT,3.29,0.16,169.33,0.60,234.16
2026-02-03 13:24:34.820,5.58,179.13,RESULT,8.01,0.10,167.08,0.70,234.16
2026-02-03 13:24:35.018,5.17,193.27,RESULT,1.70,0.15,186.25,0.58,234.25
2026-02-03 13:24:35.205,5.60,178.48,RESULT,4.52,0.17,169.68,1.09,234.25
2026-02-03 13:24:35.388,5.68,175.94,RESULT,2.74,0.12,169.67,0.60,234.25
2026-02-03 13:24:35.571,5.70,175.31,RESULT,2.81,0.15,168.23,0.87,234.25
2026-02-03 13:24:35.756,5.64,177.41,RESULT,2.51,0.08,170.33,0.71,234.25
2026-02-03 13:24:35.940,5.62,177.99,RESULT,1.73,0.16,169.92,0.73,234.25
2026-02-03 13:24:36.136,5.32,188.13,RESULT,5.55,0.15,176.67,0.56,234.25
2026-02-03 13:24:36.329,5.39,185.41,RESULT,1.70,0.11,179.45,0.69,234.25
2026-02-03 13:24:36.520,5.44,183.95,RESULT,2.94,0.14,177.17,0.61,234.25
2026-02-03 13:24:36.717,5.29,189.05,RESULT,3.00,0.09,181.83,0.63,234.25
2026-02-03 13:24:36.917,5.23,191.26,RESULT,1.71,0.29,182.38,0.57,234.25
2026-02-03 13:24:37.116,5.21,191.80,RESULT,2.85,0.16,185.10,0.58,234.25
2026-02-03 13:24:37.316,5.21,191.99,RESULT,2.83,0.18,184.73,0.56,234.25
2026-02-03 13:24:37.517,5.17,193.37,RESULT,3.02,0.43,186.49,0.56,234.25
2026-02-03 13:24:37.716,5.22,191.40,RESULT,2.84,0.10,184.84,0.56,234.25
2026-02-03 13:24:37.916,5.18,193.16,RESULT,3.01,0.10,186.49,0.58,234.25
2026-02-03 13:24:38.116,5.21,192.01,RESULT,2.84,0.11,185.40,0.59,234.25
2026-02-03 13:24:38.310,5.24,190.69,RESULT,1.75,0.11,186.04,0.63,234.25
2026-02-03 13:24:38.506,5.32,187.98,RESULT,1.92,0.13,181.81,0.60,234.25
2026-02-03 13:24:38.703,5.27,189.79,RESULT,2.22,0.16,182.86,0.61,234.25
2026-02-03 13:24:38.900,5.26,190.13,RESULT,2.87,0.10,182.88,1.02,234.22
2026-02-03 13:24:39.088,5.55,180.27,RESULT,2.88,0.09,173.29,0.60,234.22
2026-02-03 13:24:39.272,5.64,177.20,RESULT,3.03,0.12,170.82,0.61,234.22
2026-02-03 13:24:39.461,5.53,180.94,RESULT,3.17,0.12,173.78,0.57,234.22
2026-02-03 13:24:39.647,5.60,178.72,RESULT,3.64,0.10,171.52,0.59,234.22
2026-02-03 13:24:39.830,5.69,175.75,RESULT,2.69,0.13,169.05,0.72,234.22
2026-02-03 13:24:40.012,5.72,174.76,RESULT,2.67,0.10,168.13,0.67,234.22
2026-02-03 13:24:40.196,5.65,176.93,RESULT,2.65,0.10,170.38,0.58,234.22
2026-02-03 13:24:40.379,5.70,175.44,RESULT,2.10,0.06,170.38,0.55,234.22
2026-02-03 13:24:40.559,5.80,172.47,RESULT,3.24,0.11,164.90,0.79,234.22
2026-02-03 13:24:40.739,5.70,175.44,RESULT,1.65,0.14,169.84,0.63,234.22
2026-02-03 13:24:40.923,5.66,176.71,RESULT,2.62,0.10,170.18,0.60,234.22
2026-02-03 13:24:41.107,5.67,176.43,RESULT,2.64,0.10,169.59,0.80,234.22
2026-02-03 13:24:41.290,5.68,175.98,RESULT,3.61,0.11,168.60,0.59,234.22
2026-02-03 13:24:41.470,5.78,172.95,RESULT,2.74,0.09,166.26,0.63,234.22
2026-02-03 13:24:41.648,5.87,170.47,RESULT,2.71,0.13,163.66,0.59,234.22
2026-02-03 13:24:41.835,5.57,179.65,RESULT,1.89,0.13,173.93,0.65,234.22
2026-02-03 13:24:42.022,5.59,179.01,RESULT,2.71,0.17,171.88,0.74,234.22
2026-02-03 13:24:42.206,5.67,176.36,RESULT,3.27,0.11,169.77,0.97,234.22
2026-02-03 13:24:42.388,5.71,175.06,RESULT,2.69,0.11,168.50,0.66,234.22
2026-02-03 13:24:42.568,5.78,172.98,RESULT,1.89,0.14,167.16,0.59,234.22
2026-02-03 13:24:42.752,5.65,176.94,RESULT,2.73,0.10,170.41,0.59,234.22
2026-02-03 13:24:42.935,5.70,175.46,RESULT,1.69,0.07,170.77,0.63,234.22
2026-02-03 13:24:43.116,5.73,174.40,RESULT,2.21,0.09,168.78,0.57,234.22
2026-02-03 13:24:43.299,5.72,174.97,RESULT,1.94,0.10,170.07,0.73,234.22
2026-02-03 13:24:43.482,5.68,176.18,RESULT,4.38,0.10,168.39,0.68,234.22
2026-02-03 13:24:43.666,5.68,176.10,RESULT,2.67,0.13,169.57,0.61,234.22
2026-02-03 13:24:43.852,5.58,179.12,RESULT,1.90,0.08,173.52,0.59,234.22
2026-02-03 13:24:44.035,5.67,176.36,RESULT,1.52,0.11,171.30,0.61,234.22
2026-02-03 13:24:44.220,5.64,177.30,RESULT,3.08,0.11,170.86,0.63,234.22
2026-02-03 13:24:44.399,5.83,171.64,RESULT,2.57,0.07,166.29,0.64,234.22
2026-02-03 13:24:44.583,5.66,176.79,RESULT,4.70,0.11,168.27,0.58,234.22
2026-02-03 13:24:44.766,5.63,177.63,RESULT,1.56,0.17,170.78,0.67,234.22
2026-02-03 13:24:44.947,5.75,174.00,RESULT,3.26,0.10,166.85,0.68,234.22
2026-02-03 13:24:45.132,5.65,177.08,RESULT,2.27,0.17,170.37,0.72,234.22
2026-02-03 13:24:45.330,5.27,189.60,RESULT,3.08,0.13,181.39,0.75,234.18
2026-02-03 13:24:45.515,5.67,176.45,RESULT,3.44,0.10,169.34,0.63,234.22
2026-02-03 13:24:45.691,5.91,169.19,RESULT,2.20,0.07,163.90,0.75,234.22
2026-02-03 13:24:45.879,5.54,180.48,RESULT,3.27,0.07,173.85,0.86,234.22
2026-02-03 13:24:46.058,5.75,174.06,RESULT,1.35,0.10,169.74,0.78,234.22
2026-02-03 13:24:46.240,5.65,176.83,RESULT,2.66,0.10,170.60,0.69,234.22
2026-02-03 13:24:46.419,5.82,171.87,RESULT,1.86,0.06,167.25,0.73,234.22
2026-02-03 13:24:46.603,5.66,176.70,RESULT,1.91,0.07,172.21,0.59,234.22
2026-02-03 13:24:46.788,5.63,177.66,RESULT,1.69,0.07,173.26,0.57,234.22
2026-02-03 13:24:46.969,5.76,173.54,RESULT,1.67,0.09,169.04,0.66,234.22
2026-02-03 13:24:47.151,5.71,175.00,RESULT,2.01,0.12,169.68,0.57,234.22
2026-02-03 13:24:47.331,5.72,174.83,RESULT,2.45,0.14,168.53,0.63,234.22
2026-02-03 13:24:47.513,5.74,174.24,RESULT,3.07,0.15,167.43,0.65,234.22
2026-02-03 13:24:47.694,5.76,173.64,RESULT,3.35,0.10,166.07,0.67,234.22
2026-02-03 13:24:47.877,5.67,176.47,RESULT,2.59,0.14,170.09,0.62,234.22
2026-02-03 13:24:48.061,5.67,176.27,RESULT,3.00,0.12,169.24,0.61,234.22
2026-02-03 13:24:48.236,5.85,170.92,RESULT,1.63,0.06,166.63,0.58,234.22
2026-02-03 13:24:48.427,5.57,179.53,RESULT,2.91,0.15,171.99,0.68,234.22
2026-02-03 13:24:48.613,5.64,177.27,RESULT,2.02,0.12,171.07,0.62,234.22
2026-02-03 13:24:48.799,5.62,178.08,RESULT,3.41,0.15,171.14,0.57,234.22
2026-02-03 13:24:48.988,5.55,180.16,RESULT,3.92,0.16,172.65,0.60,234.22
2026-02-03 13:24:49.176,5.56,179.72,RESULT,2.93,0.10,172.99,0.59,234.22
2026-02-03 13:24:49.364,5.58,179.23,RESULT,3.74,0.14,171.63,0.59,234.22
2026-02-03 13:24:49.553,5.53,180.73,RESULT,3.48,0.10,173.50,0.77,234.22
2026-02-03 13:24:49.741,5.59,178.97,RESULT,2.78,0.09,172.25,0.62,234.22
2026-02-03 13:24:49.930,5.56,179.95,RESULT,3.35,0.10,172.95,0.68,234.22
2026-02-03 13:24:50.117,5.60,178.57,RESULT,3.76,0.09,171.37,0.58,234.22
2026-02-03 13:24:50.306,5.54,180.44,RESULT,3.63,0.09,173.12,0.59,234.22
2026-02-03 13:24:50.494,5.57,179.64,RESULT,3.65,0.17,172.45,0.56,234.22
2026-02-03 13:24:50.681,5.57,179.39,RESULT,3.63,0.16,172.32,0.59,234.22
2026-02-03 13:24:50.868,5.60,178.63,RESULT,3.61,0.15,171.40,0.59,234.22
2026-02-03 13:24:51.056,5.59,178.96,RESULT,3.61,0.15,171.47,0.64,234.22
2026-02-03 13:24:51.245,5.55,180.14,RESULT,3.99,0.14,171.85,0.60,234.22
2026-02-03 13:24:51.434,5.55,180.09,RESULT,3.37,0.15,173.12,0.63,234.22
2026-02-03 13:24:51.622,5.57,179.57,RESULT,3.69,0.12,172.36,0.62,234.22
2026-02-03 13:24:51.811,5.53,180.82,RESULT,3.91,0.15,173.38,0.60,234.22
2026-02-03 13:24:51.999,5.55,180.03,RESULT,3.84,0.09,172.72,0.62,234.22
2026-02-03 13:24:52.187,5.56,179.70,RESULT,3.48,0.09,172.54,0.63,234.22
2026-02-03 13:24:52.375,5.58,179.24,RESULT,3.83,0.14,171.22,0.64,234.22
2026-02-03 13:24:52.557,5.63,177.48,RESULT,1.24,0.11,172.81,0.64,234.22
2026-02-03 13:24:52.738,5.68,175.94,RESULT,1.41,0.11,171.23,0.65,234.22
2026-02-03 13:24:52.922,5.65,176.91,RESULT,2.50,0.07,170.97,0.63,234.22
2026-02-03 13:24:53.102,5.71,175.05,RESULT,1.24,0.09,170.42,0.63,234.22
2026-02-03 13:24:53.286,5.66,176.79,RESULT,2.15,0.08,171.76,0.64,234.22
2026-02-03 13:24:53.464,5.80,172.54,RESULT,1.31,0.14,167.49,0.68,234.22
2026-02-03 13:24:53.648,5.65,177.01,RESULT,3.23,0.13,169.69,0.59,234.22
2026-02-03 13:24:53.832,5.67,176.39,RESULT,3.16,0.15,169.90,0.59,234.22
2026-02-03 13:24:54.014,5.73,174.53,RESULT,2.75,0.14,167.46,0.70,234.22
2026-02-03 13:24:54.196,5.72,174.76,RESULT,2.72,0.12,168.75,0.74,234.22
2026-02-03 13:24:54.382,5.60,178.69,RESULT,2.74,0.11,172.04,0.80,234.22
2026-02-03 13:24:54.564,5.73,174.38,RESULT,4.84,0.11,165.96,0.58,234.22
2026-02-03 13:24:54.749,5.63,177.70,RESULT,1.89,0.13,171.97,0.59,234.22
2026-02-03 13:24:54.934,5.64,177.40,RESULT,1.80,0.08,172.65,0.55,234.22
2026-02-03 13:24:55.119,5.63,177.55,RESULT,1.94,0.15,171.77,0.74,234.22
2026-02-03 13:24:55.302,5.68,175.91,RESULT,1.60,0.14,171.24,0.66,234.22
2026-02-03 13:24:55.491,5.50,181.82,RESULT,1.92,0.08,176.50,0.61,234.22
2026-02-03 13:24:55.678,5.56,179.70,RESULT,1.73,0.11,174.06,0.60,234.22
2026-02-03 13:24:55.861,5.69,175.80,RESULT,2.71,0.11,169.42,0.59,234.22
2026-02-03 13:24:56.052,5.45,183.44,RESULT,2.81,0.19,176.71,0.63,234.22
2026-02-03 13:24:56.238,5.60,178.51,RESULT,3.20,0.11,171.67,0.65,234.22
2026-02-03 13:24:56.423,5.61,178.24,RESULT,3.05,0.13,171.56,0.64,234.22
2026-02-03 13:24:56.606,5.71,175.24,RESULT,3.14,0.13,168.44,0.59,234.22
2026-02-03 13:24:56.809,5.05,198.09,RESULT,1.28,0.11,193.19,0.66,234.34
2026-02-03 13:24:56.990,5.78,172.94,RESULT,1.89,0.08,167.83,0.65,234.34
2026-02-03 13:24:57.180,5.59,178.86,RESULT,3.70,0.20,170.06,0.64,234.34
2026-02-03 13:24:57.366,5.62,178.05,RESULT,2.54,0.09,172.30,0.58,234.34
2026-02-03 13:24:57.551,5.63,177.61,RESULT,2.75,0.10,170.98,0.63,234.34
2026-02-03 13:24:57.735,5.66,176.78,RESULT,2.57,0.11,170.10,0.65,234.34
2026-02-03 13:24:57.915,5.78,172.94,RESULT,2.78,0.11,166.38,0.67,234.34
2026-02-03 13:24:58.097,5.71,175.19,RESULT,3.33,0.12,167.68,0.72,234.34
2026-02-03 13:24:58.277,5.81,172.16,RESULT,3.36,0.11,164.88,0.57,234.34
2026-02-03 13:24:58.453,5.83,171.46,RESULT,1.27,0.10,166.53,0.71,234.34
2026-02-03 13:24:58.637,5.69,175.83,RESULT,2.66,0.13,169.14,0.71,234.34
2026-02-03 13:24:58.820,5.71,175.26,RESULT,3.62,0.19,168.33,0.59,234.34
2026-02-03 13:24:59.015,5.32,188.06,RESULT,3.23,0.15,180.05,0.72,234.34
2026-02-03 13:24:59.199,5.68,176.04,RESULT,1.51,0.06,171.00,0.60,234.34
2026-02-03 13:24:59.387,5.55,180.26,RESULT,2.49,0.06,174.87,0.62,234.34
2026-02-03 13:24:59.569,5.70,175.55,RESULT,3.19,0.16,168.48,0.60,234.34
2026-02-03 13:24:59.758,5.52,181.11,RESULT,3.21,0.14,173.93,0.67,234.34
2026-02-03 13:24:59.945,5.58,179.18,RESULT,1.50,0.13,172.06,0.60,234.34
2026-02-03 13:25:00.127,5.70,175.37,RESULT,2.85,0.11,168.76,0.80,234.34
2026-02-03 13:25:00.309,5.75,173.98,RESULT,1.93,0.07,169.29,0.65,234.34
2026-02-03 13:25:00.490,5.69,175.61,RESULT,1.61,0.11,168.83,0.61,234.34
2026-02-03 13:25:00.672,5.70,175.32,RESULT,2.76,0.11,168.63,0.68,234.34
2026-02-03 13:25:00.866,5.44,183.75,RESULT,2.56,0.12,175.52,0.63,234.34
2026-02-03 13:25:01.057,5.44,183.90,RESULT,2.62,0.14,177.62,0.61,234.34
2026-02-03 13:25:01.242,5.65,177.02,RESULT,2.63,0.19,170.35,0.59,234.34
2026-02-03 13:25:01.427,5.62,178.09,RESULT,2.23,0.16,171.80,0.54,234.34
2026-02-03 13:25:01.612,5.61,178.10,RESULT,2.40,0.10,171.38,0.79,234.34
2026-02-03 13:25:01.795,5.62,178.03,RESULT,1.55,0.15,172.47,0.59,234.34
2026-02-03 13:25:01.980,5.64,177.43,RESULT,2.83,0.22,170.55,0.57,234.34
2026-02-03 13:25:02.161,5.67,176.36,RESULT,1.76,0.10,171.18,0.58,234.34
2026-02-03 13:25:02.348,5.59,178.78,RESULT,3.26,0.13,171.84,0.64,234.34
2026-02-03 13:25:02.533,5.62,177.79,RESULT,2.88,0.12,171.14,0.65,234.34
2026-02-03 13:25:02.713,5.78,173.10,RESULT,1.73,0.08,167.95,0.62,234.34
2026-02-03 13:25:02.898,5.62,177.82,RESULT,2.43,0.12,171.54,0.68,234.34
2026-02-03 13:25:03.083,5.62,177.89,RESULT,2.69,0.11,171.48,0.58,234.34
2026-02-03 13:25:03.268,5.62,177.86,RESULT,2.67,0.10,171.48,0.57,234.34
2026-02-03 13:25:03.454,5.61,178.13,RESULT,2.65,0.12,171.82,0.67,234.34
2026-02-03 13:25:03.638,5.64,177.15,RESULT,2.87,0.11,170.37,0.72,234.34
2026-02-03 13:25:03.824,5.61,178.18,RESULT,2.84,0.10,171.45,0.66,234.34
2026-02-03 13:25:04.008,5.65,176.98,RESULT,3.03,0.07,171.45,0.55,234.34
2026-02-03 13:25:04.193,5.61,178.32,RESULT,3.35,0.14,171.33,0.62,234.34
2026-02-03 13:25:04.369,5.93,168.62,RESULT,2.63,0.11,162.21,0.73,234.34
2026-02-03 13:25:04.557,5.55,180.23,RESULT,6.93,0.14,168.57,0.84,234.34
2026-02-03 13:25:04.746,5.51,181.58,RESULT,4.88,0.14,172.49,0.71,234.34
2026-02-03 13:25:04.934,5.57,179.47,RESULT,1.49,0.12,173.89,0.72,234.34
2026-02-03 13:25:05.124,5.48,182.60,RESULT,4.22,0.08,174.43,0.59,234.34
2026-02-03 13:25:05.310,5.60,178.47,RESULT,3.16,0.16,170.04,0.81,234.34
2026-02-03 13:25:05.489,5.83,171.53,RESULT,1.81,0.15,165.82,0.68,234.34
2026-02-03 13:25:05.678,5.69,175.82,RESULT,2.97,0.18,168.01,0.57,234.34
2026-02-03 13:25:05.864,5.59,178.82,RESULT,2.69,0.11,172.30,0.59,234.34
2026-02-03 13:25:06.049,5.62,177.92,RESULT,2.78,0.10,171.01,0.63,234.34
2026-02-03 13:25:06.236,5.58,179.27,RESULT,1.79,0.16,173.87,1.02,234.34
2026-02-03 13:25:06.418,5.70,175.34,RESULT,2.27,0.13,169.06,0.74,234.34
2026-02-03 13:25:06.602,5.68,176.06,RESULT,2.54,0.08,170.49,0.61,234.34
2026-02-03 13:25:06.783,5.73,174.53,RESULT,2.70,0.11,167.87,0.59,234.34
2026-02-03 13:25:06.966,5.70,175.56,RESULT,2.47,0.11,169.29,0.60,234.34
2026-02-03 13:25:07.148,5.74,174.16,RESULT,3.28,0.11,167.12,0.60,234.34
2026-02-03 13:25:07.329,5.68,176.00,RESULT,1.54,0.16,169.45,0.60,234.34
2026-02-03 13:25:07.516,5.59,178.98,RESULT,3.81,0.13,170.95,0.59,234.34
2026-02-03 13:25:07.699,5.71,175.10,RESULT,4.56,0.13,166.62,0.70,234.34
2026-02-03 13:25:07.878,5.74,174.23,RESULT,1.63,0.08,168.59,0.67,234.34
2026-02-03 13:25:08.061,5.69,175.88,RESULT,2.55,0.06,170.18,0.69,234.34
2026-02-03 13:25:08.241,5.79,172.61,RESULT,2.85,0.16,166.27,0.69,234.34
2026-02-03 13:25:08.429,5.57,179.42,RESULT,3.11,0.11,171.54,0.58,234.34
2026-02-03 13:25:08.615,5.60,178.53,RESULT,4.52,0.10,169.66,0.57,234.34
2026-02-03 13:25:08.797,5.64,177.16,RESULT,1.34,0.07,172.74,0.72,234.34
2026-02-03 13:25:08.982,5.65,176.93,RESULT,2.67,0.11,170.35,0.60,234.34
2026-02-03 13:25:09.168,5.57,179.45,RESULT,2.66,0.10,172.82,0.67,234.34
2026-02-03 13:25:09.353,5.63,177.48,RESULT,2.87,0.11,171.18,0.55,234.34
2026-02-03 13:25:09.539,5.61,178.36,RESULT,2.71,0.13,171.68,0.61,234.34
2026-02-03 13:25:09.726,5.55,180.08,RESULT,2.66,0.10,173.46,0.60,234.34
2026-02-03 13:25:09.910,5.65,176.98,RESULT,2.60,0.10,170.45,0.62,234.34
2026-02-03 13:25:10.095,5.64,177.21,RESULT,2.59,0.13,170.34,0.79,234.34
2026-02-03 13:25:10.279,5.65,176.99,RESULT,2.55,0.07,171.33,0.60,234.34
2026-02-03 13:25:10.463,5.66,176.66,RESULT,2.67,0.10,169.91,0.71,234.34
2026-02-03 13:25:10.648,5.62,178.03,RESULT,2.54,0.13,171.77,0.57,234.34
2026-02-03 13:25:10.833,5.62,177.93,RESULT,2.45,0.13,172.17,0.62,234.34
2026-02-03 13:25:11.021,5.57,179.62,RESULT,3.33,0.07,173.37,0.61,234.34
2026-02-03 13:25:11.204,5.70,175.43,RESULT,3.54,0.07,169.22,0.54,234.34
2026-02-03 13:25:11.388,5.65,177.03,RESULT,3.42,0.07,171.02,0.58,234.34
2026-02-03 13:25:11.573,5.62,177.99,RESULT,3.55,0.11,171.24,0.60,234.34
2026-02-03 13:25:11.642,16.23,61.61,READY,2.64,0.44,54.74,0.64,234.34
2026-02-03 13:25:11.907,3.97,252.10,READY,21.63,114.55,112.01,0.57,234.34
2026-02-03 13:25:12.049,7.30,137.06,READY,1.42,2.29,129.17,0.79,234.50
2026-02-03 13:25:12.180,8.00,125.05,READY,6.08,1.98,112.80,0.62,234.50
2026-02-03 13:25:12.304,8.45,118.32,READY,2.40,0.83,111.13,0.57,234.50
2026-02-03 13:25:12.424,8.69,115.06,READY,2.63,0.58,109.42,0.59,234.50
2026-02-03 13:25:12.649,4.54,220.10,READY,2.59,110.34,104.34,0.61,234.50
2026-02-03 13:25:12.782,7.98,125.34,READY,4.04,1.67,115.25,0.57,234.50
2026-02-03 13:25:12.904,8.53,117.24,READY,2.59,0.65,111.09,0.61,234.50
2026-02-03 13:25:13.024,8.69,115.06,READY,2.56,0.75,108.87,0.58,234.50
2026-02-03 13:25:13.145,8.59,116.38,READY,2.39,0.68,110.34,0.56,234.50
2026-02-03 13:25:13.370,4.56,219.41,READY,2.48,108.90,104.89,0.59,234.50
2026-02-03 13:25:13.506,7.80,128.13,READY,1.65,0.74,120.85,0.62,234.50
2026-02-03 13:25:13.630,8.41,118.93,READY,4.39,0.71,110.13,0.57,234.50
2026-02-03 13:25:13.753,8.46,118.20,READY,2.60,1.34,110.17,0.56,234.50
2026-02-03 13:25:13.875,8.54,117.05,READY,3.13,1.52,108.43,0.62,234.50
2026-02-03 13:25:14.104,4.46,224.09,READY,2.79,112.52,105.10,0.73,234.50
2026-02-03 13:25:14.237,8.01,124.90,READY,3.20,1.97,115.67,0.56,234.50
2026-02-03 13:25:14.360,8.45,118.38,READY,2.71,1.08,111.44,0.55,234.63
2026-02-03 13:25:14.481,8.64,115.75,READY,2.42,1.38,108.91,0.56,234.63
2026-02-03 13:25:14.602,8.63,115.81,READY,2.48,1.37,108.91,0.56,234.63
2026-02-03 13:25:14.827,4.54,220.31,READY,2.34,110.15,104.78,0.57,234.63
2026-02-03 13:25:14.963,7.79,128.41,READY,3.12,1.59,119.87,0.65,234.63
2026-02-03 13:25:15.081,8.82,113.39,READY,2.72,0.62,107.48,0.56,234.63
2026-02-03 13:25:15.208,8.20,121.97,READY,2.83,1.46,114.05,0.61,234.63
2026-02-03 13:25:15.328,8.65,115.62,READY,2.62,0.83,109.55,0.63,234.63
2026-02-03 13:25:15.561,4.40,227.23,READY,10.47,109.20,104.22,0.58,234.63
2026-02-03 13:25:15.692,8.10,123.50,READY,1.48,1.46,116.39,0.55,234.63
2026-02-03 13:25:15.815,8.43,118.57,READY,4.04,1.86,108.98,0.57,234.63
2026-02-03 13:25:15.936,8.64,115.75,READY,2.84,1.62,107.78,0.65,234.63
2026-02-03 13:25:16.057,8.61,116.15,READY,3.13,1.28,107.77,0.82,234.63
2026-02-03 13:25:16.294,4.32,231.49,READY,13.88,107.88,105.42,0.57,234.63
2026-02-03 13:25:16.423,8.26,121.05,READY,3.09,2.05,111.57,0.66,234.63
2026-02-03 13:25:16.549,8.28,120.83,READY,3.46,1.35,111.12,0.56,234.63
2026-02-03 13:25:16.672,8.51,117.44,READY,2.76,1.32,109.46,0.60,234.63
2026-02-03 13:25:16.792,8.64,115.69,READY,1.72,0.95,109.71,0.62,234.63
2026-02-03 13:25:17.027,4.35,229.90,READY,1.71,114.55,110.17,0.56,234.63
2026-02-03 13:25:17.168,7.50,133.39,READY,3.92,2.15,123.87,0.62,234.63
2026-02-03 13:25:17.292,8.39,119.17,READY,2.72,1.25,111.51,0.57,234.63
2026-02-03 13:25:17.413,8.64,115.77,READY,2.72,1.35,107.70,0.63,234.63
2026-02-03 13:25:17.537,8.52,117.39,READY,4.14,1.86,107.24,0.61,234.63
2026-02-03 13:25:17.767,4.45,224.96,READY,3.94,112.46,104.71,0.68,234.63
2026-02-03 13:25:17.959,5.60,178.70,READY,6.45,1.27,166.21,1.04,234.97
2026-02-03 13:25:18.108,7.08,141.25,READY,3.76,0.53,130.60,1.19,235.00
2026-02-03 13:25:18.256,7.00,142.93,READY,2.63,0.61,134.62,1.28,234.97
2026-02-03 13:25:18.396,7.64,130.91,READY,4.58,1.47,119.86,1.56,234.97
2026-02-03 13:25:18.630,4.36,229.61,READY,3.00,112.56,109.73,0.61,234.97
2026-02-03 13:25:18.767,7.70,129.95,READY,3.90,2.08,120.02,0.99,234.97
2026-02-03 13:25:18.892,8.38,119.33,READY,1.95,0.92,112.66,0.60,234.97
2026-02-03 13:25:19.014,8.51,117.50,READY,2.30,1.56,109.79,0.60,234.97
2026-02-03 13:25:19.136,8.57,116.70,READY,2.76,1.59,108.89,0.59,234.97
2026-02-03 13:25:19.363,4.49,222.57,READY,4.37,110.67,103.99,0.59,234.97
2026-02-03 13:25:19.496,7.99,125.15,READY,3.48,2.02,115.69,0.59,234.97
2026-02-03 13:25:19.620,8.43,118.62,READY,3.85,1.67,109.21,0.59,234.97
2026-02-03 13:25:19.743,8.60,116.34,READY,2.87,1.93,107.74,0.62,234.97
2026-02-03 13:25:19.864,8.56,116.76,READY,2.88,1.41,108.91,0.61,234.97
2026-02-03 13:25:20.105,4.24,235.71,READY,8.50,116.15,107.37,0.61,234.97
2026-02-03 13:25:20.241,7.80,128.19,READY,4.20,1.60,118.16,0.62,234.97
2026-02-03 13:25:20.375,7.73,129.43,READY,4.82,2.79,117.99,0.57,234.97
2026-02-03 13:25:20.501,8.26,121.11,READY,2.49,1.82,113.90,0.58,234.97
2026-02-03 13:25:20.626,8.36,119.68,READY,2.48,1.54,112.01,0.57,234.97
2026-02-03 13:25:20.862,4.33,231.07,READY,2.56,119.06,105.88,0.58,234.97
2026-02-03 13:25:20.997,7.88,126.84,READY,3.09,2.21,117.84,0.57,234.97
2026-02-03 13:25:21.120,8.47,118.03,READY,2.74,1.68,110.04,0.58,234.97
2026-02-03 13:25:21.242,8.52,117.36,READY,2.08,1.39,110.54,0.72,234.97
2026-02-03 13:25:21.362,8.74,114.45,READY,3.28,0.87,107.60,0.56,234.97
2026-02-03 13:25:21.588,4.52,221.46,READY,1.72,111.47,105.15,0.58,234.97
2026-02-03 13:25:21.721,7.98,125.37,READY,3.45,2.22,116.11,0.67,234.97
2026-02-03 13:25:21.845,8.37,119.46,READY,2.84,0.75,112.83,0.59,234.97
2026-02-03 13:25:21.966,8.65,115.61,READY,2.42,0.70,109.40,0.60,234.97
2026-02-03 13:25:22.087,8.58,116.56,READY,2.39,1.46,109.44,0.73,234.97
2026-02-03 13:25:22.323,4.33,231.01,READY,2.46,119.75,106.00,0.57,234.97
2026-02-03 13:25:22.457,7.98,125.39,READY,3.35,2.03,116.10,0.57,234.97
2026-02-03 13:25:22.581,8.39,119.18,READY,3.09,1.25,110.94,0.63,234.97
2026-02-03 13:25:22.705,8.39,119.23,READY,2.77,1.54,110.97,0.61,234.97
2026-02-03 13:25:22.828,8.48,117.94,READY,3.24,1.38,109.57,0.57,234.97
2026-02-03 13:25:23.067,4.27,234.28,READY,2.72,121.86,105.73,0.65,234.97
2026-02-03 13:25:23.200,7.96,125.70,READY,3.84,2.25,115.92,0.58,234.97
2026-02-03 13:25:23.325,8.50,117.61,READY,2.47,2.13,108.35,0.62,234.97
2026-02-03 13:25:23.454,8.27,120.96,READY,2.93,1.98,112.21,0.61,234.97
2026-02-03 13:25:23.576,8.48,117.91,READY,2.72,1.46,109.92,0.59,234.97
2026-02-03 13:25:23.803,4.51,221.89,READY,3.31,109.66,105.25,0.62,234.97
2026-02-03 13:25:23.937,7.93,126.16,READY,4.18,1.58,116.25,0.56,234.97
2026-02-03 13:25:24.063,8.32,120.22,READY,5.59,1.97,108.85,0.56,234.97
2026-02-03 13:25:24.192,8.01,124.82,READY,10.39,1.12,109.87,0.62,234.97
2026-02-03 13:25:24.317,8.32,120.23,READY,2.62,1.40,112.37,0.58,234.97
2026-02-03 13:25:24.651,3.04,328.57,READY,2.67,208.90,111.66,2.01,234.97
2026-02-03 13:25:24.785,7.98,125.26,READY,3.95,1.36,116.02,0.58,234.97
2026-02-03 13:25:24.907,8.58,116.51,READY,2.37,0.65,110.40,0.57,234.97
2026-02-03 13:25:25.029,8.54,117.03,READY,2.48,0.72,110.92,0.57,234.97
2026-02-03 13:25:25.149,8.64,115.79,READY,2.37,0.68,109.77,0.58,234.97
2026-02-03 13:25:25.390,4.24,235.70,READY,3.24,123.32,105.22,0.55,234.97
2026-02-03 13:25:25.527,7.76,128.92,READY,6.41,1.23,117.72,0.68,234.97
2026-02-03 13:25:25.651,8.57,116.68,READY,2.17,2.00,108.79,0.62,234.97
2026-02-03 13:25:25.774,8.47,118.02,READY,3.12,1.57,109.72,0.58,234.97
2026-02-03 13:25:25.898,8.42,118.77,READY,3.14,1.66,110.47,0.58,234.97
2026-02-03 13:25:26.134,4.32,231.63,READY,2.53,117.57,108.20,0.58,234.97
2026-02-03 13:25:26.268,7.96,125.61,READY,3.05,1.95,116.64,0.60,234.97
2026-02-03 13:25:26.393,8.28,120.77,READY,5.19,2.42,109.20,0.58,234.97
2026-02-03 13:25:26.519,8.26,121.08,READY,2.41,1.64,113.28,0.71,235.00
2026-02-03 13:25:26.646,8.25,121.25,READY,5.14,2.02,109.54,0.58,235.00
2026-02-03 13:25:26.876,4.44,225.28,READY,2.69,113.81,105.06,0.60,235.00
2026-02-03 13:25:27.011,7.85,127.36,READY,3.62,2.22,117.46,0.60,235.00
2026-02-03 13:25:27.132,8.63,115.83,READY,2.55,0.76,109.72,0.60,235.00
2026-02-03 13:25:27.258,8.23,121.46,READY,10.12,1.19,106.80,0.61,235.00
2026-02-03 13:25:27.381,8.46,118.14,READY,2.29,0.61,112.54,0.57,235.00
2026-02-03 13:25:27.611,4.44,225.11,READY,2.55,112.95,106.88,0.59,235.00
2026-02-03 13:25:27.745,7.91,126.37,READY,2.07,1.30,118.55,0.78,235.00
2026-02-03 13:25:27.871,8.32,120.23,READY,2.96,1.26,112.06,0.59,235.00
2026-02-03 13:25:27.999,8.43,118.64,READY,2.70,1.39,110.61,0.58,235.00
2026-02-03 13:25:28.126,8.20,121.97,READY,10.65,1.16,106.82,0.60,235.00
2026-02-03 13:25:28.373,4.12,242.54,READY,17.37,110.13,111.91,0.58,235.00
2026-02-03 13:25:28.507,7.97,125.45,READY,3.75,1.87,115.57,0.76,235.00
2026-02-03 13:25:28.633,8.22,121.72,READY,4.19,1.43,111.98,0.71,235.00
2026-02-03 13:25:28.761,8.12,123.15,READY,2.40,1.29,114.35,0.60,235.00
2026-02-03 13:25:28.886,8.38,119.34,READY,2.68,1.56,111.35,0.57,235.00
2026-02-03 13:25:29.140,4.02,249.05,READY,2.73,129.31,113.17,0.58,235.00
2026-02-03 13:25:29.276,7.77,128.65,READY,1.71,1.36,121.22,0.61,235.00
2026-02-03 13:25:29.403,8.22,121.66,READY,3.71,2.09,111.31,0.61,235.00
2026-02-03 13:25:29.533,7.96,125.58,READY,7.10,1.22,112.78,0.61,235.00
2026-02-03 13:25:29.659,8.28,120.78,READY,9.40,1.29,106.90,0.61,235.00
2026-02-03 13:25:29.992,3.05,327.55,READY,1.46,217.14,105.57,0.58,235.00
2026-02-03 13:25:30.125,7.96,125.67,READY,3.92,1.63,115.82,0.62,235.00
2026-02-03 13:25:30.248,8.48,117.99,READY,2.79,0.89,111.36,0.62,235.00
2026-02-03 13:25:30.372,8.41,118.96,READY,2.49,1.12,112.54,0.83,235.00
2026-02-03 13:25:30.496,8.44,118.50,READY,2.61,1.12,111.99,0.61,234.94
2026-02-03 13:25:30.737,4.23,236.17,READY,2.58,119.08,110.68,0.60,234.94
2026-02-03 13:25:30.876,7.62,131.18,READY,3.10,1.45,122.20,0.74,234.94
2026-02-03 13:25:31.006,7.96,125.57,READY,2.09,1.78,119.01,0.68,234.94
2026-02-03 13:25:31.137,8.14,122.91,READY,1.94,1.30,114.90,0.58,234.94
2026-02-03 13:25:31.261,8.43,118.64,READY,2.91,1.51,110.47,0.57,234.94
2026-02-03 13:25:31.490,4.47,223.62,READY,2.78,112.26,104.78,0.59,234.94
2026-02-03 13:25:31.624,7.93,126.07,READY,3.55,2.06,115.84,0.57,234.94
2026-02-03 13:25:31.748,8.40,119.04,READY,2.88,1.21,111.49,0.56,234.94
2026-02-03 13:25:31.869,8.58,116.53,READY,2.59,1.77,108.62,0.61,234.94
2026-02-03 13:25:31.992,8.49,117.82,READY,4.44,1.56,108.13,0.57,234.94
2026-02-03 13:25:32.220,4.48,223.05,READY,2.82,111.20,105.23,0.63,234.94
2026-02-03 13:25:32.354,7.94,125.97,READY,3.24,2.09,116.88,0.62,234.94
2026-02-03 13:25:32.480,8.25,121.15,READY,2.83,1.78,112.52,0.58,234.94
2026-02-03 13:25:32.604,8.42,118.72,READY,2.76,1.46,110.75,0.57,234.94
2026-02-03 13:25:32.729,8.28,120.72,READY,5.95,1.89,109.04,0.58,234.94
2026-02-03 13:25:32.974,4.18,239.35,READY,12.84,110.86,112.09,0.59,234.94
2026-02-03 13:25:33.108,7.89,126.70,READY,4.78,1.99,115.73,0.58,234.94
2026-02-03 13:25:33.235,8.24,121.42,READY,2.69,0.68,114.88,0.58,234.94
2026-02-03 13:25:33.356,8.60,116.24,READY,2.63,0.58,109.96,0.60,234.94
2026-02-03 13:25:33.480,8.39,119.21,READY,3.14,1.47,110.90,0.56,234.94
2026-02-03 13:25:33.710,4.45,224.87,READY,2.92,111.61,106.65,0.56,234.94
2026-02-03 13:25:33.845,7.89,126.80,READY,3.42,2.05,117.30,0.58,234.94
2026-02-03 13:25:33.972,8.37,119.44,READY,2.72,2.05,110.75,0.57,234.94
2026-02-03 13:25:34.095,8.45,118.28,READY,2.65,1.50,110.45,0.57,234.94
2026-02-03 13:25:34.217,8.52,117.40,READY,2.68,1.70,109.36,0.57,234.94
2026-02-03 13:25:34.448,4.43,225.85,READY,2.59,111.47,108.00,0.57,234.94
2026-02-03 13:25:34.582,7.91,126.50,READY,3.42,1.95,116.64,0.86,234.94
2026-02-03 13:25:34.704,8.55,116.98,READY,1.71,0.88,111.30,0.58,234.94
2026-02-03 13:25:34.828,8.42,118.74,READY,3.67,1.61,109.82,0.59,234.94
2026-02-03 13:25:34.961,7.80,128.14,READY,3.08,1.30,119.53,0.58,235.00
2026-02-03 13:25:35.197,4.34,230.42,READY,2.62,111.34,113.41,0.60,235.00
2026-02-03 13:25:35.332,7.85,127.36,READY,3.53,1.97,117.80,0.57,235.00
2026-02-03 13:25:35.457,8.33,120.05,READY,2.66,1.53,112.07,0.62,235.00
2026-02-03 13:25:35.580,8.48,117.95,READY,2.69,1.55,109.88,0.56,235.00
2026-02-03 13:25:35.702,8.56,116.79,READY,2.60,1.46,108.99,0.60,235.00
2026-02-03 13:25:35.932,4.44,225.08,READY,2.73,112.38,106.16,0.62,235.00
2026-02-03 13:25:36.067,7.92,126.20,READY,2.94,1.72,117.12,0.60,235.00
2026-02-03 13:25:36.187,8.70,114.88,READY,2.57,0.61,109.08,0.64,235.00
2026-02-03 13:25:36.306,8.74,114.43,READY,2.69,0.57,108.85,0.59,235.00
2026-02-03 13:25:36.426,8.70,114.98,READY,2.51,0.68,109.27,0.63,235.00
2026-02-03 13:25:36.665,4.26,234.62,READY,2.07,124.36,104.34,0.60,235.00
2026-02-03 13:25:36.809,7.33,136.47,READY,2.79,1.11,128.58,0.60,235.00
2026-02-03 13:25:36.947,7.56,132.27,READY,2.92,1.55,123.93,0.75,234.97
2026-02-03 13:25:37.070,8.47,118.12,READY,2.69,1.47,109.99,0.59,234.97
2026-02-03 13:25:37.195,8.32,120.22,READY,4.63,1.96,109.95,0.64,234.97
2026-02-03 13:25:37.432,4.30,232.52,READY,2.72,119.62,106.49,0.57,234.97
2026-02-03 13:25:37.566,7.95,125.86,READY,3.57,2.07,115.95,0.64,234.97
2026-02-03 13:25:37.689,8.44,118.55,READY,2.93,0.62,112.18,0.59,234.97
2026-02-03 13:25:37.813,8.40,119.01,READY,3.07,1.26,110.68,0.61,234.97
2026-02-03 13:25:37.936,8.49,117.77,READY,3.07,1.29,109.52,0.57,234.97
2026-02-03 13:25:38.188,4.05,246.96,READY,6.33,122.37,113.75,0.57,234.93
2026-02-03 13:25:38.326,7.77,128.73,READY,2.66,1.78,119.97,0.62,234.93
2026-02-03 13:25:38.477,6.90,144.95,READY,2.62,1.59,136.73,0.62,234.93
2026-02-03 13:25:38.601,8.44,118.50,READY,2.65,0.71,109.93,0.65,234.93
2026-02-03 13:25:38.729,8.11,123.26,READY,9.84,1.17,108.91,0.62,234.93
2026-02-03 13:25:38.974,4.18,239.32,READY,12.87,117.97,105.34,0.60,234.93
2026-02-03 13:25:39.109,7.91,126.46,READY,4.70,1.17,116.23,0.59,234.93
2026-02-03 13:25:39.237,8.29,120.67,READY,4.05,1.93,111.12,0.56,234.97
2026-02-03 13:25:39.357,8.68,115.16,READY,2.49,0.56,109.21,0.57,234.97
2026-02-03 13:25:39.478,8.67,115.40,READY,2.53,0.62,109.63,0.61,234.97
2026-02-03 13:25:39.705,4.49,222.79,READY,2.64,112.40,105.08,0.66,234.97
2026-02-03 13:25:39.838,7.98,125.30,READY,3.45,2.05,116.10,0.60,234.97
2026-02-03 13:25:39.962,8.49,117.82,READY,2.62,1.71,110.00,0.57,234.97
2026-02-03 13:25:40.082,8.63,115.84,READY,2.40,0.91,109.18,0.62,234.97
2026-02-03 13:25:40.202,8.70,115.00,READY,2.37,1.14,108.40,0.61,234.97
2026-02-03 13:25:40.438,4.34,230.54,READY,8.60,113.82,104.54,0.58,234.97
2026-02-03 13:25:40.571,8.02,124.65,READY,2.95,1.70,115.64,0.59,234.97
2026-02-03 13:25:40.692,8.61,116.15,READY,2.96,0.91,109.40,0.56,234.97
2026-02-03 13:25:40.815,8.49,117.77,READY,2.82,1.78,109.67,0.57,234.97
2026-02-03 13:25:40.936,8.62,115.94,READY,2.74,1.53,107.93,0.58,234.97
2026-02-03 13:25:41.171,4.35,229.99,READY,7.01,113.64,105.25,0.58,234.97
2026-02-03 13:25:41.305,7.99,125.16,READY,2.82,1.76,116.03,0.87,234.97
2026-02-03 13:25:41.426,8.63,115.89,READY,2.49,0.67,109.52,0.57,234.97
2026-02-03 13:25:41.547,8.60,116.25,READY,2.67,0.66,109.86,0.58,234.97
2026-02-03 13:25:41.668,8.62,116.05,READY,2.69,1.65,108.11,0.57,234.97
2026-02-03 13:25:41.903,4.34,230.56,READY,10.49,106.45,110.27,0.59,234.97
2026-02-03 13:25:42.036,8.02,124.70,READY,3.35,1.96,115.37,0.61,234.97
2026-02-03 13:25:42.157,8.61,116.20,READY,2.52,0.73,109.71,0.56,234.97
2026-02-03 13:25:42.281,8.41,118.98,READY,2.82,1.06,111.98,0.60,234.97
2026-02-03 13:25:42.401,8.70,114.94,READY,2.36,0.65,108.78,0.59,234.97
2026-02-03 13:25:42.631,4.43,225.51,READY,10.50,107.59,104.13,0.56,234.97
2026-02-03 13:25:42.765,8.01,124.84,READY,2.79,1.65,115.94,0.56,234.97
2026-02-03 13:25:42.888,8.49,117.75,READY,2.60,1.30,109.62,0.62,234.97
2026-02-03 13:25:43.010,8.56,116.80,READY,2.64,1.42,108.68,0.67,234.97
2026-02-03 13:25:43.132,8.52,117.42,READY,1.63,1.28,110.84,0.56,234.97
2026-02-03 13:25:43.359,4.50,222.38,READY,2.25,112.60,103.93,0.59,234.97
2026-02-03 13:25:43.492,7.97,125.54,READY,3.56,2.00,115.77,0.61,234.97
2026-02-03 13:25:43.614,8.58,116.55,READY,2.55,1.07,110.37,0.63,234.97
2026-02-03 13:25:43.736,8.53,117.28,READY,4.46,2.16,106.91,0.63,234.97
2026-02-03 13:25:43.861,8.36,119.55,READY,6.99,1.29,107.15,0.63,234.97
2026-02-03 13:25:44.091,4.44,225.31,READY,2.84,108.32,110.20,0.72,235.00
2026-02-03 13:25:44.226,8.03,124.47,READY,4.03,1.20,114.95,0.58,235.00
2026-02-03 13:25:44.348,8.59,116.45,READY,2.94,1.00,109.42,0.59,235.00
2026-02-03 13:25:44.469,8.63,115.83,READY,2.41,1.80,107.85,0.58,235.00
2026-02-03 13:25:44.594,8.29,120.65,READY,10.57,1.14,105.48,0.66,235.00
2026-02-03 13:25:44.928,3.05,328.34,READY,16.24,205.27,104.23,0.58,235.00
2026-02-03 13:25:45.060,8.09,123.67,READY,2.88,1.66,114.90,0.64,235.00
2026-02-03 13:25:45.185,8.35,119.69,READY,4.91,1.84,109.35,0.59,235.00
2026-02-03 13:25:45.308,8.43,118.60,READY,3.97,1.91,108.12,0.62,235.00
2026-02-03 13:25:45.429,8.63,115.85,READY,2.70,1.38,107.93,0.57,235.00
2026-02-03 13:25:45.658,4.46,224.09,READY,2.61,114.53,103.30,0.63,235.00
2026-02-03 13:25:45.791,8.05,124.28,READY,2.81,1.81,115.54,0.64,235.00
2026-02-03 13:25:45.913,8.55,116.98,READY,2.62,1.37,108.67,0.62,235.00
2026-02-03 13:25:46.034,8.68,115.23,READY,1.95,1.59,108.54,0.58,235.00
2026-02-03 13:25:46.155,8.61,116.19,READY,3.04,1.30,108.05,0.61,235.00
2026-02-03 13:25:46.379,4.56,219.21,READY,2.74,110.11,103.66,0.56,235.00
2026-02-03 13:25:46.512,7.95,125.72,READY,3.36,2.06,116.44,0.59,235.00
2026-02-03 13:25:46.635,8.52,117.43,READY,2.68,1.38,109.06,1.16,235.00
2026-02-03 13:25:46.755,8.68,115.18,READY,2.95,0.65,108.61,0.98,235.00
2026-02-03 13:25:46.875,8.69,115.08,READY,2.77,1.49,107.27,0.64,235.00
2026-02-03 13:25:47.103,4.47,223.89,READY,5.05,110.41,104.65,0.60,235.00
2026-02-03 13:25:47.236,8.07,123.94,READY,2.95,1.91,114.89,0.61,235.00
2026-02-03 13:25:47.355,8.73,114.60,READY,1.62,1.28,108.72,0.62,235.00
2026-02-03 13:25:47.473,8.86,112.86,READY,1.69,1.25,107.02,0.56,235.00
2026-02-03 13:25:47.597,8.40,119.08,READY,6.59,1.48,107.02,0.62,235.00
2026-02-03 13:25:47.830,4.38,228.13,READY,13.96,107.50,103.93,0.58,235.00
2026-02-03 13:25:47.965,7.85,127.43,READY,3.18,1.75,118.73,0.65,235.00
2026-02-03 13:25:48.085,8.71,114.83,READY,1.68,1.11,108.83,0.62,235.00
2026-02-03 13:25:48.205,8.67,115.37,READY,2.54,1.54,108.15,0.56,235.00
2026-02-03 13:25:48.329,8.40,119.01,READY,6.70,1.41,106.74,0.61,235.00
2026-02-03 13:25:48.627,3.41,293.01,READY,1.67,108.75,179.44,0.57,235.00
2026-02-03 13:25:48.758,8.04,124.35,READY,2.96,1.61,116.01,0.65,235.00
2026-02-03 13:25:48.880,8.60,116.26,READY,2.64,1.37,108.38,0.64,235.00
2026-02-03 13:25:49.002,8.52,117.31,READY,2.53,1.68,108.88,0.70,235.00
2026-02-03 13:25:49.129,8.21,121.76,READY,10.52,1.17,106.74,0.57,235.00
2026-02-03 13:25:49.351,4.60,217.41,READY,1.80,108.25,104.12,0.58,235.00
2026-02-03 13:25:49.484,8.00,124.94,READY,3.95,2.00,114.89,0.60,235.00
2026-02-03 13:25:49.605,8.62,116.00,READY,2.99,0.68,109.33,0.59,235.00
2026-02-03 13:25:49.729,8.41,118.88,READY,6.24,1.42,107.10,0.61,235.00
2026-02-03 13:25:49.849,8.67,115.35,READY,2.65,0.60,109.12,0.57,235.00
2026-02-03 13:25:50.177,3.10,322.83,READY,2.81,210.66,105.63,0.57,235.00
2026-02-03 13:25:50.312,7.98,125.33,READY,3.13,1.81,116.36,0.56,235.00
2026-02-03 13:25:50.436,8.40,119.01,READY,3.21,1.64,109.81,0.56,235.00
2026-02-03 13:25:50.558,8.55,116.93,READY,2.88,1.71,108.71,0.59,235.00
2026-02-03 13:25:50.679,8.62,116.02,READY,2.63,1.35,108.12,0.59,235.00
2026-02-03 13:25:50.907,4.47,223.74,READY,2.59,112.61,104.86,0.59,235.00
2026-02-03 13:25:51.041,7.97,125.46,READY,3.54,2.05,115.83,0.62,235.00
2026-02-03 13:25:51.161,8.66,115.49,READY,1.41,1.36,109.53,0.62,235.00
2026-02-03 13:25:51.285,8.45,118.31,READY,4.05,1.52,108.80,0.55,235.00
2026-02-03 13:25:51.405,8.63,115.86,READY,2.87,1.38,107.87,0.56,235.00
2026-02-03 13:25:51.640,4.36,229.61,READY,6.68,114.88,103.97,0.57,235.00
2026-02-03 13:25:51.772,8.05,124.25,READY,3.26,2.07,115.04,0.57,235.00
2026-02-03 13:25:51.895,8.50,117.61,READY,2.52,1.48,109.99,0.57,235.00
2026-02-03 13:25:52.015,8.71,114.86,READY,2.69,1.69,106.80,0.79,235.00
2026-02-03 13:25:52.135,8.66,115.51,READY,2.68,1.34,108.19,0.65,235.00
2026-02-03 13:25:52.367,4.40,227.45,READY,9.61,109.76,104.78,0.57,235.00
2026-02-03 13:25:52.500,8.07,123.91,READY,2.92,1.80,115.09,0.57,235.00
2026-02-03 13:25:52.622,8.52,117.32,READY,2.40,1.30,109.78,0.60,235.00
2026-02-03 13:25:52.743,8.63,115.87,READY,2.64,1.42,107.98,0.58,235.00
2026-02-03 13:25:52.863,8.67,115.35,READY,2.70,1.60,107.48,0.58,235.00
2026-02-03 13:25:53.094,4.43,225.49,READY,2.65,113.20,106.07,0.58,235.00
2026-02-03 13:25:53.224,8.18,122.19,READY,2.86,1.24,113.64,0.61,235.00
2026-02-03 13:25:53.349,8.32,120.22,READY,2.74,1.24,112.08,0.60,235.00
2026-02-03 13:25:53.474,8.37,119.53,READY,2.55,1.47,111.62,0.63,235.00
2026-02-03 13:25:53.601,8.20,121.99,READY,6.28,1.39,110.14,0.60,235.00
2026-02-03 13:25:53.846,4.17,239.87,READY,9.97,109.09,117.36,0.70,235.00
2026-02-03 13:25:53.988,7.55,132.41,READY,5.00,1.38,120.53,0.62,235.00
2026-02-03 13:25:54.129,7.40,135.17,READY,3.46,2.03,125.09,0.62,235.00
2026-02-03 13:25:54.262,7.77,128.62,READY,2.97,1.48,120.59,0.64,234.97
2026-02-03 13:25:54.385,8.51,117.53,READY,2.81,1.65,108.87,0.66,234.97
2026-02-03 13:25:54.612,4.50,222.11,READY,1.61,111.69,104.20,0.57,234.97
2026-02-03 13:25:54.745,8.02,124.66,READY,2.91,1.91,115.50,0.84,234.97
2026-02-03 13:25:54.868,8.46,118.22,READY,3.57,1.34,109.64,0.63,234.97
2026-02-03 13:25:54.996,8.11,123.32,READY,13.26,0.57,106.57,0.59,234.97
2026-02-03 13:25:55.125,8.08,123.80,READY,15.07,0.65,105.51,0.58,234.97
2026-02-03 13:25:55.359,4.36,229.60,READY,2.59,116.74,107.30,0.65,234.97
2026-02-03 13:25:55.492,8.00,125.07,READY,1.31,1.25,118.21,0.57,234.97
2026-02-03 13:25:55.616,8.43,118.57,READY,2.99,1.24,110.22,0.57,234.97
2026-02-03 13:25:55.739,8.46,118.25,READY,2.71,1.73,109.18,0.69,234.97
2026-02-03 13:25:55.864,8.35,119.77,READY,9.98,1.12,105.36,0.59,234.97
2026-02-03 13:25:56.110,4.14,241.41,READY,15.38,111.47,111.90,0.63,235.00
2026-02-03 13:25:56.251,7.56,132.28,READY,2.98,2.11,123.09,0.60,235.00
2026-02-03 13:25:56.388,7.69,130.12,READY,3.11,1.91,121.61,0.57,235.00
2026-02-03 13:25:56.515,8.18,122.23,READY,2.57,1.22,114.83,0.59,235.00
2026-02-03 13:25:56.640,8.31,120.31,READY,2.53,1.64,112.96,0.56,235.00
2026-02-03 13:25:56.872,4.40,227.19,READY,2.61,113.41,108.23,0.67,235.00
2026-02-03 13:25:57.009,7.79,128.42,READY,3.78,1.89,118.35,0.60,235.00
2026-02-03 13:25:57.135,8.34,119.87,READY,2.97,1.26,111.23,0.68,235.00
2026-02-03 13:25:57.257,8.56,116.77,READY,2.88,1.44,108.76,0.60,235.00
2026-02-03 13:25:57.378,8.61,116.16,READY,2.81,1.65,108.17,0.55,235.00
2026-02-03 13:25:57.604,4.52,221.31,READY,2.80,111.04,103.67,0.68,235.00
2026-02-03 13:25:57.737,7.97,125.52,READY,3.12,2.28,116.56,0.63,235.00
2026-02-03 13:25:57.861,8.42,118.77,READY,2.76,1.31,110.80,0.59,235.00
2026-02-03 13:25:57.982,8.61,116.13,READY,2.51,1.65,108.16,0.58,235.00
2026-02-03 13:25:58.103,8.62,115.98,READY,2.75,1.37,108.08,0.57,235.00
2026-02-03 13:25:58.337,4.37,228.93,READY,2.84,116.63,105.90,0.57,235.00
2026-02-03 13:25:58.471,7.91,126.47,READY,3.28,2.10,117.48,0.64,235.00
2026-02-03 13:25:58.596,8.41,118.88,READY,2.78,1.33,110.74,0.57,235.00
2026-02-03 13:25:58.717,8.64,115.79,READY,2.48,0.72,109.58,0.56,235.00
2026-02-03 13:25:58.836,8.73,114.55,READY,2.42,0.62,108.49,0.59,235.00
2026-02-03 13:25:59.078,4.22,236.72,READY,2.14,124.06,107.62,0.60,235.00
2026-02-03 13:25:59.220,7.47,133.81,READY,4.89,1.27,122.72,0.68,235.00
2026-02-03 13:25:59.353,7.84,127.61,READY,2.99,2.07,118.09,0.58,235.00
2026-02-03 13:25:59.484,7.93,126.09,READY,3.03,1.20,117.63,0.58,235.00
2026-02-03 13:25:59.611,8.24,121.39,READY,2.55,1.16,115.15,0.65,235.00
2026-02-03 13:25:59.846,4.34,230.20,READY,3.35,112.00,110.66,0.61,235.00
2026-02-03 13:25:59.995,7.11,140.62,READY,6.05,1.41,129.25,0.69,235.00
2026-02-03 13:26:00.117,8.56,116.77,READY,2.58,0.62,110.84,0.63,235.00
2026-02-03 13:26:00.238,8.62,115.98,READY,2.64,0.66,109.79,0.66,235.00
2026-02-03 13:26:00.357,8.70,114.91,READY,2.55,0.62,109.06,0.59,235.00
2026-02-03 13:26:00.584,4.51,221.87,READY,2.97,111.40,104.50,0.59,235.00
2026-02-03 13:26:00.720,7.85,127.37,READY,3.18,2.27,118.36,0.60,235.00
2026-02-03 13:26:00.842,8.59,116.37,READY,2.62,1.37,109.05,0.60,235.00
2026-02-03 13:26:00.966,8.38,119.27,READY,2.58,1.58,111.13,0.56,235.00
2026-02-03 13:26:01.087,8.57,116.74,READY,2.59,1.74,108.68,0.58,235.00
2026-02-03 13:26:01.320,4.39,227.91,READY,2.60,115.15,106.50,0.59,235.00
2026-02-03 13:26:01.455,7.99,125.08,READY,2.85,1.66,115.90,0.67,235.00
2026-02-03 13:26:01.584,8.11,123.30,READY,1.79,1.33,115.31,0.59,235.00
2026-02-03 13:26:01.709,8.35,119.78,READY,4.33,1.21,110.20,0.66,235.00
2026-02-03 13:26:01.835,8.26,121.06,READY,3.63,2.03,110.31,1.18,235.00
2026-02-03 13:26:02.063,4.47,223.59,READY,2.71,111.45,105.54,0.60,235.00
2026-02-03 13:26:02.197,7.95,125.72,READY,2.87,1.69,116.73,0.63,235.00
2026-02-03 13:26:02.322,8.36,119.68,READY,2.77,1.26,111.35,0.62,235.00
2026-02-03 13:26:02.446,8.45,118.32,READY,2.81,1.54,109.95,0.61,235.00
2026-02-03 13:26:02.568,8.51,117.57,READY,2.67,1.46,109.62,0.61,235.00
2026-02-03 13:26:02.797,4.47,223.74,READY,2.63,111.62,105.75,0.60,235.00
2026-02-03 13:26:02.922,8.34,119.86,READY,2.52,0.67,114.10,0.61,235.00
2026-02-03 13:26:03.042,8.67,115.31,READY,2.55,0.80,108.96,0.58,235.00
2026-02-03 13:26:03.163,8.65,115.58,READY,2.53,0.89,109.31,0.72,235.00
2026-02-03 13:26:03.283,8.67,115.33,READY,2.56,0.88,109.21,0.58,235.00
2026-02-03 13:26:03.518,4.34,230.43,READY,3.89,113.85,108.79,0.60,235.00
2026-02-03 13:26:03.651,7.92,126.24,READY,1.93,1.38,119.33,0.57,235.00
2026-02-03 13:26:03.772,8.63,115.82,READY,3.42,0.59,109.09,0.57,235.00
2026-02-03 13:26:03.894,8.50,117.68,READY,2.62,1.26,110.78,0.62,235.00
2026-02-03 13:26:04.017,8.48,117.94,READY,2.84,1.47,110.20,0.58,235.00
2026-02-03 13:26:04.244,4.51,221.67,READY,2.87,109.09,106.80,0.58,235.00
2026-02-03 13:26:04.368,8.33,119.99,READY,2.46,0.60,113.84,0.63,235.00
2026-02-03 13:26:04.493,8.35,119.71,READY,4.48,1.96,109.47,0.57,235.00
2026-02-03 13:26:04.615,8.51,117.50,READY,3.05,1.34,109.33,0.57,235.00
2026-02-03 13:26:04.738,8.49,117.78,READY,3.06,1.24,109.47,0.64,235.00
2026-02-03 13:26:04.969,4.43,225.80,READY,11.13,106.60,104.85,0.57,235.00
2026-02-03 13:26:05.102,8.03,124.53,READY,3.33,2.00,115.23,0.59,235.00
2026-02-03 13:26:05.221,8.76,114.19,READY,1.62,1.20,108.42,0.61,235.00
2026-02-03 13:26:05.343,8.55,116.96,READY,3.04,1.27,108.61,0.67,235.00
2026-02-03 13:26:05.467,8.39,119.18,READY,6.48,2.01,107.03,0.70,235.00
2026-02-03 13:26:05.703,4.33,231.20,READY,14.67,107.07,106.74,0.73,235.00
2026-02-03 13:26:05.828,8.47,118.07,READY,3.53,2.18,108.84,0.63,235.00
2026-02-03 13:26:05.951,8.48,117.90,READY,1.66,1.08,111.84,0.61,235.00
2026-02-03 13:26:06.073,8.54,117.07,READY,1.99,0.59,111.82,0.62,235.00
2026-02-03 13:26:06.201,8.16,122.51,READY,9.31,1.20,108.37,0.60,235.00
2026-02-03 13:26:06.433,4.39,227.54,READY,1.67,116.20,105.81,0.57,235.00
2026-02-03 13:26:06.561,8.10,123.40,READY,2.42,1.39,116.40,0.59,235.00
2026-02-03 13:26:06.683,8.55,116.94,READY,2.44,0.61,110.90,0.58,235.00
2026-02-03 13:26:06.802,8.76,114.18,READY,2.45,0.64,108.16,0.61,235.00
2026-02-03 13:26:06.931,8.07,123.91,READY,11.14,1.15,108.34,0.58,235.00
2026-02-03 13:26:07.158,4.51,221.93,READY,1.98,110.93,105.74,0.64,235.00
2026-02-03 13:26:07.286,8.17,122.37,READY,3.05,1.29,114.32,0.64,235.00
2026-02-03 13:26:07.411,8.32,120.26,READY,2.61,1.80,111.62,0.63,235.00
2026-02-03 13:26:07.536,8.32,120.21,READY,4.10,1.41,110.93,0.59,235.00
2026-02-03 13:26:07.660,8.39,119.25,READY,2.33,1.67,111.61,0.58,235.00
2026-02-03 13:26:07.884,4.55,219.56,READY,1.64,109.99,104.50,0.63,235.00
2026-02-03 13:26:08.011,8.19,122.03,READY,2.60,1.42,114.19,0.59,235.00
2026-02-03 13:26:08.140,8.08,123.73,READY,2.07,1.63,115.64,0.58,235.00
2026-02-03 13:26:08.263,8.43,118.56,READY,2.78,1.35,109.83,0.92,235.00
2026-02-03 13:26:08.390,8.22,121.69,READY,2.83,1.34,113.19,0.56,235.00
2026-02-03 13:26:08.721,3.07,325.60,READY,2.59,213.06,106.20,0.59,235.00
2026-02-03 13:26:08.848,8.13,123.01,READY,2.71,1.24,114.94,0.58,235.00
2026-02-03 13:26:08.973,8.37,119.46,READY,2.99,1.49,110.34,0.63,235.00
2026-02-03 13:26:09.096,8.49,117.80,READY,2.62,1.69,109.95,0.57,235.00
2026-02-03 13:26:09.218,8.49,117.77,READY,2.69,1.50,109.40,0.57,235.00
2026-02-03 13:26:09.446,4.49,222.51,READY,2.70,111.00,104.78,0.68,235.00
2026-02-03 13:26:09.575,8.00,124.99,READY,2.64,1.43,116.90,0.65,235.00
2026-02-03 13:26:09.697,8.54,117.09,READY,1.97,0.70,110.56,1.17,235.00
2026-02-03 13:26:09.818,8.61,116.13,READY,2.15,1.51,109.22,0.60,235.00
2026-02-03 13:26:09.938,8.68,115.14,READY,2.90,1.53,107.33,0.60,235.00
2026-02-03 13:26:10.177,4.28,233.78,READY,11.68,112.46,106.40,0.61,235.00
2026-02-03 13:26:10.310,8.01,124.85,READY,3.56,2.16,115.60,0.60,235.00
2026-02-03 13:26:10.434,8.46,118.15,READY,1.50,1.14,112.43,0.57,235.00
2026-02-03 13:26:10.554,8.63,115.87,READY,2.01,1.34,109.54,0.63,235.00
2026-02-03 13:26:10.674,8.69,115.02,READY,2.52,0.67,108.81,0.63,235.00
2026-02-03 13:26:10.907,4.40,227.31,READY,8.53,108.23,106.66,0.60,235.00
2026-02-03 13:26:11.042,7.91,126.43,READY,3.31,1.89,117.32,0.61,235.00
2026-02-03 13:26:11.166,8.47,118.07,READY,2.68,0.73,111.43,0.58,235.00
2026-02-03 13:26:11.286,8.69,115.12,READY,2.53,1.04,108.66,0.59,235.00
2026-02-03 13:26:11.405,8.74,114.40,READY,2.52,0.62,108.76,0.57,235.00
2026-02-03 13:26:11.736,3.07,326.08,READY,13.31,205.00,104.88,0.58,235.00
2026-02-03 13:26:11.869,7.98,125.31,READY,3.75,1.97,115.46,0.67,235.00
2026-02-03 13:26:11.990,8.62,115.99,READY,2.73,0.64,109.60,0.62,235.00
2026-02-03 13:26:12.111,8.62,115.97,READY,2.07,1.75,109.02,0.58,235.00
2026-02-03 13:26:12.231,8.68,115.19,READY,2.29,0.77,109.20,0.58,235.00
2026-02-03 13:26:12.461,4.44,225.42,READY,2.17,115.33,105.15,0.61,235.00
2026-02-03 13:26:12.595,8.00,125.00,READY,3.26,1.99,115.55,0.62,235.00
2026-02-03 13:26:12.717,8.50,117.61,READY,2.58,0.80,111.51,0.61,235.00
2026-02-03 13:26:12.836,8.82,113.34,READY,2.36,0.76,107.36,0.57,235.00
2026-02-03 13:26:12.954,8.77,113.98,READY,2.25,0.61,108.46,0.61,235.00
2026-02-03 13:26:13.187,4.39,227.75,READY,2.10,115.13,107.63,0.58,235.00
2026-02-03 13:26:13.324,7.75,128.98,READY,3.29,1.95,119.50,0.60,235.00
2026-02-03 13:26:13.449,8.38,119.34,READY,4.51,1.98,108.99,0.58,235.00
2026-02-03 13:26:13.572,8.46,118.19,READY,3.10,1.40,109.80,0.61,235.00
2026-02-03 13:26:13.695,8.51,117.57,READY,3.21,1.16,109.39,0.63,235.00
2026-02-03 13:26:13.922,4.48,222.98,READY,2.65,112.03,104.74,0.61,235.00
2026-02-03 13:26:14.055,8.03,124.54,READY,2.99,2.08,115.70,0.58,235.00
2026-02-03 13:26:14.175,8.71,114.81,READY,2.39,0.67,108.83,0.60,235.00
2026-02-03 13:26:14.296,8.60,116.33,READY,2.07,1.70,109.36,0.59,235.00
2026-02-03 13:26:14.415,8.76,114.17,READY,2.10,1.03,108.16,0.62,235.00
2026-02-03 13:26:14.644,4.45,224.72,READY,3.69,112.40,105.11,0.61,235.00
2026-02-03 13:26:14.777,8.00,124.99,READY,2.93,1.33,116.96,0.57,235.00
2026-02-03 13:26:14.903,8.23,121.45,READY,3.10,1.41,113.34,0.57,235.00
2026-02-03 13:26:15.025,8.54,117.10,READY,2.68,1.60,109.51,0.88,235.00
2026-02-03 13:26:15.147,8.52,117.31,READY,2.46,1.32,110.47,0.57,235.00
2026-02-03 13:26:15.374,4.50,222.13,READY,3.95,109.14,105.32,0.60,235.00
2026-02-03 13:26:15.507,8.04,124.40,READY,3.25,2.07,115.07,0.66,235.00
2026-02-03 13:26:15.630,8.49,117.83,READY,2.57,1.69,110.26,0.65,235.00
2026-02-03 13:26:15.748,8.77,114.03,READY,1.53,0.93,108.10,0.59,235.00
2026-02-03 13:26:15.870,8.57,116.68,READY,2.58,1.45,108.93,0.62,235.00
2026-02-03 13:26:16.207,3.01,332.25,READY,12.70,211.33,105.19,0.58,235.00
2026-02-03 13:26:16.339,8.06,124.07,READY,3.01,2.21,115.11,0.83,235.00
2026-02-03 13:26:16.459,8.68,115.16,READY,2.93,0.67,108.61,0.59,235.00
2026-02-03 13:26:16.581,8.57,116.74,READY,2.72,1.45,108.73,0.56,235.00
2026-02-03 13:26:16.702,8.59,116.41,READY,2.63,1.58,108.35,0.61,235.00
2026-02-03 13:26:17.034,3.06,327.06,READY,2.57,209.34,111.30,0.56,235.00
2026-02-03 13:26:17.168,8.01,124.91,READY,3.28,1.75,116.08,0.62,235.00
2026-02-03 13:26:17.293,8.34,119.92,READY,3.23,2.07,111.67,0.55,235.00
2026-02-03 13:26:17.416,8.48,117.91,READY,2.30,1.36,111.42,0.77,235.00
2026-02-03 13:26:17.561,7.14,139.99,READY,2.71,0.85,133.63,0.63,235.00
2026-02-03 13:26:17.795,4.39,228.02,READY,1.70,115.90,105.16,0.97,235.00
2026-02-03 13:26:17.928,7.96,125.59,READY,5.34,1.15,114.92,0.56,235.00
2026-02-03 13:26:18.049,8.65,115.59,READY,2.53,0.61,109.64,0.60,235.00
2026-02-03 13:26:18.171,8.50,117.70,READY,3.28,1.22,109.31,0.57,235.00
2026-02-03 13:26:18.293,8.53,117.23,READY,2.72,1.53,109.25,0.56,235.00
2026-02-03 13:26:18.522,4.47,223.57,READY,3.36,111.65,104.51,0.61,235.00
2026-02-03 13:26:18.656,7.96,125.59,READY,3.19,2.11,116.15,0.55,235.00
2026-02-03 13:26:18.781,8.28,120.76,READY,3.79,1.84,111.46,0.57,235.00
2026-02-03 13:26:18.906,8.37,119.43,READY,3.03,1.38,110.81,0.68,235.00
2026-02-03 13:26:19.029,8.47,118.05,READY,2.25,1.88,110.31,0.60,235.00
2026-02-03 13:26:19.256,4.50,222.31,READY,3.10,110.94,104.65,0.61,235.00
2026-02-03 13:26:19.384,8.11,123.23,READY,2.48,1.70,115.54,0.60,235.00
2026-02-03 13:26:19.511,8.23,121.50,READY,3.14,1.41,112.45,0.67,235.00
2026-02-03 13:26:19.631,8.67,115.34,READY,2.72,0.80,108.87,0.62,235.00
2026-02-03 13:26:19.753,8.53,117.29,READY,2.71,1.55,109.51,0.63,235.00
2026-02-03 13:26:19.989,4.33,231.11,READY,3.03,118.11,107.17,0.57,235.00
2026-02-03 13:26:20.124,7.85,127.37,READY,3.30,1.96,118.03,0.58,235.00
2026-02-03 13:26:20.251,8.25,121.26,READY,2.78,1.63,113.04,0.61,235.00
2026-02-03 13:26:20.374,8.44,118.44,READY,2.77,1.54,110.46,0.59,235.00
2026-02-03 13:26:20.496,8.52,117.33,READY,2.58,1.60,109.40,0.57,235.00
2026-02-03 13:26:20.724,4.48,223.03,READY,2.54,110.74,106.80,0.57,235.00
2026-02-03 13:26:20.861,7.75,128.98,READY,3.41,1.96,119.52,0.59,235.00
2026-02-03 13:26:20.983,8.59,116.44,READY,2.65,0.61,110.08,0.65,235.00
2026-02-03 13:26:21.104,8.59,116.44,READY,2.69,0.79,110.11,0.61,235.00
2026-02-03 13:26:21.226,8.54,117.09,READY,2.68,1.73,109.62,0.57,235.00
2026-02-03 13:26:21.457,4.41,226.51,READY,2.54,115.90,104.87,0.57,235.00
2026-02-03 13:26:21.594,7.71,129.62,READY,3.39,2.02,120.21,0.66,235.00
2026-02-03 13:26:21.719,8.34,119.89,READY,4.01,1.96,110.18,0.57,235.00
2026-02-03 13:26:21.842,8.50,117.64,READY,2.52,1.45,110.71,0.57,235.00
2026-02-03 13:26:21.965,8.42,118.71,READY,2.78,1.52,110.70,0.57,235.00
2026-02-03 13:26:22.199,4.37,228.87,READY,2.47,117.54,105.47,0.66,235.00
2026-02-03 13:26:22.336,7.70,129.89,READY,3.87,2.14,119.88,0.56,235.00
2026-02-03 13:26:22.460,8.43,118.58,READY,2.50,1.47,110.56,0.62,235.00
2026-02-03 13:26:22.582,8.53,117.20,READY,2.63,0.73,110.84,0.58,235.00
2026-02-03 13:26:22.704,8.56,116.78,READY,2.22,0.91,110.38,0.57,235.00
2026-02-03 13:26:22.939,4.34,230.24,READY,2.58,118.63,106.33,0.59,235.00
2026-02-03 13:26:23.073,7.94,126.00,READY,3.47,2.14,116.69,0.57,235.00
2026-02-03 13:26:23.199,8.25,121.21,READY,3.20,1.33,112.56,0.58,235.00
2026-02-03 13:26:23.321,8.56,116.85,READY,2.57,1.05,110.71,0.59,235.00
2026-02-03 13:26:23.439,8.84,113.08,READY,1.69,0.63,108.12,0.63,235.00
2026-02-03 13:26:23.673,4.35,229.94,READY,3.28,111.35,111.75,0.54,234.97
2026-02-03 13:26:23.809,7.85,127.46,READY,2.89,1.72,118.48,0.56,234.97
2026-02-03 13:26:23.948,7.48,133.67,READY,2.70,1.37,125.54,0.65,234.97
2026-02-03 13:26:24.098,7.10,140.86,READY,3.44,1.26,131.52,1.07,234.97
2026-02-03 13:26:24.241,7.27,137.53,READY,2.88,1.64,128.65,1.15,234.97
2026-02-03 13:26:24.528,3.55,281.55,READY,2.48,148.99,126.38,1.11,234.97
2026-02-03 13:26:24.669,7.52,133.04,READY,2.16,2.29,124.37,0.57,234.97
2026-02-03 13:26:24.809,7.43,134.64,READY,3.04,1.27,125.02,0.65,234.97
2026-02-03 13:26:24.950,7.41,134.96,READY,3.96,1.21,125.62,0.63,234.97
2026-02-03 13:26:25.100,7.15,139.85,READY,3.68,0.74,131.30,1.09,234.97
2026-02-03 13:26:25.373,3.73,268.21,READY,2.93,138.11,122.19,0.61,234.97
2026-02-03 13:26:25.525,7.07,141.53,READY,1.86,0.56,135.78,0.58,234.97
2026-02-03 13:26:25.658,7.81,128.04,READY,2.34,0.53,121.54,0.58,234.97
2026-02-03 13:26:25.799,7.55,132.51,READY,2.05,0.57,127.19,0.60,235.00
2026-02-03 13:26:25.924,8.31,120.34,READY,3.45,1.94,109.83,0.58,235.00
2026-02-03 13:26:26.151,4.50,222.09,READY,3.53,110.97,103.80,0.61,235.00
2026-02-03 13:26:26.277,8.49,117.78,READY,4.11,1.59,107.89,0.59,235.00
2026-02-03 13:26:26.415,7.56,132.29,READY,8.29,1.17,117.67,2.13,234.97
2026-02-03 13:26:26.551,7.63,131.00,READY,3.00,1.79,120.48,0.73,234.97
2026-02-03 13:26:26.681,8.01,124.81,READY,2.11,1.79,116.84,0.61,234.97
2026-02-03 13:26:26.931,4.08,245.19,READY,2.30,115.73,122.20,1.91,234.97
2026-02-03 13:26:27.083,7.19,139.08,READY,2.59,0.53,131.89,1.52,234.97
2026-02-03 13:26:27.213,8.17,122.43,READY,2.03,0.82,115.75,0.62,234.97
2026-02-03 13:26:27.341,8.16,122.58,READY,6.54,1.51,110.43,0.58,234.97
2026-02-03 13:26:27.481,7.41,135.02,READY,11.07,1.05,119.46,0.63,234.97
2026-02-03 13:26:27.746,3.86,259.27,READY,5.66,128.48,120.91,0.65,234.97
2026-02-03 13:26:27.897,7.22,138.50,READY,3.56,1.12,130.18,0.55,234.97
2026-02-03 13:26:28.036,7.53,132.86,READY,3.91,1.22,123.79,0.92,234.97
2026-02-03 13:26:28.164,8.38,119.31,READY,1.52,0.62,114.67,0.57,234.97
2026-02-03 13:26:28.291,8.17,122.46,READY,2.85,1.41,114.40,0.62,234.97
2026-02-03 13:26:28.550,3.95,253.35,READY,2.52,133.45,114.38,0.80,234.97
2026-02-03 13:26:28.690,7.57,132.15,READY,1.37,0.57,126.98,0.59,234.97
2026-02-03 13:26:28.827,7.55,132.46,READY,2.82,0.64,125.94,0.58,234.97
2026-02-03 13:26:28.965,7.62,131.18,READY,4.69,1.09,121.56,0.63,234.97
2026-02-03 13:26:29.089,8.42,118.79,READY,2.49,0.74,112.71,0.57,234.97
2026-02-03 13:26:29.344,3.99,250.51,READY,3.99,124.38,117.75,0.67,234.97
2026-02-03 13:26:29.475,8.26,121.13,READY,1.80,0.59,116.12,0.62,234.97
2026-02-03 13:26:29.599,8.35,119.73,READY,3.14,1.44,111.52,0.60,234.97
2026-02-03 13:26:29.744,7.18,139.33,READY,3.18,1.49,129.92,1.47,234.97
2026-02-03 13:26:29.879,7.67,130.33,READY,3.95,0.63,122.41,0.61,234.97
2026-02-03 13:26:30.122,4.21,237.66,READY,4.17,123.18,105.84,0.57,234.97
2026-02-03 13:26:30.252,8.09,123.63,READY,2.13,0.59,117.98,0.56,234.97
2026-02-03 13:26:30.385,7.84,127.55,READY,1.65,0.56,122.31,0.57,234.97
2026-02-03 13:26:30.511,8.45,118.39,READY,4.56,1.20,108.43,0.60,234.97
2026-02-03 13:26:30.652,7.48,133.63,READY,4.94,1.42,122.76,0.77,235.00
2026-02-03 13:26:30.906,4.06,246.20,READY,1.79,126.67,113.16,0.61,235.00
2026-02-03 13:26:31.070,6.31,158.59,READY,2.70,0.92,151.22,0.53,235.00
2026-02-03 13:26:31.218,7.39,135.26,READY,2.19,0.63,129.45,0.58,235.00
2026-02-03 13:26:31.356,7.45,134.24,READY,1.67,1.63,127.31,0.58,235.00
2026-02-03 13:26:31.473,8.96,111.63,READY,1.59,0.68,106.84,0.60,235.00
2026-02-03 13:26:31.715,4.20,237.97,READY,15.03,114.68,105.68,0.60,235.00
2026-02-03 13:26:31.839,8.57,116.62,READY,1.31,0.64,112.10,0.64,235.00
2026-02-03 13:26:31.972,7.84,127.59,READY,1.74,0.56,121.66,1.43,235.00
2026-02-03 13:26:32.108,7.64,130.82,READY,3.31,1.53,121.40,0.59,235.00
2026-02-03 13:26:32.237,8.08,123.75,READY,4.29,1.17,114.10,0.57,235.00
2026-02-03 13:26:32.498,3.93,254.55,READY,1.50,143.25,107.20,0.63,235.00
2026-02-03 13:26:32.623,8.75,114.25,READY,2.44,1.34,107.42,0.62,235.00
2026-02-03 13:26:32.739,9.03,110.73,READY,2.43,0.60,105.10,0.63,235.00
2026-02-03 13:26:32.869,8.00,125.02,READY,13.12,0.59,107.35,0.58,235.00
2026-02-03 13:26:32.984,9.05,110.49,READY,1.48,0.64,105.79,0.58,235.00
2026-02-03 13:26:33.205,4.64,215.64,READY,1.44,107.29,104.40,0.58,235.00
2026-02-03 13:26:33.321,9.11,109.76,READY,1.25,0.60,105.26,0.57,235.00
2026-02-03 13:26:33.440,8.80,113.64,READY,1.49,0.57,108.95,0.58,235.00
2026-02-03 13:26:33.562,8.55,117.01,READY,2.50,0.56,111.41,0.63,235.00
2026-02-03 13:26:33.680,8.89,112.44,READY,1.48,0.55,107.74,0.61,235.00
2026-02-03 13:26:33.918,4.29,233.13,READY,8.16,112.71,109.70,0.63,235.00
2026-02-03 13:26:34.035,9.05,110.45,READY,1.32,0.67,105.95,0.61,235.00
2026-02-03 13:26:34.151,9.07,110.30,READY,1.59,0.64,105.49,0.61,235.00
2026-02-03 13:26:34.267,8.99,111.28,READY,1.73,0.59,106.32,0.61,235.00
2026-02-03 13:26:34.382,9.05,110.55,READY,1.61,0.59,105.73,0.58,235.00
2026-02-03 13:26:34.608,4.51,221.49,READY,1.52,111.93,105.35,0.59,235.00
2026-02-03 13:26:34.726,9.09,109.96,READY,1.26,0.63,105.45,0.61,235.00
2026-02-03 13:26:34.841,9.07,110.28,READY,1.56,0.64,105.58,0.56,235.00
2026-02-03 13:26:34.957,8.97,111.53,READY,1.61,0.57,106.73,0.62,235.00
2026-02-03 13:26:35.074,8.94,111.84,READY,1.54,0.57,107.16,0.57,235.00
2026-02-03 13:26:35.312,4.29,233.12,READY,14.18,110.03,106.08,0.57,235.00
2026-02-03 13:26:35.431,8.94,111.88,READY,1.32,0.57,105.95,0.57,235.00
2026-02-03 13:26:35.551,8.72,114.68,READY,1.80,0.63,108.31,0.62,235.00
2026-02-03 13:26:35.669,8.86,112.89,READY,2.11,0.67,106.91,0.57,235.00
2026-02-03 13:26:35.789,8.75,114.31,READY,1.54,0.66,109.61,0.57,235.00
2026-02-03 13:26:36.022,4.39,227.92,READY,1.69,113.16,110.49,0.60,235.00
2026-02-03 13:26:36.150,8.28,120.72,READY,1.32,0.65,114.46,2.26,235.00
2026-02-03 13:26:36.284,7.71,129.77,READY,2.89,1.77,120.20,0.59,235.00
2026-02-03 13:26:36.409,8.39,119.19,READY,1.64,1.32,112.47,0.59,235.00
2026-02-03 13:26:36.543,7.78,128.56,READY,4.72,1.61,117.71,1.18,235.00
2026-02-03 13:26:36.791,4.14,241.26,READY,3.28,123.31,111.88,0.59,235.00
2026-02-03 13:26:36.915,8.94,111.87,READY,2.65,0.70,106.01,0.61,235.00
2026-02-03 13:26:37.037,8.57,116.71,READY,1.99,0.63,110.55,1.34,235.00
2026-02-03 13:26:37.159,8.81,113.46,READY,2.66,0.65,107.45,0.59,235.00
2026-02-03 13:26:37.274,9.04,110.68,READY,1.96,0.62,105.52,0.55,235.00
2026-02-03 13:26:37.559,3.58,279.20,READY,14.16,128.90,130.79,3.06,235.00
2026-02-03 13:26:37.701,7.57,132.12,READY,3.80,1.85,121.88,0.61,235.00
2026-02-03 13:26:37.837,7.66,130.51,READY,6.14,1.08,119.44,0.59,235.00
2026-02-03 13:26:37.983,7.25,137.92,READY,4.47,0.54,128.02,1.77,235.00
2026-02-03 13:26:38.118,7.69,130.12,READY,3.30,1.53,120.43,0.60,235.00
2026-02-03 13:26:38.384,3.86,258.98,READY,4.33,132.19,119.19,0.59,235.00
2026-02-03 13:26:38.524,7.53,132.74,READY,3.47,1.20,121.37,2.64,235.00
2026-02-03 13:26:38.649,8.55,116.92,READY,1.99,0.61,111.81,0.55,235.00
2026-02-03 13:26:38.765,8.99,111.21,READY,2.17,0.67,105.95,0.65,235.00
2026-02-03 13:26:38.891,8.20,122.00,READY,1.68,0.61,117.08,0.67,235.00
2026-02-03 13:26:39.170,3.66,273.50,READY,1.73,144.02,125.10,0.62,235.00
2026-02-03 13:26:39.307,8.08,123.76,READY,1.74,0.62,118.47,0.61,235.00
2026-02-03 13:26:39.434,8.17,122.38,READY,1.51,0.57,115.94,1.34,235.00
2026-02-03 13:26:39.579,7.31,136.89,READY,1.78,0.90,131.16,0.57,235.00
2026-02-03 13:26:39.734,6.88,145.43,READY,3.31,0.64,137.01,1.61,235.00
2026-02-03 13:26:40.013,3.69,270.98,READY,2.35,142.82,122.52,0.97,235.00
2026-02-03 13:26:40.166,7.09,140.96,READY,2.64,0.66,132.99,1.32,235.00
2026-02-03 13:26:40.296,8.02,124.67,READY,1.57,0.61,118.87,0.61,235.00
2026-02-03 13:26:40.432,7.63,131.02,READY,3.22,0.71,124.28,0.59,235.00
2026-02-03 13:26:40.546,9.19,108.82,READY,1.53,0.63,104.11,0.58,235.00
2026-02-03 13:26:40.777,4.41,226.58,READY,6.73,113.06,104.25,0.59,235.00
2026-02-03 13:26:40.894,9.09,109.99,READY,2.01,0.58,104.61,0.66,235.00
2026-02-03 13:26:41.009,9.12,109.62,READY,1.45,0.56,104.96,0.64,235.00
2026-02-03 13:26:41.134,8.34,119.89,READY,11.89,0.57,104.82,0.60,235.00
2026-02-03 13:26:41.248,9.16,109.17,READY,1.62,0.61,104.35,0.61,235.00
2026-02-03 13:26:41.472,4.57,218.88,READY,1.56,111.49,103.31,0.56,235.00
2026-02-03 13:26:41.588,9.19,108.87,READY,1.27,0.71,104.12,0.63,235.00
2026-02-03 13:26:41.703,9.08,110.10,READY,1.50,0.61,105.22,0.59,235.00
2026-02-03 13:26:41.817,9.12,109.65,READY,1.56,0.63,104.72,0.61,235.00
2026-02-03 13:26:41.933,8.99,111.26,READY,3.45,0.67,104.60,0.55,235.00
2026-02-03 13:26:42.155,4.62,216.57,READY,1.49,108.86,103.67,0.58,235.00
2026-02-03 13:26:42.270,9.10,109.87,READY,2.48,0.59,104.26,0.69,235.00
2026-02-03 13:26:42.408,7.48,133.63,READY,19.24,0.63,111.08,0.62,235.00
2026-02-03 13:26:42.533,8.32,120.15,READY,12.63,0.57,104.27,0.63,235.00
2026-02-03 13:26:42.649,9.03,110.75,READY,1.57,0.56,106.01,0.59,235.00
2026-02-03 13:26:42.869,4.66,214.75,READY,1.50,106.77,103.97,0.55,235.00
2026-02-03 13:26:42.985,9.06,110.32,READY,2.93,0.60,104.25,0.60,235.00
2026-02-03 13:26:43.099,9.16,109.15,READY,1.50,0.60,104.48,0.58,235.00
2026-02-03 13:26:43.213,9.13,109.58,READY,1.59,0.61,104.77,0.60,235.00
2026-02-03 13:26:43.334,8.67,115.30,READY,7.66,0.61,104.44,0.58,235.00
2026-02-03 13:26:43.561,4.50,222.39,READY,1.50,114.56,103.83,0.58,235.00
2026-02-03 13:26:43.677,9.17,109.10,READY,1.29,0.62,104.57,0.61,235.00
2026-02-03 13:26:43.804,8.23,121.55,READY,12.47,0.64,105.14,0.67,235.00
2026-02-03 13:26:43.934,7.96,125.62,READY,17.22,0.57,105.29,0.61,235.00
2026-02-03 13:26:44.049,9.12,109.66,READY,1.62,0.56,104.82,0.61,235.00
2026-02-03 13:26:44.272,4.63,216.08,READY,1.28,108.79,103.38,0.60,235.00
2026-02-03 13:26:44.396,8.48,117.86,READY,1.91,0.60,112.77,0.59,235.00
2026-02-03 13:26:44.521,8.38,119.33,READY,1.51,0.72,114.50,0.59,235.00
2026-02-03 13:26:44.636,9.04,110.57,READY,1.72,0.64,105.66,0.60,235.00
2026-02-03 13:26:44.752,9.03,110.70,READY,1.99,0.60,105.56,0.56,235.00
2026-02-03 13:26:44.977,4.54,220.31,READY,4.94,108.10,104.72,0.56,235.00
2026-02-03 13:26:45.094,9.19,108.85,READY,1.35,0.63,104.35,0.58,235.00
2026-02-03 13:26:45.209,9.04,110.62,READY,1.52,0.60,105.82,0.70,235.00
2026-02-03 13:26:45.335,8.28,120.70,READY,12.20,0.57,105.40,0.55,235.00
2026-02-03 13:26:45.452,8.91,112.26,READY,1.58,0.66,105.97,0.61,235.00
2026-02-03 13:26:45.673,4.62,216.56,READY,1.65,108.01,104.10,0.66,235.00
2026-02-03 13:26:45.793,8.94,111.87,READY,1.30,0.67,107.24,0.57,235.00
2026-02-03 13:26:45.907,9.14,109.42,READY,1.70,0.65,104.50,0.59,235.00
2026-02-03 13:26:46.021,9.14,109.39,READY,1.50,0.61,104.65,0.61,235.00
2026-02-03 13:26:46.136,9.06,110.34,READY,1.53,0.62,105.59,0.60,235.00
2026-02-03 13:26:46.363,4.51,221.95,READY,1.54,113.92,103.95,0.59,235.00
2026-02-03 13:26:46.481,9.09,109.97,READY,1.37,0.56,105.37,0.61,235.00
2026-02-03 13:26:46.601,8.69,115.07,READY,8.06,0.56,103.84,0.65,235.00
2026-02-03 13:26:46.741,7.44,134.38,READY,20.19,0.85,110.51,0.59,235.00
2026-02-03 13:26:46.855,9.14,109.41,READY,1.65,0.58,104.57,0.58,235.00
2026-02-03 13:26:47.087,4.41,226.91,READY,1.46,117.72,104.91,0.78,235.00
2026-02-03 13:26:47.202,9.20,108.69,READY,1.34,0.69,104.16,0.62,235.00
2026-02-03 13:26:47.341,7.51,133.22,READY,19.18,0.68,110.83,0.57,235.00
2026-02-03 13:26:47.455,9.11,109.76,READY,1.50,0.61,105.12,0.57,235.00
2026-02-03 13:26:47.571,9.04,110.66,READY,1.49,0.59,106.06,0.57,235.00
2026-02-03 13:26:47.793,4.61,216.87,READY,1.37,108.88,104.00,0.59,235.00
2026-02-03 13:26:47.912,8.98,111.30,READY,2.28,0.59,105.18,0.56,235.00
2026-02-03 13:26:48.026,9.16,109.16,READY,1.49,0.57,104.54,0.60,235.00
2026-02-03 13:26:48.139,9.21,108.60,READY,1.44,0.62,104.00,0.57,235.00
2026-02-03 13:26:48.270,7.94,125.93,READY,18.37,0.58,104.36,0.58,235.00
2026-02-03 13:26:48.516,4.15,241.25,READY,19.68,115.07,103.88,0.60,235.00
2026-02-03 13:26:48.633,9.10,109.90,READY,1.28,0.66,105.41,0.58,235.00
2026-02-03 13:26:48.747,9.17,109.07,READY,1.49,0.63,104.40,0.57,235.00
2026-02-03 13:26:48.870,8.51,117.46,READY,10.37,0.63,103.82,0.59,235.00
2026-02-03 13:26:49.039,6.09,164.26,READY,20.03,1.18,137.78,0.59,235.00
2026-02-03 13:26:49.268,4.46,224.06,READY,2.36,110.55,108.62,0.60,235.00
2026-02-03 13:26:49.389,8.79,113.71,READY,1.26,0.61,109.09,0.60,235.00
2026-02-03 13:26:49.509,8.75,114.26,READY,1.74,0.61,109.37,0.59,235.00
2026-02-03 13:26:49.632,8.47,118.08,READY,1.67,0.57,113.13,0.60,235.00
2026-02-03 13:26:49.755,8.55,116.93,READY,1.93,0.77,111.56,0.64,235.00
2026-02-03 13:26:49.984,4.46,224.11,READY,3.57,108.70,108.98,0.54,235.00
2026-02-03 13:26:50.106,8.70,114.92,READY,1.23,0.67,110.31,0.61,235.00
2026-02-03 13:26:50.225,8.79,113.79,READY,1.35,0.60,109.20,0.61,235.00
2026-02-03 13:26:50.344,8.78,113.89,READY,1.43,0.73,109.18,0.60,235.00
2026-02-03 13:26:50.474,8.06,124.08,READY,12.90,0.60,107.50,0.57,235.00
2026-02-03 13:26:50.718,4.19,238.86,READY,16.29,113.39,106.64,0.58,235.00
2026-02-03 13:26:50.840,8.73,114.55,READY,1.38,0.57,110.01,0.56,235.00
2026-02-03 13:26:50.959,8.76,114.10,READY,1.57,0.57,109.35,0.66,235.00
2026-02-03 13:26:51.077,8.83,113.23,READY,2.13,0.57,107.88,0.61,235.00
2026-02-03 13:26:51.208,7.97,125.49,READY,12.53,0.57,109.81,0.58,235.00
2026-02-03 13:26:51.437,4.46,224.36,READY,1.58,107.42,112.80,0.58,235.00
2026-02-03 13:26:51.560,8.71,114.86,READY,1.45,0.68,110.21,0.61,235.00
2026-02-03 13:26:51.677,8.91,112.25,READY,1.58,0.61,107.50,0.60,235.00
2026-02-03 13:26:51.809,7.98,125.29,READY,11.64,0.61,110.49,0.61,235.00
2026-02-03 13:26:51.929,8.71,114.82,READY,1.40,0.61,110.35,0.57,235.00
2026-02-03 13:26:52.151,4.59,217.78,READY,1.52,108.54,105.17,0.56,235.00
2026-02-03 13:26:52.274,8.70,114.89,READY,1.43,0.56,108.73,0.58,235.00
2026-02-03 13:26:52.392,8.86,112.90,READY,1.95,0.55,107.84,0.56,235.00
2026-02-03 13:26:52.504,9.26,107.96,READY,1.51,0.56,103.43,0.59,235.00
2026-02-03 13:26:52.617,9.25,108.05,READY,1.53,0.57,103.32,0.61,235.00
2026-02-03 13:26:52.839,4.61,216.84,READY,4.70,106.70,102.81,0.57,235.00
2026-02-03 13:26:52.956,9.14,109.36,READY,1.26,0.62,105.13,0.56,235.00
2026-02-03 13:26:53.070,9.17,109.03,READY,2.30,0.60,103.56,0.61,235.00
2026-02-03 13:26:53.207,7.54,132.56,READY,20.42,0.85,108.50,0.58,235.00
2026-02-03 13:26:53.321,9.19,108.80,READY,2.10,0.61,103.61,0.57,235.00
2026-02-03 13:26:53.541,4.64,215.31,READY,1.71,108.09,102.96,0.59,235.00
2026-02-03 13:26:53.657,9.19,108.80,READY,1.25,0.62,104.32,0.58,235.00
2026-02-03 13:26:53.771,9.20,108.66,READY,1.44,0.57,104.09,0.56,235.00
2026-02-03 13:26:53.885,9.13,109.54,READY,2.45,0.57,104.01,0.56,235.00
2026-02-03 13:26:54.002,8.93,111.95,READY,5.03,0.59,103.67,0.58,235.00
2026-02-03 13:26:54.226,4.55,219.80,READY,1.71,110.71,104.33,0.62,235.00
2026-02-03 13:26:54.341,9.27,107.86,READY,1.35,0.67,103.37,0.57,235.00
2026-02-03 13:26:54.474,7.81,127.97,READY,17.58,0.60,103.16,0.57,235.00
2026-02-03 13:26:54.602,8.10,123.40,READY,16.67,0.61,103.56,0.56,235.00
2026-02-03 13:26:54.715,9.24,108.26,READY,1.50,0.66,103.56,0.60,235.00
2026-02-03 13:26:54.935,4.65,214.87,READY,2.15,107.19,102.96,0.60,235.00
2026-02-03 13:26:55.051,9.21,108.57,READY,1.25,0.66,104.06,0.61,235.00
2026-02-03 13:26:55.165,9.17,109.05,READY,2.13,0.56,103.75,0.60,235.00
2026-02-03 13:26:55.278,9.25,108.14,READY,1.49,0.57,103.47,0.58,235.00
2026-02-03 13:26:55.402,8.37,119.53,READY,12.77,0.57,103.56,0.59,235.00
2026-02-03 13:26:55.621,4.68,213.65,READY,1.49,106.66,102.94,0.57,235.00
2026-02-03 13:26:55.737,9.21,108.60,READY,1.24,0.60,104.11,0.61,235.00
2026-02-03 13:26:55.850,9.24,108.22,READY,1.50,0.61,103.56,0.57,235.00
2026-02-03 13:26:55.965,9.10,109.87,READY,2.33,0.61,104.09,0.84,235.00
2026-02-03 13:26:56.078,9.24,108.17,READY,1.85,0.61,103.15,0.58,235.00
2026-02-03 13:26:56.308,4.43,225.67,READY,12.69,107.75,102.67,0.56,235.00
2026-02-03 13:26:56.424,9.27,107.91,READY,1.39,0.61,103.33,0.57,235.00
2026-02-03 13:26:56.538,9.18,108.95,READY,2.05,0.57,103.88,0.56,235.00
2026-02-03 13:26:56.652,9.16,109.15,READY,1.92,0.71,104.29,0.54,235.00
2026-02-03 13:26:56.765,9.20,108.71,READY,1.80,0.57,103.82,0.56,235.00
2026-02-03 13:26:56.991,4.54,220.32,READY,1.56,113.82,102.33,0.61,235.00
2026-02-03 13:26:57.106,9.23,108.36,READY,1.42,0.62,103.78,0.61,235.00
2026-02-03 13:26:57.219,9.26,108.04,READY,1.51,0.64,103.29,0.61,235.00
2026-02-03 13:26:57.335,9.03,110.69,READY,3.59,0.67,103.84,0.62,235.00
2026-02-03 13:26:57.448,9.24,108.24,READY,1.55,0.59,103.49,0.58,235.00
2026-02-03 13:26:57.665,4.70,212.64,READY,1.51,105.97,102.60,0.65,235.00
2026-02-03 13:26:57.781,9.23,108.30,READY,1.25,0.64,103.79,0.59,235.00
2026-02-03 13:26:57.894,9.22,108.48,READY,1.52,0.57,103.78,0.64,235.00
2026-02-03 13:26:58.007,9.29,107.68,READY,1.48,0.58,102.98,0.61,235.00
2026-02-03 13:26:58.135,8.12,123.12,READY,16.05,0.56,103.41,1.17,235.00
2026-02-03 13:26:58.353,4.69,213.21,READY,1.56,106.01,102.96,0.61,235.00
2026-02-03 13:26:58.469,9.21,108.63,READY,1.27,0.65,104.07,0.64,235.00
2026-02-03 13:26:58.583,9.17,108.99,READY,1.48,0.61,104.30,0.63,235.00
2026-02-03 13:26:58.696,9.25,108.08,READY,1.53,0.60,103.36,0.57,235.00
2026-02-03 13:26:58.809,9.26,108.05,READY,1.56,0.61,103.34,0.59,235.00
2026-02-03 13:26:59.043,4.37,229.05,READY,14.34,107.94,104.18,0.60,235.00
2026-02-03 13:26:59.158,9.26,107.98,READY,1.34,0.64,103.51,0.60,235.00
2026-02-03 13:26:59.270,9.29,107.63,READY,1.52,0.63,103.03,0.64,235.00
2026-02-03 13:26:59.408,7.50,133.26,READY,20.62,0.85,108.96,0.60,235.00
2026-02-03 13:26:59.521,9.26,108.04,READY,1.72,0.57,103.21,0.54,235.00
2026-02-03 13:26:59.744,4.59,217.77,READY,1.60,107.37,106.11,0.57,235.00
2026-02-03 13:26:59.859,9.28,107.74,READY,1.26,0.61,103.41,0.61,235.00
2026-02-03 13:26:59.973,9.16,109.14,READY,2.44,0.62,103.58,0.56,235.00
2026-02-03 13:27:00.086,9.28,107.77,READY,1.47,0.61,103.15,0.57,235.00
2026-02-03 13:27:00.202,8.96,111.65,READY,5.20,0.66,103.30,0.59,235.00
2026-02-03 13:27:00.421,4.69,213.34,READY,2.02,105.94,102.75,0.60,235.00
2026-02-03 13:27:00.536,9.23,108.38,READY,1.25,0.67,103.86,0.57,235.00
2026-02-03 13:27:00.650,9.23,108.32,READY,2.03,0.56,103.23,0.56,235.00
2026-02-03 13:27:00.763,9.24,108.22,READY,1.53,0.56,103.64,0.62,235.00
2026-02-03 13:27:00.878,9.02,110.87,READY,2.09,0.56,103.12,3.09,235.00
2026-02-03 13:27:01.112,4.41,227.01,READY,10.89,108.84,104.26,0.59,235.00
2026-02-03 13:27:01.227,9.25,108.14,READY,1.27,0.65,103.67,0.59,235.00
2026-02-03 13:27:01.341,9.24,108.19,READY,1.64,0.61,103.42,0.56,235.00
2026-02-03 13:27:01.471,7.95,125.71,READY,18.69,0.64,103.82,0.69,235.00
2026-02-03 13:27:01.608,7.56,132.35,READY,20.19,0.90,108.45,0.58,235.00
2026-02-03 13:27:01.826,4.70,212.67,READY,1.65,105.91,102.55,0.61,235.00
2026-02-03 13:27:01.942,9.22,108.45,READY,1.36,0.63,103.72,0.56,235.00
2026-02-03 13:27:02.071,8.03,124.57,READY,17.73,0.61,103.66,0.56,235.00
2026-02-03 13:27:02.208,7.56,132.31,READY,20.32,0.90,108.30,0.56,235.00
2026-02-03 13:27:02.323,9.07,110.21,READY,1.61,0.57,105.41,0.64,235.00
2026-02-03 13:27:02.545,4.61,216.94,READY,1.62,109.94,102.77,0.59,235.00
2026-02-03 13:27:02.661,9.22,108.45,READY,1.29,0.66,103.97,0.58,235.00
2026-02-03 13:27:02.775,9.17,109.02,READY,1.57,0.61,104.16,0.73,235.00
2026-02-03 13:27:02.888,9.20,108.72,READY,1.59,0.60,103.96,0.58,235.00
2026-02-03 13:27:03.003,9.06,110.42,READY,3.21,0.71,103.92,0.64,235.00
2026-02-03 13:27:03.227,4.56,219.25,READY,2.19,111.88,102.58,0.65,235.00
2026-02-03 13:27:03.342,9.28,107.73,READY,1.28,0.71,103.22,0.60,235.00
2026-02-03 13:27:03.471,8.11,123.38,READY,17.11,0.60,103.05,0.61,235.00
2026-02-03 13:27:03.609,7.48,133.76,READY,20.96,0.82,109.08,0.58,235.00
2026-02-03 13:27:03.723,9.21,108.52,READY,1.49,0.57,103.82,0.64,235.00
2026-02-03 13:27:03.945,4.59,217.77,READY,1.54,110.70,102.87,0.62,235.00
2026-02-03 13:27:04.061,9.24,108.22,READY,1.26,0.68,103.74,0.58,235.00
2026-02-03 13:27:04.174,9.22,108.49,READY,1.51,0.61,103.80,0.62,235.00
2026-02-03 13:27:04.287,9.26,108.03,READY,1.51,0.62,103.40,0.61,235.00
2026-02-03 13:27:04.403,8.99,111.20,READY,4.46,0.64,103.57,0.60,235.00
2026-02-03 13:27:04.629,4.54,220.44,READY,1.52,109.59,106.75,0.57,235.00
2026-02-03 13:27:04.743,9.29,107.64,READY,1.26,0.62,103.16,0.58,235.00
2026-02-03 13:27:04.873,8.04,124.44,READY,16.19,0.58,105.03,0.60,235.00
2026-02-03 13:27:04.988,9.07,110.30,READY,1.67,0.57,105.44,0.61,235.00
2026-02-03 13:27:05.102,9.17,109.05,READY,1.70,0.58,104.08,0.61,235.00
2026-02-03 13:27:05.423,3.16,315.96,READY,1.48,207.98,103.83,0.63,235.00
2026-02-03 13:27:05.540,9.12,109.63,READY,1.27,0.68,105.11,0.63,235.00
2026-02-03 13:27:05.654,9.18,108.93,READY,1.61,0.60,104.21,0.55,235.00
2026-02-03 13:27:05.769,9.03,110.75,READY,1.46,0.61,106.10,0.60,235.00
2026-02-03 13:27:05.884,9.11,109.74,READY,1.48,0.61,105.08,0.61,235.00
2026-02-03 13:27:06.112,4.49,222.92,READY,7.98,109.04,103.33,0.58,235.00
2026-02-03 13:27:06.228,9.19,108.87,READY,1.38,0.61,104.28,0.59,235.00
2026-02-03 13:27:06.342,9.11,109.75,READY,2.02,0.57,104.43,0.60,235.00
2026-02-03 13:27:06.473,7.96,125.58,READY,17.48,0.56,104.98,0.58,235.00
2026-02-03 13:27:06.587,9.12,109.69,READY,1.53,0.57,104.96,0.62,235.00
2026-02-03 13:27:06.812,4.56,219.34,READY,1.48,106.56,108.69,0.58,235.00
2026-02-03 13:27:06.930,8.96,111.60,READY,1.29,0.70,107.06,0.64,235.00
2026-02-03 13:27:07.048,8.92,112.12,READY,1.62,0.59,107.31,0.63,235.00
2026-02-03 13:27:07.164,9.02,110.87,READY,1.91,0.63,105.73,0.62,235.00
2026-02-03 13:27:07.280,9.12,109.65,READY,1.26,0.68,105.17,0.59,235.00
2026-02-03 13:27:07.515,4.35,230.01,READY,11.79,108.40,107.27,0.54,235.00
2026-02-03 13:27:07.634,9.11,109.73,READY,1.27,0.60,105.25,0.58,235.00
2026-02-03 13:27:07.748,9.15,109.32,READY,1.52,0.60,104.61,0.63,235.00
2026-02-03 13:27:07.874,8.28,120.77,READY,12.35,0.59,105.18,0.59,235.00
2026-02-03 13:27:07.988,9.14,109.37,READY,1.50,0.61,104.72,0.58,235.00
2026-02-03 13:27:08.210,4.60,217.33,READY,1.57,107.90,105.33,0.61,235.00
2026-02-03 13:27:08.325,9.10,109.87,READY,1.57,0.60,105.13,0.59,235.00
2026-02-03 13:27:08.440,9.06,110.36,READY,1.86,0.61,105.27,0.66,235.00
2026-02-03 13:27:08.556,9.03,110.70,READY,2.16,0.61,105.46,0.56,235.00
2026-02-03 13:27:08.673,8.91,112.19,READY,4.49,0.66,104.48,0.58,235.00
2026-02-03 13:27:08.897,4.57,218.90,READY,4.83,107.50,103.90,0.59,235.00
2026-02-03 13:27:09.014,9.09,109.97,READY,1.28,0.61,105.47,0.57,235.00
2026-02-03 13:27:09.141,8.20,121.99,READY,14.21,0.57,104.54,0.61,235.00
2026-02-03 13:27:09.280,7.43,134.60,READY,19.36,0.62,111.94,0.59,235.00
2026-02-03 13:27:09.395,9.09,109.97,READY,1.58,0.56,105.22,0.62,235.00
2026-02-03 13:27:09.616,4.64,215.71,READY,2.03,107.19,103.93,0.61,235.00
2026-02-03 13:27:09.732,9.17,109.01,READY,1.33,0.64,104.51,0.60,235.00
2026-02-03 13:27:09.846,9.18,108.93,READY,1.71,0.60,104.05,0.58,235.00
2026-02-03 13:27:09.960,9.19,108.83,READY,1.51,0.65,104.22,0.53,235.00
2026-02-03 13:27:10.073,9.23,108.30,READY,1.53,0.63,103.66,0.55,235.00
2026-02-03 13:27:10.295,4.60,217.55,READY,1.52,109.10,104.31,0.61,235.00
2026-02-03 13:27:10.411,9.20,108.69,READY,1.24,0.65,103.94,0.61,235.00
2026-02-03 13:27:10.541,7.99,125.19,READY,17.08,0.58,104.80,0.60,235.00
2026-02-03 13:27:10.680,7.49,133.46,READY,19.04,0.62,111.11,0.59,235.00
2026-02-03 13:27:10.794,9.15,109.26,READY,1.55,0.59,104.54,0.60,235.00
2026-02-03 13:27:11.015,4.62,216.55,READY,1.45,107.20,105.44,0.53,235.00
2026-02-03 13:27:11.131,9.21,108.62,READY,1.51,0.74,103.94,0.53,235.00
2026-02-03 13:27:11.265,7.78,128.60,READY,2.69,0.59,122.82,0.56,235.00
2026-02-03 13:27:11.391,8.37,119.53,READY,1.45,0.66,114.87,0.57,235.00
2026-02-03 13:27:11.515,8.56,116.88,READY,1.40,0.72,112.19,0.56,235.00
2026-02-03 13:27:11.747,4.43,225.53,READY,1.43,109.62,111.90,0.56,235.00
2026-02-03 13:27:11.874,8.53,117.26,READY,1.64,0.71,111.73,0.57,235.00
2026-02-03 13:27:11.996,8.54,117.10,READY,1.59,0.56,112.38,0.55,235.00
2026-02-03 13:27:12.117,8.62,116.04,READY,1.50,0.56,111.28,0.63,235.00
2026-02-03 13:27:12.239,8.56,116.80,READY,1.44,0.57,112.00,0.58,235.00
2026-02-03 13:27:12.471,4.40,227.05,READY,1.50,115.10,107.54,0.82,235.00
2026-02-03 13:27:12.594,8.74,114.44,READY,1.39,0.59,109.94,0.62,235.00
2026-02-03 13:27:12.712,8.84,113.17,READY,1.50,0.63,108.38,0.58,235.00
2026-02-03 13:27:12.830,8.83,113.20,READY,1.52,0.72,108.40,0.57,235.00
2026-02-03 13:27:12.948,8.86,112.86,READY,1.59,0.60,108.12,0.58,235.00
2026-02-03 13:27:13.186,4.30,232.74,READY,12.48,110.43,107.34,0.60,235.00
2026-02-03 13:27:13.308,8.82,113.43,READY,1.24,0.57,109.05,0.56,235.00
2026-02-03 13:27:13.426,8.84,113.13,READY,1.56,0.68,108.32,0.61,235.00
2026-02-03 13:27:13.544,8.91,112.21,READY,2.30,0.57,106.89,0.58,235.00
2026-02-03 13:27:13.678,7.72,129.56,READY,17.00,0.57,109.34,0.62,235.00
2026-02-03 13:27:13.906,4.48,223.21,READY,1.61,110.37,108.34,0.78,235.00
2026-02-03 13:27:14.023,9.21,108.62,READY,1.25,0.67,104.11,0.61,235.00
2026-02-03 13:27:14.142,8.76,114.15,READY,5.39,0.61,105.50,0.64,235.00
2026-02-03 13:27:14.276,7.79,128.41,READY,18.33,0.61,106.85,0.61,235.00
2026-02-03 13:27:14.392,9.00,111.05,READY,1.49,0.64,106.45,0.56,235.00
2026-02-03 13:27:14.611,4.68,213.89,READY,1.48,106.87,103.03,0.60,235.00
2026-02-03 13:27:14.727,9.20,108.74,READY,1.36,0.65,104.20,0.59,235.00
2026-02-03 13:27:14.840,9.21,108.53,READY,1.51,0.56,103.83,0.58,235.00
2026-02-03 13:27:14.955,9.10,109.83,READY,1.53,0.57,105.16,0.56,235.00
2026-02-03 13:27:15.073,8.81,113.49,READY,6.22,0.57,104.12,0.58,235.00
2026-02-03 13:27:15.294,4.63,215.99,READY,1.42,107.75,104.10,0.60,235.00
2026-02-03 13:27:15.411,9.13,109.58,READY,1.32,0.69,104.99,0.61,235.00
2026-02-03 13:27:15.549,7.53,132.77,READY,18.52,0.72,110.98,0.60,235.00
2026-02-03 13:27:15.674,8.64,115.70,READY,7.54,0.61,104.96,0.56,235.00
2026-02-03 13:27:15.788,9.17,109.01,READY,1.47,0.64,104.34,0.59,235.00
2026-02-03 13:27:16.014,4.53,220.80,READY,1.53,113.25,103.49,0.57,235.00
2026-02-03 13:27:16.130,9.15,109.24,READY,1.32,0.64,104.76,0.59,235.00
2026-02-03 13:27:16.244,9.15,109.31,READY,1.47,0.59,104.70,0.57,235.00
2026-02-03 13:27:16.359,9.12,109.66,READY,1.87,0.58,104.39,0.85,235.00
2026-02-03 13:27:16.473,9.14,109.41,READY,2.03,0.56,104.25,0.58,235.00
2026-02-03 13:27:16.693,4.67,214.24,READY,1.62,106.77,103.20,0.63,235.00
2026-02-03 13:27:16.809,9.17,109.02,READY,1.34,0.67,104.48,0.56,235.00
2026-02-03 13:27:16.923,9.16,109.22,READY,1.46,0.61,104.59,0.59,235.00
2026-02-03 13:27:17.038,9.10,109.87,READY,1.85,0.62,104.81,0.59,235.00
2026-02-03 13:27:17.152,9.13,109.54,READY,1.75,0.70,104.60,0.57,235.00
2026-02-03 13:27:17.382,4.45,224.53,READY,8.95,109.44,103.66,0.57,235.00
2026-02-03 13:27:17.499,9.13,109.58,READY,1.33,0.65,104.99,0.67,235.00
2026-02-03 13:27:17.613,9.14,109.43,READY,1.83,0.57,104.38,0.62,235.00
2026-02-03 13:27:17.742,8.20,122.01,READY,14.30,0.57,104.59,0.61,235.00
2026-02-03 13:27:17.881,7.44,134.46,READY,19.54,0.65,111.60,0.73,235.00
2026-02-03 13:27:18.100,4.67,214.22,READY,1.25,105.83,104.13,0.61,235.00
2026-02-03 13:27:18.218,9.16,109.13,READY,1.46,0.63,104.50,0.64,235.00
2026-02-03 13:27:18.342,8.44,118.52,READY,11.13,0.61,104.23,0.61,235.00
2026-02-03 13:27:18.482,7.38,135.43,READY,19.84,0.68,112.30,0.63,235.00
2026-02-03 13:27:18.597,9.04,110.65,READY,1.79,0.65,105.60,0.66,235.00
2026-02-03 13:27:18.929,3.08,324.26,READY,1.31,207.64,111.99,1.02,234.97
2026-02-03 13:27:19.048,8.97,111.52,READY,2.38,0.59,105.55,0.58,234.97
2026-02-03 13:27:19.164,8.99,111.18,READY,1.89,0.57,106.08,0.61,234.97
2026-02-03 13:27:19.278,9.17,109.01,READY,1.49,0.57,104.30,0.62,234.97
2026-02-03 13:27:19.416,7.52,133.00,READY,19.49,0.63,110.25,0.61,234.97
2026-02-03 13:27:19.650,4.37,229.09,READY,13.59,108.94,103.99,0.55,234.97
2026-02-03 13:27:19.766,9.15,109.32,READY,1.83,0.64,104.54,0.60,234.97
2026-02-03 13:27:19.881,9.11,109.72,READY,1.65,0.59,104.93,0.54,234.97
2026-02-03 13:27:20.010,8.07,123.97,READY,17.04,0.60,103.81,0.59,234.97
2026-02-03 13:27:20.147,7.54,132.67,READY,20.31,0.88,108.73,0.56,234.97
2026-02-03 13:27:20.383,4.33,231.17,READY,14.67,109.92,104.04,0.57,234.97
2026-02-03 13:27:20.499,9.18,108.92,READY,1.24,0.66,104.48,0.56,234.97
2026-02-03 13:27:20.613,9.18,108.89,READY,1.50,0.57,104.22,0.56,234.97
2026-02-03 13:27:20.742,8.08,123.79,READY,16.55,0.57,104.07,0.60,234.97
2026-02-03 13:27:20.881,7.43,134.59,READY,20.70,0.98,110.12,0.55,234.97
2026-02-03 13:27:21.106,4.55,219.79,READY,1.52,110.47,105.24,0.56,234.97
2026-02-03 13:27:21.222,9.17,109.02,READY,1.35,0.67,104.45,0.62,234.97
2026-02-03 13:27:21.342,8.69,115.09,READY,7.39,0.61,104.52,0.61,234.97
2026-02-03 13:27:21.458,9.04,110.56,READY,1.51,0.59,105.85,0.58,234.97
2026-02-03 13:27:21.572,9.17,109.05,READY,1.64,0.64,104.22,0.60,234.97
2026-02-03 13:27:21.800,4.48,223.37,READY,1.83,115.19,103.75,0.56,234.97
2026-02-03 13:27:21.918,9.11,109.72,READY,1.35,0.58,105.19,0.61,234.97
2026-02-03 13:27:22.032,9.16,109.18,READY,1.74,0.56,104.26,0.57,234.97
2026-02-03 13:27:22.148,9.20,108.75,READY,1.24,0.62,104.29,0.57,234.97
2026-02-03 13:27:22.275,8.21,121.79,READY,13.77,0.57,104.83,0.59,234.97
2026-02-03 13:27:22.501,4.51,221.80,READY,1.25,112.21,105.24,0.55,234.97
2026-02-03 13:27:22.624,9.05,110.46,READY,1.50,0.61,105.82,0.58,234.97
2026-02-03 13:27:22.742,8.83,113.27,READY,5.78,0.62,104.28,0.65,234.97
2026-02-03 13:27:22.858,9.04,110.62,READY,2.46,0.61,105.00,0.57,234.97
2026-02-03 13:27:22.974,9.16,109.15,READY,1.35,0.67,104.63,0.59,234.97
2026-02-03 13:27:23.193,4.67,214.33,READY,1.79,104.82,105.15,0.56,234.97
2026-02-03 13:27:23.311,9.18,108.91,READY,1.28,0.61,104.38,0.57,234.97
2026-02-03 13:27:23.431,8.68,115.15,READY,2.56,0.57,106.71,0.65,234.97
2026-02-03 13:27:23.547,8.96,111.56,READY,1.69,0.56,106.52,0.62,234.97
2026-02-03 13:27:23.661,9.16,109.18,READY,1.49,0.56,104.49,0.60,234.97
2026-02-03 13:27:23.881,4.66,214.60,READY,1.61,106.71,103.71,0.56,234.97
2026-02-03 13:27:23.999,9.02,110.84,READY,2.24,0.62,105.45,0.58,234.97
2026-02-03 13:27:24.114,9.03,110.79,READY,1.83,0.60,105.53,0.57,234.97
2026-02-03 13:27:24.230,9.01,111.04,READY,1.47,0.67,106.39,0.57,234.97
2026-02-03 13:27:24.348,8.80,113.65,READY,1.69,0.56,108.45,0.59,234.97
2026-02-03 13:27:24.572,4.56,219.16,READY,1.65,106.63,104.57,0.57,234.97
2026-02-03 13:27:24.689,9.14,109.35,READY,1.31,0.58,104.10,0.63,234.97
2026-02-03 13:27:24.810,8.64,115.80,READY,8.75,0.57,103.76,0.69,234.97
2026-02-03 13:27:24.952,7.32,136.59,READY,20.11,0.83,112.78,0.61,234.97
2026-02-03 13:27:25.067,9.08,110.13,READY,1.85,0.56,104.68,1.08,234.97
2026-02-03 13:27:25.284,4.70,212.62,READY,1.49,104.95,103.57,0.57,234.97
2026-02-03 13:27:25.401,9.14,109.40,READY,1.29,0.63,104.92,0.56,234.97
2026-02-03 13:27:25.516,9.08,110.13,READY,1.60,0.61,105.32,0.57,234.97
2026-02-03 13:27:25.630,9.16,109.20,READY,1.70,0.62,104.26,0.69,234.97
2026-02-03 13:27:25.746,9.03,110.72,READY,2.36,0.61,105.11,0.58,234.97
2026-02-03 13:27:25.963,4.71,212.42,READY,2.06,104.86,102.96,0.57,234.97
2026-02-03 13:27:26.079,9.19,108.77,READY,1.27,0.67,104.29,0.61,234.97
2026-02-03 13:27:26.221,7.28,137.42,READY,19.23,0.63,114.87,0.61,234.97
2026-02-03 13:27:26.343,8.56,116.85,READY,8.70,0.57,104.99,0.57,234.97
2026-02-03 13:27:26.459,9.02,110.85,READY,2.20,0.57,105.57,0.58,234.97
2026-02-03 13:27:26.681,4.61,217.13,READY,2.19,105.77,106.61,0.58,234.97
2026-02-03 13:27:26.797,9.19,108.85,READY,1.32,0.68,104.29,0.57,234.97
2026-02-03 13:27:26.913,9.00,111.06,READY,1.27,0.67,106.17,0.56,234.97
2026-02-03 13:27:27.030,9.15,109.25,READY,1.31,0.65,104.73,0.57,234.97
2026-02-03 13:27:27.145,9.06,110.34,READY,1.25,0.67,105.23,0.83,234.97
2026-02-03 13:27:27.370,4.57,218.83,READY,1.24,108.68,106.27,0.62,234.97
2026-02-03 13:27:27.487,9.17,109.02,READY,1.63,0.64,104.13,0.64,234.97
2026-02-03 13:27:27.613,8.22,121.71,READY,12.15,0.56,104.99,0.63,234.97
2026-02-03 13:27:27.753,7.40,135.17,READY,19.50,0.62,112.29,0.64,234.97
2026-02-03 13:27:27.868,9.07,110.22,READY,1.52,0.57,105.53,0.57,234.97
2026-02-03 13:27:28.095,4.51,221.62,READY,1.61,112.34,105.01,0.66,234.97
2026-02-03 13:27:28.213,9.06,110.35,READY,1.27,0.67,105.86,0.56,234.97
2026-02-03 13:27:28.345,7.89,126.81,READY,17.81,0.60,105.37,1.05,234.97
2026-02-03 13:27:28.465,8.69,115.13,READY,1.76,0.77,109.83,0.58,234.97
2026-02-03 13:27:28.580,9.09,109.99,READY,1.54,0.61,105.32,0.61,234.97
2026-02-03 13:27:28.809,4.45,224.77,READY,1.53,113.87,106.76,0.59,234.97
2026-02-03 13:27:28.926,9.12,109.62,READY,1.28,0.62,105.12,0.61,234.97
2026-02-03 13:27:29.043,8.97,111.52,READY,1.52,0.58,106.76,0.63,234.97
2026-02-03 13:27:29.157,9.14,109.42,READY,1.77,0.59,104.49,0.56,234.97
2026-02-03 13:27:29.276,8.78,113.87,READY,6.02,0.57,104.70,0.56,234.97
2026-02-03 13:27:29.494,4.68,213.55,READY,1.55,105.24,104.14,0.66,234.97
2026-02-03 13:27:29.612,9.08,110.17,READY,1.39,0.64,105.55,0.58,234.97
2026-02-03 13:27:29.727,9.07,110.24,READY,1.55,0.61,105.63,0.60,234.97
2026-02-03 13:27:29.842,9.06,110.35,READY,1.57,0.61,105.48,0.59,234.97
2026-02-03 13:27:29.957,9.08,110.19,READY,1.53,0.61,105.46,0.60,234.97
2026-02-03 13:27:30.183,4.54,220.33,READY,5.61,107.37,104.79,0.59,234.97
2026-02-03 13:27:30.303,9.11,109.73,READY,1.42,0.57,105.16,0.61,234.97
2026-02-03 13:27:30.417,9.11,109.73,READY,1.55,0.56,104.97,0.58,234.97
2026-02-03 13:27:30.544,8.22,121.60,READY,13.46,0.57,104.94,0.58,234.97
2026-02-03 13:27:30.658,9.17,109.03,READY,1.49,0.57,104.40,0.54,234.97
2026-02-03 13:27:30.884,4.52,221.07,READY,1.54,110.35,106.63,0.55,234.97
2026-02-03 13:27:31.003,9.01,111.01,READY,1.49,0.58,105.55,0.59,234.97
2026-02-03 13:27:31.119,8.99,111.21,READY,1.66,0.61,106.40,0.54,234.97
2026-02-03 13:27:31.238,8.79,113.80,READY,1.49,0.61,109.04,0.62,234.97
2026-02-03 13:27:31.357,8.78,113.93,READY,1.54,0.78,109.13,0.61,234.97
2026-02-03 13:27:31.591,4.36,229.15,READY,6.01,114.46,105.07,0.63,234.97
2026-02-03 13:27:31.712,8.82,113.32,READY,2.16,0.56,106.84,1.04,235.00
2026-02-03 13:27:31.826,9.22,108.42,READY,1.57,0.56,103.72,0.57,235.00
2026-02-03 13:27:31.943,8.86,112.81,READY,5.52,0.61,104.11,0.57,235.00
2026-02-03 13:27:32.058,9.15,109.29,READY,1.90,0.57,104.21,0.60,235.00
2026-02-03 13:27:32.280,4.60,217.53,READY,1.94,109.60,103.43,0.57,235.00
2026-02-03 13:27:32.396,9.21,108.56,READY,1.27,0.59,104.19,0.63,235.00
2026-02-03 13:27:32.510,9.16,109.21,READY,1.69,0.61,104.30,0.60,235.00
2026-02-03 13:27:32.625,9.06,110.35,READY,1.46,0.67,105.68,0.59,235.00
2026-02-03 13:27:32.744,8.83,113.31,READY,5.93,0.65,104.20,0.58,235.00
2026-02-03 13:27:32.964,4.63,215.90,READY,3.16,105.82,104.43,0.59,235.00
2026-02-03 13:27:33.082,9.07,110.21,READY,1.28,0.62,105.67,0.59,235.00
2026-02-03 13:27:33.212,8.02,124.73,READY,17.26,0.60,104.23,0.63,235.00
2026-02-03 13:27:33.354,7.26,137.66,READY,19.61,0.66,114.76,0.60,235.00
2026-02-03 13:27:33.471,8.95,111.67,READY,1.52,0.63,106.87,0.60,235.00
2026-02-03 13:27:33.693,4.59,217.88,READY,2.37,105.95,106.82,0.62,235.00
2026-02-03 13:27:33.810,9.14,109.47,READY,1.33,0.66,104.93,0.61,235.00
2026-02-03 13:27:33.925,9.11,109.72,READY,1.45,0.59,105.08,0.57,235.00
2026-02-03 13:27:34.039,9.15,109.30,READY,1.50,0.61,104.63,0.59,235.00
2026-02-03 13:27:34.154,9.08,110.12,READY,1.48,0.60,105.39,0.56,235.00
2026-02-03 13:27:34.393,4.28,233.91,READY,13.17,113.67,104.47,0.60,235.00
2026-02-03 13:27:34.510,9.14,109.42,READY,1.26,0.61,104.92,0.57,235.00
2026-02-03 13:27:34.624,9.19,108.81,READY,1.51,0.62,104.06,0.62,235.00
2026-02-03 13:27:34.745,8.62,115.98,READY,7.64,0.61,105.10,0.59,235.00
2026-02-03 13:27:34.859,9.14,109.41,READY,1.47,0.58,104.79,0.57,235.00
2026-02-03 13:27:35.079,4.66,214.69,READY,1.53,106.24,104.28,0.59,235.00
2026-02-03 13:27:35.195,9.14,109.35,READY,1.31,0.66,104.85,0.58,235.00
2026-02-03 13:27:35.309,9.18,108.93,READY,1.57,0.60,104.16,0.57,235.00
2026-02-03 13:27:35.422,9.21,108.62,READY,1.51,0.61,103.91,0.61,235.00
2026-02-03 13:27:35.545,8.52,117.32,READY,9.04,0.66,105.05,0.64,235.00
2026-02-03 13:27:35.762,4.70,212.63,READY,1.50,105.00,103.57,0.61,235.00
2026-02-03 13:27:35.878,9.18,108.97,READY,1.78,0.64,104.02,0.60,235.00
2026-02-03 13:27:35.993,9.14,109.46,READY,1.48,0.56,104.76,0.60,235.00
2026-02-03 13:27:36.107,9.14,109.40,READY,1.50,0.60,104.72,0.62,235.00
2026-02-03 13:27:36.221,9.18,108.91,READY,1.46,0.59,104.22,0.58,235.00
2026-02-03 13:27:36.454,4.40,227.42,READY,10.26,106.10,107.72,0.56,234.97
2026-02-03 13:27:36.575,8.76,114.16,READY,1.50,0.61,108.79,0.64,234.97
2026-02-03 13:27:36.690,9.09,109.97,READY,1.51,0.64,105.24,0.58,234.97
2026-02-03 13:27:36.812,8.52,117.32,READY,9.72,0.60,104.38,0.60,234.97
2026-02-03 13:27:36.951,7.45,134.18,READY,19.43,0.64,111.48,0.60,234.97
2026-02-03 13:27:37.171,4.65,215.27,READY,1.51,107.42,103.53,0.63,234.97
2026-02-03 13:27:37.285,9.16,109.13,READY,1.48,0.58,104.09,0.62,234.97
2026-02-03 13:27:37.413,8.17,122.43,READY,14.20,0.56,104.67,0.63,234.97
2026-02-03 13:27:37.527,9.13,109.53,READY,1.44,0.57,104.59,0.60,234.97
2026-02-03 13:27:37.641,9.18,108.91,READY,1.50,0.60,104.26,0.57,234.97
2026-02-03 13:27:37.858,4.72,211.71,READY,1.57,104.56,102.98,0.61,234.97
2026-02-03 13:27:37.974,9.15,109.28,READY,1.33,0.66,104.76,0.61,234.97
2026-02-03 13:27:38.088,9.21,108.62,READY,1.43,0.59,103.90,0.70,234.97
2026-02-03 13:27:38.212,8.40,119.05,READY,11.82,0.59,104.02,0.63,234.97
2026-02-03 13:27:38.326,9.18,108.97,READY,1.47,0.60,104.35,0.58,234.97
2026-02-03 13:27:38.551,4.54,220.18,READY,1.48,110.16,105.97,0.61,234.97
2026-02-03 13:27:38.667,9.23,108.32,READY,1.26,0.56,104.02,0.63,234.97
2026-02-03 13:27:38.781,9.15,109.23,READY,1.69,0.56,104.36,0.56,234.97
2026-02-03 13:27:38.895,9.17,109.10,READY,1.86,0.57,104.09,0.64,234.97
2026-02-03 13:27:39.014,8.74,114.41,READY,6.02,0.55,104.51,0.56,234.97
2026-02-03 13:27:39.242,4.50,222.30,READY,1.50,112.12,105.66,0.56,234.97
2026-02-03 13:27:39.359,9.08,110.17,READY,1.33,0.68,105.69,0.58,234.97
2026-02-03 13:27:39.482,8.49,117.73,READY,9.74,0.64,104.79,0.57,234.97
2026-02-03 13:27:39.616,7.76,128.89,READY,18.48,0.59,107.14,0.59,234.97
2026-02-03 13:27:39.730,9.15,109.30,READY,1.57,0.65,104.58,0.57,234.97
2026-02-03 13:27:39.949,4.66,214.46,READY,1.58,105.78,104.33,0.59,234.97
2026-02-03 13:27:40.071,8.77,114.07,READY,1.26,0.55,108.62,0.63,234.97
2026-02-03 13:27:40.186,9.08,110.07,READY,1.51,0.56,105.09,0.63,234.97
2026-02-03 13:27:40.300,9.16,109.22,READY,1.52,0.61,104.53,0.58,234.97
2026-02-03 13:27:40.414,9.13,109.56,READY,1.52,0.63,104.84,0.63,234.97
2026-02-03 13:27:40.632,4.70,212.96,READY,1.57,105.29,103.02,1.06,234.97
2026-02-03 13:27:40.748,9.17,109.05,READY,1.38,0.59,104.48,0.59,234.97
2026-02-03 13:27:40.887,7.50,133.34,READY,19.56,0.64,110.45,0.58,234.97
2026-02-03 13:27:41.014,8.16,122.58,READY,13.37,0.61,106.00,0.62,234.97
2026-02-03 13:27:41.128,9.18,108.95,READY,1.43,0.59,104.34,0.60,234.97
2026-02-03 13:27:41.352,4.57,218.78,READY,1.65,110.24,104.19,0.60,234.97
2026-02-03 13:27:41.470,9.20,108.75,READY,1.35,0.59,104.29,0.56,234.97
2026-02-03 13:27:41.586,9.01,110.96,READY,2.54,0.65,104.74,0.55,234.97
2026-02-03 13:27:41.701,9.05,110.50,READY,1.53,0.62,105.78,0.60,234.97
2026-02-03 13:27:41.817,8.99,111.28,READY,1.50,0.58,106.56,0.56,234.97
2026-02-03 13:27:42.041,4.56,219.28,READY,1.49,111.25,104.00,0.57,234.97
2026-02-03 13:27:42.158,9.15,109.31,READY,1.31,0.69,104.82,0.56,234.97
2026-02-03 13:27:42.282,8.42,118.79,READY,10.05,0.62,105.04,0.61,234.97
2026-02-03 13:27:42.414,7.89,126.73,READY,18.26,0.61,105.25,0.57,234.97
2026-02-03 13:27:42.527,9.20,108.72,READY,1.51,0.65,104.04,0.57,234.97
2026-02-03 13:27:42.748,4.64,215.61,READY,1.48,104.85,106.75,0.59,234.97
2026-02-03 13:27:42.864,9.21,108.54,READY,1.30,0.70,103.96,0.61,234.97
2026-02-03 13:27:42.978,9.13,109.57,READY,1.51,0.58,104.89,0.62,234.97
2026-02-03 13:27:43.092,9.20,108.74,READY,1.58,0.57,103.98,0.59,234.97
2026-02-03 13:27:43.212,8.67,115.34,READY,8.49,0.57,103.60,0.59,234.97
2026-02-03 13:27:43.436,4.57,218.88,READY,1.54,106.82,107.90,0.59,234.93
2026-02-03 13:27:43.552,9.24,108.24,READY,1.33,0.66,103.69,0.58,234.93
2026-02-03 13:27:43.681,8.02,124.76,READY,17.07,0.63,103.75,0.61,234.93
2026-02-03 13:27:43.820,7.44,134.40,READY,20.00,0.68,111.08,0.69,234.93
2026-02-03 13:27:43.936,9.05,110.47,READY,1.43,0.61,105.85,0.56,234.93
2026-02-03 13:27:44.154,4.68,213.48,READY,1.46,105.07,104.38,0.61,234.97
2026-02-03 13:27:44.271,9.16,109.17,READY,1.33,0.63,104.61,0.62,234.97
2026-02-03 13:27:44.385,9.11,109.75,READY,1.62,0.56,105.06,0.58,234.97
2026-02-03 13:27:44.500,9.12,109.66,READY,1.50,0.57,105.01,0.55,234.97
2026-02-03 13:27:44.617,8.93,111.94,READY,1.52,0.57,107.29,0.59,234.97
2026-02-03 13:27:44.843,4.51,221.61,READY,3.05,106.48,109.39,0.59,234.97
2026-02-03 13:27:44.960,9.15,109.32,READY,1.26,0.66,104.87,0.56,234.97
2026-02-03 13:27:45.081,8.57,116.68,READY,8.89,0.61,104.57,0.59,234.97
2026-02-03 13:27:45.220,7.50,133.32,READY,19.38,0.67,110.67,0.58,234.97
2026-02-03 13:27:45.334,9.13,109.52,READY,1.50,0.61,104.86,0.57,234.97
2026-02-03 13:27:45.557,4.59,217.88,READY,1.62,105.20,107.04,0.66,235.00
2026-02-03 13:27:45.683,8.38,119.27,READY,1.31,0.62,114.74,0.57,235.00
2026-02-03 13:27:45.806,8.49,117.83,READY,1.60,0.57,113.07,0.65,235.00
2026-02-03 13:27:45.926,8.69,115.05,READY,1.66,0.57,110.08,0.61,235.00
2026-02-03 13:27:46.046,8.71,114.81,READY,1.61,0.56,110.00,0.56,235.00
2026-02-03 13:27:46.277,4.43,225.50,READY,1.75,111.40,109.57,0.58,235.00
2026-02-03 13:27:46.400,8.65,115.56,READY,1.33,0.67,111.00,0.57,235.00
2026-02-03 13:27:46.518,8.80,113.68,READY,1.47,0.61,109.01,0.60,235.00
2026-02-03 13:27:46.638,8.70,114.91,READY,1.60,0.60,110.10,0.60,235.00
2026-02-03 13:27:46.758,8.71,114.84,READY,1.52,0.60,110.12,0.57,235.00
2026-02-03 13:27:46.995,4.32,231.55,READY,10.60,108.73,109.61,0.68,235.00
2026-02-03 13:27:47.116,8.82,113.32,READY,1.23,0.60,108.74,0.61,235.00
2026-02-03 13:27:47.235,8.78,113.93,READY,1.52,0.58,108.98,0.89,235.00
2026-02-03 13:27:47.353,8.84,113.16,READY,1.64,0.61,108.09,0.78,235.00
2026-02-03 13:27:47.487,7.76,128.94,READY,16.22,0.58,109.26,0.62,235.00
2026-02-03 13:27:47.724,4.30,232.35,READY,14.36,110.76,104.40,0.60,235.00
2026-02-03 13:27:47.846,8.86,112.91,READY,1.37,0.63,108.29,0.57,235.00
2026-02-03 13:27:47.960,9.15,109.26,READY,1.26,0.65,104.28,0.61,235.00
2026-02-03 13:27:48.082,8.69,115.05,READY,7.22,0.61,104.46,0.58,235.00
2026-02-03 13:27:48.225,7.34,136.28,READY,17.21,0.63,115.78,0.65,235.00
2026-02-03 13:27:48.448,4.59,217.86,READY,1.34,107.08,106.75,0.57,235.00
2026-02-03 13:27:48.569,8.84,113.15,READY,1.39,0.62,108.39,0.58,235.00
2026-02-03 13:27:48.688,8.79,113.72,READY,1.27,0.57,109.11,0.60,235.00
2026-02-03 13:27:48.821,7.81,128.03,READY,12.89,0.57,110.48,2.10,235.00
2026-02-03 13:27:48.942,8.68,115.20,READY,1.46,0.65,110.31,0.57,235.00
2026-02-03 13:27:49.163,4.63,216.01,READY,1.53,105.48,106.29,0.59,235.00
2026-02-03 13:27:49.283,8.82,113.33,READY,1.27,0.64,108.77,0.58,235.00
2026-02-03 13:27:49.402,8.79,113.83,READY,1.55,0.61,109.16,0.61,235.00
2026-02-03 13:27:49.521,8.77,114.00,READY,1.52,0.60,109.12,0.65,235.00
2026-02-03 13:27:49.642,8.69,115.06,READY,1.43,0.64,110.21,0.63,235.00
2026-02-03 13:27:49.869,4.53,220.63,READY,2.36,109.96,105.84,0.55,235.00
2026-02-03 13:27:49.987,9.00,111.14,READY,1.27,0.61,106.59,0.62,235.00
2026-02-03 13:27:50.103,9.00,111.15,READY,1.56,0.66,104.92,0.62,235.00
2026-02-03 13:27:50.218,9.12,109.62,READY,1.59,0.59,104.79,0.61,235.00
2026-02-03 13:27:50.357,7.46,134.13,READY,19.72,0.64,111.13,0.62,235.00
2026-02-03 13:27:50.592,4.35,229.92,READY,12.55,106.72,108.09,0.61,235.00
2026-02-03 13:27:50.709,9.07,110.22,READY,1.27,0.70,105.70,0.60,235.00
2026-02-03 13:27:50.823,9.15,109.34,READY,1.53,0.60,104.75,0.60,235.00
2026-02-03 13:27:50.950,8.24,121.35,READY,14.06,0.62,104.10,0.65,235.00
2026-02-03 13:27:51.088,7.50,133.36,READY,19.88,0.66,110.25,0.61,235.00
2026-02-03 13:27:51.323,4.34,230.30,READY,13.42,106.29,108.09,0.60,235.00
2026-02-03 13:27:51.447,8.74,114.40,READY,1.48,0.57,109.70,0.61,235.00
2026-02-03 13:27:51.568,8.75,114.26,READY,1.32,0.75,109.58,0.61,235.00
2026-02-03 13:27:51.686,8.83,113.21,READY,1.34,0.69,108.16,0.61,235.00
2026-02-03 13:27:51.819,7.90,126.54,READY,14.02,0.57,109.34,0.61,235.00
2026-02-03 13:27:52.044,4.55,219.62,READY,1.58,107.77,107.75,0.57,235.00
2026-02-03 13:27:52.165,8.83,113.27,READY,1.27,0.59,108.74,0.57,235.00
2026-02-03 13:27:52.286,8.61,116.08,READY,5.00,0.60,107.82,0.70,235.00
2026-02-03 13:27:52.418,7.87,127.06,READY,15.66,0.61,108.11,0.68,235.00
2026-02-03 13:27:52.537,8.76,114.16,READY,1.55,0.60,109.32,0.57,235.00
2026-02-03 13:27:52.761,4.58,218.25,READY,1.28,104.90,109.23,0.59,235.00
2026-02-03 13:27:52.883,8.79,113.75,READY,1.37,0.68,109.16,0.62,235.00
2026-02-03 13:27:53.002,8.76,114.18,READY,1.46,0.57,109.38,0.60,235.00
2026-02-03 13:27:53.120,8.88,112.56,READY,1.45,0.57,107.95,0.61,235.00
2026-02-03 13:27:53.240,8.70,114.99,READY,2.38,0.58,109.32,0.56,235.00
2026-02-03 13:27:53.462,4.61,216.74,READY,1.63,104.72,107.73,0.56,235.00
2026-02-03 13:27:53.583,8.79,113.74,READY,1.41,0.63,109.19,0.59,235.00
2026-02-03 13:27:53.701,8.84,113.14,READY,1.58,0.61,108.26,0.58,235.00
2026-02-03 13:27:53.821,8.69,115.04,READY,1.56,0.71,110.18,0.56,235.00
2026-02-03 13:27:53.941,8.69,115.08,READY,1.61,0.72,110.02,0.64,235.00
2026-02-03 13:27:54.167,4.53,220.81,READY,1.57,106.81,109.29,0.61,234.97
2026-02-03 13:27:54.289,8.70,114.88,READY,1.46,0.58,110.48,0.56,235.00
2026-02-03 13:27:54.408,8.77,113.98,READY,1.52,0.57,109.39,0.56,235.00
2026-02-03 13:27:54.527,8.76,114.11,READY,1.62,0.57,109.40,0.56,235.00
2026-02-03 13:27:54.654,8.16,122.55,READY,1.48,0.57,117.51,0.73,235.00
2026-02-03 13:27:54.875,4.64,215.58,READY,1.75,106.41,104.64,0.59,235.00
2026-02-03 13:27:54.992,9.13,109.56,READY,1.26,0.70,105.02,0.63,235.00
2026-02-03 13:27:55.107,9.13,109.58,READY,1.66,0.61,104.73,0.63,235.00
2026-02-03 13:27:55.221,9.13,109.52,READY,2.25,0.61,104.07,0.59,235.00
2026-02-03 13:27:55.351,8.01,124.87,READY,17.10,0.61,104.17,0.94,235.00
2026-02-03 13:27:55.594,4.19,238.63,READY,19.59,113.20,103.24,0.58,235.00
2026-02-03 13:27:55.711,9.10,109.86,READY,2.16,0.60,104.45,0.57,235.00
2026-02-03 13:27:55.826,9.15,109.32,READY,1.82,0.57,104.37,0.55,235.00
2026-02-03 13:27:55.951,8.34,119.92,READY,12.32,0.57,104.40,0.60,235.00
2026-02-03 13:27:56.083,7.85,127.37,READY,19.61,0.57,104.72,0.56,235.00
2026-02-03 13:27:56.305,4.60,217.26,READY,2.33,105.31,106.91,0.59,235.00
2026-02-03 13:27:56.420,9.25,108.15,READY,1.24,0.65,103.66,0.60,235.00
2026-02-03 13:27:56.550,8.05,124.18,READY,17.69,0.60,103.31,0.61,235.00
2026-02-03 13:27:56.688,7.49,133.44,READY,20.64,0.81,109.25,0.57,235.00
2026-02-03 13:27:56.802,9.18,108.96,READY,1.74,0.61,104.03,0.62,235.00
2026-02-03 13:27:57.030,4.48,223.26,READY,5.21,110.51,104.75,0.60,235.00
2026-02-03 13:27:57.149,8.93,111.93,READY,1.36,0.55,106.56,0.71,235.00
2026-02-03 13:27:57.267,8.87,112.71,READY,1.51,0.57,107.76,0.58,235.00
2026-02-03 13:27:57.380,9.20,108.69,READY,1.58,0.57,103.91,0.57,235.00
2026-02-03 13:27:57.494,9.24,108.28,READY,1.55,0.57,103.59,0.56,235.00
2026-02-03 13:27:57.722,4.48,223.22,READY,8.70,106.55,105.48,0.57,235.00
2026-02-03 13:27:57.841,8.97,111.50,READY,4.46,0.64,103.88,0.60,235.00
2026-02-03 13:27:57.955,9.15,109.31,READY,1.73,0.61,104.34,0.63,235.00
2026-02-03 13:27:58.083,8.13,123.01,READY,15.57,0.60,104.23,0.63,235.00
2026-02-03 13:27:58.197,9.15,109.33,READY,2.27,0.61,103.89,0.57,235.00
2026-02-03 13:27:58.421,4.56,219.16,READY,1.57,108.04,107.11,0.56,235.00
2026-02-03 13:27:58.566,7.30,136.99,READY,1.24,0.57,132.35,0.63,235.00
2026-02-03 13:27:58.692,8.29,120.61,READY,1.63,1.03,114.53,0.58,235.00
2026-02-03 13:27:58.810,8.88,112.57,READY,1.57,0.57,107.87,0.57,235.00
2026-02-03 13:27:58.928,8.80,113.67,READY,1.45,0.71,108.96,0.56,235.00
2026-02-03 13:27:59.151,4.59,217.71,READY,1.49,107.62,106.06,0.57,235.00
2026-02-03 13:27:59.272,8.80,113.66,READY,1.26,0.68,109.20,0.58,235.00
2026-02-03 13:27:59.390,8.86,112.88,READY,1.60,0.61,108.11,0.57,235.00
2026-02-03 13:27:59.509,8.80,113.64,READY,1.45,0.75,108.90,0.57,235.00
2026-02-03 13:27:59.627,8.81,113.48,READY,1.50,0.61,108.69,0.58,235.00
2026-02-03 13:27:59.861,4.36,229.26,READY,11.37,110.26,105.14,0.62,235.00
2026-02-03 13:27:59.979,9.10,109.91,READY,1.42,0.63,105.34,0.60,235.00
2026-02-03 13:28:00.092,9.18,108.96,READY,1.62,0.57,104.10,0.62,235.00
2026-02-03 13:28:00.216,8.42,118.78,READY,10.05,0.57,105.58,0.58,235.00
2026-02-03 13:28:00.331,9.12,109.63,READY,1.55,0.56,105.00,0.59,235.00
2026-02-03 13:28:00.556,4.53,220.72,READY,1.53,111.03,105.36,0.61,235.00
2026-02-03 13:28:00.674,9.07,110.27,READY,1.41,0.64,105.61,0.59,235.00
2026-02-03 13:28:00.790,8.98,111.41,READY,2.22,0.68,105.21,0.60,235.00
2026-02-03 13:28:00.907,8.96,111.64,READY,1.72,0.61,106.52,0.62,235.00
2026-02-03 13:28:01.021,9.14,109.43,READY,1.48,0.60,104.70,0.61,235.00
2026-02-03 13:28:01.258,4.31,232.01,READY,17.53,106.35,105.49,0.60,235.00
2026-02-03 13:28:01.374,9.18,108.98,READY,1.38,0.64,104.42,0.63,235.00
2026-02-03 13:28:01.489,9.12,109.69,READY,1.57,0.59,105.02,0.63,235.00
2026-02-03 13:28:01.617,8.12,123.13,READY,13.82,0.56,106.17,0.59,235.00
2026-02-03 13:28:01.734,8.92,112.16,READY,1.68,0.64,105.72,0.59,235.00
2026-02-03 13:28:01.953,4.67,214.31,READY,1.42,105.85,104.43,0.61,235.00
2026-02-03 13:28:02.070,9.17,109.05,READY,1.39,0.68,104.46,0.59,235.00
2026-02-03 13:28:02.183,9.19,108.78,READY,1.57,0.65,104.06,0.56,235.00
2026-02-03 13:28:02.297,9.17,109.11,READY,1.45,0.60,104.41,0.63,235.00
2026-02-03 13:28:02.416,8.75,114.34,READY,5.73,0.61,105.41,0.61,235.00
2026-02-03 13:28:02.644,4.50,222.24,READY,1.52,104.91,113.32,0.64,235.00
2026-02-03 13:28:02.766,8.75,114.34,READY,1.23,0.59,109.66,0.59,235.00
2026-02-03 13:28:02.891,8.33,120.02,READY,5.45,0.57,110.36,0.68,235.00
2026-02-03 13:28:03.005,9.15,109.26,READY,1.75,0.57,104.49,0.57,235.00
2026-02-03 13:28:03.121,9.23,108.32,READY,1.22,0.61,103.86,0.59,235.00
2026-02-03 13:28:03.342,4.62,216.62,READY,1.61,109.71,102.74,0.57,235.00
2026-02-03 13:28:03.459,9.10,109.85,READY,1.95,0.63,104.71,0.62,235.00
2026-02-03 13:28:03.573,9.17,109.01,READY,1.67,0.60,104.14,0.62,235.00
2026-02-03 13:28:03.686,9.27,107.87,READY,1.45,0.61,103.30,0.55,235.00
2026-02-03 13:28:03.815,8.03,124.51,READY,17.14,0.66,104.15,0.61,235.00
2026-02-03 13:28:04.038,4.58,218.13,READY,1.52,109.53,104.46,0.62,235.00
2026-02-03 13:28:04.155,9.13,109.51,READY,1.61,0.65,104.73,0.60,235.00
2026-02-03 13:28:04.283,8.09,123.58,READY,16.14,0.62,104.25,0.61,235.00
2026-02-03 13:28:04.400,8.96,111.56,READY,1.69,0.63,105.24,0.55,235.00
2026-02-03 13:28:04.515,9.14,109.44,READY,1.57,0.57,104.74,0.59,235.00
2026-02-03 13:28:04.734,4.66,214.69,READY,2.68,105.36,104.06,0.58,235.00
2026-02-03 13:28:04.858,8.60,116.23,READY,1.99,0.62,110.50,0.59,235.00
2026-02-03 13:28:04.979,8.56,116.79,READY,1.77,0.64,111.85,0.62,235.00
2026-02-03 13:28:05.101,8.68,115.16,READY,1.38,0.71,110.38,0.59,235.00
2026-02-03 13:28:05.220,8.83,113.19,READY,5.70,0.68,104.32,0.58,235.00
2026-02-03 13:28:05.457,4.31,232.07,READY,19.51,105.70,104.43,0.60,235.00
2026-02-03 13:28:05.573,9.18,108.96,READY,1.23,0.68,104.39,0.57,235.00
2026-02-03 13:28:05.687,9.20,108.75,READY,1.45,0.57,104.10,0.60,235.00
2026-02-03 13:28:05.801,9.17,109.00,READY,1.58,0.59,104.22,0.58,235.00
2026-02-03 13:28:05.915,9.11,109.79,READY,1.70,0.58,104.93,0.58,235.00
2026-02-03 13:28:06.139,4.57,218.85,READY,1.35,110.14,104.82,0.61,235.00
2026-02-03 13:28:06.255,9.21,108.53,READY,1.29,0.61,104.10,0.60,235.00
2026-02-03 13:28:06.369,9.14,109.43,READY,1.52,0.60,104.71,0.57,235.00
2026-02-03 13:28:06.484,9.11,109.75,READY,2.45,0.64,103.99,0.57,235.00
2026-02-03 13:28:06.597,9.18,108.94,READY,1.57,0.60,104.18,0.59,235.00
2026-02-03 13:28:06.814,4.72,211.89,READY,1.46,104.76,103.07,0.63,235.00
2026-02-03 13:28:06.930,9.19,108.87,READY,1.34,0.64,104.33,0.58,235.00
2026-02-03 13:28:07.044,9.16,109.14,READY,1.49,0.63,104.51,0.59,235.00
2026-02-03 13:28:07.160,9.05,110.53,READY,2.11,0.60,105.19,0.61,235.00
2026-02-03 13:28:07.284,8.34,119.96,READY,12.08,0.62,104.68,0.58,235.00
2026-02-03 13:28:07.503,4.67,214.31,READY,1.56,105.70,104.34,0.68,235.00
2026-02-03 13:28:07.620,9.17,109.08,READY,1.34,0.74,104.53,0.59,235.00
2026-02-03 13:28:07.761,7.31,136.72,READY,19.86,0.71,113.57,0.62,235.00
2026-02-03 13:28:07.885,8.40,119.07,READY,10.17,0.63,105.73,0.59,235.00
2026-02-03 13:28:08.000,9.14,109.37,READY,1.47,0.61,104.78,0.57,235.00
2026-02-03 13:28:08.219,4.66,214.56,READY,1.58,106.01,104.53,0.64,235.00
2026-02-03 13:28:08.336,9.11,109.78,READY,1.30,0.64,105.32,0.57,235.00
2026-02-03 13:28:08.452,9.03,110.73,READY,1.94,0.57,105.60,0.64,235.00
2026-02-03 13:28:08.567,9.08,110.19,READY,1.61,0.57,105.46,0.59,235.00
2026-02-03 13:28:08.686,8.75,114.28,READY,5.07,0.61,105.97,0.64,235.00
2026-02-03 13:28:08.909,4.59,217.84,READY,1.56,105.74,106.15,0.63,235.00
2026-02-03 13:28:09.027,9.08,110.17,READY,1.32,0.60,105.00,0.62,235.00
2026-02-03 13:28:09.153,8.27,120.89,READY,12.76,0.60,104.93,0.57,235.00
2026-02-03 13:28:09.291,7.51,133.21,READY,18.98,0.65,110.90,0.61,235.00
2026-02-03 13:28:09.406,9.09,109.98,READY,1.61,0.66,105.21,0.60,235.00
2026-02-03 13:28:09.635,4.45,224.90,READY,1.55,112.04,108.68,0.56,235.00
2026-02-03 13:28:09.753,9.06,110.42,READY,1.31,0.69,105.92,0.58,235.00
2026-02-03 13:28:09.869,9.05,110.52,READY,1.41,0.56,106.00,0.64,235.00
2026-02-03 13:28:09.987,8.78,113.89,READY,1.55,0.57,109.18,0.57,235.00
2026-02-03 13:28:10.103,9.02,110.80,READY,1.48,0.60,106.13,0.59,235.00
2026-02-03 13:28:10.324,4.63,216.20,READY,4.92,105.39,103.06,0.53,235.00
2026-02-03 13:28:10.447,8.77,113.98,READY,1.97,0.61,108.61,0.57,235.00
2026-02-03 13:28:10.562,9.16,109.19,READY,1.62,0.63,104.39,0.60,235.00
2026-02-03 13:28:10.685,8.42,118.72,READY,10.32,0.60,105.24,0.57,235.00
2026-02-03 13:28:10.799,9.17,109.09,READY,1.47,0.61,104.59,0.61,235.00
2026-02-03 13:28:11.024,4.55,219.55,READY,1.51,110.53,104.92,0.61,235.00
2026-02-03 13:28:11.139,9.22,108.49,READY,1.31,0.71,103.93,0.61,235.00
2026-02-03 13:28:11.253,9.17,109.03,READY,1.71,0.60,104.17,0.61,235.00
2026-02-03 13:28:11.369,9.06,110.40,READY,1.49,0.64,104.30,0.61,235.00
2026-02-03 13:28:11.485,9.03,110.77,READY,3.08,0.63,104.42,0.60,235.00
2026-02-03 13:28:11.710,4.54,220.47,READY,1.46,110.17,106.22,0.58,235.00
2026-02-03 13:28:11.826,9.20,108.69,READY,1.37,0.66,104.17,0.56,235.00
2026-02-03 13:28:11.953,8.21,121.85,READY,14.09,0.63,104.51,0.63,235.00
2026-02-03 13:28:12.069,9.01,111.01,READY,1.52,0.62,106.29,0.60,235.00
2026-02-03 13:28:12.182,9.20,108.71,READY,1.52,0.61,103.98,0.65,235.00
2026-02-03 13:28:12.405,4.58,218.14,READY,1.46,110.05,104.01,0.63,235.00
2026-02-03 13:28:12.521,9.20,108.74,READY,1.25,0.65,104.20,0.63,235.00
2026-02-03 13:28:12.635,9.21,108.56,READY,1.45,0.57,103.94,0.61,235.00
2026-02-03 13:28:12.753,8.85,113.00,READY,5.50,0.57,104.28,0.60,235.00
2026-02-03 13:28:12.866,9.17,109.04,READY,1.47,0.56,104.38,0.61,235.00
2026-02-03 13:28:13.085,4.68,213.76,READY,1.54,105.68,103.92,0.61,235.00
2026-02-03 13:28:13.203,9.07,110.21,READY,1.53,0.65,104.75,1.15,235.00
2026-02-03 13:28:13.317,9.17,109.06,READY,1.51,0.61,104.33,0.58,235.00
2026-02-03 13:28:13.431,9.15,109.23,READY,1.49,0.61,104.55,0.57,235.00
2026-02-03 13:28:13.552,8.56,116.86,READY,9.54,0.61,104.05,0.64,235.00
2026-02-03 13:28:13.775,4.59,218.06,READY,1.46,110.08,103.97,0.57,235.00
2026-02-03 13:28:13.891,9.21,108.59,READY,1.25,0.66,104.09,0.61,235.00
2026-02-03 13:28:14.020,8.06,124.13,READY,17.07,0.57,103.80,0.61,235.00
2026-02-03 13:28:14.160,7.42,134.70,READY,20.12,0.84,110.81,0.60,235.00
2026-02-03 13:28:14.278,8.82,113.36,READY,1.48,0.59,108.73,0.64,235.00
2026-02-03 13:28:14.497,4.68,213.82,READY,1.71,105.80,103.65,0.62,235.00
2026-02-03 13:28:14.612,9.24,108.23,READY,1.24,0.69,103.70,0.63,235.00
2026-02-03 13:28:14.727,9.16,109.11,READY,1.47,0.61,104.47,0.60,235.00
2026-02-03 13:28:14.841,9.12,109.59,READY,1.54,0.60,104.83,0.59,235.00
2026-02-03 13:28:14.956,9.08,110.11,READY,1.51,0.60,105.40,0.58,235.00
2026-02-03 13:28:15.180,4.56,219.10,READY,1.53,105.44,109.68,0.57,235.00
2026-02-03 13:28:15.304,8.59,116.40,READY,1.39,0.61,111.78,0.61,235.00
2026-02-03 13:28:15.422,8.88,112.66,READY,4.24,0.57,105.25,0.59,235.00
2026-02-03 13:28:15.559,7.53,132.77,READY,18.95,0.59,110.59,0.58,235.00
2026-02-03 13:28:15.676,8.95,111.77,READY,2.45,0.62,106.32,0.57,235.00
2026-02-03 13:28:15.894,4.69,213.38,READY,1.53,105.91,103.32,0.60,235.00
2026-02-03 13:28:16.011,9.15,109.27,READY,1.33,0.67,104.73,0.57,235.00
2026-02-03 13:28:16.125,9.14,109.45,READY,1.96,0.61,104.33,0.56,235.00
2026-02-03 13:28:16.240,9.08,110.08,READY,2.00,0.68,104.93,0.55,235.00
2026-02-03 13:28:16.355,9.13,109.51,READY,1.60,0.64,104.73,0.60,235.00
2026-02-03 13:28:16.575,4.63,215.94,READY,1.55,105.48,106.25,0.54,235.00
2026-02-03 13:28:16.692,9.13,109.57,READY,1.44,0.55,103.58,0.57,235.00
2026-02-03 13:28:16.821,8.06,124.11,READY,16.42,0.57,104.53,0.58,235.00
2026-02-03 13:28:16.960,7.47,133.91,READY,19.49,0.87,109.27,0.59,235.00
2026-02-03 13:28:17.075,9.06,110.34,READY,1.71,0.98,104.96,0.60,235.00
2026-02-03 13:28:17.295,4.67,214.12,READY,2.35,105.15,103.51,1.14,235.00
2026-02-03 13:28:17.411,9.12,109.61,READY,1.77,0.61,104.66,0.56,235.00
2026-02-03 13:28:17.527,9.19,108.78,READY,1.23,0.60,104.48,0.65,235.00
2026-02-03 13:28:17.641,9.17,109.03,READY,1.86,0.61,104.07,0.58,235.00
2026-02-03 13:28:17.756,9.10,109.85,READY,1.74,0.60,104.95,0.58,235.00
2026-02-03 13:28:17.975,4.71,212.21,READY,1.25,105.28,103.12,0.62,235.00
2026-02-03 13:28:18.090,9.21,108.53,READY,1.28,0.64,103.88,0.64,235.00
2026-02-03 13:28:18.221,7.95,125.79,READY,18.38,0.57,104.22,0.59,235.00
2026-02-03 13:28:18.360,7.47,133.84,READY,19.64,0.62,110.95,0.56,235.00
2026-02-03 13:28:18.474,9.21,108.63,READY,1.48,0.57,104.03,0.56,235.00
2026-02-03 13:28:18.694,4.63,215.95,READY,1.46,108.33,103.54,0.63,235.00
2026-02-03 13:28:18.811,9.09,110.00,READY,1.32,0.69,105.50,0.57,235.00
2026-02-03 13:28:18.927,9.08,110.18,READY,1.48,0.61,105.49,0.61,235.00
2026-02-03 13:28:19.043,9.19,108.83,READY,1.46,0.68,103.88,0.66,235.00
2026-02-03 13:28:19.166,8.48,117.98,READY,1.55,0.61,112.78,0.61,235.00
2026-02-03 13:28:19.389,4.57,219.05,READY,1.51,108.69,106.07,0.71,235.00
2026-02-03 13:28:19.510,8.85,112.99,READY,1.29,0.63,108.54,0.60,235.00
2026-02-03 13:28:19.631,8.58,116.52,READY,1.50,0.61,111.75,0.58,235.00
2026-02-03 13:28:19.762,7.96,125.65,READY,10.04,0.64,111.80,0.57,235.00
2026-02-03 13:28:19.882,8.70,114.95,READY,1.44,0.61,110.23,0.57,235.00
2026-02-03 13:28:20.104,4.60,217.26,READY,1.45,106.43,106.68,0.59,235.00
2026-02-03 13:28:20.226,8.76,114.16,READY,1.36,0.63,109.54,0.62,235.00
2026-02-03 13:28:20.346,8.67,115.37,READY,1.49,0.64,110.61,0.58,235.00
2026-02-03 13:28:20.466,8.69,115.12,READY,1.99,0.74,109.82,0.64,235.00
2026-02-03 13:28:20.585,8.74,114.39,READY,1.46,0.60,109.63,0.58,235.00
2026-02-03 13:28:20.806,4.65,215.23,READY,1.34,105.34,105.80,0.59,235.00
2026-02-03 13:28:20.926,8.83,113.29,READY,1.33,0.63,108.77,0.65,235.00
2026-02-03 13:28:21.044,8.87,112.71,READY,1.42,0.56,108.01,0.59,235.00
2026-02-03 13:28:21.161,8.91,112.18,READY,1.48,0.57,107.37,0.79,235.00
2026-02-03 13:28:21.290,8.13,123.07,READY,11.70,0.57,108.17,0.67,235.00
2026-02-03 13:28:21.512,4.59,217.80,READY,1.44,106.19,107.36,0.65,235.00
2026-02-03 13:28:21.636,8.59,116.39,READY,1.38,0.67,111.75,0.61,235.00
2026-02-03 13:28:21.758,8.58,116.56,READY,5.02,0.61,108.26,0.61,235.00
2026-02-03 13:28:21.876,8.84,113.10,READY,1.52,0.64,108.34,0.59,235.00
2026-02-03 13:28:21.995,8.80,113.66,READY,1.42,0.62,109.02,0.63,235.00
2026-02-03 13:28:22.220,4.54,220.25,READY,1.61,107.58,108.43,0.54,235.00
2026-02-03 13:28:22.340,8.86,112.83,READY,1.24,0.61,108.24,0.60,235.00
2026-02-03 13:28:22.459,8.79,113.77,READY,1.47,0.68,109.01,0.61,235.00
2026-02-03 13:28:22.578,8.83,113.28,READY,1.54,0.57,108.44,0.72,235.00
2026-02-03 13:28:22.697,8.73,114.49,READY,1.26,0.61,109.82,0.56,235.00
2026-02-03 13:28:22.941,4.20,238.06,READY,12.51,107.87,114.54,0.94,235.00
2026-02-03 13:28:23.061,8.86,112.83,READY,1.39,0.60,108.16,0.60,235.00
2026-02-03 13:28:23.179,8.84,113.10,READY,1.44,0.72,108.40,0.58,235.00
2026-02-03 13:28:23.298,8.82,113.33,READY,1.56,0.65,108.39,0.75,235.00
2026-02-03 13:28:23.426,8.11,123.27,READY,11.73,0.60,108.25,0.57,235.00
2026-02-03 13:28:23.666,4.26,234.82,READY,15.36,112.57,104.02,0.60,235.00
2026-02-03 13:28:23.782,9.19,108.87,READY,1.34,0.64,104.18,0.57,235.00
2026-02-03 13:28:23.896,9.16,109.17,READY,1.96,0.56,104.02,0.60,235.00
2026-02-03 13:28:24.022,8.30,120.41,READY,13.46,0.57,103.75,0.66,235.00
2026-02-03 13:28:24.159,7.53,132.88,READY,20.24,0.91,108.90,0.57,235.00
2026-02-03 13:28:24.392,4.38,228.11,READY,1.73,110.49,113.14,0.57,235.00
2026-02-03 13:28:24.518,8.48,117.90,READY,1.23,0.64,113.25,0.66,235.00
2026-02-03 13:28:24.637,8.78,113.92,READY,1.30,0.64,109.33,0.57,235.00
2026-02-03 13:28:24.763,8.26,121.03,READY,4.75,0.67,112.77,0.65,235.00
2026-02-03 13:28:24.884,9.11,109.79,READY,1.47,0.61,105.23,0.57,235.00
2026-02-03 13:28:25.105,4.62,216.36,READY,1.54,105.90,106.31,0.57,235.00
2026-02-03 13:28:25.221,9.20,108.70,READY,1.31,0.64,104.22,0.56,235.00
2026-02-03 13:28:25.334,9.23,108.40,READY,1.50,0.59,103.71,0.63,235.00
2026-02-03 13:28:25.448,9.20,108.70,READY,1.53,0.56,104.01,0.55,235.00
2026-02-03 13:28:25.562,9.15,109.33,READY,1.55,0.56,104.65,0.59,235.00
2026-02-03 13:28:25.798,4.34,230.34,READY,15.61,108.15,103.99,0.57,235.00
2026-02-03 13:28:25.914,9.17,109.04,READY,1.44,0.68,104.48,0.59,235.00
2026-02-03 13:28:26.028,9.18,108.95,READY,1.41,0.66,104.41,0.59,235.00
2026-02-03 13:28:26.156,8.11,123.33,READY,14.09,0.61,106.10,0.56,235.00
2026-02-03 13:28:26.269,9.22,108.44,READY,1.50,0.62,103.79,0.57,235.00
2026-02-03 13:28:26.494,4.56,219.51,READY,1.55,111.76,103.62,0.66,235.00
2026-02-03 13:28:26.609,9.25,108.08,READY,1.36,0.59,103.67,0.57,235.00
2026-02-03 13:28:26.723,9.20,108.75,READY,1.44,0.59,104.18,0.56,235.00
2026-02-03 13:28:26.836,9.20,108.65,READY,1.49,0.56,103.95,0.60,235.00
2026-02-03 13:28:26.955,8.84,113.18,READY,5.56,0.57,104.47,0.61,235.00
2026-02-03 13:28:27.172,4.70,212.88,READY,1.47,104.97,103.71,0.57,235.00
2026-02-03 13:28:27.289,9.16,109.12,READY,1.27,0.64,104.39,0.60,235.00
2026-02-03 13:28:27.407,8.85,113.00,READY,1.47,0.60,107.72,0.93,235.00
2026-02-03 13:28:27.520,9.18,108.98,READY,1.52,0.59,104.36,0.56,235.00
2026-02-03 13:28:27.635,9.15,109.34,READY,1.52,0.60,104.27,1.00,235.00
2026-02-03 13:28:27.863,4.48,223.18,READY,7.60,106.39,106.56,0.58,235.00
2026-02-03 13:28:27.979,9.16,109.21,READY,1.25,0.63,104.77,0.64,235.00
2026-02-03 13:28:28.093,9.16,109.13,READY,1.50,0.57,104.42,0.61,235.00
2026-02-03 13:28:28.223,8.01,124.80,READY,16.96,0.56,104.66,0.61,235.00
2026-02-03 13:28:28.338,9.11,109.78,READY,1.61,0.57,105.03,0.57,235.00
2026-02-03 13:28:28.556,4.69,213.09,READY,1.68,105.54,103.28,0.57,235.00
2026-02-03 13:28:28.672,9.13,109.48,READY,1.24,0.73,104.99,0.56,235.00
2026-02-03 13:28:28.787,9.12,109.62,READY,1.61,0.62,104.77,0.60,235.00
2026-02-03 13:28:28.900,9.19,108.82,READY,1.56,0.60,104.02,0.58,235.00
2026-02-03 13:28:29.024,8.40,119.07,READY,9.82,0.61,106.06,0.60,235.00
2026-02-03 13:28:29.243,4.69,213.39,READY,1.50,105.40,103.75,0.64,235.00
2026-02-03 13:28:29.358,9.22,108.48,READY,1.26,0.64,103.95,0.64,235.00
2026-02-03 13:28:29.501,7.27,137.48,READY,19.88,0.62,114.40,0.55,235.00
2026-02-03 13:28:29.623,8.52,117.41,READY,9.43,0.57,104.84,0.56,235.00
2026-02-03 13:28:29.737,9.17,109.03,READY,1.50,0.57,104.32,0.57,235.00
2026-02-03 13:28:29.956,4.68,213.77,READY,1.39,105.50,104.30,0.57,235.00
2026-02-03 13:28:30.072,9.12,109.62,READY,1.25,0.72,105.14,0.57,235.00
2026-02-03 13:28:30.187,9.16,109.20,READY,1.58,0.62,104.43,0.61,235.00
2026-02-03 13:28:30.301,9.16,109.13,READY,1.52,0.60,104.40,0.56,235.00
2026-02-03 13:28:30.423,8.49,117.82,READY,9.65,0.61,105.00,0.57,235.00
2026-02-03 13:28:30.648,4.56,219.28,READY,1.47,111.26,103.93,0.59,235.00
2026-02-03 13:28:30.763,9.24,108.24,READY,1.25,0.68,103.75,0.59,235.00
2026-02-03 13:28:30.891,8.13,123.04,READY,15.47,0.56,104.62,0.57,235.00
2026-02-03 13:28:31.030,7.45,134.31,READY,19.49,0.64,111.51,0.60,235.00
2026-02-03 13:28:31.145,9.10,109.86,READY,1.85,0.56,104.78,0.62,235.00
2026-02-03 13:28:31.363,4.69,213.17,READY,1.50,105.28,103.18,1.23,235.00
2026-02-03 13:28:31.479,9.17,109.01,READY,1.40,0.61,104.42,0.59,235.00
2026-02-03 13:28:31.595,9.04,110.58,READY,2.29,0.61,105.17,0.58,235.00
2026-02-03 13:28:31.710,9.06,110.32,READY,1.52,0.61,105.51,0.66,235.00
2026-02-03 13:28:31.826,8.99,111.21,READY,1.66,0.58,106.03,0.61,235.00
2026-02-03 13:28:32.058,4.41,226.65,READY,1.53,106.06,116.14,0.56,235.00
2026-02-03 13:28:32.184,8.56,116.83,READY,2.15,0.64,110.86,0.60,235.00
2026-02-03 13:28:32.298,9.12,109.66,READY,1.50,0.57,105.04,0.58,235.00
2026-02-03 13:28:32.424,8.31,120.33,READY,12.23,0.56,104.95,0.57,235.00
2026-02-03 13:28:32.538,9.13,109.52,READY,1.59,0.61,104.70,0.63,235.00
2026-02-03 13:28:32.760,4.60,217.38,READY,1.64,108.68,104.19,0.60,235.00
2026-02-03 13:28:32.877,9.11,109.79,READY,1.25,0.65,105.38,0.60,235.00
2026-02-03 13:28:32.992,9.14,109.35,READY,1.45,0.61,104.67,0.62,235.00
2026-02-03 13:28:33.107,9.04,110.61,READY,1.51,0.61,105.96,0.59,235.00
2026-02-03 13:28:33.223,8.99,111.23,READY,3.57,0.67,104.42,0.62,235.00
2026-02-03 13:28:33.441,4.70,212.86,READY,1.53,105.64,103.11,0.57,235.00
2026-02-03 13:28:33.557,9.18,108.92,READY,1.25,0.62,104.44,0.58,235.00
2026-02-03 13:28:33.672,9.12,109.60,READY,1.82,0.57,104.63,0.60,235.00
2026-02-03 13:28:33.786,9.20,108.71,READY,1.65,0.57,103.96,0.57,235.00
2026-02-03 13:28:33.899,9.19,108.85,READY,2.14,0.58,103.54,0.58,235.00
2026-02-03 13:28:34.134,4.36,229.56,READY,11.20,111.82,103.83,0.58,235.00
2026-02-03 13:28:34.250,9.18,108.97,READY,1.35,0.67,104.49,0.62,235.00
2026-02-03 13:28:34.366,9.04,110.63,READY,1.49,0.62,105.96,0.58,235.00
2026-02-03 13:28:34.491,8.32,120.13,READY,12.82,0.61,103.77,0.74,235.00
2026-02-03 13:28:34.630,7.53,132.86,READY,19.53,0.91,109.62,0.58,235.00
2026-02-03 13:28:34.851,4.62,216.59,READY,1.57,107.67,104.74,0.63,235.00
2026-02-03 13:28:34.970,9.09,109.99,READY,1.25,0.61,105.50,0.55,235.00
2026-02-03 13:28:35.093,8.46,118.21,READY,8.93,0.57,105.99,0.70,235.00
2026-02-03 13:28:35.225,7.90,126.61,READY,18.10,0.61,105.37,0.55,235.00
2026-02-03 13:28:35.339,9.17,109.09,READY,1.71,0.57,104.15,0.68,235.00
2026-02-03 13:28:35.562,4.61,217.10,READY,1.91,105.38,107.08,0.60,235.00
2026-02-03 13:28:35.679,9.15,109.23,READY,1.36,0.64,104.32,0.60,235.00
2026-02-03 13:28:35.798,8.79,113.76,READY,1.61,0.60,108.33,0.57,235.00
2026-02-03 13:28:35.911,9.20,108.67,READY,1.46,0.60,104.13,0.61,235.00
2026-02-03 13:28:36.030,8.80,113.59,READY,1.68,0.59,108.71,0.57,235.00
2026-02-03 13:28:36.256,4.51,221.58,READY,1.45,111.97,105.60,0.56,235.00
2026-02-03 13:28:36.372,9.17,109.01,READY,1.27,0.63,104.53,0.57,235.00
2026-02-03 13:28:36.492,8.74,114.42,READY,6.74,0.61,104.53,0.59,235.00
2026-02-03 13:28:36.632,7.38,135.43,READY,19.36,0.68,112.82,0.56,235.00
2026-02-03 13:28:36.746,9.21,108.61,READY,1.58,0.58,103.87,0.57,235.00
2026-02-03 13:28:36.968,4.59,217.83,READY,1.48,109.95,103.82,0.57,235.00
2026-02-03 13:28:37.087,9.01,111.00,READY,1.26,0.64,106.50,0.61,235.00
2026-02-03 13:28:37.201,9.12,109.68,READY,1.47,0.61,105.00,0.61,235.00
2026-02-03 13:28:37.315,9.16,109.17,READY,1.49,0.61,104.50,0.62,235.00
2026-02-03 13:28:37.430,9.13,109.56,READY,1.45,0.60,104.93,0.57,235.00
2026-02-03 13:28:37.663,4.38,228.18,READY,13.67,106.91,104.67,0.95,235.00
2026-02-03 13:28:37.781,9.01,111.01,READY,1.44,0.59,105.65,0.59,235.00
2026-02-03 13:28:37.896,9.09,109.98,READY,1.74,0.60,105.00,0.63,235.00
2026-02-03 13:28:38.026,8.00,124.97,READY,15.90,0.62,105.22,0.66,235.00
2026-02-03 13:28:38.141,9.11,109.78,READY,1.43,0.61,105.15,0.58,235.00
2026-02-03 13:28:38.367,4.52,221.33,READY,1.51,111.89,105.11,0.60,235.00
2026-02-03 13:28:38.487,8.83,113.27,READY,1.33,0.63,107.83,0.59,235.00
2026-02-03 13:28:38.602,9.15,109.28,READY,2.08,0.62,103.91,0.65,235.00
2026-02-03 13:28:38.716,9.18,108.96,READY,1.47,0.66,104.32,0.59,235.00
2026-02-03 13:28:38.829,9.22,108.46,READY,1.45,0.61,103.89,0.56,235.00
2026-02-03 13:28:39.070,4.23,236.18,READY,18.28,110.74,104.54,0.64,235.00
2026-02-03 13:28:39.186,9.19,108.81,READY,1.75,0.58,104.07,0.61,235.00
2026-02-03 13:28:39.301,9.12,109.59,READY,1.72,0.56,104.69,0.59,235.00
2026-02-03 13:28:39.424,8.43,118.56,READY,10.90,0.61,104.46,0.59,235.00
2026-02-03 13:28:39.539,9.13,109.48,READY,2.39,0.58,103.91,0.67,235.00
2026-02-03 13:28:39.758,4.67,214.25,READY,1.48,105.71,104.41,0.61,235.00
2026-02-03 13:28:39.875,9.11,109.80,READY,1.33,0.66,105.26,0.64,235.00
2026-02-03 13:28:39.990,9.04,110.67,READY,1.49,0.60,105.90,0.66,235.00
2026-02-03 13:28:40.107,8.93,112.03,READY,1.46,0.59,107.39,0.57,235.00
2026-02-03 13:28:40.226,8.80,113.64,READY,4.53,0.62,105.86,0.59,235.00
2026-02-03 13:28:40.456,4.44,225.36,READY,2.40,115.06,105.27,0.57,235.00
2026-02-03 13:28:40.571,9.03,110.69,READY,1.46,0.58,106.10,0.57,235.00
2026-02-03 13:28:40.693,8.60,116.28,READY,8.25,0.56,104.86,0.57,235.00
2026-02-03 13:28:40.831,7.49,133.48,READY,19.11,0.62,111.11,0.59,235.00
2026-02-03 13:28:40.947,9.00,111.16,READY,1.51,0.60,106.38,0.63,235.00
2026-02-03 13:28:41.175,4.49,222.95,READY,1.49,112.86,105.66,0.59,235.00
2026-02-03 13:28:41.292,9.12,109.68,READY,1.33,0.64,105.05,0.57,235.00
2026-02-03 13:28:41.407,9.09,110.02,READY,1.50,0.60,105.32,0.81,235.00
2026-02-03 13:28:41.521,9.13,109.55,READY,1.52,0.59,104.86,0.56,235.00
2026-02-03 13:28:41.638,8.96,111.65,READY,1.49,0.61,107.01,0.56,235.00
2026-02-03 13:28:41.867,4.45,224.62,READY,10.27,106.58,105.21,0.57,235.00
2026-02-03 13:28:41.984,9.15,109.29,READY,1.45,0.67,104.61,0.59,235.00
2026-02-03 13:28:42.099,9.09,110.00,READY,1.49,0.56,105.39,0.57,235.00
2026-02-03 13:28:42.224,8.32,120.23,READY,12.95,0.57,104.05,0.58,235.00
2026-02-03 13:28:42.338,9.16,109.17,READY,1.53,0.56,104.56,0.57,235.00
2026-02-03 13:28:42.561,4.59,217.93,READY,1.55,109.70,103.98,0.57,235.00
2026-02-03 13:28:42.677,9.16,109.18,READY,1.33,0.70,104.55,0.62,235.00
2026-02-03 13:28:42.792,9.09,110.04,READY,1.58,0.67,105.24,0.59,235.00
2026-02-03 13:28:42.907,9.16,109.20,READY,1.48,0.61,104.54,0.59,235.00
2026-02-03 13:28:43.024,8.87,112.80,READY,5.47,0.60,104.07,0.63,235.00
2026-02-03 13:28:43.241,4.71,212.24,READY,1.49,105.14,103.03,0.58,235.00
2026-02-03 13:28:43.357,9.19,108.85,READY,1.25,0.68,104.28,0.61,235.00
2026-02-03 13:28:43.472,9.15,109.30,READY,1.46,0.57,104.65,0.68,235.00
2026-02-03 13:28:43.586,9.13,109.54,READY,1.37,0.59,104.90,0.61,235.00
2026-02-03 13:28:43.699,9.23,108.31,READY,1.48,0.62,103.66,0.57,235.00
2026-02-03 13:28:43.940,4.25,235.49,READY,12.84,114.85,105.18,0.57,235.00
2026-02-03 13:28:44.056,9.12,109.69,READY,1.28,0.72,105.16,0.58,235.00
2026-02-03 13:28:44.172,9.08,110.15,READY,1.54,0.60,105.50,0.57,235.00
2026-02-03 13:28:44.292,8.66,115.53,READY,8.52,0.60,103.98,0.58,235.00
2026-02-03 13:28:44.406,9.16,109.20,READY,1.52,0.60,104.51,0.60,235.00
2026-02-03 13:28:44.637,4.42,226.02,READY,1.44,117.33,104.62,0.54,235.00
2026-02-03 13:28:44.756,9.01,111.05,READY,1.45,0.57,105.08,0.61,235.00
2026-02-03 13:28:44.870,9.12,109.62,READY,1.44,0.60,105.01,0.62,235.00
2026-02-03 13:28:44.984,9.19,108.85,READY,1.61,0.56,104.05,0.63,235.00
2026-02-03 13:28:45.098,9.16,109.22,READY,1.51,0.58,104.50,0.62,235.00
2026-02-03 13:28:45.340,4.21,237.52,READY,14.18,116.13,104.62,0.60,235.00
2026-02-03 13:28:45.459,9.02,110.85,READY,1.45,0.62,105.90,0.60,235.00
2026-02-03 13:28:45.575,8.99,111.26,READY,2.55,0.63,105.55,0.62,235.00
2026-02-03 13:28:45.694,8.71,114.80,READY,5.71,0.65,105.84,0.61,235.00
2026-02-03 13:28:45.809,9.14,109.36,READY,1.43,0.60,104.75,0.59,235.00
2026-02-03 13:28:46.033,4.56,219.07,READY,1.53,111.04,103.94,0.57,235.00
2026-02-03 13:28:46.150,9.10,109.83,READY,1.26,0.61,105.29,0.63,235.00
2026-02-03 13:28:46.264,9.13,109.53,READY,1.43,0.62,104.89,0.60,235.00
2026-02-03 13:28:46.378,9.15,109.29,READY,1.66,0.59,104.44,0.62,235.00
2026-02-03 13:28:46.494,9.05,110.53,READY,2.03,0.56,105.22,0.56,235.00
2026-02-03 13:28:46.716,4.60,217.56,READY,1.46,109.42,103.90,0.57,235.00
2026-02-03 13:28:46.833,9.12,109.66,READY,1.36,0.62,105.03,0.59,235.00
2026-02-03 13:28:46.961,8.11,123.32,READY,15.20,0.60,104.90,0.59,235.00
2026-02-03 13:28:47.100,7.50,133.37,READY,19.04,0.66,110.97,0.63,235.00
2026-02-03 13:28:47.214,9.12,109.64,READY,1.49,0.61,104.96,0.64,235.00
2026-02-03 13:28:47.440,4.53,220.81,READY,1.45,111.53,105.17,0.56,235.00
2026-02-03 13:28:47.556,9.17,109.04,READY,1.27,0.65,104.51,0.62,235.00
2026-02-03 13:28:47.671,9.12,109.69,READY,1.48,0.59,105.00,0.57,235.00
2026-02-03 13:28:47.786,9.05,110.45,READY,1.57,0.61,105.63,0.58,235.00
2026-02-03 13:28:47.901,9.12,109.61,READY,1.51,0.58,104.88,0.60,235.00
2026-02-03 13:28:48.136,4.33,230.94,READY,12.01,110.73,105.08,1.14,235.00
2026-02-03 13:28:48.253,9.18,108.95,READY,1.31,0.64,104.45,0.58,235.00
2026-02-03 13:28:48.367,9.15,109.27,READY,1.51,0.60,104.56,0.59,235.00
2026-02-03 13:28:48.493,8.24,121.43,READY,13.88,0.60,104.37,0.55,235.00
2026-02-03 13:28:48.608,9.06,110.38,READY,1.48,0.61,105.75,0.55,235.00
2026-02-03 13:28:48.836,4.49,222.65,READY,1.56,113.39,105.01,0.62,235.00
2026-02-03 13:28:48.952,9.16,109.12,READY,1.34,0.63,104.56,0.61,235.00
2026-02-03 13:28:49.067,9.15,109.27,READY,1.55,0.58,104.45,0.67,235.00
2026-02-03 13:28:49.180,9.18,108.94,READY,1.61,0.56,104.17,0.57,235.00
2026-02-03 13:28:49.294,9.17,109.06,READY,1.52,0.63,104.41,0.62,235.00
2026-02-03 13:28:49.523,4.47,223.90,READY,1.52,115.35,104.43,0.59,235.00
2026-02-03 13:28:49.639,9.22,108.47,READY,1.25,0.66,103.94,0.63,235.00
2026-02-03 13:28:49.762,8.50,117.71,READY,10.00,0.66,104.17,0.56,235.00
2026-02-03 13:28:49.902,7.40,135.18,READY,18.68,0.62,110.36,0.60,235.00
2026-02-03 13:28:50.016,9.16,109.13,READY,1.45,0.66,104.60,0.57,235.00
2026-02-03 13:28:50.239,4.59,217.86,READY,2.35,109.33,103.66,0.61,235.00
2026-02-03 13:28:50.355,9.18,108.99,READY,1.34,0.62,104.48,0.57,235.00
2026-02-03 13:28:50.470,9.11,109.71,READY,1.54,0.60,104.90,0.57,235.00
2026-02-03 13:28:50.584,9.11,109.73,READY,1.49,0.63,105.03,0.58,235.00
2026-02-03 13:28:50.699,9.15,109.27,READY,1.50,0.60,104.54,0.60,235.00
2026-02-03 13:28:50.932,4.37,228.75,READY,14.39,107.63,104.07,0.60,235.13
2026-02-03 13:28:51.049,9.13,109.54,READY,1.31,0.62,105.05,0.65,235.13
2026-02-03 13:28:51.168,8.80,113.63,READY,1.52,0.60,106.22,1.09,235.13
2026-02-03 13:28:51.295,8.23,121.52,READY,12.82,0.62,105.49,0.61,235.13
2026-02-03 13:28:51.409,9.11,109.73,READY,1.53,0.60,105.00,0.59,235.13
2026-02-03 13:28:51.637,4.48,223.26,READY,1.47,110.90,108.29,0.68,235.13
2026-02-03 13:28:51.756,8.79,113.80,READY,1.53,0.61,109.02,0.57,235.13
2026-02-03 13:28:51.875,8.77,114.03,READY,1.51,0.66,109.27,0.56,235.13
2026-02-03 13:28:51.996,8.64,115.79,READY,1.60,0.59,111.08,0.55,235.13
2026-02-03 13:28:52.115,8.83,113.24,READY,1.29,0.58,108.58,0.58,235.13
2026-02-03 13:28:52.343,4.48,223.12,READY,1.53,105.40,113.38,0.59,235.13
2026-02-03 13:28:52.465,8.76,114.16,READY,1.27,0.68,109.51,0.65,235.13
2026-02-03 13:28:52.584,8.83,113.25,READY,1.33,0.60,108.56,0.61,235.13
2026-02-03 13:28:52.702,8.81,113.56,READY,1.70,0.61,108.70,0.65,235.13
2026-02-03 13:28:52.831,8.09,123.61,READY,11.25,0.60,109.19,0.61,235.13
2026-02-03 13:28:53.052,4.62,216.56,READY,1.63,105.37,106.92,0.64,235.13
2026-02-03 13:28:53.174,8.76,114.22,READY,1.37,0.62,109.63,0.58,235.13
2026-02-03 13:28:53.301,8.16,122.49,READY,7.31,0.56,112.07,0.61,235.13
2026-02-03 13:28:53.427,8.30,120.51,READY,1.41,0.60,115.86,0.56,235.13
2026-02-03 13:28:53.552,8.36,119.58,READY,1.46,0.76,113.98,0.57,235.13
2026-02-03 13:28:53.784,4.40,227.23,READY,1.53,115.49,107.61,0.56,235.13
2026-02-03 13:28:53.902,9.08,110.16,READY,1.26,0.64,105.66,0.60,235.13
2026-02-03 13:28:54.031,8.08,123.79,READY,15.56,0.61,105.07,0.61,235.13
2026-02-03 13:28:54.171,7.35,136.11,READY,19.03,0.68,113.81,0.62,235.13
2026-02-03 13:28:54.302,7.96,125.66,READY,11.53,0.59,109.73,0.61,235.13
2026-02-03 13:28:54.524,4.61,217.14,READY,1.50,104.87,108.10,0.55,235.13
2026-02-03 13:28:54.649,8.57,116.65,READY,1.37,0.56,112.08,0.58,235.13
2026-02-03 13:28:54.772,8.47,118.02,READY,2.06,0.54,111.44,0.55,235.13
2026-02-03 13:28:54.901,8.06,124.03,READY,10.18,0.65,110.57,0.55,235.13
2026-02-03 13:28:55.019,8.81,113.49,READY,1.53,0.69,108.72,0.57,235.13
2026-02-03 13:28:55.246,4.51,221.60,READY,1.60,110.08,107.26,0.68,235.13
2026-02-03 13:28:55.366,8.89,112.49,READY,1.34,0.69,107.88,0.70,235.13
2026-02-03 13:28:55.499,7.80,128.15,READY,15.70,0.61,109.31,0.58,235.13
2026-02-03 13:28:55.618,8.79,113.71,READY,1.63,0.61,108.86,0.63,235.13
2026-02-03 13:28:55.737,8.80,113.70,READY,1.50,0.65,108.92,0.57,235.13
2026-02-03 13:28:55.958,4.63,216.20,READY,1.50,104.59,107.33,0.60,235.13
2026-02-03 13:28:56.079,8.80,113.68,READY,1.39,0.65,109.18,0.57,235.13
2026-02-03 13:28:56.196,8.88,112.61,READY,1.60,0.57,107.82,0.58,235.13
2026-02-03 13:28:56.315,8.80,113.59,READY,1.45,0.56,109.02,0.55,235.13
2026-02-03 13:28:56.434,8.77,114.03,READY,2.45,0.56,108.17,0.79,235.13
2026-02-03 13:28:56.672,4.29,232.94,READY,15.48,107.09,107.80,0.56,235.13
2026-02-03 13:28:56.794,8.76,114.18,READY,1.24,0.63,109.57,0.61,235.13
2026-02-03 13:28:56.916,8.57,116.68,READY,1.32,0.63,111.79,0.71,235.13
2026-02-03 13:28:57.030,9.12,109.60,READY,1.95,0.60,104.50,0.66,235.13
2026-02-03 13:28:57.173,7.37,135.71,READY,17.66,0.87,113.26,0.58,235.13
2026-02-03 13:28:57.403,4.45,224.68,READY,8.52,106.36,107.29,0.56,235.13
2026-02-03 13:28:57.523,8.84,113.18,READY,1.24,0.78,108.63,0.59,235.13
2026-02-03 13:28:57.642,8.83,113.19,READY,1.56,0.57,108.13,0.61,235.13
2026-02-03 13:28:57.767,8.33,120.11,READY,8.35,0.57,108.60,0.64,235.13
2026-02-03 13:28:57.901,7.73,129.36,READY,15.40,0.56,110.81,0.57,235.13
2026-02-03 13:28:58.127,4.52,221.10,READY,1.50,106.25,110.72,0.61,235.13
2026-02-03 13:28:58.250,8.62,116.01,READY,1.25,0.67,111.12,0.84,235.13
2026-02-03 13:28:58.374,8.56,116.83,READY,1.81,0.63,111.78,0.56,235.13
2026-02-03 13:28:58.502,8.11,123.37,READY,8.48,0.60,111.61,0.57,235.13
2026-02-03 13:28:58.624,8.55,116.95,READY,1.25,0.68,112.36,0.57,235.13
2026-02-03 13:28:58.850,4.54,220.45,READY,1.54,105.19,111.18,0.59,235.13
2026-02-03 13:28:58.975,8.49,117.85,READY,1.45,0.71,112.95,0.62,235.13
2026-02-03 13:28:59.101,8.22,121.63,READY,7.22,0.56,111.25,0.58,235.13
2026-02-03 13:28:59.220,8.76,114.17,READY,1.45,0.66,109.38,0.61,235.13
2026-02-03 13:28:59.340,8.73,114.52,READY,1.49,0.57,109.84,0.62,235.13
2026-02-03 13:28:59.664,3.13,319.41,READY,1.54,207.71,107.58,0.59,235.13
2026-02-03 13:28:59.790,8.50,117.67,READY,1.44,0.63,112.54,0.80,235.13
2026-02-03 13:28:59.915,8.41,118.96,READY,1.61,0.61,113.78,0.58,235.13
2026-02-03 13:29:00.038,8.46,118.17,READY,2.97,0.65,111.79,0.80,235.13
2026-02-03 13:29:00.171,7.86,127.16,READY,11.48,0.61,112.43,0.56,235.13
2026-02-03 13:29:00.395,4.55,219.56,READY,1.58,109.74,104.81,1.36,235.13
2026-02-03 13:29:00.511,9.18,108.89,READY,1.32,0.60,104.34,0.58,235.13
2026-02-03 13:29:00.631,8.73,114.58,READY,6.81,0.56,104.52,0.59,235.13
2026-02-03 13:29:00.770,7.46,134.01,READY,19.48,0.63,111.30,0.56,235.13
2026-02-03 13:29:00.890,8.70,114.95,READY,1.50,0.63,109.56,1.17,235.13
2026-02-03 13:29:01.110,4.65,215.12,READY,1.53,107.78,103.20,0.57,235.13
2026-02-03 13:29:01.228,9.05,110.46,READY,1.89,0.60,105.40,0.57,235.13
2026-02-03 13:29:01.341,9.21,108.60,READY,1.45,0.61,104.04,0.55,235.13
2026-02-03 13:29:01.455,9.17,109.11,READY,1.43,0.61,104.58,0.58,235.13
2026-02-03 13:29:01.568,9.23,108.37,READY,1.52,0.61,103.64,0.57,235.13
2026-02-03 13:29:01.809,4.25,235.45,READY,13.85,112.01,106.89,0.59,235.13
2026-02-03 13:29:01.926,9.06,110.38,READY,1.33,0.62,105.78,0.63,235.13
2026-02-03 13:29:02.041,9.14,109.37,READY,1.59,0.61,104.52,0.59,235.13
2026-02-03 13:29:02.164,8.43,118.64,READY,9.75,0.57,105.70,0.66,235.13
2026-02-03 13:29:02.284,8.74,114.45,READY,1.58,0.95,109.32,0.59,235.13
2026-02-03 13:29:02.508,4.57,218.63,READY,1.56,107.56,105.57,0.59,235.13
2026-02-03 13:29:02.625,9.09,109.97,READY,1.26,0.72,105.48,0.61,235.13
2026-02-03 13:29:02.741,9.04,110.64,READY,1.52,0.61,105.93,0.63,235.13
2026-02-03 13:29:02.855,9.12,109.64,READY,1.51,0.61,104.98,0.59,235.13
2026-02-03 13:29:02.970,9.12,109.65,READY,2.19,0.62,104.27,0.62,235.13
2026-02-03 13:29:03.207,4.30,232.63,READY,12.90,108.43,108.80,0.56,235.13
2026-02-03 13:29:03.322,9.20,108.70,READY,1.45,0.57,104.10,0.61,235.13
2026-02-03 13:29:03.436,9.21,108.60,READY,1.44,0.58,104.10,0.54,235.13
2026-02-03 13:29:03.563,8.18,122.20,READY,14.72,0.61,104.32,0.59,235.13
2026-02-03 13:29:03.677,9.14,109.47,READY,1.66,0.56,104.51,0.59,235.13
2026-02-03 13:29:04.005,3.10,322.67,READY,1.43,213.35,105.29,0.57,235.13
2026-02-03 13:29:04.122,9.11,109.82,READY,1.27,0.65,105.34,0.55,235.13
2026-02-03 13:29:04.235,9.22,108.48,READY,1.54,0.67,103.76,0.58,235.13
2026-02-03 13:29:04.363,8.15,122.74,READY,15.25,0.60,104.32,0.59,235.13
2026-02-03 13:29:04.478,9.12,109.67,READY,1.51,0.60,104.93,0.61,235.13
2026-02-03 13:29:04.697,4.66,214.67,READY,1.58,107.22,103.34,0.59,235.13
2026-02-03 13:29:04.814,9.17,109.06,READY,1.24,0.64,104.56,0.61,235.13
2026-02-03 13:29:04.928,9.10,109.89,READY,1.40,0.60,105.31,0.57,235.13
2026-02-03 13:29:05.043,9.10,109.83,READY,1.51,0.57,105.17,0.59,235.13
2026-02-03 13:29:05.163,8.70,114.99,READY,7.55,0.57,104.27,0.58,235.13
2026-02-03 13:29:05.391,4.48,223.43,READY,1.55,110.35,108.83,0.60,235.13
2026-02-03 13:29:05.520,8.34,119.97,READY,1.39,0.60,115.05,0.87,235.13
2026-02-03 13:29:05.645,8.42,118.83,READY,1.67,0.61,113.80,0.64,235.13
2026-02-03 13:29:05.772,8.32,120.20,READY,3.90,0.62,113.09,0.62,235.13
2026-02-03 13:29:05.894,8.59,116.46,READY,2.25,0.62,111.13,0.65,235.13
2026-02-03 13:29:06.123,4.51,221.63,READY,1.32,109.40,108.36,0.62,235.13
2026-02-03 13:29:06.245,8.73,114.56,READY,1.53,0.61,109.82,0.59,235.13
2026-02-03 13:29:06.368,8.43,118.67,READY,6.24,0.61,109.29,0.57,235.13
2026-02-03 13:29:06.487,8.78,113.91,READY,1.60,0.57,109.01,0.70,235.13
2026-02-03 13:29:06.607,8.73,114.56,READY,1.40,0.57,109.78,0.68,235.13
2026-02-03 13:29:06.835,4.49,222.96,READY,1.30,111.53,107.22,0.66,235.13
2026-02-03 13:29:06.958,8.67,115.32,READY,1.32,0.71,110.58,0.57,235.13
2026-02-03 13:29:07.080,8.50,117.63,READY,1.46,0.64,113.02,0.57,235.13
2026-02-03 13:29:07.200,8.75,114.31,READY,1.59,0.61,109.57,0.57,235.13
2026-02-03 13:29:07.318,8.83,113.22,READY,1.45,0.61,108.52,0.57,235.13
2026-02-03 13:29:07.547,4.46,224.21,READY,1.50,111.43,108.90,0.58,235.13
2026-02-03 13:29:07.670,8.63,115.91,READY,1.38,0.58,111.32,0.65,235.13
2026-02-03 13:29:07.790,8.72,114.71,READY,2.22,0.55,108.56,0.58,235.13
2026-02-03 13:29:07.911,8.63,115.82,READY,1.38,0.56,111.42,0.60,235.13
2026-02-03 13:29:08.031,8.68,115.17,READY,8.04,0.62,103.96,0.58,235.13
2026-02-03 13:29:08.274,4.20,238.05,READY,20.09,111.55,103.47,0.60,235.13
2026-02-03 13:29:08.391,9.08,110.17,READY,1.43,0.65,105.54,0.63,235.13
2026-02-03 13:29:08.508,8.99,111.18,READY,1.98,0.65,105.70,0.59,235.13
2026-02-03 13:29:08.633,8.36,119.59,READY,10.78,0.67,105.62,0.58,235.13
2026-02-03 13:29:08.777,7.27,137.60,READY,17.22,0.55,113.32,0.61,235.13
2026-02-03 13:29:09.000,4.58,218.18,READY,1.58,109.03,104.53,0.56,235.13
2026-02-03 13:29:09.122,8.74,114.39,READY,1.49,0.55,108.98,0.60,235.13
2026-02-03 13:29:09.236,9.20,108.73,READY,1.52,0.57,104.04,0.57,235.13
2026-02-03 13:29:09.364,8.12,123.16,READY,15.17,0.60,104.80,0.61,235.13
2026-02-03 13:29:09.478,9.16,109.16,READY,1.51,0.56,104.47,0.62,235.13
2026-02-03 13:29:09.698,4.66,214.50,READY,1.44,107.05,103.36,0.61,235.13
2026-02-03 13:29:09.814,9.20,108.70,READY,1.37,0.66,104.10,0.65,235.13
2026-02-03 13:29:09.928,9.14,109.39,READY,1.62,0.72,104.52,0.56,235.13
2026-02-03 13:29:10.041,9.25,108.14,READY,1.54,0.61,103.49,0.61,235.13
2026-02-03 13:29:10.163,8.51,117.53,READY,10.36,0.64,103.91,0.66,235.13
2026-02-03 13:29:10.381,4.70,212.76,READY,1.44,105.86,102.90,0.56,235.13
2026-02-03 13:29:10.498,9.13,109.51,READY,1.25,0.65,104.94,0.62,235.13
2026-02-03 13:29:10.612,9.18,108.98,READY,1.48,0.60,104.35,0.58,235.13
2026-02-03 13:29:10.726,9.19,108.86,READY,1.44,0.56,104.27,0.60,235.13
2026-02-03 13:29:10.840,9.16,109.17,READY,1.52,0.63,104.12,0.97,235.13
2026-02-03 13:29:11.086,4.14,241.35,READY,13.49,111.16,113.63,0.60,235.13
2026-02-03 13:29:11.204,9.11,109.81,READY,1.34,0.67,105.28,0.58,235.13
2026-02-03 13:29:11.318,9.17,109.01,READY,1.48,0.61,104.35,0.59,235.13
2026-02-03 13:29:11.434,9.05,110.54,READY,1.49,0.60,105.82,0.63,235.13
2026-02-03 13:29:11.566,7.84,127.62,READY,17.82,0.54,106.72,0.60,235.13
2026-02-03 13:29:11.794,4.54,220.43,READY,1.33,112.11,104.51,0.56,235.13
2026-02-03 13:29:11.911,9.10,109.92,READY,1.33,0.65,105.38,0.58,235.13
2026-02-03 13:29:12.033,8.55,116.92,READY,8.82,0.57,104.92,0.58,235.13
2026-02-03 13:29:12.172,7.45,134.14,READY,19.01,0.63,111.76,0.65,235.13
2026-02-03 13:29:12.287,9.09,110.04,READY,2.35,0.58,104.43,0.64,235.13
2026-02-03 13:29:12.517,4.44,225.03,READY,1.52,108.55,112.49,0.51,235.09
2026-02-03 13:29:12.633,9.20,108.72,READY,1.75,0.61,103.99,0.57,235.09
2026-02-03 13:29:12.765,7.90,126.62,READY,18.57,0.60,104.91,0.54,235.09
2026-02-03 13:29:12.880,9.06,110.33,READY,2.88,0.66,104.24,0.61,235.09
2026-02-03 13:29:12.998,9.00,111.16,READY,1.50,0.72,104.83,0.61,235.09
2026-02-03 13:29:13.219,4.63,216.15,READY,1.48,108.18,103.90,0.63,235.09
2026-02-03 13:29:13.335,9.14,109.42,READY,1.32,0.63,104.94,0.58,235.09
2026-02-03 13:29:13.449,9.16,109.21,READY,1.45,0.60,104.50,0.63,235.09
2026-02-03 13:29:13.564,9.11,109.81,READY,2.37,0.56,104.27,0.58,235.09
2026-02-03 13:29:13.678,9.17,109.06,READY,1.47,0.56,104.39,0.60,235.09
2026-02-03 13:29:13.905,4.51,221.84,READY,1.51,108.96,108.77,0.56,235.09
2026-02-03 13:29:14.022,9.09,110.02,READY,1.50,0.67,105.28,0.55,235.09
2026-02-03 13:29:14.135,9.23,108.30,READY,1.48,0.60,103.69,0.54,235.09
2026-02-03 13:29:14.249,9.18,108.91,READY,1.48,0.63,104.28,0.53,235.09
2026-02-03 13:29:14.365,8.99,111.18,READY,2.90,0.67,105.07,0.55,235.09
2026-02-03 13:29:14.586,4.64,215.65,READY,1.46,108.30,103.52,0.54,235.09
2026-02-03 13:29:14.702,9.20,108.68,READY,1.51,0.63,104.05,0.56,235.09
2026-02-03 13:29:14.833,7.93,126.14,READY,18.27,0.55,104.51,0.56,235.09
2026-02-03 13:29:14.973,7.42,134.78,READY,19.12,0.55,108.58,0.57,235.09
2026-02-03 13:29:15.087,9.13,109.54,READY,1.47,0.57,104.91,0.58,235.09
2026-02-03 13:29:15.315,4.49,222.95,READY,1.44,114.12,104.67,0.58,235.09
2026-02-03 13:29:15.430,9.11,109.77,READY,1.52,0.61,105.06,0.57,235.09
2026-02-03 13:29:15.544,9.13,109.54,READY,1.55,0.64,104.73,0.59,235.09
2026-02-03 13:29:15.658,9.17,109.10,READY,1.56,0.57,103.97,0.66,235.09
2026-02-03 13:29:15.772,9.18,108.89,READY,1.48,0.59,104.25,0.56,235.09
2026-02-03 13:29:16.007,4.34,230.21,READY,15.98,107.47,104.19,0.59,235.09
2026-02-03 13:29:16.123,9.19,108.77,READY,1.26,0.64,104.27,0.62,235.09
2026-02-03 13:29:16.237,9.16,109.15,READY,1.46,0.57,104.53,0.57,235.09
2026-02-03 13:29:16.365,8.14,122.84,READY,14.93,0.56,104.72,0.60,235.09
2026-02-03 13:29:16.479,9.18,108.96,READY,1.46,0.58,104.28,0.56,235.09
2026-02-03 13:29:16.703,4.57,218.94,READY,1.50,110.99,103.65,0.59,235.09
2026-02-03 13:29:16.820,9.10,109.94,READY,1.34,0.68,105.44,0.61,235.09
2026-02-03 13:29:16.933,9.21,108.59,READY,1.49,0.63,103.88,0.63,235.09
2026-02-03 13:29:17.048,9.12,109.69,READY,1.43,0.65,105.03,0.60,235.09
2026-02-03 13:29:17.165,8.88,112.58,READY,4.27,0.62,105.03,0.59,235.09
2026-02-03 13:29:17.384,4.68,213.62,READY,1.40,106.48,103.11,0.61,235.09
2026-02-03 13:29:17.500,9.19,108.77,READY,1.30,0.57,104.28,0.59,235.09
2026-02-03 13:29:17.640,7.40,135.10,READY,20.13,0.80,111.28,0.58,235.09
2026-02-03 13:29:17.755,9.13,109.49,READY,1.54,0.57,104.79,0.59,235.09
2026-02-03 13:29:17.869,9.14,109.47,READY,1.49,0.56,104.77,0.60,235.09
2026-02-03 13:29:18.095,4.53,220.66,READY,1.45,111.90,104.64,0.63,235.09
2026-02-03 13:29:18.209,9.16,109.19,READY,1.30,0.60,104.72,0.56,235.09
2026-02-03 13:29:18.323,9.18,108.94,READY,1.58,0.60,104.19,0.57,235.09
2026-02-03 13:29:18.438,9.10,109.86,READY,1.50,0.61,105.15,0.59,235.09
2026-02-03 13:29:18.565,8.21,121.87,READY,13.93,0.61,104.76,0.60,235.09
2026-02-03 13:29:18.794,4.48,223.29,READY,1.47,114.23,105.00,0.62,235.09
2026-02-03 13:29:18.911,9.07,110.22,READY,1.28,0.65,105.79,0.59,235.09
2026-02-03 13:29:19.035,8.44,118.43,READY,9.08,0.59,105.73,0.96,235.09
2026-02-03 13:29:19.162,8.25,121.22,READY,1.23,0.74,112.24,0.57,235.09
2026-02-03 13:29:19.282,8.67,115.38,READY,1.43,0.63,110.65,0.56,235.09
2026-02-03 13:29:19.515,4.37,228.60,READY,1.51,115.39,109.08,0.58,235.09
2026-02-03 13:29:19.639,8.60,116.33,READY,1.38,0.70,111.75,0.58,235.09
2026-02-03 13:29:19.762,8.53,117.27,READY,1.61,0.61,112.42,0.57,235.09
2026-02-03 13:29:19.883,8.60,116.29,READY,1.48,0.67,111.50,0.57,235.09
2026-02-03 13:29:20.006,8.44,118.42,READY,1.51,0.61,113.67,0.60,235.09
2026-02-03 13:29:20.238,4.41,226.98,READY,1.54,113.11,109.70,0.61,235.09
2026-02-03 13:29:20.361,8.64,115.73,READY,1.29,0.60,111.03,0.72,235.09
2026-02-03 13:29:20.482,8.71,114.78,READY,1.70,0.56,109.97,0.57,235.09
2026-02-03 13:29:20.601,8.76,114.18,READY,1.56,0.57,109.34,0.66,235.09
2026-02-03 13:29:20.720,8.76,114.20,READY,1.49,0.57,109.45,0.57,235.09
2026-02-03 13:29:20.952,4.42,226.13,READY,1.50,113.03,108.92,0.57,235.09
2026-02-03 13:29:21.076,8.54,117.13,READY,1.23,0.70,112.52,0.58,235.09
2026-02-03 13:29:21.202,8.30,120.43,READY,2.03,0.78,114.66,0.60,235.09
2026-02-03 13:29:21.317,9.07,110.28,READY,1.63,0.63,105.21,0.59,235.09
2026-02-03 13:29:21.436,8.79,113.74,READY,4.33,0.67,105.37,0.58,235.09
2026-02-03 13:29:21.656,4.63,215.77,READY,1.49,107.49,104.12,0.61,235.09
2026-02-03 13:29:21.773,9.11,109.73,READY,1.32,0.61,105.07,0.59,235.09
2026-02-03 13:29:21.901,8.12,123.14,READY,15.57,0.58,104.26,0.60,235.09
2026-02-03 13:29:22.040,7.50,133.36,READY,20.15,0.91,109.52,0.57,235.09
2026-02-03 13:29:22.155,9.09,109.96,READY,1.49,0.57,105.23,0.69,235.09
2026-02-03 13:29:22.373,4.67,214.01,READY,1.56,106.13,103.68,0.63,235.09
2026-02-03 13:29:22.490,9.13,109.47,READY,1.30,0.68,104.93,0.66,235.09
2026-02-03 13:29:22.604,9.17,109.08,READY,1.47,0.59,104.43,0.58,235.09
2026-02-03 13:29:22.718,9.14,109.36,READY,1.57,0.61,104.65,0.58,235.09
2026-02-03 13:29:22.846,8.17,122.34,READY,3.21,0.64,111.90,3.84,235.09
2026-02-03 13:29:23.068,4.59,217.65,READY,1.53,109.19,103.72,0.59,235.09
2026-02-03 13:29:23.186,9.08,110.19,READY,1.26,0.65,105.48,0.60,235.09
2026-02-03 13:29:23.302,8.96,111.60,READY,3.37,0.61,104.88,0.59,235.09
2026-02-03 13:29:23.444,7.30,136.97,READY,19.13,0.65,114.39,0.62,235.09
2026-02-03 13:29:23.562,8.84,113.14,READY,2.58,0.53,105.94,0.67,235.03
2026-02-03 13:29:23.794,4.41,226.78,READY,1.60,114.25,108.08,0.57,235.07
2026-02-03 13:29:23.911,9.09,109.97,READY,1.35,0.69,105.44,0.58,235.07
2026-02-03 13:29:24.036,8.30,120.42,READY,10.07,0.61,107.17,0.61,235.07
2026-02-03 13:29:24.151,9.11,109.81,READY,1.54,0.61,105.11,0.58,235.07
2026-02-03 13:29:24.267,8.99,111.22,READY,1.56,0.68,104.91,0.63,235.07
2026-02-03 13:29:24.495,4.49,222.89,READY,1.56,113.89,105.01,0.57,235.07
2026-02-03 13:29:24.611,9.20,108.75,READY,2.16,0.64,103.59,0.55,235.07
2026-02-03 13:29:24.726,9.13,109.53,READY,2.22,0.59,104.14,0.58,235.07
2026-02-03 13:29:24.840,9.20,108.67,READY,1.52,0.61,103.90,0.62,235.07
2026-02-03 13:29:24.966,8.23,121.56,READY,13.78,0.58,104.57,0.61,235.07
2026-02-03 13:29:25.185,4.67,214.02,READY,1.53,106.35,103.45,0.63,235.07
2026-02-03 13:29:25.301,9.18,108.89,READY,1.33,0.66,104.31,0.60,235.07
2026-02-03 13:29:25.415,9.20,108.72,READY,1.55,0.60,104.05,0.58,235.07
2026-02-03 13:29:25.529,9.18,108.88,READY,1.54,0.60,104.17,0.58,235.07
2026-02-03 13:29:25.642,9.25,108.12,READY,1.55,0.63,103.35,0.62,235.07
2026-02-03 13:29:25.874,4.39,227.56,READY,11.83,107.52,105.58,0.68,235.07
2026-02-03 13:29:25.990,9.18,108.90,READY,1.75,0.65,103.94,0.61,235.07
2026-02-03 13:29:26.103,9.26,107.98,READY,1.57,0.55,103.16,0.62,235.07
2026-02-03 13:29:26.234,7.94,125.90,READY,18.16,0.56,104.55,0.65,235.07
2026-02-03 13:29:26.348,9.19,108.83,READY,1.53,0.56,104.06,0.64,235.07
2026-02-03 13:29:26.572,4.57,218.68,READY,1.55,110.35,104.24,0.59,235.07
2026-02-03 13:29:26.688,9.12,109.69,READY,1.26,0.73,105.19,0.58,235.07
2026-02-03 13:29:26.803,9.16,109.23,READY,1.54,0.61,104.47,0.61,235.07
2026-02-03 13:29:26.917,9.12,109.66,READY,1.49,0.60,104.94,0.58,235.07
2026-02-03 13:29:27.035,8.85,112.97,READY,4.43,0.61,105.35,0.62,235.07
2026-02-03 13:29:27.263,4.48,222.98,READY,2.46,113.10,104.88,0.62,235.07
2026-02-03 13:29:27.381,9.13,109.53,READY,1.43,0.58,104.86,0.60,235.07
2026-02-03 13:29:27.502,8.66,115.44,READY,8.42,0.57,103.89,0.60,235.07
2026-02-03 13:29:27.641,7.45,134.29,READY,20.27,0.83,110.38,0.60,235.07
2026-02-03 13:29:27.759,8.86,112.88,READY,2.70,0.57,106.11,0.61,235.07
2026-02-03 13:29:27.983,4.55,219.70,READY,1.58,111.91,103.60,0.57,235.07
2026-02-03 13:29:28.101,9.06,110.41,READY,1.26,0.72,105.88,0.62,235.07
2026-02-03 13:29:28.217,9.02,110.82,READY,1.58,0.62,106.04,0.61,235.07
2026-02-03 13:29:28.332,9.06,110.38,READY,1.47,0.61,105.77,0.58,235.07
2026-02-03 13:29:28.448,9.03,110.69,READY,1.56,0.60,106.03,0.55,235.07
2026-02-03 13:29:28.683,4.33,230.84,READY,10.44,113.79,104.04,0.62,235.07
2026-02-03 13:29:28.801,9.04,110.59,READY,1.26,0.72,105.82,0.63,235.07
2026-02-03 13:29:28.916,9.13,109.51,READY,1.52,0.60,104.58,0.58,235.07
2026-02-03 13:29:29.037,8.57,116.74,READY,6.51,0.57,107.17,0.59,235.07
2026-02-03 13:29:29.153,9.00,111.15,READY,1.53,0.61,106.29,0.59,235.07
2026-02-03 13:29:29.375,4.62,216.36,READY,1.74,106.09,105.90,0.63,235.07
2026-02-03 13:29:29.495,8.89,112.42,READY,2.17,0.65,106.78,0.61,235.07
2026-02-03 13:29:29.610,9.02,110.81,READY,1.56,0.62,105.65,0.61,235.07
2026-02-03 13:29:29.725,9.09,109.97,READY,1.51,0.59,105.18,0.56,235.07
2026-02-03 13:29:29.840,9.08,110.19,READY,1.49,0.62,105.54,0.57,235.07
2026-02-03 13:29:30.082,4.23,236.44,READY,17.67,108.86,107.33,0.60,235.07
2026-02-03 13:29:30.199,9.08,110.07,READY,1.52,0.63,105.13,0.63,235.07
2026-02-03 13:29:30.319,8.73,114.53,READY,2.67,0.56,107.23,0.63,235.07
2026-02-03 13:29:30.446,8.15,122.68,READY,3.51,0.57,113.60,0.53,235.03
2026-02-03 13:29:30.571,8.45,118.31,READY,1.43,0.57,113.71,0.56,235.07
2026-02-03 13:29:30.796,4.57,218.89,READY,2.20,106.45,107.68,0.58,235.07
2026-02-03 13:29:30.914,9.12,109.67,READY,1.35,0.70,105.05,0.63,235.07
2026-02-03 13:29:31.039,8.34,119.91,READY,11.81,0.61,104.89,0.61,235.07
2026-02-03 13:29:31.177,7.49,133.43,READY,19.35,0.66,110.82,0.59,235.07
2026-02-03 13:29:31.303,8.27,120.95,READY,12.86,0.60,104.93,0.60,235.07
2026-02-03 13:29:31.546,4.20,238.30,READY,19.73,108.98,107.05,0.62,235.07
2026-02-03 13:29:31.669,8.70,115.00,READY,1.40,0.65,110.31,0.63,235.07
2026-02-03 13:29:31.788,8.73,114.54,READY,1.38,0.57,110.01,0.60,235.07
2026-02-03 13:29:31.907,8.83,113.20,READY,1.61,0.57,108.42,0.74,235.07
2026-02-03 13:29:32.024,8.96,111.59,READY,1.26,0.57,107.12,0.60,235.07
2026-02-03 13:29:32.245,4.62,216.22,READY,1.62,107.00,104.14,1.49,235.07
2026-02-03 13:29:32.367,8.82,113.37,READY,4.65,0.61,105.28,0.91,235.07
2026-02-03 13:29:32.481,9.17,109.02,READY,1.48,0.59,104.35,0.57,235.07
2026-02-03 13:29:32.595,9.15,109.24,READY,1.55,0.61,104.61,0.66,235.07
2026-02-03 13:29:32.710,9.06,110.35,READY,1.49,0.61,105.06,0.64,235.07
2026-02-03 13:29:32.945,4.35,229.82,READY,12.34,110.70,103.88,0.72,235.07
2026-02-03 13:29:33.061,9.21,108.58,READY,1.40,0.61,104.03,0.58,235.07
2026-02-03 13:29:33.175,9.16,109.21,READY,1.68,0.58,103.92,1.09,235.07
2026-02-03 13:29:33.302,8.15,122.77,READY,15.67,0.57,103.93,0.62,235.07
2026-02-03 13:29:33.417,9.09,110.01,READY,1.42,0.56,105.38,0.60,235.07
2026-02-03 13:29:33.639,4.62,216.50,READY,1.45,108.07,104.29,0.68,235.07
2026-02-03 13:29:33.755,9.16,109.14,READY,1.34,0.68,104.56,0.58,235.07
2026-02-03 13:29:33.869,9.13,109.54,READY,1.79,0.61,104.51,0.60,235.07
2026-02-03 13:29:33.983,9.17,109.03,READY,1.56,0.63,104.28,0.59,235.07
2026-02-03 13:29:34.105,8.60,116.33,READY,7.04,0.61,106.20,0.57,235.07
2026-02-03 13:29:34.327,4.61,216.93,READY,1.56,108.59,104.17,0.63,235.07
2026-02-03 13:29:34.445,8.98,111.36,READY,1.43,0.67,106.73,0.60,235.07
2026-02-03 13:29:34.575,8.04,124.37,READY,13.09,0.56,106.92,0.62,235.07
2026-02-03 13:29:34.704,8.21,121.87,READY,13.68,0.59,105.04,0.59,235.07
2026-02-03 13:29:34.819,9.05,110.55,READY,1.66,0.60,105.72,0.56,235.07
2026-02-03 13:29:35.043,4.56,219.15,READY,1.49,108.83,106.11,0.58,235.07
2026-02-03 13:29:35.158,9.16,109.23,READY,1.46,0.60,104.69,0.55,235.07
2026-02-03 13:29:35.272,9.11,109.73,READY,1.72,0.66,104.84,0.57,235.07
2026-02-03 13:29:35.387,9.09,109.96,READY,1.51,0.61,104.62,1.27,235.07
2026-02-03 13:29:35.505,8.87,112.70,READY,3.50,0.61,105.99,0.58,235.07
2026-02-03 13:29:35.725,4.65,215.23,READY,1.52,106.98,104.19,0.60,235.07
2026-02-03 13:29:35.841,9.20,108.65,READY,1.34,0.61,104.04,0.61,235.07
2026-02-03 13:29:35.972,7.96,125.68,READY,17.52,0.57,104.99,0.58,235.07
2026-02-03 13:29:36.110,7.53,132.88,READY,18.92,0.64,110.73,0.55,235.07
2026-02-03 13:29:36.224,9.14,109.42,READY,1.44,0.57,104.81,0.58,235.07
2026-02-03 13:29:36.443,4.66,214.64,READY,1.56,106.70,103.89,0.55,235.07
2026-02-03 13:29:36.561,9.08,110.17,READY,1.43,0.66,104.05,0.58,235.07
2026-02-03 13:29:36.678,9.10,109.85,READY,1.26,0.66,105.34,0.59,235.07
2026-02-03 13:29:36.794,9.14,109.40,READY,1.38,0.67,104.85,0.60,235.07
2026-02-03 13:29:36.910,9.18,108.98,READY,1.36,0.67,104.46,0.61,235.07
2026-02-03 13:29:37.144,4.40,227.46,READY,11.45,108.25,105.02,0.60,235.07
2026-02-03 13:29:37.263,9.05,110.50,READY,1.41,0.57,105.88,0.66,235.07
2026-02-03 13:29:37.378,9.06,110.34,READY,2.42,0.57,104.78,0.62,235.07
2026-02-03 13:29:37.506,8.33,120.05,READY,10.33,0.57,106.51,0.62,235.07
2026-02-03 13:29:37.621,9.07,110.24,READY,2.49,0.58,104.55,0.61,235.07
2026-02-03 13:29:37.843,4.63,215.87,READY,1.23,107.98,104.05,0.61,235.07
2026-02-03 13:29:37.969,8.40,119.02,READY,1.85,0.65,113.79,0.57,235.09
2026-02-03 13:29:38.084,9.11,109.77,READY,1.51,0.62,105.08,0.59,235.09
2026-02-03 13:29:38.205,8.58,116.53,READY,2.27,0.64,111.19,0.56,235.13
2026-02-03 13:29:38.326,8.63,115.89,READY,1.49,0.61,110.49,0.60,235.09
2026-02-03 13:29:38.548,4.62,216.48,READY,1.46,108.09,104.30,0.60,235.09
2026-02-03 13:29:38.664,9.17,109.11,READY,1.28,0.70,104.57,0.60,235.09
2026-02-03 13:29:38.778,9.18,108.88,READY,1.61,0.57,104.12,0.59,235.09
2026-02-03 13:29:38.904,8.27,120.96,READY,13.32,0.61,104.40,0.59,235.09
2026-02-03 13:29:39.019,9.08,110.18,READY,1.92,0.57,104.89,0.59,235.09
2026-02-03 13:29:39.245,4.57,218.88,READY,1.43,108.48,106.38,0.62,235.09
2026-02-03 13:29:39.361,9.20,108.74,READY,1.27,0.67,104.21,0.57,235.09
2026-02-03 13:29:39.475,9.17,109.08,READY,1.54,0.61,104.36,0.59,235.09
2026-02-03 13:29:39.589,9.14,109.44,READY,1.51,0.62,104.67,0.61,235.09
2026-02-03 13:29:39.704,9.10,109.86,READY,2.12,0.67,104.58,0.62,235.09
2026-02-03 13:29:39.932,4.49,222.80,READY,1.49,107.32,111.43,0.60,235.09
2026-02-03 13:29:40.048,9.17,109.03,READY,1.28,0.68,104.51,0.59,235.09
2026-02-03 13:29:40.176,8.08,123.81,READY,12.23,0.59,108.17,0.59,235.09
2026-02-03 13:29:40.305,8.12,123.22,READY,14.75,0.60,105.30,0.60,235.09
2026-02-03 13:29:40.418,9.19,108.83,READY,1.48,0.57,104.20,0.59,235.09
2026-02-03 13:29:40.645,4.50,222.08,READY,1.57,109.15,106.46,2.38,235.09
2026-02-03 13:29:40.767,8.85,112.98,READY,1.39,0.62,108.19,0.58,235.06
2026-02-03 13:29:40.881,9.18,108.93,READY,1.59,0.60,104.03,0.56,235.06
2026-02-03 13:29:40.996,9.08,110.07,READY,1.51,0.61,104.92,1.09,235.06
2026-02-03 13:29:41.110,9.17,109.04,READY,1.51,0.63,104.45,0.57,235.06
2026-02-03 13:29:41.349,4.26,234.50,READY,13.68,114.91,103.39,0.56,235.06
2026-02-03 13:29:41.465,9.19,108.87,READY,1.27,0.63,104.41,0.57,235.06
2026-02-03 13:29:41.579,9.20,108.66,READY,1.51,0.57,104.00,0.57,235.06
2026-02-03 13:29:41.703,8.36,119.62,READY,12.53,0.61,103.84,0.66,235.06
2026-02-03 13:29:41.817,9.18,108.99,READY,1.48,0.57,104.33,0.57,235.06
2026-02-03 13:29:42.036,4.67,214.10,READY,1.51,107.14,102.89,0.56,235.06
2026-02-03 13:29:42.153,9.16,109.11,READY,1.30,0.65,104.63,0.57,235.06
2026-02-03 13:29:42.266,9.23,108.34,READY,1.49,0.61,103.94,0.56,235.06
2026-02-03 13:29:42.379,9.22,108.48,READY,1.48,0.65,103.78,0.63,235.06
2026-02-03 13:29:42.504,8.38,119.39,READY,12.14,0.65,104.06,0.58,235.06
2026-02-03 13:29:42.722,4.70,212.99,READY,1.47,106.38,102.56,0.57,235.06
2026-02-03 13:29:42.837,9.21,108.63,READY,1.35,0.64,104.11,0.59,235.06
2026-02-03 13:29:42.951,9.18,108.90,READY,1.57,0.61,104.18,0.58,235.06
2026-02-03 13:29:43.065,9.18,108.91,READY,1.49,0.60,104.20,0.58,235.06
2026-02-03 13:29:43.180,9.06,110.41,READY,1.46,0.57,105.78,0.59,235.06
2026-02-03 13:29:43.421,4.24,235.66,READY,11.32,111.68,109.94,0.58,235.09
2026-02-03 13:29:43.538,9.12,109.65,READY,1.26,0.69,105.14,0.57,235.09
2026-02-03 13:29:43.653,9.09,109.98,READY,1.53,0.66,105.35,0.59,235.09
2026-02-03 13:29:43.778,8.35,119.72,READY,6.81,0.60,109.72,0.57,235.09
2026-02-03 13:29:43.906,8.12,123.20,READY,14.09,0.60,105.91,0.59,235.09
2026-02-03 13:29:44.130,4.57,218.96,READY,1.61,110.82,103.90,0.61,235.09
2026-02-03 13:29:44.247,9.10,109.94,READY,1.34,0.63,105.42,0.56,235.09
2026-02-03 13:29:44.372,8.29,120.57,READY,12.99,0.56,104.48,0.58,235.09
2026-02-03 13:29:44.511,7.48,133.66,READY,20.13,0.90,109.83,0.59,235.09
2026-02-03 13:29:44.628,8.88,112.61,READY,1.58,0.58,107.78,0.62,235.09
2026-02-03 13:29:44.853,4.54,220.20,READY,1.60,108.27,107.61,0.58,235.13
2026-02-03 13:29:44.972,9.12,109.62,READY,1.27,0.68,105.02,0.69,235.13
2026-02-03 13:29:45.086,9.12,109.59,READY,1.50,0.60,104.97,0.60,235.13
2026-02-03 13:29:45.200,9.19,108.82,READY,1.54,0.59,104.11,0.58,235.13
2026-02-03 13:29:45.315,9.13,109.53,READY,1.55,0.61,104.64,0.78,235.13
2026-02-03 13:29:45.548,4.37,229.03,READY,13.38,109.02,104.05,0.58,235.13
2026-02-03 13:29:45.666,9.09,109.96,READY,1.27,0.62,105.40,0.63,235.13
2026-02-03 13:29:45.780,9.19,108.84,READY,1.68,0.62,104.06,0.58,235.13
2026-02-03 13:29:45.905,8.33,120.10,READY,12.43,0.56,104.51,0.58,235.13
2026-02-03 13:29:46.019,9.10,109.89,READY,1.68,0.57,105.00,0.63,235.13
2026-02-03 13:29:46.242,4.60,217.58,READY,1.82,108.58,104.76,0.61,235.13
2026-02-03 13:29:46.357,9.10,109.86,READY,1.57,0.68,105.16,0.57,235.13
2026-02-03 13:29:46.471,9.14,109.36,READY,1.46,0.60,104.76,0.56,235.13
2026-02-03 13:29:46.585,9.13,109.54,READY,1.78,0.63,104.50,0.60,235.13
2026-02-03 13:29:46.707,8.61,116.09,READY,6.74,0.60,104.85,0.62,235.13
2026-02-03 13:29:46.926,4.67,214.30,READY,1.59,106.97,103.12,0.61,235.13
2026-02-03 13:29:47.042,9.13,109.49,READY,1.35,0.69,104.96,0.57,235.13
2026-02-03 13:29:47.173,7.95,125.80,READY,17.76,0.57,104.86,0.58,235.13
2026-02-03 13:29:47.313,7.42,134.74,READY,19.15,0.62,112.22,0.64,235.13
2026-02-03 13:29:47.427,9.18,108.95,READY,1.61,0.57,104.20,0.62,235.13
2026-02-03 13:29:47.649,4.60,217.41,READY,1.50,107.74,105.58,0.56,235.13
2026-02-03 13:29:47.766,9.13,109.58,READY,1.28,0.67,105.06,0.58,235.13
2026-02-03 13:29:47.880,9.16,109.12,READY,1.54,0.65,104.41,0.58,235.13
2026-02-03 13:29:47.993,9.20,108.68,READY,1.48,0.63,104.01,0.62,235.13
2026-02-03 13:29:48.107,9.19,108.79,READY,1.47,0.66,104.15,0.57,235.13
2026-02-03 13:29:48.326,4.68,213.68,READY,1.44,106.56,103.01,0.63,235.13
2026-02-03 13:29:48.442,9.22,108.48,READY,1.38,0.66,103.65,0.64,235.13
2026-02-03 13:29:48.574,7.84,127.58,READY,18.79,0.57,105.61,0.59,235.13
2026-02-03 13:29:48.688,9.20,108.65,READY,1.51,0.60,103.92,0.62,235.13
2026-02-03 13:29:48.801,9.19,108.87,READY,1.48,0.58,104.24,0.60,235.13
2026-02-03 13:29:49.025,4.58,218.36,READY,1.49,108.80,105.31,0.59,235.13
2026-02-03 13:29:49.146,8.77,114.01,READY,1.26,0.66,109.14,0.60,235.13
2026-02-03 13:29:49.260,9.15,109.24,READY,1.66,0.56,104.30,0.56,235.13
2026-02-03 13:29:49.375,9.15,109.25,READY,1.55,0.60,104.49,0.64,235.13
2026-02-03 13:29:49.489,9.14,109.46,READY,1.67,0.60,104.57,0.62,235.13
2026-02-03 13:29:49.708,4.66,214.43,READY,1.52,107.18,103.10,0.62,235.13
2026-02-03 13:29:49.825,9.16,109.13,READY,1.37,0.61,104.45,0.70,235.13
2026-02-03 13:29:49.940,9.08,110.15,READY,1.47,0.56,105.49,0.61,235.13
2026-02-03 13:29:50.054,9.15,109.33,READY,1.50,0.57,104.68,0.61,235.13
2026-02-03 13:29:50.173,8.75,114.27,READY,6.65,0.57,104.41,0.59,235.13
2026-02-03 13:29:50.395,4.62,216.51,READY,1.66,107.97,104.17,0.61,235.13
2026-02-03 13:29:50.511,9.16,109.18,READY,1.26,0.65,104.66,0.62,235.13
2026-02-03 13:29:50.641,7.98,125.31,READY,17.35,0.61,104.77,0.58,235.13
2026-02-03 13:29:50.783,7.30,136.98,READY,19.23,0.66,114.49,0.61,235.13
2026-02-03 13:29:50.898,9.15,109.24,READY,1.62,0.57,104.52,0.57,235.13
2026-02-03 13:29:51.121,4.57,218.73,READY,1.52,109.55,105.08,0.63,235.13
2026-02-03 13:29:51.238,9.11,109.73,READY,1.27,0.62,105.19,0.64,235.13
2026-02-03 13:29:51.353,9.08,110.12,READY,2.21,0.57,104.69,0.60,235.13
2026-02-03 13:29:51.468,9.14,109.38,READY,1.62,0.62,104.59,0.55,235.13
2026-02-03 13:29:51.581,9.20,108.66,READY,1.48,0.57,104.06,0.58,235.13
2026-02-03 13:29:51.816,4.36,229.45,READY,11.78,109.54,105.48,0.60,235.13
2026-02-03 13:29:51.932,9.15,109.29,READY,1.27,0.65,104.86,0.61,235.13
2026-02-03 13:29:52.047,9.10,109.84,READY,1.62,0.64,105.05,0.64,235.13
2026-02-03 13:29:52.173,8.23,121.46,READY,13.90,0.60,104.43,0.57,235.13
2026-02-03 13:29:52.288,9.13,109.53,READY,1.72,0.61,104.72,0.60,235.13
2026-02-03 13:29:52.507,4.67,214.10,READY,1.53,106.57,103.54,0.58,235.13
2026-02-03 13:29:52.620,9.20,108.73,READY,1.93,0.63,103.75,0.61,235.13
2026-02-03 13:29:52.735,9.15,109.35,READY,1.65,0.56,104.51,0.60,235.13
2026-02-03 13:29:52.849,9.16,109.16,READY,1.61,0.57,104.28,0.66,235.13
2026-02-03 13:29:52.975,8.23,121.47,READY,11.99,0.57,106.31,0.56,235.13
2026-02-03 13:29:53.202,4.50,222.05,READY,1.49,108.72,109.20,0.57,235.13
2026-02-03 13:29:53.319,9.09,110.05,READY,1.37,0.70,105.51,0.56,235.13
2026-02-03 13:29:53.442,8.51,117.44,READY,9.54,0.61,104.74,0.58,235.13
2026-02-03 13:29:53.582,7.65,130.76,READY,14.85,0.69,112.71,0.58,235.13
2026-02-03 13:29:53.699,8.94,111.81,READY,1.46,0.64,106.79,0.97,235.13
2026-02-03 13:29:53.921,4.59,217.86,READY,1.60,109.32,104.29,0.62,235.13
2026-02-03 13:29:54.038,9.11,109.76,READY,1.25,0.63,105.26,0.62,235.13
2026-02-03 13:29:54.153,9.13,109.56,READY,1.63,0.59,104.72,0.63,235.13
2026-02-03 13:29:54.268,9.12,109.70,READY,1.82,0.56,104.69,0.57,235.13
2026-02-03 13:29:54.382,9.12,109.59,READY,1.53,0.57,104.96,0.56,235.13
2026-02-03 13:29:54.615,4.38,228.11,READY,11.02,109.78,104.66,0.56,235.13
2026-02-03 13:29:54.732,9.08,110.11,READY,2.17,0.60,104.69,0.61,235.13
2026-02-03 13:29:54.848,9.04,110.58,READY,1.48,0.63,105.94,0.57,235.13
2026-02-03 13:29:54.974,8.28,120.78,READY,13.05,0.61,104.60,0.58,235.13
2026-02-03 13:29:55.089,9.08,110.09,READY,1.60,0.69,105.26,0.59,235.13
2026-02-03 13:29:55.310,4.63,215.84,READY,1.50,108.22,103.57,0.58,235.13
2026-02-03 13:29:55.427,9.14,109.39,READY,1.37,0.63,104.81,0.63,235.13
2026-02-03 13:29:55.541,9.14,109.40,READY,1.51,0.56,104.68,0.59,235.13
2026-02-03 13:29:55.655,9.12,109.71,READY,1.52,0.59,105.06,0.55,235.13
2026-02-03 13:29:55.775,8.73,114.50,READY,6.08,0.58,105.31,0.59,235.13
2026-02-03 13:29:55.999,4.55,219.65,READY,1.52,109.95,105.59,0.56,235.13
2026-02-03 13:29:56.117,9.11,109.78,READY,1.28,0.60,105.32,0.57,235.13
2026-02-03 13:29:56.242,8.32,120.18,READY,12.01,0.61,105.01,0.63,235.13
2026-02-03 13:29:56.381,7.48,133.78,READY,18.95,0.68,111.60,0.58,235.13
2026-02-03 13:29:56.497,8.98,111.30,READY,1.46,0.61,106.59,0.61,235.13
2026-02-03 13:29:56.726,4.48,223.31,READY,1.52,115.65,103.49,0.68,235.13
2026-02-03 13:29:56.842,9.18,108.91,READY,1.35,0.57,104.43,0.61,235.13
2026-02-03 13:29:56.982,7.40,135.16,READY,19.72,0.66,112.20,0.59,235.13
2026-02-03 13:29:57.096,9.11,109.76,READY,1.45,0.61,105.08,0.62,235.13
2026-02-03 13:29:57.211,9.10,109.92,READY,1.49,0.57,105.30,0.57,235.13
2026-02-03 13:29:57.448,4.31,231.79,READY,1.57,117.68,109.90,0.66,235.01
2026-02-03 13:29:57.573,8.48,117.90,READY,1.26,0.63,113.27,0.64,235.01
2026-02-03 13:29:57.696,8.54,117.10,READY,1.35,0.65,112.44,0.60,235.01
2026-02-03 13:29:57.815,8.72,114.64,READY,1.51,0.62,110.00,0.57,235.01
2026-02-03 13:29:57.937,8.55,116.90,READY,1.52,0.65,112.13,0.74,235.01
2026-02-03 13:29:58.176,4.28,233.50,READY,1.35,118.62,110.81,0.63,235.01
2026-02-03 13:29:58.300,8.62,116.07,READY,1.27,0.60,111.48,0.57,235.01
2026-02-03 13:29:58.420,8.68,115.26,READY,1.51,0.57,110.57,0.63,235.01
2026-02-03 13:29:58.543,8.52,117.36,READY,1.44,0.57,112.75,0.62,235.01
2026-02-03 13:29:58.661,8.82,113.40,READY,1.41,0.57,108.66,0.60,235.01
2026-02-03 13:29:58.892,4.43,225.51,READY,1.56,114.22,106.45,0.60,235.01
2026-02-03 13:29:59.020,8.34,119.95,READY,1.25,0.64,115.33,0.61,235.01
2026-02-03 13:29:59.139,8.77,113.98,READY,1.54,0.61,109.29,0.56,235.01
2026-02-03 13:29:59.258,8.74,114.41,READY,1.52,0.61,109.50,0.63,235.01
2026-02-03 13:29:59.380,8.59,116.47,READY,3.43,0.66,109.63,0.56,235.01
2026-02-03 13:29:59.611,4.42,226.01,READY,1.54,110.26,111.32,0.64,235.01
2026-02-03 13:29:59.731,8.85,113.01,READY,1.27,0.63,108.41,0.58,235.01
2026-02-03 13:29:59.849,8.86,112.91,READY,1.45,0.57,108.27,0.56,235.01
2026-02-03 13:29:59.979,7.98,125.32,READY,12.70,0.57,109.16,0.63,235.01
2026-02-03 13:30:00.098,8.82,113.34,READY,1.66,0.57,108.61,0.70,235.01
2026-02-03 13:30:00.322,4.56,219.42,READY,1.31,106.96,107.22,0.55,234.98
2026-02-03 13:30:00.439,9.11,109.71,READY,1.34,0.61,104.65,0.57,234.98
2026-02-03 13:30:00.554,9.13,109.53,READY,1.65,0.61,104.70,0.57,234.98
2026-02-03 13:30:00.668,9.09,109.99,READY,1.62,0.67,105.18,0.58,234.98
2026-02-03 13:30:00.783,9.14,109.44,READY,1.53,0.60,104.72,0.61,234.98
2026-02-03 13:30:01.026,4.20,238.12,READY,15.22,116.11,104.24,0.57,234.98
2026-02-03 13:30:01.143,9.08,110.08,READY,1.43,0.63,105.52,0.57,234.98
2026-02-03 13:30:01.257,9.14,109.37,READY,1.43,0.57,104.72,0.57,234.98
2026-02-03 13:30:01.375,8.88,112.57,READY,4.56,0.58,104.75,0.57,234.98
2026-02-03 13:30:01.489,9.11,109.82,READY,1.56,0.57,105.05,0.57,234.98
2026-02-03 13:30:01.714,4.55,220.01,READY,1.45,107.89,108.13,0.61,234.98
2026-02-03 13:30:01.832,9.08,110.14,READY,1.36,0.69,105.59,0.57,234.98
2026-02-03 13:30:01.950,8.86,112.93,READY,2.05,0.58,107.77,0.56,234.98
2026-02-03 13:30:02.064,9.15,109.27,READY,1.47,0.67,104.59,0.59,234.98
2026-02-03 13:30:02.179,9.05,110.45,READY,1.52,0.61,105.80,0.58,234.98
2026-02-03 13:30:02.410,4.41,226.56,READY,1.49,116.90,105.51,0.65,234.98
2026-02-03 13:30:02.528,9.04,110.61,READY,1.31,0.63,106.12,0.57,234.98
2026-02-03 13:30:02.645,8.93,111.98,READY,1.74,0.57,107.07,0.60,234.98
2026-02-03 13:30:02.776,7.96,125.66,READY,16.88,0.57,105.60,0.59,234.98
2026-02-03 13:30:02.891,9.08,110.09,READY,1.62,0.58,105.33,0.61,234.98
2026-02-03 13:30:03.121,4.44,225.26,READY,1.60,114.50,106.42,0.56,234.98
2026-02-03 13:30:03.238,9.13,109.55,READY,1.26,0.67,105.04,0.59,234.98
2026-02-03 13:30:03.354,9.02,110.91,READY,1.55,0.66,106.20,0.58,234.98
2026-02-03 13:30:03.469,9.09,109.95,READY,1.48,0.68,105.20,0.56,234.98
2026-02-03 13:30:03.589,8.68,115.19,READY,1.67,0.58,110.04,0.66,234.98
2026-02-03 13:30:03.824,4.34,230.60,READY,9.59,109.87,108.62,0.56,235.09
2026-02-03 13:30:03.943,8.99,111.25,READY,2.18,0.62,105.84,0.59,235.09
2026-02-03 13:30:04.058,9.08,110.10,READY,1.59,0.57,105.28,0.61,235.09
2026-02-03 13:30:04.177,8.78,113.91,READY,4.27,0.57,106.39,0.59,235.09
2026-02-03 13:30:04.295,8.85,113.00,READY,1.60,0.59,108.17,0.65,235.09
2026-02-03 13:30:04.524,4.51,221.62,READY,1.26,112.40,105.38,0.64,235.09
2026-02-03 13:30:04.641,9.05,110.51,READY,1.32,0.70,105.98,0.60,235.09
2026-02-03 13:30:04.757,9.06,110.39,READY,1.73,0.66,105.43,0.62,235.09
2026-02-03 13:30:04.872,9.09,109.96,READY,1.67,0.61,105.11,0.59,235.09
2026-02-03 13:30:04.988,8.98,111.40,READY,1.70,0.61,106.59,0.56,235.09
2026-02-03 13:30:05.237,4.10,244.15,READY,10.24,125.46,105.44,0.58,235.09
2026-02-03 13:30:05.355,9.09,109.96,READY,1.27,0.62,105.41,0.66,235.09
2026-02-03 13:30:05.470,9.06,110.37,READY,2.61,0.58,104.61,0.56,235.09
2026-02-03 13:30:05.584,9.12,109.62,READY,2.17,0.56,104.25,0.62,235.09
2026-02-03 13:30:05.712,8.17,122.39,READY,14.30,0.57,104.92,0.59,235.09
2026-02-03 13:30:05.953,4.22,237.08,READY,18.98,109.86,105.61,0.58,235.09
2026-02-03 13:30:06.071,9.11,109.82,READY,1.32,0.69,105.27,0.63,235.09
2026-02-03 13:30:06.185,9.15,109.34,READY,1.64,0.59,104.50,0.59,235.09
2026-02-03 13:30:06.311,8.23,121.45,READY,13.82,0.61,104.42,0.59,235.09
2026-02-03 13:30:06.453,7.32,136.60,READY,19.60,0.67,113.77,0.58,235.09
2026-02-03 13:30:06.675,4.60,217.28,READY,1.61,109.19,103.88,0.65,235.09
2026-02-03 13:30:06.789,9.15,109.25,READY,1.60,0.57,104.44,0.59,235.09
2026-02-03 13:30:06.912,8.47,118.10,READY,9.87,0.56,105.05,0.60,235.09
2026-02-03 13:30:07.049,7.56,132.26,READY,18.89,0.64,110.14,0.57,235.09
2026-02-03 13:30:07.163,9.13,109.56,READY,1.54,0.58,104.86,0.60,235.09
2026-02-03 13:30:07.383,4.67,214.27,READY,1.49,106.63,103.47,0.69,235.09
2026-02-03 13:30:07.499,9.14,109.44,READY,1.38,0.68,104.90,0.57,235.09
2026-02-03 13:30:07.614,9.13,109.55,READY,2.30,0.62,104.12,0.57,235.09
2026-02-03 13:30:07.729,9.08,110.09,READY,2.11,0.61,104.81,0.57,235.09
2026-02-03 13:30:07.843,9.17,109.04,READY,1.79,0.62,104.01,0.61,235.09
2026-02-03 13:30:08.068,4.54,220.30,READY,2.28,106.17,109.51,0.59,235.13
2026-02-03 13:30:08.190,8.72,114.61,READY,1.25,0.67,110.08,0.58,235.13
2026-02-03 13:30:08.321,7.95,125.80,READY,8.72,0.57,113.85,0.60,235.13
2026-02-03 13:30:08.454,7.82,127.83,READY,9.83,0.56,115.01,0.59,235.13
2026-02-03 13:30:08.576,8.51,117.53,READY,1.44,0.63,113.07,0.61,235.13
2026-02-03 13:30:08.801,4.56,219.32,READY,1.63,107.96,107.26,0.58,235.13
2026-02-03 13:30:08.919,9.03,110.78,READY,1.96,0.66,105.53,0.64,235.13
2026-02-03 13:30:09.046,8.20,122.01,READY,13.13,0.61,105.26,0.63,235.13
2026-02-03 13:30:09.161,9.10,109.89,READY,1.43,0.61,105.25,0.59,235.13
2026-02-03 13:30:09.275,9.14,109.37,READY,1.49,0.61,104.68,0.64,235.13
2026-02-03 13:30:09.499,4.56,219.07,READY,1.45,107.06,108.01,0.57,235.13
2026-02-03 13:30:09.616,9.15,109.26,READY,1.29,0.64,104.56,0.60,235.13
2026-02-03 13:30:09.732,9.00,111.06,READY,1.66,0.57,106.04,0.60,235.13
2026-02-03 13:30:09.850,8.86,112.88,READY,1.60,0.57,108.10,0.56,235.13
2026-02-03 13:30:09.966,8.94,111.88,READY,1.50,0.63,107.16,0.61,235.13
2026-02-03 13:30:10.192,4.53,220.89,READY,1.46,110.56,106.04,0.57,235.13
2026-02-03 13:30:10.310,9.02,110.87,READY,1.23,0.63,106.16,0.62,235.13
2026-02-03 13:30:10.433,8.51,117.51,READY,3.13,0.60,108.99,0.60,235.13
2026-02-03 13:30:10.552,8.77,114.05,READY,1.58,0.62,109.10,0.55,235.13
2026-02-03 13:30:10.669,9.10,109.91,READY,1.25,0.74,105.49,0.60,235.13
2026-02-03 13:30:10.904,4.35,229.99,READY,1.50,115.67,110.29,0.55,235.13
2026-02-03 13:30:11.022,9.04,110.61,READY,1.40,0.62,106.04,0.55,235.13
2026-02-03 13:30:11.138,8.98,111.35,READY,1.44,0.61,106.72,0.61,235.13
2026-02-03 13:30:11.254,9.04,110.57,READY,1.57,0.55,105.84,0.58,235.13
2026-02-03 13:30:11.377,8.48,117.94,READY,9.51,0.61,105.30,0.56,235.13
2026-02-03 13:30:11.604,4.50,222.43,READY,1.47,114.62,103.76,0.57,235.13
2026-02-03 13:30:11.720,9.18,108.94,READY,1.26,0.65,104.46,0.57,235.13
2026-02-03 13:30:11.845,8.35,119.75,READY,10.86,0.64,105.73,0.56,235.13
2026-02-03 13:30:11.960,9.11,109.75,READY,1.45,0.61,105.17,0.57,235.13
2026-02-03 13:30:12.075,9.10,109.88,READY,1.47,0.61,105.13,0.71,235.13
2026-02-03 13:30:12.297,4.60,217.51,READY,1.73,107.36,105.54,0.63,235.13
2026-02-03 13:30:12.418,8.78,113.87,READY,1.24,0.62,109.40,0.60,235.13
2026-02-03 13:30:12.536,8.84,113.13,READY,1.50,0.56,108.49,0.57,235.13
2026-02-03 13:30:12.653,8.99,111.23,READY,1.53,0.57,106.56,0.59,235.13
2026-02-03 13:30:12.779,8.21,121.86,READY,10.86,0.60,107.83,0.59,235.13
2026-02-03 13:30:13.001,4.61,217.11,READY,1.51,108.98,103.98,0.60,235.13
2026-02-03 13:30:13.119,9.12,109.60,READY,1.34,0.63,105.08,0.60,235.13
2026-02-03 13:30:13.247,8.08,123.81,READY,13.69,0.65,106.90,0.59,235.13
2026-02-03 13:30:13.363,9.01,110.95,READY,1.48,0.62,106.27,0.58,235.13
2026-02-03 13:30:13.478,9.08,110.19,READY,1.52,0.64,105.44,0.63,235.13
2026-02-03 13:30:13.705,4.50,222.08,READY,1.49,107.28,110.78,0.57,235.13
2026-02-03 13:30:13.822,9.09,109.96,READY,1.26,0.60,105.25,0.61,235.13
2026-02-03 13:30:13.938,9.03,110.75,READY,1.88,0.59,105.55,0.60,235.13
2026-02-03 13:30:14.054,9.03,110.78,READY,2.58,0.64,104.49,0.61,235.13
2026-02-03 13:30:14.187,7.81,128.03,READY,10.60,0.62,114.20,0.64,235.07
2026-02-03 13:30:14.416,4.46,224.37,READY,1.58,110.81,109.16,0.61,235.07
2026-02-03 13:30:14.535,8.93,111.97,READY,1.35,0.59,107.60,0.58,235.09
2026-02-03 13:30:14.654,8.85,113.02,READY,1.33,0.61,108.53,0.58,235.09
2026-02-03 13:30:14.776,8.56,116.84,READY,9.62,0.60,103.93,0.68,235.09
2026-02-03 13:30:14.890,9.16,109.18,READY,1.58,0.62,104.46,0.58,235.09
2026-02-03 13:30:15.110,4.64,215.44,READY,1.54,108.54,102.78,0.61,235.09
2026-02-03 13:30:15.226,9.17,109.10,READY,1.34,0.63,104.58,0.61,235.09
2026-02-03 13:30:15.340,9.22,108.45,READY,1.45,0.56,103.80,0.61,235.09
2026-02-03 13:30:15.454,9.15,109.32,READY,1.59,0.57,104.58,0.66,235.09
2026-02-03 13:30:15.577,8.47,118.02,READY,9.92,0.56,104.89,0.62,235.09
2026-02-03 13:30:15.799,4.60,217.52,READY,1.53,108.96,104.24,0.60,235.09
2026-02-03 13:30:15.916,9.15,109.27,READY,1.30,0.68,104.44,0.59,235.09
2026-02-03 13:30:16.053,7.53,132.78,READY,16.12,0.59,113.22,0.61,234.97
2026-02-03 13:30:16.170,9.15,109.33,READY,1.23,0.63,104.72,0.66,235.09
2026-02-03 13:30:16.284,9.12,109.66,READY,1.68,0.61,104.77,0.64,235.09
2026-02-03 13:30:16.504,4.65,214.89,READY,1.59,107.47,103.27,0.58,235.09
2026-02-03 13:30:16.621,9.09,110.03,READY,1.27,0.63,105.51,0.62,235.09
2026-02-03 13:30:16.735,9.18,108.97,READY,1.49,0.55,104.41,0.65,235.09
2026-02-03 13:30:16.850,9.15,109.31,READY,1.50,0.60,104.56,0.63,235.09
2026-02-03 13:30:16.983,7.80,128.15,READY,18.25,0.56,106.69,0.62,235.09
2026-02-03 13:30:17.219,4.33,230.99,READY,17.36,107.67,103.36,0.62,235.09
2026-02-03 13:30:17.334,9.20,108.74,READY,1.31,0.67,104.23,0.59,235.09
2026-02-03 13:30:17.448,9.23,108.36,READY,1.59,0.60,103.53,0.64,235.09
2026-02-03 13:30:17.586,7.51,133.11,READY,20.33,0.84,109.06,0.61,235.09
2026-02-03 13:30:17.712,8.23,121.56,READY,14.34,0.67,103.88,0.62,235.09
2026-02-03 13:30:17.956,4.18,238.99,READY,19.86,110.12,106.10,0.68,235.09
2026-02-03 13:30:18.072,9.18,108.90,READY,1.38,0.60,103.93,0.62,235.09
2026-02-03 13:30:18.187,9.15,109.35,READY,1.57,0.58,104.24,0.62,235.09
2026-02-03 13:30:18.315,8.13,123.04,READY,13.55,0.57,105.97,0.62,235.09
2026-02-03 13:30:18.444,7.99,125.15,READY,17.76,0.58,104.07,0.58,235.09
2026-02-03 13:30:18.664,4.65,214.91,READY,1.56,107.00,103.76,0.64,235.09
2026-02-03 13:30:18.780,9.19,108.78,READY,1.32,0.66,104.25,0.59,235.09
2026-02-03 13:30:18.918,7.52,132.99,READY,19.85,0.65,109.78,0.61,235.09
2026-02-03 13:30:19.044,8.28,120.72,READY,13.94,0.59,103.56,0.61,235.09
2026-02-03 13:30:19.158,9.19,108.80,READY,1.54,0.64,104.17,0.60,235.09
2026-02-03 13:30:19.378,4.65,215.18,READY,1.48,106.89,104.23,0.57,235.09
2026-02-03 13:30:19.493,9.23,108.33,READY,1.34,0.65,103.83,0.57,235.09
2026-02-03 13:30:19.607,9.21,108.60,READY,1.49,0.57,103.94,0.56,235.09
2026-02-03 13:30:19.720,9.24,108.18,READY,1.52,0.56,103.50,0.54,235.09
2026-02-03 13:30:19.844,8.38,119.30,READY,12.48,0.57,103.70,0.55,235.09
2026-02-03 13:30:20.063,4.68,213.88,READY,1.57,106.99,102.78,0.56,235.09
2026-02-03 13:30:20.179,9.22,108.47,READY,1.27,0.66,103.78,0.60,235.09
2026-02-03 13:30:20.293,9.14,109.47,READY,1.90,0.60,103.44,0.57,235.09
2026-02-03 13:30:20.407,9.16,109.13,READY,1.57,0.62,104.01,0.59,235.09
2026-02-03 13:30:20.521,9.17,109.04,READY,1.52,0.61,104.16,0.60,235.09
2026-02-03 13:30:20.756,4.34,230.41,READY,11.62,113.09,103.11,0.55,235.09
2026-02-03 13:30:20.871,9.25,108.09,READY,1.35,0.62,103.57,0.57,235.09
2026-02-03 13:30:20.986,9.16,109.20,READY,1.50,0.57,104.50,0.60,235.09
2026-02-03 13:30:21.112,8.24,121.40,READY,14.93,0.56,103.29,0.56,235.09
2026-02-03 13:30:21.250,7.49,133.53,READY,20.59,0.76,109.29,0.58,235.09
2026-02-03 13:30:21.472,4.61,216.80,READY,1.54,108.20,104.48,0.55,235.09
2026-02-03 13:30:21.590,9.02,110.89,READY,1.33,0.69,106.40,0.62,235.09
2026-02-03 13:30:21.713,8.46,118.24,READY,10.40,0.61,104.60,0.62,235.09
2026-02-03 13:30:21.828,9.14,109.40,READY,1.58,0.61,104.65,0.57,235.09
2026-02-03 13:30:21.942,9.11,109.75,READY,1.57,0.62,105.03,0.61,235.09
2026-02-03 13:30:22.167,4.55,219.95,READY,1.52,111.11,104.78,0.55,235.09
2026-02-03 13:30:22.283,9.01,111.01,READY,1.57,0.57,106.21,0.60,235.09
2026-02-03 13:30:22.400,8.96,111.58,READY,1.54,0.55,106.97,0.58,235.09
2026-02-03 13:30:22.517,8.92,112.08,READY,1.55,0.57,107.33,0.61,235.09
2026-02-03 13:30:22.633,8.96,111.59,READY,1.55,0.57,106.81,0.62,235.09
2026-02-03 13:30:22.858,4.59,217.99,READY,1.37,108.45,105.48,0.63,235.09
2026-02-03 13:30:22.984,8.45,118.30,READY,1.31,0.57,113.80,0.59,235.09
2026-02-03 13:30:23.104,8.72,114.68,READY,1.49,0.71,109.97,0.55,235.09
2026-02-03 13:30:23.223,8.79,113.80,READY,1.51,0.72,108.97,0.65,235.09
2026-02-03 13:30:23.340,8.89,112.44,READY,1.62,0.61,107.75,0.57,235.13
2026-02-03 13:30:23.562,4.62,216.41,READY,1.63,108.25,103.76,0.56,235.13
2026-02-03 13:30:23.682,8.81,113.56,READY,1.33,0.57,108.27,0.63,235.13
2026-02-03 13:30:23.796,9.19,108.84,READY,1.55,0.56,104.09,0.61,235.13
2026-02-03 13:30:23.913,8.92,112.10,READY,4.44,0.57,104.37,0.59,235.13
2026-02-03 13:30:24.027,9.16,109.19,READY,1.54,0.57,104.44,0.61,235.13
2026-02-03 13:30:24.253,4.54,220.27,READY,1.53,111.65,104.42,0.60,235.13
2026-02-03 13:30:24.368,9.22,108.49,READY,1.29,0.65,103.96,0.61,235.13
2026-02-03 13:30:24.482,9.20,108.67,READY,1.55,0.60,103.92,0.61,235.13
2026-02-03 13:30:24.595,9.22,108.51,READY,1.51,0.64,103.80,0.61,235.13
2026-02-03 13:30:24.713,8.90,112.41,READY,5.67,0.62,103.56,0.59,235.13
2026-02-03 13:30:24.932,4.67,214.27,READY,1.53,107.81,102.36,0.60,235.13
2026-02-03 13:30:25.047,9.28,107.78,READY,1.26,0.68,103.21,0.60,235.13
2026-02-03 13:30:25.161,9.20,108.73,READY,1.68,0.58,103.84,0.58,235.13
2026-02-03 13:30:25.274,9.23,108.36,READY,1.66,0.60,103.54,0.58,235.13
2026-02-03 13:30:25.387,9.24,108.24,READY,1.78,0.60,103.31,0.57,235.13
2026-02-03 13:30:25.626,4.28,233.76,READY,14.05,113.99,103.20,0.56,235.13
2026-02-03 13:30:25.741,9.25,108.09,READY,1.36,0.60,103.67,0.62,235.13
2026-02-03 13:30:25.861,8.71,114.75,READY,1.47,0.58,108.01,0.56,235.13
2026-02-03 13:30:25.981,8.70,114.94,READY,8.46,0.56,103.34,0.60,235.13
2026-02-03 13:30:26.123,7.29,137.25,READY,20.62,0.80,112.61,1.01,235.13
2026-02-03 13:30:26.340,4.70,212.86,READY,1.48,106.19,102.59,0.60,235.13
2026-02-03 13:30:26.456,9.25,108.08,READY,1.29,0.61,103.56,0.60,235.13
2026-02-03 13:30:26.581,8.33,120.02,READY,13.36,0.57,103.49,0.62,235.13
2026-02-03 13:30:26.719,7.47,133.84,READY,20.49,0.83,109.75,0.58,235.13
2026-02-03 13:30:26.833,9.23,108.36,READY,1.47,0.58,103.65,0.63,235.13
2026-02-03 13:30:27.051,4.70,212.97,READY,1.56,106.26,102.59,0.58,235.13
2026-02-03 13:30:27.166,9.23,108.35,READY,1.32,0.70,103.82,0.56,235.13
2026-02-03 13:30:27.279,9.27,107.92,READY,1.44,0.65,103.26,0.61,235.13
2026-02-03 13:30:27.392,9.25,108.14,READY,1.51,0.61,103.44,0.56,235.13
2026-02-03 13:30:27.513,8.61,116.11,READY,9.20,0.61,103.71,0.61,235.13
2026-02-03 13:30:27.731,4.70,212.79,READY,1.42,106.27,102.53,0.64,235.13
2026-02-03 13:30:27.847,9.20,108.67,READY,1.29,0.69,104.15,0.60,235.13
2026-02-03 13:30:27.960,9.25,108.14,READY,1.46,0.56,103.53,0.56,235.13
2026-02-03 13:30:28.072,9.26,107.94,READY,1.43,0.57,103.35,0.57,235.13
2026-02-03 13:30:28.185,9.30,107.57,READY,1.47,0.57,102.95,0.57,235.13
2026-02-03 13:30:28.421,4.33,231.03,READY,16.46,108.52,103.48,0.58,235.13
2026-02-03 13:30:28.536,9.24,108.23,READY,1.31,0.66,103.47,0.61,235.13
2026-02-03 13:30:28.653,8.93,112.01,READY,1.50,0.61,107.01,0.65,235.13
2026-02-03 13:30:28.781,8.12,123.12,READY,16.12,0.61,103.80,0.64,235.13
2026-02-03 13:30:28.919,7.53,132.82,READY,20.11,0.86,109.05,0.58,235.13
2026-02-03 13:30:29.140,4.63,216.15,READY,1.48,109.46,102.61,0.56,235.13
2026-02-03 13:30:29.256,9.25,108.07,READY,1.24,0.62,103.60,0.57,235.13
2026-02-03 13:30:29.381,8.28,120.74,READY,13.98,0.57,103.60,0.57,235.13
2026-02-03 13:30:29.519,7.53,132.75,READY,20.33,0.84,108.71,0.57,235.13
2026-02-03 13:30:29.633,9.17,109.03,READY,1.48,0.57,104.35,0.56,235.13
2026-02-03 13:30:29.850,4.70,212.55,READY,1.44,106.20,102.28,0.62,235.13
2026-02-03 13:30:29.966,9.17,109.01,READY,1.34,0.67,104.47,0.60,235.13
2026-02-03 13:30:30.079,9.25,108.15,READY,1.44,0.60,103.56,0.57,235.13
2026-02-03 13:30:30.193,9.25,108.09,READY,1.52,0.62,103.41,0.56,235.13
2026-02-03 13:30:30.313,8.63,115.81,READY,9.06,0.61,103.58,0.57,235.13
2026-02-03 13:30:30.531,4.69,213.28,READY,1.43,106.44,102.85,0.56,235.13
2026-02-03 13:30:30.647,9.22,108.46,READY,1.24,0.70,103.97,0.57,235.13
2026-02-03 13:30:30.761,9.21,108.55,READY,1.50,0.57,103.87,0.57,235.13
2026-02-03 13:30:30.873,9.26,107.98,READY,1.51,0.58,103.29,0.57,235.13
2026-02-03 13:30:30.987,9.25,108.14,READY,1.44,0.62,103.47,0.62,235.13
2026-02-03 13:30:31.220,4.39,228.03,READY,15.11,107.50,102.93,0.59,235.13
2026-02-03 13:30:31.335,9.23,108.33,READY,1.25,0.71,103.84,0.58,235.13
2026-02-03 13:30:31.449,9.18,108.94,READY,1.46,0.60,104.29,0.56,235.13
2026-02-03 13:30:31.562,9.27,107.83,READY,1.44,0.61,103.28,0.57,235.13
2026-02-03 13:30:31.675,9.25,108.06,READY,1.44,0.65,103.38,0.61,235.13
2026-02-03 13:30:31.893,4.68,213.58,READY,1.48,106.08,103.42,0.56,235.13
2026-02-03 13:30:32.008,9.23,108.29,READY,1.26,0.62,103.80,0.57,235.13
2026-02-03 13:30:32.121,9.28,107.80,READY,1.48,0.57,103.15,0.57,235.13
2026-02-03 13:30:32.246,8.38,119.40,READY,12.73,0.57,103.51,0.56,235.13
2026-02-03 13:30:32.359,9.23,108.32,READY,1.42,0.60,103.68,0.60,235.13
2026-02-03 13:30:32.577,4.68,213.89,READY,1.50,106.44,103.33,0.62,235.13
2026-02-03 13:30:32.693,9.21,108.63,READY,1.35,0.68,103.93,0.55,235.13
2026-02-03 13:30:32.806,9.25,108.13,READY,1.44,0.64,103.34,0.62,235.13
2026-02-03 13:30:32.920,9.21,108.58,READY,1.44,0.60,103.93,0.61,235.13
2026-02-03 13:30:33.046,8.22,121.59,READY,14.13,0.61,104.30,0.60,235.13
2026-02-03 13:30:33.264,4.71,212.39,READY,1.45,105.79,102.57,0.55,235.13
2026-02-03 13:30:33.379,9.27,107.86,READY,1.25,0.71,103.33,0.61,235.13
2026-02-03 13:30:33.492,9.20,108.71,READY,1.55,0.57,103.95,0.57,235.13
2026-02-03 13:30:33.605,9.27,107.92,READY,1.52,0.57,103.30,0.56,235.13
2026-02-03 13:30:33.718,9.29,107.64,READY,1.46,0.56,103.04,0.57,235.13
2026-02-03 13:30:33.958,4.25,235.06,READY,20.44,108.48,103.42,0.61,235.13
2026-02-03 13:30:34.073,9.23,108.30,READY,1.37,0.69,103.53,0.60,235.13
2026-02-03 13:30:34.186,9.29,107.64,READY,1.45,0.63,102.89,0.56,235.13
2026-02-03 13:30:34.315,8.07,123.91,READY,16.26,0.60,103.97,1.10,235.13
2026-02-03 13:30:34.428,9.18,108.92,READY,1.54,0.61,104.17,0.56,235.13
2026-02-03 13:30:34.647,4.68,213.86,READY,1.50,107.13,102.71,0.57,235.13
2026-02-03 13:30:34.763,9.24,108.20,READY,1.25,0.63,103.74,0.61,235.13
2026-02-03 13:30:34.876,9.20,108.64,READY,1.94,0.57,103.60,0.60,235.13
2026-02-03 13:30:34.990,9.20,108.66,READY,1.59,0.58,103.92,0.58,235.13
2026-02-03 13:30:35.115,8.33,120.05,READY,12.49,0.57,104.35,0.63,235.13
2026-02-03 13:30:35.333,4.69,213.30,READY,1.47,106.46,102.74,0.57,235.13
2026-02-03 13:30:35.448,9.23,108.35,READY,1.25,0.65,103.88,0.55,235.13
2026-02-03 13:30:35.562,9.18,108.92,READY,1.96,0.61,103.78,0.64,235.13
2026-02-03 13:30:35.675,9.26,107.96,READY,1.41,0.59,103.39,0.58,235.13
2026-02-03 13:30:35.788,9.24,108.19,READY,1.74,0.61,103.24,0.58,235.13
2026-02-03 13:30:36.025,4.31,231.86,READY,14.00,112.10,103.26,0.58,235.13
2026-02-03 13:30:36.140,9.27,107.85,READY,1.23,0.62,103.37,0.59,235.13
2026-02-03 13:30:36.253,9.26,108.00,READY,1.58,0.58,103.28,0.58,235.13
2026-02-03 13:30:36.382,8.10,123.44,READY,17.11,0.57,103.16,0.58,235.13
2026-02-03 13:30:36.519,7.53,132.71,READY,20.86,0.84,108.15,0.59,235.13
2026-02-03 13:30:36.738,4.67,214.01,READY,1.51,107.24,102.61,0.60,235.13
2026-02-03 13:30:36.853,9.25,108.12,READY,1.38,0.67,103.53,0.61,235.13
2026-02-03 13:30:36.982,8.08,123.80,READY,16.95,0.59,103.62,0.63,235.13
2026-02-03 13:30:37.120,7.55,132.52,READY,20.25,0.92,108.56,0.61,235.13
2026-02-03 13:30:37.233,9.21,108.60,READY,1.49,0.61,103.96,0.61,235.13
2026-02-03 13:30:37.452,4.67,214.15,READY,1.46,107.16,102.97,0.58,235.13
2026-02-03 13:30:37.568,9.24,108.24,READY,1.26,0.61,103.76,0.58,235.13
2026-02-03 13:30:37.681,9.24,108.23,READY,1.53,0.56,103.55,0.63,235.13
2026-02-03 13:30:37.794,9.25,108.08,READY,1.46,0.56,103.61,0.57,235.13
2026-02-03 13:30:37.915,8.62,116.06,READY,8.44,0.57,104.47,0.59,235.13
2026-02-03 13:30:38.135,4.65,214.89,READY,1.53,106.45,104.35,0.56,235.13
2026-02-03 13:30:38.251,9.16,109.15,READY,1.33,0.67,104.11,1.08,235.13
2026-02-03 13:30:38.388,7.58,131.88,READY,19.43,0.90,108.73,0.61,235.13
2026-02-03 13:30:38.501,9.23,108.33,READY,1.51,0.61,103.66,0.60,235.13
2026-02-03 13:30:38.615,9.20,108.68,READY,1.55,0.61,103.93,0.59,235.13
2026-02-03 13:30:38.837,4.60,217.21,READY,1.45,109.88,103.26,0.57,235.13
2026-02-03 13:30:38.953,9.18,108.87,READY,1.27,0.62,104.35,0.61,235.13
2026-02-03 13:30:39.067,9.21,108.54,READY,1.48,0.58,103.80,0.63,235.13
2026-02-03 13:30:39.183,9.00,111.08,READY,4.19,0.57,103.67,0.59,235.13
2026-02-03 13:30:39.296,9.18,108.95,READY,1.83,0.56,103.88,0.62,235.13
2026-02-03 13:30:39.519,4.59,217.96,READY,1.65,110.84,102.90,0.58,235.13
2026-02-03 13:30:39.635,9.23,108.37,READY,1.26,0.68,103.87,0.62,235.13
2026-02-03 13:30:39.748,9.20,108.73,READY,1.87,0.61,103.66,0.59,235.13
2026-02-03 13:30:39.862,9.22,108.49,READY,1.65,0.61,103.68,0.57,235.13
2026-02-03 13:30:39.983,8.62,116.04,READY,9.05,0.59,103.83,0.58,235.13
2026-02-03 13:30:40.202,4.66,214.58,READY,1.82,107.23,102.94,0.60,235.13
2026-02-03 13:30:40.318,9.22,108.49,READY,1.40,0.66,103.93,0.57,235.13
2026-02-03 13:30:40.432,9.19,108.77,READY,1.86,0.58,103.75,0.56,235.13
2026-02-03 13:30:40.545,9.24,108.18,READY,1.51,0.57,103.53,0.57,235.13
2026-02-03 13:30:40.658,9.24,108.25,READY,1.52,0.56,103.58,0.57,235.13
2026-02-03 13:30:40.897,4.27,233.96,READY,13.03,110.20,108.22,0.60,235.13
2026-02-03 13:30:41.013,9.19,108.84,READY,1.28,0.60,104.29,0.61,235.13
2026-02-03 13:30:41.128,9.10,109.89,READY,1.59,0.67,103.47,0.58,235.13
2026-02-03 13:30:41.251,8.48,117.94,READY,11.28,0.66,103.30,0.62,235.13
2026-02-03 13:30:41.388,7.52,133.04,READY,20.57,0.92,108.71,0.56,235.13
2026-02-03 13:30:41.608,4.67,214.22,READY,1.49,107.47,102.70,0.57,235.13
2026-02-03 13:30:41.723,9.23,108.33,READY,1.25,0.68,103.80,0.67,235.13
2026-02-03 13:30:41.852,8.09,123.67,READY,16.07,0.61,103.78,1.25,235.13
2026-02-03 13:30:41.989,7.57,132.16,READY,19.65,0.80,108.89,0.60,235.13
2026-02-03 13:30:42.102,9.18,108.92,READY,1.57,0.57,104.18,0.61,235.13
2026-02-03 13:30:42.322,4.65,215.07,READY,1.68,106.58,104.15,0.61,235.13
2026-02-03 13:30:42.438,9.21,108.58,READY,1.34,0.68,103.88,0.66,235.13
2026-02-03 13:30:42.552,9.20,108.73,READY,1.85,0.62,103.68,0.59,235.13
2026-02-03 13:30:42.665,9.24,108.26,READY,1.50,0.62,103.75,0.57,235.13
2026-02-03 13:30:42.784,8.79,113.81,READY,6.18,0.64,104.46,0.58,235.13
2026-02-03 13:30:43.003,4.67,213.91,READY,1.51,107.04,102.76,0.63,235.13
2026-02-03 13:30:43.119,9.20,108.72,READY,1.36,0.63,103.97,0.84,235.13
2026-02-03 13:30:43.233,9.16,109.16,READY,1.78,0.60,104.16,0.56,235.13
2026-02-03 13:30:43.346,9.22,108.44,READY,1.47,0.57,103.80,0.60,235.13
2026-02-03 13:30:43.459,9.26,108.01,READY,1.46,0.62,103.34,0.59,235.13
2026-02-03 13:30:43.693,4.36,229.17,READY,12.51,108.76,105.23,0.56,235.13
2026-02-03 13:30:43.808,9.25,108.11,READY,1.27,0.67,103.39,0.58,235.13
2026-02-03 13:30:43.924,9.06,110.37,READY,1.62,0.58,103.43,0.64,235.13
2026-02-03 13:30:44.053,8.05,124.29,READY,15.88,0.61,103.91,0.55,235.13
2026-02-03 13:30:44.184,7.91,126.44,READY,18.58,0.63,104.71,0.56,235.13
2026-02-03 13:30:44.407,4.59,217.74,READY,1.50,111.25,102.47,0.56,235.13
2026-02-03 13:30:44.523,9.18,108.91,READY,1.47,0.57,103.32,0.62,235.13
2026-02-03 13:30:44.651,8.14,122.92,READY,16.37,0.61,103.37,0.59,235.13
2026-02-03 13:30:44.789,7.53,132.84,READY,20.56,0.85,108.53,0.56,235.13
2026-02-03 13:30:44.902,9.19,108.77,READY,1.57,0.57,104.03,0.61,235.13
2026-02-03 13:30:45.124,4.62,216.57,READY,1.44,110.12,102.38,0.60,235.13
2026-02-03 13:30:45.239,9.27,107.85,READY,1.27,0.69,103.47,0.58,235.13
2026-02-03 13:30:45.353,9.18,108.91,READY,1.80,0.63,103.88,0.60,235.13
2026-02-03 13:30:45.466,9.21,108.58,READY,1.47,0.61,103.91,0.62,235.13
2026-02-03 13:30:45.583,8.92,112.15,READY,5.35,0.60,103.58,0.58,235.13
2026-02-03 13:30:45.803,4.67,214.36,READY,1.46,108.09,102.16,0.64,235.13
2026-02-03 13:30:45.918,9.22,108.43,READY,1.46,0.64,103.76,0.56,235.13
2026-02-03 13:30:46.031,9.25,108.08,READY,1.54,0.56,103.45,0.56,235.13
2026-02-03 13:30:46.144,9.29,107.66,READY,1.51,0.60,102.99,0.56,235.13
2026-02-03 13:30:46.258,9.17,109.06,READY,1.50,0.56,104.08,0.61,235.13
2026-02-03 13:30:46.492,4.37,229.04,READY,14.01,109.04,103.25,0.70,235.13
2026-02-03 13:30:46.607,9.24,108.24,READY,1.36,0.71,103.66,0.58,235.13
2026-02-03 13:30:46.720,9.22,108.42,READY,1.51,0.63,103.67,0.59,235.13
2026-02-03 13:30:46.857,7.57,132.12,READY,19.39,0.65,109.48,0.58,235.13
2026-02-03 13:30:46.986,8.11,123.26,READY,14.23,0.60,105.53,0.62,235.13
2026-02-03 13:30:47.208,4.60,217.21,READY,1.60,110.63,102.44,0.59,235.13
2026-02-03 13:30:47.323,9.28,107.77,READY,1.30,0.67,103.21,0.59,235.13
2026-02-03 13:30:47.451,8.11,123.30,READY,17.05,0.56,103.12,0.58,235.13
2026-02-03 13:30:47.590,7.44,134.38,READY,20.89,0.77,109.85,0.61,235.13
2026-02-03 13:30:47.704,9.17,109.01,READY,1.42,0.57,104.41,0.57,235.13
2026-02-03 13:30:47.927,4.60,217.48,READY,1.51,110.52,102.82,0.62,235.13
2026-02-03 13:30:48.042,9.24,108.19,READY,1.34,0.66,103.64,0.57,235.13
2026-02-03 13:30:48.155,9.24,108.20,READY,1.46,0.65,103.56,0.57,235.13
2026-02-03 13:30:48.268,9.24,108.24,READY,1.49,0.61,103.51,0.63,235.13
2026-02-03 13:30:48.384,9.04,110.56,READY,3.54,0.64,103.83,0.62,235.13
2026-02-03 13:30:48.607,4.58,218.20,READY,1.48,110.90,103.34,0.57,235.13
2026-02-03 13:30:48.722,9.27,107.89,READY,1.27,0.64,103.41,0.56,235.13
2026-02-03 13:30:48.852,8.01,124.87,READY,17.96,0.56,103.72,0.57,235.13
2026-02-03 13:30:48.990,7.50,133.27,READY,20.11,0.85,109.42,0.58,235.13
2026-02-03 13:30:49.104,9.21,108.59,READY,1.89,0.56,103.54,0.56,235.13
2026-02-03 13:30:49.322,4.69,213.21,READY,1.32,106.44,102.92,0.56,235.13
2026-02-03 13:30:49.438,9.21,108.57,READY,1.37,0.67,104.02,0.56,235.13
2026-02-03 13:30:49.551,9.24,108.28,READY,1.51,0.64,103.63,0.58,235.13
2026-02-03 13:30:49.664,9.25,108.12,READY,1.50,0.61,103.41,0.59,235.13
2026-02-03 13:30:49.784,8.69,115.04,READY,7.95,0.60,103.86,0.63,235.13
2026-02-03 13:30:50.003,4.68,213.62,READY,1.49,107.07,102.49,0.59,235.13
2026-02-03 13:30:50.118,9.21,108.56,READY,1.30,0.62,104.03,0.61,235.13
2026-02-03 13:30:50.232,9.23,108.39,READY,1.55,0.57,103.66,0.57,235.13
2026-02-03 13:30:50.345,9.23,108.40,READY,1.46,0.59,103.92,0.58,235.13
2026-02-03 13:30:50.458,9.22,108.40,READY,1.60,0.57,103.64,0.60,235.13
2026-02-03 13:30:50.696,4.30,232.67,READY,13.90,112.75,103.40,0.57,235.13
2026-02-03 13:30:50.812,9.22,108.45,READY,1.34,0.66,103.92,0.57,235.13
2026-02-03 13:30:50.925,9.23,108.40,READY,1.49,0.63,103.75,0.59,235.13
2026-02-03 13:30:51.052,8.22,121.70,READY,15.28,0.61,103.21,0.57,235.13
2026-02-03 13:30:51.190,7.52,132.99,READY,20.64,0.80,108.73,0.55,235.13
2026-02-03 13:30:51.407,4.70,212.63,READY,1.56,106.08,102.43,0.60,235.13
2026-02-03 13:30:51.523,9.22,108.42,READY,1.27,0.60,103.72,0.63,235.13
2026-02-03 13:30:51.654,7.91,126.41,READY,17.67,0.56,102.99,0.56,235.13
2026-02-03 13:30:51.785,7.97,125.54,READY,18.30,0.57,104.05,0.58,235.13
2026-02-03 13:30:51.899,9.14,109.45,READY,2.14,0.57,104.14,0.56,235.13
2026-02-03 13:30:52.119,4.64,215.69,READY,1.68,108.83,102.55,0.58,235.13
2026-02-03 13:30:52.235,9.23,108.29,READY,1.27,0.67,103.83,0.61,235.13
2026-02-03 13:30:52.348,9.24,108.28,READY,1.56,0.61,103.49,0.61,235.13
2026-02-03 13:30:52.462,9.20,108.73,READY,1.61,0.62,103.94,0.62,235.13
2026-02-03 13:30:52.584,8.58,116.58,READY,9.73,0.60,103.62,0.61,235.13
2026-02-03 13:30:52.802,4.70,212.80,READY,1.78,106.36,102.13,0.58,235.13
2026-02-03 13:30:52.919,9.23,108.33,READY,1.44,0.62,103.71,0.57,235.13
2026-02-03 13:30:53.033,9.15,109.26,READY,1.37,0.57,104.35,0.55,235.13
2026-02-03 13:30:53.148,9.26,107.99,READY,1.39,0.62,103.41,0.54,235.13
2026-02-03 13:30:53.261,9.25,108.05,READY,1.64,0.59,103.23,0.62,235.13
2026-02-03 13:30:53.500,4.27,234.41,READY,11.67,114.19,105.61,0.57,235.13
2026-02-03 13:30:53.616,9.20,108.70,READY,1.31,0.64,104.16,0.62,235.13
2026-02-03 13:30:53.730,9.23,108.37,READY,1.49,0.63,103.67,0.62,235.13
2026-02-03 13:30:53.852,8.47,118.02,READY,11.12,0.61,103.65,0.61,235.13
2026-02-03 13:30:53.992,7.45,134.16,READY,20.22,0.87,110.19,0.60,235.13
2026-02-03 13:30:54.215,4.58,218.13,READY,1.44,111.25,102.81,0.63,235.13
2026-02-03 13:30:54.333,9.06,110.35,READY,1.44,0.56,104.33,0.63,235.13
2026-02-03 13:30:54.452,8.72,114.69,READY,7.93,0.57,103.54,0.61,235.13
2026-02-03 13:30:54.590,7.54,132.70,READY,20.31,0.85,108.67,0.59,235.13
2026-02-03 13:30:54.703,9.26,108.03,READY,1.45,0.63,103.51,0.56,235.13
2026-02-03 13:30:54.922,4.67,214.08,READY,1.51,107.43,102.51,0.59,235.13
2026-02-03 13:30:55.037,9.24,108.28,READY,1.37,0.70,103.74,0.55,235.13
2026-02-03 13:30:55.150,9.27,107.93,READY,1.45,0.61,103.32,0.61,235.13
2026-02-03 13:30:55.263,9.27,107.89,READY,1.44,0.60,103.25,0.62,235.13
2026-02-03 13:30:55.385,8.54,117.09,READY,9.75,0.61,104.12,0.61,235.13
2026-02-03 13:30:55.603,4.70,212.98,READY,1.42,106.48,102.50,0.59,235.13
2026-02-03 13:30:55.719,9.21,108.60,READY,1.29,0.63,104.06,0.60,235.13
2026-02-03 13:30:55.832,9.23,108.31,READY,1.51,0.57,103.58,0.60,235.13
2026-02-03 13:30:55.945,9.26,107.97,READY,1.52,0.57,103.27,0.62,235.13
2026-02-03 13:30:56.058,9.23,108.29,READY,1.45,0.57,103.69,0.60,235.13
2026-02-03 13:30:56.296,4.29,233.00,READY,14.92,111.79,103.67,0.58,235.13
2026-02-03 13:30:56.412,9.22,108.50,READY,1.38,0.68,103.85,0.62,235.13
2026-02-03 13:30:56.525,9.26,107.94,READY,1.47,0.61,103.36,0.56,235.13
2026-02-03 13:30:56.652,8.14,122.85,READY,16.31,0.60,103.51,0.60,235.13
2026-02-03 13:30:56.766,9.23,108.29,READY,1.46,0.62,103.65,0.57,235.13
2026-02-03 13:30:56.988,4.59,217.78,READY,1.47,110.96,102.74,0.62,235.13
2026-02-03 13:30:57.104,9.25,108.12,READY,1.30,0.62,103.58,0.60,235.13
2026-02-03 13:30:57.217,9.26,108.01,READY,1.50,0.57,103.35,0.60,235.13
2026-02-03 13:30:57.330,9.26,108.05,READY,1.47,0.59,103.41,0.58,235.13
2026-02-03 13:30:57.453,8.47,118.06,READY,11.46,0.56,103.42,0.62,235.13
2026-02-03 13:30:57.675,4.61,217.05,READY,1.48,110.59,102.39,0.62,235.13
2026-02-03 13:30:57.790,9.23,108.34,READY,1.31,0.69,103.79,0.63,235.13
2026-02-03 13:30:57.930,7.43,134.52,READY,18.97,0.68,112.30,0.58,235.13
2026-02-03 13:30:58.053,8.46,118.17,READY,11.62,0.61,103.40,0.61,235.13
2026-02-03 13:30:58.166,9.20,108.68,READY,1.48,0.62,104.00,0.62,235.13
2026-02-03 13:30:58.386,4.66,214.49,READY,1.47,107.43,102.99,0.59,235.13
2026-02-03 13:30:58.502,9.21,108.53,READY,1.36,0.64,104.00,0.61,235.13
2026-02-03 13:30:58.615,9.21,108.55,READY,1.61,0.61,103.77,0.58,235.13
2026-02-03 13:30:58.731,9.02,110.83,READY,1.67,0.56,105.69,0.58,235.13
2026-02-03 13:30:58.853,8.49,117.82,READY,10.60,0.57,104.09,0.58,235.13
2026-02-03 13:30:59.074,4.64,215.72,READY,1.44,108.88,102.78,0.62,235.13
2026-02-03 13:30:59.189,9.25,108.15,READY,1.36,0.68,103.61,0.60,235.13
2026-02-03 13:30:59.329,7.43,134.57,READY,19.90,0.68,111.42,0.60,235.13
2026-02-03 13:30:59.453,8.38,119.33,READY,12.32,0.61,103.80,0.64,235.13
2026-02-03 13:30:59.567,9.23,108.36,READY,1.46,0.60,103.68,0.69,235.13
2026-02-03 13:30:59.791,4.55,219.56,READY,1.48,111.53,103.23,1.28,235.13
2026-02-03 13:30:59.907,9.19,108.80,READY,1.42,0.57,104.22,0.57,235.13
2026-02-03 13:31:00.022,9.11,109.72,READY,1.49,0.64,103.72,0.57,235.13
2026-02-03 13:31:00.135,9.22,108.49,READY,1.45,0.61,103.83,0.59,235.13
2026-02-03 13:31:00.254,8.81,113.54,READY,6.27,0.58,104.12,0.58,235.13
2026-02-03 13:31:00.477,4.58,218.36,READY,1.45,110.49,103.83,0.56,235.13
2026-02-03 13:31:00.593,9.23,108.33,READY,1.29,0.69,103.81,0.57,235.13
2026-02-03 13:31:00.721,8.11,123.24,READY,16.91,0.62,103.20,0.56,235.13
2026-02-03 13:31:00.860,7.44,134.43,READY,20.80,0.86,109.96,0.57,235.13
2026-02-03 13:31:00.976,9.06,110.33,READY,1.50,0.62,105.86,0.57,235.13
2026-02-03 13:31:01.193,4.70,212.55,READY,1.44,106.15,102.39,0.57,235.13
2026-02-03 13:31:01.309,9.18,108.95,READY,2.21,0.57,103.56,0.59,235.13
2026-02-03 13:31:01.429,8.73,114.60,READY,2.16,0.58,109.33,0.57,235.13
2026-02-03 13:31:01.546,8.92,112.10,READY,1.52,0.69,107.16,0.61,235.13
2026-02-03 13:31:01.663,8.95,111.67,READY,1.48,0.55,106.98,0.53,235.13
2026-02-03 13:31:01.901,4.29,233.28,READY,11.87,113.04,105.70,0.61,235.13
2026-02-03 13:31:02.022,8.86,112.87,READY,1.44,0.67,108.17,0.69,235.13
2026-02-03 13:31:02.139,8.90,112.31,READY,1.36,0.63,107.69,0.57,235.13
2026-02-03 13:31:02.258,8.81,113.46,READY,2.39,0.61,107.89,0.61,235.13
2026-02-03 13:31:02.376,8.89,112.55,READY,1.34,0.63,107.91,0.56,235.13
2026-02-03 13:31:02.601,4.54,220.39,READY,1.60,110.76,105.50,0.59,235.13
2026-02-03 13:31:02.721,8.92,112.13,READY,1.43,0.64,107.51,0.57,235.13
2026-02-03 13:31:02.838,8.87,112.70,READY,1.52,0.57,107.79,0.63,235.13
2026-02-03 13:31:02.957,8.84,113.14,READY,1.55,0.56,108.27,0.61,235.13
2026-02-03 13:31:03.074,8.92,112.09,READY,1.45,0.56,107.30,0.61,235.13
2026-02-03 13:31:03.298,4.57,218.67,READY,1.26,110.36,104.40,0.53,235.13
2026-02-03 13:31:03.414,9.17,108.99,READY,1.49,0.67,104.31,0.62,235.13
2026-02-03 13:31:03.527,9.24,108.19,READY,1.55,0.59,103.52,0.54,235.13
2026-02-03 13:31:03.653,8.27,120.95,READY,14.57,0.61,103.26,0.55,235.13
2026-02-03 13:31:03.766,9.31,107.44,READY,1.46,0.62,102.84,0.55,235.13
2026-02-03 13:31:03.989,4.58,218.18,READY,1.44,111.55,102.66,0.57,235.13
2026-02-03 13:31:04.104,9.26,107.94,READY,1.25,0.62,103.48,0.56,235.13
2026-02-03 13:31:04.218,9.18,108.99,READY,2.44,0.58,103.30,0.66,235.13
2026-02-03 13:31:04.331,9.28,107.77,READY,1.55,0.61,103.01,0.62,235.13
2026-02-03 13:31:04.454,8.45,118.35,READY,11.49,0.56,103.76,0.58,235.13
2026-02-03 13:31:04.672,4.70,212.82,READY,1.49,106.20,102.53,0.58,235.13
2026-02-03 13:31:04.787,9.21,108.55,READY,1.25,0.76,104.04,0.58,235.13
2026-02-03 13:31:04.901,9.22,108.49,READY,1.51,0.61,103.78,0.58,235.13
2026-02-03 13:31:05.016,9.09,110.02,READY,1.57,0.61,105.30,0.56,235.13
2026-02-03 13:31:05.128,9.27,107.83,READY,1.54,0.62,103.14,0.59,235.13
2026-02-03 13:31:05.362,4.38,228.39,READY,13.77,108.87,103.23,0.53,235.13
2026-02-03 13:31:05.477,9.23,108.30,READY,1.50,0.64,103.68,0.54,235.13
2026-02-03 13:31:05.590,9.26,107.95,READY,1.49,0.57,103.31,0.61,235.13
2026-02-03 13:31:05.727,7.60,131.56,READY,20.18,0.84,107.65,0.62,235.13
2026-02-03 13:31:05.858,7.91,126.41,READY,15.49,0.57,107.33,0.52,235.13
2026-02-03 13:31:06.077,4.67,214.29,READY,1.54,106.90,103.33,0.58,235.13
2026-02-03 13:31:06.193,9.24,108.21,READY,1.27,0.67,103.71,0.57,235.13
2026-02-03 13:31:06.322,8.05,124.25,READY,17.55,0.61,103.52,0.58,235.13
2026-02-03 13:31:06.460,7.53,132.79,READY,20.39,0.86,108.71,0.57,235.13
2026-02-03 13:31:06.573,9.22,108.40,READY,1.50,0.61,103.76,0.58,235.13
2026-02-03 13:31:06.796,4.59,217.77,READY,1.49,111.02,102.72,0.56,235.13
2026-02-03 13:31:06.912,9.18,108.88,READY,1.24,0.72,104.33,0.63,235.13
2026-02-03 13:31:07.025,9.22,108.44,READY,1.50,0.57,103.84,0.57,235.13
2026-02-03 13:31:07.139,9.21,108.60,READY,1.47,0.57,103.87,0.67,235.13
2026-02-03 13:31:07.255,9.00,111.08,READY,3.73,0.64,104.09,0.62,235.13
2026-02-03 13:31:07.474,4.67,214.34,READY,1.53,106.93,103.24,0.57,235.13
2026-02-03 13:31:07.590,9.19,108.79,READY,1.39,0.67,104.24,0.57,235.13
2026-02-03 13:31:07.704,9.19,108.83,READY,1.52,0.67,104.09,0.58,235.13
2026-02-03 13:31:07.818,9.16,109.16,READY,1.51,0.61,104.48,0.58,235.13
2026-02-03 13:31:07.931,9.22,108.43,READY,1.52,0.66,103.64,0.62,235.13
2026-02-03 13:31:08.163,4.41,226.86,READY,11.68,108.02,104.51,0.66,235.13
2026-02-03 13:31:08.278,9.21,108.62,READY,1.36,0.64,104.01,0.62,235.13
2026-02-03 13:31:08.392,9.24,108.25,READY,1.47,0.56,103.59,0.58,235.13
2026-02-03 13:31:08.529,7.52,132.98,READY,19.09,0.63,110.63,0.57,235.13
2026-02-03 13:31:08.655,8.28,120.75,READY,13.10,0.57,104.46,0.57,235.13
2026-02-03 13:31:08.877,4.61,216.81,READY,1.48,107.79,105.04,0.60,235.07
2026-02-03 13:31:08.992,9.24,108.19,READY,1.26,0.60,103.72,0.59,235.07
2026-02-03 13:31:09.124,7.90,126.60,READY,18.22,0.61,105.23,0.55,235.07
2026-02-03 13:31:09.256,7.89,126.70,READY,18.71,0.61,104.79,0.62,235.07
2026-02-03 13:31:09.369,9.21,108.54,READY,1.42,0.61,103.90,0.59,235.07
2026-02-03 13:31:09.591,4.60,217.47,READY,1.47,110.95,102.46,0.61,235.07
2026-02-03 13:31:09.707,9.20,108.67,READY,1.27,0.63,104.17,0.59,235.07
2026-02-03 13:31:09.821,9.22,108.41,READY,1.48,0.57,103.73,0.58,235.07
2026-02-03 13:31:09.934,9.20,108.65,READY,1.58,0.58,103.85,0.62,235.07
2026-02-03 13:31:10.055,8.63,115.93,READY,8.68,0.56,104.07,0.59,235.07
2026-02-03 13:31:10.273,4.69,213.40,READY,1.48,106.29,103.04,0.58,235.07
2026-02-03 13:31:10.389,9.20,108.65,READY,1.29,0.61,104.13,0.61,235.07
2026-02-03 13:31:10.503,9.20,108.73,READY,1.47,0.61,104.08,0.64,235.07
2026-02-03 13:31:10.616,9.24,108.19,READY,1.47,0.61,103.50,0.58,235.07
2026-02-03 13:31:10.730,9.18,108.93,READY,1.49,0.62,104.26,0.60,235.07
2026-02-03 13:31:10.965,4.34,230.18,READY,13.04,108.91,105.69,0.57,235.07
2026-02-03 13:31:11.080,9.23,108.31,READY,1.27,0.61,103.78,0.61,235.07
2026-02-03 13:31:11.194,9.25,108.10,READY,1.49,0.57,103.43,0.61,235.07
2026-02-03 13:31:11.324,8.00,125.06,READY,17.37,0.57,104.54,0.56,235.07
2026-02-03 13:31:11.437,9.18,108.96,READY,1.48,0.57,104.32,0.56,235.07
2026-02-03 13:31:11.656,4.68,213.58,READY,1.46,106.61,102.90,0.60,235.07
2026-02-03 13:31:11.775,8.96,111.61,READY,1.32,0.70,106.91,0.76,235.07
2026-02-03 13:31:11.888,9.24,108.28,READY,1.48,0.63,103.82,0.58,235.07
2026-02-03 13:31:12.001,9.22,108.49,READY,1.51,0.61,103.83,0.59,235.07
2026-02-03 13:31:12.123,8.55,116.98,READY,9.64,0.65,104.20,0.55,235.07
2026-02-03 13:31:12.342,4.66,214.39,READY,1.47,106.18,104.11,0.61,235.07
2026-02-03 13:31:12.458,9.21,108.63,READY,1.39,0.64,104.03,0.66,235.07
2026-02-03 13:31:12.572,9.22,108.44,READY,1.51,0.57,103.75,0.59,235.07
2026-02-03 13:31:12.685,9.23,108.40,READY,1.46,0.57,103.76,0.60,235.07
2026-02-03 13:31:12.798,9.23,108.37,READY,1.54,0.57,103.65,0.63,235.07
2026-02-03 13:31:13.033,4.35,229.93,READY,12.79,111.69,102.86,0.56,235.07
2026-02-03 13:31:13.149,9.20,108.75,READY,1.26,0.68,104.25,0.58,235.07
2026-02-03 13:31:13.263,9.19,108.76,READY,2.14,0.65,103.43,0.57,235.07
2026-02-03 13:31:13.391,8.13,123.02,READY,16.38,0.66,103.43,0.59,235.07
2026-02-03 13:31:13.529,7.49,133.55,READY,20.56,0.70,109.53,0.55,235.07
2026-02-03 13:31:13.748,4.68,213.82,READY,1.54,106.70,103.01,0.56,235.07
2026-02-03 13:31:13.863,9.24,108.22,READY,1.24,0.66,103.76,0.59,235.07
2026-02-03 13:31:13.991,8.14,122.92,READY,15.89,0.62,103.77,0.66,235.07
2026-02-03 13:31:14.128,7.57,132.18,READY,20.14,0.91,108.28,0.56,235.07
2026-02-03 13:31:14.241,9.23,108.32,READY,1.50,0.56,103.77,0.56,235.07
2026-02-03 13:31:14.465,4.59,218.08,READY,1.50,111.09,102.90,0.57,235.07
2026-02-03 13:31:14.581,9.16,109.18,READY,1.25,0.64,104.70,0.57,235.07
2026-02-03 13:31:14.696,9.09,109.98,READY,1.55,0.61,105.26,0.58,235.07
2026-02-03 13:31:14.810,9.16,109.13,READY,1.48,0.62,104.53,0.55,235.07
2026-02-03 13:31:14.925,9.09,110.03,READY,1.55,0.64,105.28,0.59,235.07
2026-02-03 13:31:15.148,4.59,217.82,READY,1.44,109.00,104.79,0.60,235.07
2026-02-03 13:31:15.264,9.14,109.46,READY,1.29,0.63,104.69,0.59,235.07
2026-02-03 13:31:15.393,8.10,123.40,READY,15.19,0.55,104.74,0.57,235.07
2026-02-03 13:31:15.533,7.37,135.66,READY,18.88,0.68,113.51,0.56,235.07
2026-02-03 13:31:15.648,9.12,109.64,READY,1.48,0.57,105.01,0.58,235.07
2026-02-03 13:31:15.868,4.64,215.57,READY,1.48,108.13,103.42,0.56,235.07
2026-02-03 13:31:15.986,9.09,110.02,READY,1.47,0.67,105.06,0.61,235.07
2026-02-03 13:31:16.101,9.06,110.38,READY,1.75,0.67,105.31,0.62,235.07
2026-02-03 13:31:16.216,9.12,109.64,READY,1.58,0.61,104.89,0.61,235.07
2026-02-03 13:31:16.329,9.18,108.90,READY,1.46,0.60,104.22,0.59,235.07
2026-02-03 13:31:16.563,4.37,228.89,READY,14.33,108.91,103.10,0.57,235.07
2026-02-03 13:31:16.679,9.22,108.42,READY,1.30,0.64,103.91,0.64,235.07
2026-02-03 13:31:16.792,9.24,108.24,READY,1.63,0.61,103.38,0.59,235.07
2026-02-03 13:31:16.931,7.48,133.73,READY,19.69,0.62,110.82,0.62,235.07
2026-02-03 13:31:17.045,9.10,109.85,READY,1.50,0.56,105.20,0.56,235.07
2026-02-03 13:31:17.270,4.55,219.93,READY,1.48,112.43,103.39,0.61,235.07
2026-02-03 13:31:17.387,9.12,109.68,READY,1.35,0.66,105.18,0.56,235.07
2026-02-03 13:31:17.501,9.15,109.28,READY,1.46,0.62,104.64,0.56,235.07
2026-02-03 13:31:17.615,9.18,108.99,READY,1.51,0.62,104.34,0.58,235.07
2026-02-03 13:31:17.728,9.24,108.17,READY,1.45,0.63,103.48,0.60,235.07
2026-02-03 13:31:17.964,4.34,230.52,READY,15.67,107.99,104.26,0.62,235.07
2026-02-03 13:31:18.080,9.14,109.39,READY,1.41,0.69,104.76,0.59,235.07
2026-02-03 13:31:18.195,9.09,109.99,READY,1.52,0.57,105.38,0.60,235.07
2026-02-03 13:31:18.327,7.89,126.81,READY,16.80,0.56,106.78,0.61,235.07
2026-02-03 13:31:18.442,9.04,110.68,READY,1.65,0.58,105.71,0.62,235.07
2026-02-03 13:31:18.663,4.62,216.42,READY,1.50,107.55,104.73,0.58,235.07
2026-02-03 13:31:18.780,9.15,109.34,READY,1.30,0.72,104.81,0.57,235.07
2026-02-03 13:31:18.895,9.13,109.48,READY,1.49,0.60,104.76,0.63,235.07
2026-02-03 13:31:19.009,9.17,109.10,READY,1.51,0.59,104.38,0.58,235.07
2026-02-03 13:31:19.126,8.91,112.22,READY,3.35,0.64,105.64,0.58,235.07
2026-02-03 13:31:19.346,4.65,215.27,READY,1.48,108.24,102.96,0.62,235.07
2026-02-03 13:31:19.462,9.20,108.64,READY,1.34,0.66,104.12,0.57,235.07
2026-02-03 13:31:19.592,8.01,124.83,READY,18.13,0.55,103.60,0.57,235.07
2026-02-03 13:31:19.729,7.54,132.54,READY,20.29,0.84,108.46,0.65,235.07
2026-02-03 13:31:19.843,9.21,108.59,READY,1.50,0.57,103.88,0.63,235.07
2026-02-03 13:31:20.061,4.69,213.17,READY,1.52,106.19,102.81,0.59,235.07
2026-02-03 13:31:20.176,9.23,108.33,READY,1.27,0.66,103.83,0.59,235.07
2026-02-03 13:31:20.290,9.22,108.43,READY,1.50,0.60,103.81,0.60,235.07
2026-02-03 13:31:20.403,9.25,108.05,READY,1.48,0.64,103.36,0.63,235.07
2026-02-03 13:31:20.524,8.58,116.54,READY,9.41,0.60,103.91,0.62,235.07
2026-02-03 13:31:20.747,4.59,217.67,READY,1.50,110.15,103.12,1.02,235.07
2026-02-03 13:31:20.862,9.23,108.40,READY,1.26,0.62,103.92,0.63,235.07
2026-02-03 13:31:20.993,7.99,125.18,READY,17.70,0.56,104.25,0.61,235.07
2026-02-03 13:31:21.130,7.54,132.56,READY,19.61,0.61,109.69,0.62,235.07
2026-02-03 13:31:21.243,9.23,108.32,READY,1.55,0.57,103.57,0.61,235.07
2026-02-03 13:31:21.466,4.59,217.67,READY,1.48,109.50,104.11,0.53,235.07
2026-02-03 13:31:21.582,9.20,108.66,READY,1.51,0.68,104.01,0.54,235.07
2026-02-03 13:31:21.695,9.27,107.92,READY,1.47,0.66,103.28,0.59,235.07
2026-02-03 13:31:21.807,9.31,107.46,READY,1.44,0.59,102.91,0.53,235.07
2026-02-03 13:31:21.924,8.88,112.59,READY,5.53,0.60,103.87,0.57,235.07
2026-02-03 13:31:22.139,4.77,209.75,READY,1.47,103.68,102.09,0.56,235.07
2026-02-03 13:31:22.255,9.22,108.41,READY,1.40,0.65,103.76,0.55,235.07
2026-02-03 13:31:22.368,9.25,108.07,READY,1.48,0.56,103.42,0.53,235.07
2026-02-03 13:31:22.480,9.28,107.72,READY,1.50,0.58,103.12,0.56,235.07
2026-02-03 13:31:22.593,9.29,107.68,READY,1.47,0.56,103.09,0.57,235.07
2026-02-03 13:31:22.835,4.21,237.28,READY,19.49,108.62,106.63,0.56,235.03
2026-02-03 13:31:22.958,8.73,114.49,READY,1.39,0.67,109.88,0.59,235.03
2026-02-03 13:31:23.077,8.77,114.02,READY,1.76,0.60,107.53,0.68,235.03
2026-02-03 13:31:23.196,8.78,113.86,READY,3.40,0.61,107.15,0.56,235.03
2026-02-03 13:31:23.328,7.85,127.46,READY,17.12,0.61,107.10,0.67,235.13
2026-02-03 13:31:23.545,4.72,212.03,READY,1.59,105.18,102.73,0.57,235.13
2026-02-03 13:31:23.661,9.23,108.35,READY,1.43,0.66,103.70,0.60,235.13
2026-02-03 13:31:23.800,7.42,134.69,READY,19.62,0.62,111.72,0.62,235.13
2026-02-03 13:31:23.924,8.41,118.97,READY,12.14,0.57,103.69,0.58,235.13
2026-02-03 13:31:24.038,9.23,108.33,READY,1.49,0.58,103.67,0.58,235.13
2026-02-03 13:31:24.260,4.61,217.13,READY,1.49,109.67,103.38,0.58,235.13
2026-02-03 13:31:24.375,9.26,108.05,READY,1.24,0.71,103.54,0.60,235.13
2026-02-03 13:31:24.488,9.25,108.10,READY,1.49,0.62,103.41,0.54,235.13
2026-02-03 13:31:24.601,9.23,108.34,READY,1.55,0.64,103.64,0.59,235.13
2026-02-03 13:31:24.724,8.45,118.30,READY,11.45,0.60,103.66,0.57,235.13
2026-02-03 13:31:24.947,4.60,217.23,READY,1.49,109.04,104.13,0.62,235.13
2026-02-03 13:31:25.061,9.31,107.40,READY,1.32,0.63,102.87,0.60,235.13
2026-02-03 13:31:25.201,7.40,135.10,READY,19.51,0.62,112.27,0.59,235.13
2026-02-03 13:31:25.324,8.48,117.99,READY,11.54,0.57,103.26,0.58,235.13
2026-02-03 13:31:25.437,9.26,108.04,READY,1.55,0.58,103.33,0.57,235.13
2026-02-03 13:31:25.655,4.69,213.31,READY,1.54,106.36,102.82,0.57,235.13
2026-02-03 13:31:25.773,9.09,110.04,READY,1.49,0.72,105.37,0.56,235.13
2026-02-03 13:31:25.890,8.88,112.68,READY,1.87,0.60,107.61,0.62,235.13
2026-02-03 13:31:26.004,9.19,108.85,READY,1.45,0.64,104.20,0.57,235.13
2026-02-03 13:31:26.127,8.46,118.27,READY,8.85,0.62,106.19,0.58,235.13
2026-02-03 13:31:26.352,4.55,219.81,READY,1.51,111.97,103.77,0.57,235.13
2026-02-03 13:31:26.467,9.25,108.09,READY,1.28,0.64,103.67,0.64,235.13
2026-02-03 13:31:26.593,8.28,120.84,READY,13.40,0.57,104.23,0.61,235.13
2026-02-03 13:31:26.734,7.35,136.03,READY,19.71,0.71,113.02,0.59,235.13
2026-02-03 13:31:26.848,9.17,109.10,READY,1.54,0.61,104.35,0.61,235.13
2026-02-03 13:31:27.071,4.59,217.91,READY,1.71,106.29,107.31,0.56,235.13
2026-02-03 13:31:27.187,9.16,109.21,READY,1.75,0.68,104.26,0.56,235.13
2026-02-03 13:31:27.303,9.17,109.04,READY,1.22,0.59,104.78,0.66,235.13
2026-02-03 13:31:27.417,9.17,109.00,READY,1.80,0.61,104.00,0.64,235.13
2026-02-03 13:31:27.531,9.21,108.58,READY,1.48,0.60,103.87,0.65,235.13
2026-02-03 13:31:27.768,4.30,232.78,READY,18.62,106.22,105.29,0.60,235.13
2026-02-03 13:31:27.885,9.13,109.48,READY,1.28,0.59,104.99,0.64,235.13
2026-02-03 13:31:27.999,9.19,108.82,READY,1.42,0.56,104.24,0.59,235.13
2026-02-03 13:31:28.126,8.17,122.39,READY,14.42,0.57,104.82,0.58,235.13
2026-02-03 13:31:28.241,9.04,110.57,READY,1.44,0.62,105.91,0.60,235.13
2026-02-03 13:31:28.469,4.49,222.54,READY,1.46,112.57,105.85,0.62,235.13
2026-02-03 13:31:28.587,9.02,110.86,READY,1.32,0.65,106.33,0.58,235.13
2026-02-03 13:31:28.702,9.10,109.94,READY,1.58,0.62,105.17,0.57,235.13
2026-02-03 13:31:28.816,9.14,109.44,READY,1.53,0.66,104.76,0.57,235.13
2026-02-03 13:31:28.931,9.16,109.17,READY,1.54,0.63,104.45,0.65,235.13
2026-02-03 13:31:29.271,2.98,335.66,READY,18.75,210.77,103.66,0.58,235.13
2026-02-03 13:31:29.390,9.00,111.10,READY,1.33,0.62,106.40,0.76,235.13
2026-02-03 13:31:29.506,9.02,110.82,READY,2.14,0.64,105.44,0.56,235.13
2026-02-03 13:31:29.620,9.13,109.47,READY,1.75,0.62,104.47,0.62,235.13
2026-02-03 13:31:29.734,9.17,109.07,READY,1.58,0.57,104.29,0.64,235.13
2026-02-03 13:31:29.976,4.21,237.58,READY,15.42,109.70,109.99,0.60,235.13
2026-02-03 13:31:30.097,8.82,113.39,READY,1.29,0.59,108.93,0.59,235.13
2026-02-03 13:31:30.211,9.15,109.28,READY,1.40,0.64,104.69,0.59,235.13
2026-02-03 13:31:30.331,8.75,114.22,READY,3.10,0.66,107.32,0.59,235.13
2026-02-03 13:31:30.445,9.09,109.97,READY,1.51,0.60,105.21,0.65,235.13
2026-02-03 13:31:30.672,4.51,221.70,READY,1.46,114.01,103.66,0.59,235.13
2026-02-03 13:31:30.789,9.13,109.52,READY,1.25,0.70,105.02,0.57,235.13
2026-02-03 13:31:30.904,9.07,110.21,READY,1.52,0.59,105.54,0.57,235.13
2026-02-03 13:31:31.017,9.22,108.50,READY,1.54,0.57,103.78,0.68,235.13
2026-02-03 13:31:31.134,8.98,111.38,READY,1.54,0.56,106.61,0.61,235.13
2026-02-03 13:31:31.373,4.27,234.31,READY,16.02,111.76,103.96,0.59,235.13
2026-02-03 13:31:31.490,9.13,109.54,READY,1.30,0.69,104.96,0.62,235.13
2026-02-03 13:31:31.603,9.20,108.71,READY,1.52,0.65,103.96,0.63,235.13
2026-02-03 13:31:31.728,8.38,119.34,READY,10.38,0.60,105.80,0.61,235.13
2026-02-03 13:31:31.846,8.78,113.89,READY,1.60,0.61,108.92,0.86,235.13
2026-02-03 13:31:32.074,4.49,222.96,READY,2.51,112.32,105.27,0.64,235.13
2026-02-03 13:31:32.193,8.97,111.47,READY,1.67,0.57,105.66,0.63,235.13
2026-02-03 13:31:32.309,9.01,110.99,READY,1.50,0.60,105.99,0.61,235.13
2026-02-03 13:31:32.423,9.13,109.51,READY,1.51,0.56,104.97,0.66,235.13
2026-02-03 13:31:32.540,8.97,111.54,READY,1.52,0.57,106.81,0.63,235.13
2026-02-03 13:31:32.776,4.32,231.49,READY,10.00,112.40,106.52,0.66,235.13
2026-02-03 13:31:32.893,9.14,109.46,READY,1.29,0.62,104.96,0.59,235.13
2026-02-03 13:31:33.008,9.12,109.69,READY,1.52,0.62,104.96,0.63,235.13
2026-02-03 13:31:33.127,8.78,113.92,READY,6.18,0.61,104.57,0.66,235.13
2026-02-03 13:31:33.240,9.17,109.05,READY,1.53,0.58,104.28,0.61,235.13
2026-02-03 13:31:33.459,4.67,214.18,READY,1.53,106.96,103.17,0.55,235.13
2026-02-03 13:31:33.573,9.20,108.70,READY,1.52,0.56,104.04,0.53,235.13
2026-02-03 13:31:33.687,9.18,108.96,READY,1.55,0.58,104.32,0.54,235.13
2026-02-03 13:31:33.800,9.23,108.37,READY,1.62,0.60,103.58,0.52,235.13
2026-02-03 13:31:33.928,8.13,123.07,READY,13.71,0.56,106.24,0.57,235.13
2026-02-03 13:31:34.150,4.62,216.46,READY,1.56,109.47,102.88,0.57,235.13
2026-02-03 13:31:34.265,9.23,108.35,READY,1.46,0.68,103.76,0.58,235.13
2026-02-03 13:31:34.395,8.02,124.69,READY,16.64,0.61,104.82,0.62,235.13
2026-02-03 13:31:34.515,8.71,114.75,READY,1.58,0.59,104.74,5.83,235.13
2026-02-03 13:31:34.632,9.16,109.20,READY,1.51,0.69,104.45,0.60,235.13
2026-02-03 13:31:34.850,4.70,212.99,READY,1.47,106.15,102.82,0.60,235.13
2026-02-03 13:31:34.967,9.10,109.88,READY,1.35,0.64,105.06,0.95,235.13
2026-02-03 13:31:35.080,9.20,108.70,READY,1.58,0.56,103.94,0.56,235.13
2026-02-03 13:31:35.194,9.22,108.46,READY,1.67,0.57,103.62,0.59,235.13
2026-02-03 13:31:35.307,9.20,108.74,READY,1.44,0.64,104.08,0.63,235.13
2026-02-03 13:31:35.532,4.56,219.49,READY,1.44,112.16,103.30,0.56,235.13
2026-02-03 13:31:35.648,9.14,109.36,READY,1.25,0.73,104.85,0.59,235.13
2026-02-03 13:31:35.763,9.14,109.40,READY,1.50,0.62,104.69,0.63,235.13
2026-02-03 13:31:35.878,9.08,110.10,READY,1.57,0.60,105.31,0.60,235.13
2026-02-03 13:31:35.996,8.82,113.40,READY,4.44,0.61,105.76,0.57,235.13
2026-02-03 13:31:36.218,4.61,216.77,READY,1.59,107.61,105.04,0.60,235.13
2026-02-03 13:31:36.335,9.07,110.23,READY,1.36,0.65,105.75,0.58,235.13
2026-02-03 13:31:36.464,8.06,124.08,READY,15.26,0.58,105.65,0.58,235.13
2026-02-03 13:31:36.596,7.90,126.62,READY,18.05,0.57,105.43,0.56,235.13
2026-02-03 13:31:36.710,9.13,109.55,READY,1.52,0.58,104.88,0.65,235.13
2026-02-03 13:31:36.939,4.46,224.06,READY,1.42,114.15,105.86,0.58,235.13
2026-02-03 13:31:37.056,9.09,110.00,READY,1.31,0.68,105.51,0.59,235.13
2026-02-03 13:31:37.172,9.04,110.58,READY,2.20,0.60,105.17,0.60,235.13
2026-02-03 13:31:37.289,8.90,112.37,READY,1.77,0.71,107.23,0.58,235.13
2026-02-03 13:31:37.404,9.11,109.74,READY,1.66,0.61,104.88,0.57,235.13
2026-02-03 13:31:37.635,4.42,226.00,READY,10.41,108.39,104.60,0.57,235.13
2026-02-03 13:31:37.751,9.20,108.73,READY,1.26,0.66,104.19,0.65,235.13
2026-02-03 13:31:37.866,9.08,110.12,READY,1.69,0.57,105.24,0.59,235.13
2026-02-03 13:31:37.994,8.08,123.74,READY,16.58,0.55,103.86,0.73,235.13
2026-02-03 13:31:38.111,9.06,110.36,READY,1.45,0.57,105.67,0.79,235.13
2026-02-03 13:31:38.333,4.59,217.93,READY,1.52,107.81,105.87,0.58,235.13
2026-02-03 13:31:38.450,9.19,108.84,READY,1.34,0.70,104.32,0.57,235.13
2026-02-03 13:31:38.564,9.15,109.30,READY,1.45,0.68,104.62,0.60,235.13
2026-02-03 13:31:38.678,9.17,109.03,READY,1.51,0.61,104.38,0.59,235.13
2026-02-03 13:31:38.795,8.94,111.88,READY,4.40,0.60,104.37,0.59,235.13
2026-02-03 13:31:39.019,4.56,219.09,READY,1.48,109.07,105.92,0.57,235.13
2026-02-03 13:31:39.137,8.97,111.46,READY,1.32,0.63,106.95,0.57,235.13
2026-02-03 13:31:39.263,8.29,120.59,READY,12.96,0.57,104.48,0.57,235.13
2026-02-03 13:31:39.401,7.52,133.00,READY,19.57,0.64,110.18,0.61,235.13
2026-02-03 13:31:39.515,9.19,108.82,READY,1.50,0.57,104.10,0.68,235.13
2026-02-03 13:31:39.739,4.54,220.03,READY,1.45,108.67,107.24,0.60,235.13
2026-02-03 13:31:39.856,9.15,109.24,READY,1.26,0.65,104.77,0.61,235.13
2026-02-03 13:31:39.970,9.18,108.95,READY,1.50,0.62,104.30,0.59,235.13
2026-02-03 13:31:40.083,9.24,108.26,READY,1.44,0.66,103.62,0.58,235.13
2026-02-03 13:31:40.197,9.16,109.23,READY,1.50,0.61,104.47,0.59,235.13
2026-02-03 13:31:40.422,4.55,219.96,READY,1.44,108.06,107.64,0.56,235.13
2026-02-03 13:31:40.545,8.66,115.43,READY,1.37,0.55,110.05,0.74,235.13
2026-02-03 13:31:40.664,8.80,113.66,READY,5.72,0.60,104.72,0.61,235.13
2026-02-03 13:31:40.801,7.52,132.90,READY,19.77,0.96,109.43,0.60,235.13
2026-02-03 13:31:40.916,9.13,109.52,READY,1.78,0.63,104.56,0.59,235.13
2026-02-03 13:31:41.143,4.53,220.90,READY,1.24,113.83,103.26,0.60,235.13
2026-02-03 13:31:41.260,9.12,109.67,READY,2.40,0.67,103.97,0.65,235.13
2026-02-03 13:31:41.377,9.09,110.04,READY,1.31,0.72,105.53,0.59,235.13
2026-02-03 13:31:41.494,9.04,110.62,READY,1.51,0.61,104.58,0.57,235.13
2026-02-03 13:31:41.607,9.20,108.65,READY,1.51,0.66,103.93,0.61,235.13
2026-02-03 13:31:41.841,4.38,228.51,READY,11.64,108.45,105.90,0.54,235.13
2026-02-03 13:31:41.958,9.13,109.53,READY,1.27,0.58,105.04,0.57,235.13
2026-02-03 13:31:42.072,9.16,109.11,READY,1.64,0.61,104.32,0.59,235.13
2026-02-03 13:31:42.196,8.45,118.39,READY,10.48,0.60,104.68,0.60,235.13
2026-02-03 13:31:42.311,9.09,109.99,READY,2.45,0.58,104.32,0.62,235.13
2026-02-03 13:31:42.535,4.61,216.75,READY,1.33,107.73,105.14,0.59,235.13
2026-02-03 13:31:42.652,9.03,110.70,READY,1.67,0.66,105.82,0.65,235.13
2026-02-03 13:31:42.769,8.96,111.56,READY,2.36,0.62,106.04,0.59,235.13
2026-02-03 13:31:42.884,9.04,110.58,READY,1.64,0.61,105.78,0.61,235.13
2026-02-03 13:31:42.999,9.11,109.81,READY,1.60,0.61,105.08,0.61,235.13
2026-02-03 13:31:43.219,4.64,215.46,READY,1.74,106.96,103.94,0.61,235.13
2026-02-03 13:31:43.335,9.01,111.03,READY,1.60,0.56,105.86,0.67,235.13
2026-02-03 13:31:43.467,7.88,126.88,READY,16.25,0.61,107.14,0.53,235.13
2026-02-03 13:31:43.596,8.02,124.71,READY,17.08,0.57,104.45,0.57,235.13
2026-02-03 13:31:43.710,9.19,108.81,READY,1.56,0.56,104.09,0.57,235.13
2026-02-03 13:31:43.932,4.62,216.51,READY,1.68,108.89,103.32,0.58,235.13
2026-02-03 13:31:44.048,9.17,109.03,READY,1.41,0.60,104.46,0.58,235.13
2026-02-03 13:31:44.162,9.21,108.61,READY,1.62,0.61,103.94,0.60,235.13
2026-02-03 13:31:44.275,9.23,108.34,READY,1.55,0.64,103.55,0.63,235.13
2026-02-03 13:31:44.396,8.63,115.83,READY,8.13,0.65,104.47,0.62,235.13
2026-02-03 13:31:44.619,4.59,218.06,READY,1.63,110.80,103.07,0.56,235.13
2026-02-03 13:31:44.736,9.12,109.67,READY,1.32,0.63,105.07,0.66,235.13
2026-02-03 13:31:44.871,7.68,130.20,READY,18.44,0.57,107.44,0.88,235.09
2026-02-03 13:31:44.997,8.25,121.19,READY,12.00,0.60,106.00,0.65,235.13
2026-02-03 13:31:45.115,8.86,112.90,READY,1.49,0.57,108.24,0.59,235.13
2026-02-03 13:31:45.336,4.63,215.93,READY,1.56,106.48,105.20,0.55,235.13
2026-02-03 13:31:45.453,9.11,109.75,READY,1.45,0.66,105.15,0.55,235.13
2026-02-03 13:31:45.568,9.13,109.49,READY,1.62,0.61,104.77,0.58,235.13
2026-02-03 13:31:45.684,9.11,109.79,READY,1.33,0.61,105.28,0.63,235.13
2026-02-03 13:31:45.799,9.07,110.19,READY,1.63,0.60,105.38,0.60,235.13
2026-02-03 13:31:46.018,4.65,214.90,READY,1.68,106.71,103.90,0.61,235.13
2026-02-03 13:31:46.135,9.11,109.76,READY,1.32,0.64,105.11,0.63,235.13
2026-02-03 13:31:46.266,7.97,125.48,READY,16.09,0.56,105.89,0.57,235.13
2026-02-03 13:31:46.379,9.20,108.73,READY,1.51,0.62,103.94,0.67,235.13
2026-02-03 13:31:46.495,9.06,110.38,READY,1.71,0.57,105.41,0.69,235.13
2026-02-03 13:31:46.720,4.54,220.18,READY,1.63,108.32,107.48,0.60,235.13
2026-02-03 13:31:46.836,9.14,109.39,READY,1.29,0.71,104.87,0.60,235.13
2026-02-03 13:31:46.951,9.14,109.46,READY,1.61,0.61,104.67,0.56,235.13
2026-02-03 13:31:47.065,9.12,109.59,READY,1.65,0.66,104.70,0.60,235.13
2026-02-03 13:31:47.180,9.08,110.18,READY,1.53,0.61,105.43,0.60,235.13
2026-02-03 13:31:47.401,4.63,215.76,READY,1.59,107.48,104.12,0.60,235.13
2026-02-03 13:31:47.519,9.03,110.77,READY,1.34,0.64,106.22,0.62,235.13
2026-02-03 13:31:47.635,9.04,110.65,READY,1.58,0.57,105.82,0.64,235.13
2026-02-03 13:31:47.751,9.02,110.81,READY,1.78,0.58,105.67,0.72,235.13
2026-02-03 13:31:47.865,9.11,109.82,READY,1.63,0.56,104.94,0.60,235.13
2026-02-03 13:31:48.089,4.57,218.97,READY,1.53,106.47,108.49,0.56,235.13
2026-02-03 13:31:48.213,8.61,116.10,READY,1.34,0.64,111.65,0.55,235.13
2026-02-03 13:31:48.337,8.41,118.86,READY,6.51,0.60,109.20,0.56,235.13
2026-02-03 13:31:48.469,7.87,127.12,READY,14.54,0.59,109.48,0.57,235.13
2026-02-03 13:31:48.588,8.77,113.98,READY,1.59,0.67,109.06,0.56,235.13
2026-02-03 13:31:48.845,3.97,252.06,READY,1.59,138.19,108.91,0.63,235.13
2026-02-03 13:31:48.971,8.53,117.19,READY,2.02,0.63,111.95,0.57,235.13
2026-02-03 13:31:49.094,8.50,117.61,READY,1.52,0.56,112.79,0.57,235.13
2026-02-03 13:31:49.213,8.79,113.76,READY,1.52,0.60,109.02,0.57,235.13
2026-02-03 13:31:49.337,8.39,119.22,READY,7.03,0.56,109.00,0.61,235.13
2026-02-03 13:31:49.578,4.24,235.73,READY,14.95,110.35,107.82,0.57,235.13
2026-02-03 13:31:49.695,9.09,110.04,READY,2.03,0.60,104.14,0.59,235.13
2026-02-03 13:31:49.809,9.16,109.12,READY,1.57,0.63,104.36,0.58,235.13
2026-02-03 13:31:49.931,8.52,117.42,READY,10.80,0.59,103.38,0.59,235.13
2026-02-03 13:31:50.070,7.51,133.19,READY,20.42,0.84,109.14,0.57,235.13
2026-02-03 13:31:50.289,4.65,214.94,READY,1.56,107.66,103.19,0.56,235.13
2026-02-03 13:31:50.405,9.26,108.00,READY,1.33,0.64,103.50,0.62,235.13
2026-02-03 13:31:50.532,8.18,122.32,READY,15.83,0.60,103.25,0.60,235.13
2026-02-03 13:31:50.672,7.46,134.13,READY,19.40,0.82,110.16,0.57,235.13
2026-02-03 13:31:50.785,9.19,108.86,READY,1.41,0.59,104.25,0.57,235.13
2026-02-03 13:31:51.004,4.68,213.89,READY,1.46,106.90,103.02,0.57,235.13
2026-02-03 13:31:51.120,9.20,108.73,READY,1.30,0.66,104.17,0.60,235.13
2026-02-03 13:31:51.234,9.22,108.47,READY,1.48,0.61,103.81,0.58,235.13
2026-02-03 13:31:51.347,9.22,108.41,READY,1.47,0.66,103.72,0.58,235.13
2026-02-03 13:31:51.464,8.92,112.05,READY,5.09,0.61,103.68,0.57,235.13
2026-02-03 13:31:51.682,4.69,213.36,READY,1.43,106.70,102.69,0.57,235.13
2026-02-03 13:31:51.798,9.23,108.31,READY,1.33,0.63,103.77,0.57,235.13
2026-02-03 13:31:51.911,9.23,108.36,READY,1.48,0.61,103.68,0.58,235.13
2026-02-03 13:31:52.024,9.20,108.69,READY,1.53,0.57,103.95,0.59,235.13
2026-02-03 13:31:52.138,9.22,108.45,READY,1.47,0.56,103.81,0.59,235.13
2026-02-03 13:31:52.374,4.32,231.67,READY,14.36,108.42,106.29,0.61,235.13
2026-02-03 13:31:52.490,9.20,108.65,READY,1.32,0.65,104.08,0.65,235.13
2026-02-03 13:31:52.604,9.20,108.70,READY,1.46,0.60,104.00,0.63,235.13
2026-02-03 13:31:52.732,8.13,123.05,READY,16.37,0.61,103.46,0.58,235.13
2026-02-03 13:31:52.870,7.51,133.15,READY,20.33,0.85,109.18,0.60,235.13
2026-02-03 13:31:53.090,4.65,215.09,READY,1.58,107.85,103.08,0.54,235.13
2026-02-03 13:31:53.211,8.81,113.45,READY,1.79,0.56,108.44,0.59,235.13
2026-02-03 13:31:53.336,8.32,120.16,READY,9.66,0.56,107.43,0.61,235.13
2026-02-03 13:31:53.465,8.03,124.58,READY,17.29,0.61,104.18,0.60,235.13
2026-02-03 13:31:53.580,9.14,109.36,READY,1.53,0.57,104.61,0.62,235.13
2026-02-03 13:31:53.802,4.59,217.83,READY,1.74,110.93,102.54,0.63,235.13
2026-02-03 13:31:53.919,9.18,108.89,READY,1.31,0.66,104.39,0.58,235.13
2026-02-03 13:31:54.032,9.22,108.43,READY,1.68,0.61,103.50,0.61,235.13
2026-02-03 13:31:54.145,9.25,108.08,READY,1.53,0.62,103.36,0.61,235.13
2026-02-03 13:31:54.264,8.75,114.30,READY,7.52,0.60,103.52,0.62,235.13
2026-02-03 13:31:54.490,4.52,221.00,READY,1.55,113.35,103.57,0.57,235.13
2026-02-03 13:31:54.610,8.89,112.45,READY,1.72,0.54,106.72,0.61,235.13
2026-02-03 13:31:54.732,8.49,117.74,READY,10.66,0.57,103.83,0.65,235.13
2026-02-03 13:31:54.871,7.49,133.56,READY,20.09,0.85,109.73,0.60,235.13
2026-02-03 13:31:54.985,9.14,109.44,READY,2.05,0.57,104.18,0.61,235.13
2026-02-03 13:31:55.207,4.60,217.27,READY,1.50,110.56,102.59,0.60,235.13
2026-02-03 13:31:55.323,9.22,108.43,READY,1.24,0.66,103.91,0.61,235.13
2026-02-03 13:31:55.437,9.18,108.94,READY,1.52,0.61,104.19,0.60,235.13
2026-02-03 13:31:55.550,9.25,108.08,READY,1.60,0.60,103.36,0.62,235.13
2026-02-03 13:31:55.665,9.08,110.19,READY,3.02,0.60,104.12,0.61,235.13
2026-02-03 13:31:55.884,4.66,214.50,READY,1.58,106.40,103.91,0.62,235.13
2026-02-03 13:31:56.000,9.23,108.40,READY,1.31,0.62,103.88,0.60,235.13
2026-02-03 13:31:56.113,9.21,108.62,READY,1.54,0.57,103.95,0.58,235.13
2026-02-03 13:31:56.227,9.23,108.34,READY,1.53,0.57,103.58,0.63,235.13
2026-02-03 13:31:56.340,9.25,108.15,READY,1.50,0.55,103.46,0.60,235.13
2026-02-03 13:31:56.575,4.33,230.82,READY,13.10,112.08,103.02,0.58,235.13
2026-02-03 13:31:56.691,9.19,108.82,READY,1.25,0.69,104.33,0.60,235.13
2026-02-03 13:31:56.804,9.25,108.11,READY,1.45,0.61,103.50,0.57,235.13
2026-02-03 13:31:56.935,7.99,125.21,READY,16.33,0.61,105.50,0.78,235.13
2026-02-03 13:31:57.067,7.86,127.18,READY,18.33,0.61,105.64,0.61,235.13
2026-02-03 13:31:57.287,4.63,215.95,READY,1.49,106.35,105.51,0.66,235.13
2026-02-03 13:31:57.407,8.92,112.16,READY,1.27,0.66,107.56,0.62,235.13
2026-02-03 13:31:57.536,8.06,124.09,READY,13.69,0.56,107.20,0.59,235.13
2026-02-03 13:31:57.669,7.85,127.44,READY,16.53,0.56,107.56,0.62,235.13
2026-02-03 13:31:57.787,8.82,113.39,READY,1.31,0.56,108.73,0.61,235.13
2026-02-03 13:31:58.009,4.62,216.66,READY,1.53,106.96,105.44,0.69,235.13
2026-02-03 13:31:58.129,8.84,113.08,READY,1.31,0.66,108.45,0.68,235.13
2026-02-03 13:31:58.247,8.86,112.90,READY,1.41,0.61,108.21,0.56,235.13
2026-02-03 13:31:58.365,8.84,113.06,READY,1.48,0.61,108.36,0.60,235.13
2026-02-03 13:31:58.483,8.86,112.91,READY,1.36,0.60,108.20,0.61,235.13
2026-02-03 13:31:58.710,4.51,221.97,READY,5.84,107.16,106.36,0.64,235.13
2026-02-03 13:31:58.830,8.86,112.80,READY,1.53,0.73,107.98,0.59,235.13
2026-02-03 13:31:58.950,8.74,114.38,READY,1.58,0.56,109.48,0.60,235.13
2026-02-03 13:31:59.069,8.72,114.64,READY,3.49,0.63,107.94,0.59,235.13
2026-02-03 13:31:59.187,8.86,112.89,READY,1.38,0.56,108.19,0.60,235.13
2026-02-03 13:31:59.414,4.51,221.92,READY,1.51,111.42,106.32,0.59,235.13
2026-02-03 13:31:59.535,8.83,113.28,READY,1.98,0.59,107.98,0.60,235.13
2026-02-03 13:31:59.652,8.86,112.82,READY,1.61,0.61,108.03,0.57,235.13
2026-02-03 13:31:59.770,8.87,112.79,READY,1.47,0.72,108.03,0.62,235.13
2026-02-03 13:31:59.888,8.88,112.62,READY,1.43,0.60,107.88,0.60,235.13
2026-02-03 13:32:00.111,4.59,217.76,READY,1.44,110.21,103.52,0.66,235.13
2026-02-03 13:32:00.226,9.25,108.10,READY,1.26,0.65,103.49,0.60,235.13
2026-02-03 13:32:00.340,9.22,108.48,READY,1.54,0.56,103.83,0.60,235.13
2026-02-03 13:32:00.466,8.26,121.06,READY,13.79,0.57,104.12,0.62,235.13
2026-02-03 13:32:00.579,9.18,108.98,READY,1.55,0.61,104.28,0.57,235.13
2026-02-03 13:32:00.799,4.66,214.65,READY,1.54,106.32,104.11,0.61,235.13
2026-02-03 13:32:00.916,9.06,110.38,READY,1.26,0.63,105.95,0.66,235.13
2026-02-03 13:32:01.030,9.17,109.05,READY,1.53,0.62,104.36,0.59,235.13
2026-02-03 13:32:01.144,9.22,108.51,READY,1.57,0.60,103.72,0.62,235.13
2026-02-03 13:32:01.266,8.56,116.79,READY,9.51,0.61,104.16,0.57,235.13
2026-02-03 13:32:01.485,4.66,214.70,READY,1.55,106.89,103.79,0.58,235.13
2026-02-03 13:32:01.601,9.21,108.60,READY,1.38,0.63,103.98,0.62,235.13
2026-02-03 13:32:01.739,7.51,133.10,READY,20.33,0.82,109.14,0.58,235.13
2026-02-03 13:32:01.853,9.16,109.15,READY,1.53,0.56,104.41,0.63,235.13
2026-02-03 13:32:01.967,9.18,108.90,READY,1.88,0.61,103.85,0.59,235.13
2026-02-03 13:32:02.190,4.59,217.96,READY,1.50,106.98,106.88,0.52,235.09
2026-02-03 13:32:02.317,8.45,118.35,READY,1.27,0.70,113.24,0.61,235.09
2026-02-03 13:32:02.440,8.64,115.78,READY,1.36,0.66,111.21,0.59,235.09
2026-02-03 13:32:02.560,8.69,115.04,READY,1.51,0.61,110.47,0.59,235.09
2026-02-03 13:32:02.680,8.78,113.85,READY,1.59,0.69,108.64,0.63,235.09
2026-02-03 13:32:02.915,4.34,230.65,READY,9.90,109.23,108.88,0.57,235.09
2026-02-03 13:32:03.032,9.12,109.67,READY,1.28,0.64,104.12,0.63,235.13
2026-02-03 13:32:03.147,9.10,109.94,READY,1.51,0.56,104.99,0.61,235.13
2026-02-03 13:32:03.266,8.72,114.73,READY,7.12,0.57,104.40,0.67,235.13
2026-02-03 13:32:03.380,9.14,109.36,READY,1.62,0.56,104.55,0.58,235.13
2026-02-03 13:32:03.607,4.51,221.83,READY,1.80,107.27,110.02,0.77,235.09
2026-02-03 13:32:03.733,8.56,116.78,READY,1.31,0.60,111.77,0.54,235.09
2026-02-03 13:32:03.850,8.95,111.74,READY,1.81,0.71,106.67,0.56,235.09
2026-02-03 13:32:03.963,9.17,109.00,READY,2.00,0.63,103.82,0.55,235.09
2026-02-03 13:32:04.077,9.22,108.40,READY,1.96,0.62,103.32,0.55,235.09
2026-02-03 13:32:04.313,4.33,230.74,READY,12.98,111.32,103.87,0.59,235.09
2026-02-03 13:32:04.428,9.23,108.38,READY,1.25,0.61,103.88,0.60,235.09
2026-02-03 13:32:04.547,8.81,113.55,READY,1.56,0.57,107.95,1.19,235.09
2026-02-03 13:32:04.666,8.78,113.88,READY,7.12,0.57,103.56,0.63,235.09
2026-02-03 13:32:04.779,9.17,109.06,READY,1.51,0.62,104.34,0.60,235.09
2026-02-03 13:32:05.003,4.57,218.64,READY,1.53,108.78,105.71,0.60,235.09
2026-02-03 13:32:05.119,9.17,109.08,READY,1.28,0.68,104.59,0.59,235.09
2026-02-03 13:32:05.234,9.11,109.71,READY,1.53,0.57,104.93,0.61,235.09
2026-02-03 13:32:05.348,9.18,108.89,READY,1.64,0.63,104.04,0.59,235.09
2026-02-03 13:32:05.468,8.71,114.84,READY,6.14,0.62,105.52,0.62,235.09
2026-02-03 13:32:05.687,4.66,214.56,READY,1.51,107.59,102.94,0.60,235.09
2026-02-03 13:32:05.803,9.21,108.59,READY,1.26,0.65,104.12,0.59,235.09
2026-02-03 13:32:05.941,7.52,132.92,READY,19.12,0.63,110.51,0.63,235.09
2026-02-03 13:32:06.056,9.06,110.32,READY,1.70,0.58,105.44,0.62,235.09
2026-02-03 13:32:06.172,9.13,109.52,READY,1.42,0.64,104.95,0.57,235.09
2026-02-03 13:32:06.393,4.61,216.96,READY,1.69,107.61,104.92,0.55,235.09
2026-02-03 13:32:06.515,8.75,114.29,READY,1.32,0.59,108.74,0.57,235.09
2026-02-03 13:32:06.631,9.02,110.92,READY,1.53,0.61,105.45,0.99,235.09
2026-02-03 13:32:06.745,9.17,109.08,READY,1.60,0.61,104.29,0.59,235.09
2026-02-03 13:32:06.868,8.46,118.13,READY,9.57,0.64,105.23,0.58,235.09
2026-02-03 13:32:07.098,4.44,225.08,READY,1.55,112.74,108.02,0.63,235.09
2026-02-03 13:32:07.215,8.89,112.52,READY,1.56,0.64,107.53,0.61,235.09
2026-02-03 13:32:07.339,8.38,119.40,READY,7.03,0.57,108.90,0.60,235.09
2026-02-03 13:32:07.456,8.97,111.48,READY,2.25,0.57,106.12,0.59,235.09
2026-02-03 13:32:07.573,8.87,112.68,READY,1.50,0.59,108.08,0.59,235.09
2026-02-03 13:32:07.807,4.38,228.07,READY,1.69,116.73,107.10,0.61,235.09
2026-02-03 13:32:07.930,8.58,116.49,READY,1.48,0.57,110.51,0.63,235.09
2026-02-03 13:32:08.047,9.13,109.52,READY,1.36,0.67,104.94,0.60,235.09
2026-02-03 13:32:08.163,9.12,109.59,READY,1.32,0.65,105.03,0.59,235.09
2026-02-03 13:32:08.280,9.11,109.73,READY,1.24,0.67,105.31,0.58,235.09
2026-02-03 13:32:08.512,4.40,227.37,READY,10.27,108.86,105.73,0.54,235.09
2026-02-03 13:32:08.631,9.02,110.82,READY,2.42,0.55,104.60,0.62,235.09
2026-02-03 13:32:08.746,9.00,111.06,READY,1.54,0.56,106.28,0.64,235.09
2026-02-03 13:32:08.869,8.52,117.35,READY,7.99,0.56,106.16,0.63,235.09
2026-02-03 13:32:08.983,9.11,109.77,READY,1.48,0.56,105.24,0.56,235.09
2026-02-03 13:32:09.210,4.51,221.54,READY,1.51,107.27,109.88,0.76,235.09
2026-02-03 13:32:09.327,9.08,110.08,READY,1.53,0.61,105.16,0.59,235.09
2026-02-03 13:32:09.443,9.04,110.59,READY,1.68,0.61,105.12,0.54,235.09
2026-02-03 13:32:09.558,9.09,109.96,READY,1.50,0.60,105.27,0.53,235.09
2026-02-03 13:32:09.673,9.09,110.00,READY,1.53,0.66,105.35,0.54,235.09
2026-02-03 13:32:09.917,4.18,239.31,READY,17.62,111.49,107.61,0.61,235.09
2026-02-03 13:32:10.040,8.67,115.28,READY,1.25,0.62,110.44,0.58,235.13
2026-02-03 13:32:10.158,8.91,112.22,READY,1.97,0.67,106.89,0.74,235.13
2026-02-03 13:32:10.273,9.06,110.35,READY,1.45,0.58,105.39,0.57,235.13
2026-02-03 13:32:10.403,8.04,124.32,READY,17.22,0.57,103.79,0.75,235.13
2026-02-03 13:32:10.651,4.10,243.73,READY,19.98,116.75,104.14,0.65,235.13
2026-02-03 13:32:10.769,9.04,110.67,READY,1.27,0.63,106.20,0.57,235.13
2026-02-03 13:32:10.884,9.07,110.30,READY,1.33,0.58,105.65,0.60,235.13
2026-02-03 13:32:11.005,8.82,113.32,READY,4.20,0.61,105.97,0.62,235.13
2026-02-03 13:32:11.135,7.99,125.10,READY,17.82,0.61,104.13,0.59,235.13
2026-02-03 13:32:11.367,4.40,227.40,READY,1.48,116.25,107.06,0.58,235.13
2026-02-03 13:32:11.492,8.52,117.31,READY,1.28,0.55,112.07,0.62,235.13
2026-02-03 13:32:11.608,9.01,110.98,READY,1.49,0.57,106.28,0.63,235.13
2026-02-03 13:32:11.736,8.13,123.04,READY,14.31,0.56,105.56,0.61,235.13
2026-02-03 13:32:11.852,9.04,110.64,READY,1.49,0.56,105.79,0.59,235.13
2026-02-03 13:32:12.079,4.50,222.17,READY,1.49,112.58,105.32,0.56,235.13
2026-02-03 13:32:12.198,8.92,112.10,READY,1.32,0.59,107.05,1.30,235.13
2026-02-03 13:32:12.318,8.74,114.46,READY,2.70,0.67,108.51,0.62,235.13
2026-02-03 13:32:12.434,8.99,111.18,READY,2.11,0.62,105.83,0.61,235.13
2026-02-03 13:32:12.549,9.10,109.85,READY,1.82,0.62,104.79,0.62,235.13
2026-02-03 13:32:12.778,4.46,224.23,READY,6.18,111.57,103.90,0.60,235.13
2026-02-03 13:32:12.895,9.11,109.74,READY,1.37,0.64,104.69,1.11,235.13
2026-02-03 13:32:13.009,9.12,109.64,READY,1.84,0.56,104.59,0.60,235.13
2026-02-03 13:32:13.136,8.19,122.08,READY,13.60,0.56,105.47,0.58,235.13
2026-02-03 13:32:13.252,9.00,111.06,READY,1.51,0.57,106.43,0.60,235.13
2026-02-03 13:32:13.481,4.48,223.28,READY,1.65,114.64,104.37,0.55,235.13
2026-02-03 13:32:13.598,9.08,110.12,READY,1.27,0.63,105.21,0.64,235.13
2026-02-03 13:32:13.713,9.10,109.94,READY,1.55,0.64,105.08,0.59,235.13
2026-02-03 13:32:13.828,9.03,110.68,READY,1.49,0.61,105.78,0.64,235.13
2026-02-03 13:32:13.947,9.16,109.23,READY,1.50,0.58,104.72,0.62,235.13
2026-02-03 13:32:14.182,4.34,230.18,READY,11.72,111.14,104.76,0.59,235.13
2026-02-03 13:32:14.299,9.14,109.43,READY,1.57,0.64,104.72,0.59,235.13
2026-02-03 13:32:14.413,9.18,108.92,READY,1.53,0.57,104.24,0.59,235.13
2026-02-03 13:32:14.536,8.48,117.87,READY,10.21,0.62,104.53,0.56,235.13
2026-02-03 13:32:14.651,9.09,110.05,READY,1.47,0.58,105.40,0.65,235.13
2026-02-03 13:32:14.876,4.54,220.14,READY,1.60,110.69,104.92,0.74,235.13
2026-02-03 13:32:14.994,9.03,110.69,READY,1.36,0.66,106.10,0.57,235.13
2026-02-03 13:32:15.109,9.05,110.49,READY,1.46,0.66,105.80,0.59,235.13
2026-02-03 13:32:15.225,9.07,110.25,READY,1.89,0.66,105.23,0.56,235.13
2026-02-03 13:32:15.339,9.12,109.67,READY,1.52,0.62,105.01,0.58,235.13
2026-02-03 13:32:15.566,4.50,222.44,READY,1.65,113.02,105.07,0.62,235.13
2026-02-03 13:32:15.684,9.03,110.77,READY,1.39,0.60,105.90,0.60,235.13
2026-02-03 13:32:15.809,8.37,119.48,READY,6.74,0.60,109.25,0.57,235.13
2026-02-03 13:32:15.937,8.14,122.84,READY,14.27,0.60,105.35,0.61,235.13
2026-02-03 13:32:16.051,9.14,109.41,READY,1.51,0.56,104.73,0.60,235.13
2026-02-03 13:32:16.272,4.62,216.29,READY,1.49,107.89,104.26,0.57,235.13
2026-02-03 13:32:16.390,9.03,110.79,READY,1.35,0.63,106.20,0.64,235.13
2026-02-03 13:32:16.506,9.07,110.26,READY,1.87,0.61,105.12,0.61,235.13
2026-02-03 13:32:16.621,9.08,110.11,READY,1.54,0.68,105.44,0.57,235.13
2026-02-03 13:32:16.737,8.95,111.74,READY,2.81,0.64,105.69,0.63,235.13
2026-02-03 13:32:16.961,4.56,219.26,READY,1.47,109.76,105.46,0.60,235.13
2026-02-03 13:32:17.078,9.13,109.49,READY,1.24,0.63,105.04,0.61,235.13
2026-02-03 13:32:17.205,8.20,121.90,READY,13.35,0.59,105.34,0.62,235.13
2026-02-03 13:32:17.337,7.84,127.47,READY,18.52,0.60,105.74,0.60,235.13
2026-02-03 13:32:17.452,9.14,109.42,READY,1.54,0.58,104.69,0.59,235.13
2026-02-03 13:32:17.672,4.65,215.23,READY,1.47,107.73,103.48,0.60,235.13
2026-02-03 13:32:17.788,9.18,108.92,READY,1.31,0.71,104.38,0.58,235.13
2026-02-03 13:32:17.902,9.14,109.45,READY,1.50,0.61,104.76,0.64,235.13
2026-02-03 13:32:18.016,9.18,108.97,READY,1.44,0.59,103.78,1.14,235.13
2026-02-03 13:32:18.137,8.61,116.11,READY,7.46,0.65,105.46,0.58,235.13
2026-02-03 13:32:18.356,4.68,213.82,READY,1.44,106.66,103.19,0.55,235.13
2026-02-03 13:32:18.472,9.21,108.53,READY,1.35,0.67,103.92,0.66,235.13
2026-02-03 13:32:18.611,7.45,134.26,READY,19.99,0.86,110.61,0.61,235.13
2026-02-03 13:32:18.725,9.17,109.10,READY,1.50,0.57,104.38,0.60,235.13
2026-02-03 13:32:18.839,9.18,108.93,READY,1.47,0.57,104.30,0.59,235.13
2026-02-03 13:32:19.058,4.66,214.78,READY,1.49,106.95,103.66,0.64,235.13
2026-02-03 13:32:19.175,9.11,109.77,READY,2.01,0.62,104.62,0.56,235.13
2026-02-03 13:32:19.290,9.11,109.81,READY,1.47,0.64,105.08,0.61,235.13
2026-02-03 13:32:19.405,9.07,110.22,READY,1.82,0.60,105.17,0.62,235.13
2026-02-03 13:32:19.519,9.15,109.28,READY,1.47,0.61,104.66,0.59,235.13
2026-02-03 13:32:19.740,4.62,216.24,READY,1.48,109.25,102.93,0.57,235.13
2026-02-03 13:32:19.859,8.98,111.35,READY,1.24,0.60,106.88,0.59,235.13
2026-02-03 13:32:19.973,9.16,109.17,READY,1.57,0.58,104.39,0.60,235.13
2026-02-03 13:32:20.087,9.13,109.55,READY,1.47,0.57,104.93,0.58,235.13
2026-02-03 13:32:20.205,8.85,113.03,READY,4.30,0.58,105.55,0.56,235.13
2026-02-03 13:32:20.433,4.48,223.08,READY,1.51,113.75,105.23,0.57,235.13
2026-02-03 13:32:20.550,9.16,109.19,READY,1.25,0.70,104.72,0.56,235.13
2026-02-03 13:32:20.674,8.37,119.48,READY,10.77,0.64,105.48,0.61,235.13
2026-02-03 13:32:20.805,7.93,126.13,READY,17.70,0.56,105.23,0.60,235.13
2026-02-03 13:32:20.920,9.07,110.23,READY,1.52,0.61,105.56,0.57,235.13
2026-02-03 13:32:21.141,4.64,215.74,READY,1.52,107.76,103.90,0.57,235.13
2026-02-03 13:32:21.257,9.18,108.95,READY,1.26,0.65,104.49,0.56,235.13
2026-02-03 13:32:21.371,9.19,108.78,READY,1.49,0.56,104.14,0.59,235.13
2026-02-03 13:32:21.485,9.13,109.50,READY,1.62,0.56,104.72,0.57,235.13
2026-02-03 13:32:21.605,8.71,114.77,READY,6.84,0.56,104.75,0.57,235.13
2026-02-03 13:32:21.827,4.60,217.26,READY,1.57,108.86,104.26,0.57,235.13
2026-02-03 13:32:21.943,9.15,109.32,READY,1.24,0.67,104.67,0.57,235.13
2026-02-03 13:32:22.072,8.09,123.55,READY,16.56,0.61,103.67,0.56,235.13
2026-02-03 13:32:22.210,7.51,133.18,READY,20.02,0.85,109.54,0.57,235.13
2026-02-03 13:32:22.324,9.18,108.96,READY,1.53,0.65,104.24,0.57,235.13
2026-02-03 13:32:22.549,4.55,219.80,READY,1.50,108.11,107.54,0.58,235.13
2026-02-03 13:32:22.671,8.66,115.44,READY,1.26,0.60,110.91,0.60,235.13
2026-02-03 13:32:22.794,8.52,117.31,READY,1.41,0.69,112.65,0.62,235.13
2026-02-03 13:32:22.914,8.67,115.37,READY,1.59,0.61,110.55,0.57,235.13
2026-02-03 13:32:23.036,8.53,117.22,READY,1.57,0.56,112.44,0.61,235.13
2026-02-03 13:32:23.276,4.26,234.52,READY,1.51,117.85,112.31,0.58,235.13
2026-02-03 13:32:23.402,8.46,118.17,READY,1.34,0.65,113.66,0.56,235.13
2026-02-03 13:32:23.522,8.65,115.58,READY,1.55,0.68,110.81,0.62,235.13
2026-02-03 13:32:23.642,8.68,115.14,READY,1.47,0.60,110.55,0.62,235.13
2026-02-03 13:32:23.765,8.51,117.47,READY,1.47,0.64,112.67,0.59,235.13
2026-02-03 13:32:23.988,4.61,216.98,READY,1.71,107.99,104.66,0.58,235.13
2026-02-03 13:32:24.105,9.16,109.19,READY,1.31,0.56,104.70,0.59,235.13
2026-02-03 13:32:24.220,9.07,110.24,READY,1.58,0.57,105.48,0.61,235.13
2026-02-03 13:32:24.337,8.90,112.39,READY,4.17,0.57,104.97,0.57,235.13
2026-02-03 13:32:24.452,9.15,109.33,READY,1.52,0.57,104.60,0.62,235.13
2026-02-03 13:32:24.675,4.59,218.07,READY,1.62,106.83,106.99,0.73,235.13
2026-02-03 13:32:24.795,8.81,113.55,READY,2.40,0.73,107.92,0.60,235.13
2026-02-03 13:32:24.912,9.12,109.63,READY,1.24,0.69,105.09,0.63,235.13
2026-02-03 13:32:25.026,9.13,109.58,READY,1.47,0.64,104.93,0.62,235.13
2026-02-03 13:32:25.140,9.17,109.01,READY,1.54,0.58,104.27,0.62,235.13
2026-02-03 13:32:25.386,4.16,240.28,READY,20.15,110.69,106.63,0.58,235.13
2026-02-03 13:32:25.504,9.11,109.81,READY,1.24,0.60,105.14,0.60,235.13
2026-02-03 13:32:25.621,9.12,109.66,READY,1.33,0.61,104.95,0.62,235.13
2026-02-03 13:32:25.739,8.90,112.41,READY,3.23,0.62,105.77,0.79,235.13
2026-02-03 13:32:25.853,9.09,109.99,READY,1.73,0.57,105.05,0.60,235.13
2026-02-03 13:32:26.077,4.56,219.12,READY,1.60,111.18,103.73,0.60,235.13
2026-02-03 13:32:26.193,9.04,110.56,READY,1.62,0.65,105.50,0.61,235.13
2026-02-03 13:32:26.310,8.94,111.84,READY,1.62,0.61,106.29,0.57,235.13
2026-02-03 13:32:26.426,8.98,111.35,READY,1.87,0.65,106.30,0.59,235.13
2026-02-03 13:32:26.542,9.09,109.99,READY,1.50,0.63,105.31,0.56,235.13
2026-02-03 13:32:26.793,4.06,246.29,READY,18.60,119.08,106.06,0.64,235.13
2026-02-03 13:32:26.911,9.08,110.10,READY,1.27,0.57,105.21,1.05,235.13
2026-02-03 13:32:27.026,9.07,110.25,READY,1.63,0.57,105.43,0.58,235.13
2026-02-03 13:32:27.141,9.05,110.55,READY,1.50,0.64,105.81,0.59,235.13
2026-02-03 13:32:27.256,9.13,109.49,READY,1.58,0.59,104.74,0.59,235.13
2026-02-03 13:32:27.483,4.50,222.16,READY,1.58,113.98,104.03,0.58,235.13
2026-02-03 13:32:27.601,9.04,110.58,READY,2.14,0.66,105.20,0.58,235.13
2026-02-03 13:32:27.715,9.14,109.42,READY,1.49,0.60,104.78,0.58,235.13
2026-02-03 13:32:27.830,9.10,109.86,READY,1.52,0.62,105.17,0.56,235.13
2026-02-03 13:32:27.945,9.11,109.71,READY,1.52,0.64,105.01,0.58,235.13
2026-02-03 13:32:28.187,4.21,237.44,READY,16.30,114.53,103.76,0.57,235.13
2026-02-03 13:32:28.306,8.90,112.31,READY,1.26,0.59,107.03,0.63,235.13
2026-02-03 13:32:28.420,9.23,108.38,READY,1.50,0.56,103.77,0.66,235.13
2026-02-03 13:32:28.537,8.91,112.28,READY,5.06,0.57,103.96,0.61,235.13
2026-02-03 13:32:28.651,9.16,109.13,READY,1.41,0.56,104.52,0.58,235.13
2026-02-03 13:32:28.906,4.00,249.77,READY,1.56,142.18,103.44,0.57,235.13
2026-02-03 13:32:29.023,9.12,109.65,READY,1.37,0.68,105.08,0.62,235.13
2026-02-03 13:32:29.137,9.16,109.21,READY,2.23,0.61,103.79,0.58,235.13
2026-02-03 13:32:29.251,9.18,108.97,READY,1.48,0.60,104.24,0.66,235.13
2026-02-03 13:32:29.364,9.23,108.39,READY,1.56,0.61,103.63,0.58,235.13
2026-02-03 13:32:29.583,4.67,214.23,READY,1.50,107.07,103.14,0.56,235.13
2026-02-03 13:32:29.699,9.21,108.61,READY,1.24,0.65,104.18,0.59,235.13
2026-02-03 13:32:29.815,9.01,110.98,READY,2.68,0.64,105.01,0.63,235.13
2026-02-03 13:32:29.941,8.27,120.94,READY,14.27,0.57,103.61,0.56,235.13
2026-02-03 13:32:30.079,7.47,133.89,READY,20.46,0.63,110.24,0.57,235.13
2026-02-03 13:32:30.318,4.28,233.87,READY,13.75,113.07,104.43,0.65,235.13
2026-02-03 13:32:30.434,9.18,108.93,READY,1.35,0.69,104.35,0.64,235.13
2026-02-03 13:32:30.547,9.24,108.25,READY,1.46,0.61,103.57,0.60,235.13
2026-02-03 13:32:30.673,8.27,120.96,READY,13.75,0.60,104.05,0.60,235.13
2026-02-03 13:32:30.812,7.50,133.41,READY,19.86,0.67,110.33,0.59,235.13
2026-02-03 13:32:31.031,4.67,214.23,READY,1.52,107.21,103.11,0.55,235.13
2026-02-03 13:32:31.147,9.23,108.37,READY,1.28,0.56,103.88,0.66,235.13
2026-02-03 13:32:31.273,8.23,121.52,READY,14.68,0.57,103.70,0.60,235.13
2026-02-03 13:32:31.411,7.50,133.32,READY,20.26,0.84,109.42,0.57,235.13
2026-02-03 13:32:31.526,9.12,109.61,READY,1.51,0.57,104.93,0.57,235.13
2026-02-03 13:32:31.745,4.65,214.89,READY,1.47,107.58,103.26,0.56,235.13
2026-02-03 13:32:31.863,9.07,110.21,READY,1.45,0.65,105.54,0.58,235.13
2026-02-03 13:32:31.978,9.06,110.33,READY,1.65,0.61,105.54,0.62,235.13
2026-02-03 13:32:32.094,9.01,110.96,READY,1.53,0.60,106.23,0.64,235.13
2026-02-03 13:32:32.208,9.15,109.27,READY,1.51,0.59,104.56,0.56,235.13
2026-02-03 13:32:32.438,4.45,224.54,READY,1.55,113.30,107.25,0.57,235.13
2026-02-03 13:32:32.561,8.65,115.55,READY,1.50,0.56,109.90,0.59,235.13
2026-02-03 13:32:32.675,9.16,109.13,READY,1.64,0.61,104.15,0.61,235.13
2026-02-03 13:32:32.812,7.53,132.81,READY,18.96,0.64,110.61,0.58,235.13
2026-02-03 13:32:32.927,9.10,109.88,READY,1.46,0.57,105.24,0.57,235.13
2026-02-03 13:32:33.156,4.46,223.99,READY,1.53,114.63,105.17,0.61,235.13
2026-02-03 13:32:33.273,9.13,109.48,READY,1.31,0.62,104.97,0.66,235.13
2026-02-03 13:32:33.389,9.02,110.93,READY,1.51,0.60,106.24,0.61,235.13
2026-02-03 13:32:33.510,8.67,115.31,READY,1.48,0.60,108.25,0.61,235.13
2026-02-03 13:32:33.624,9.13,109.50,READY,1.75,0.64,104.51,0.61,235.13
2026-02-03 13:32:33.853,4.52,221.27,READY,3.35,111.53,103.93,0.60,235.13
2026-02-03 13:32:33.967,9.14,109.42,READY,1.72,0.57,104.47,0.67,235.13
2026-02-03 13:32:34.082,9.21,108.55,READY,1.30,0.63,104.00,0.65,235.13
2026-02-03 13:32:34.207,8.35,119.75,READY,11.62,0.57,104.98,0.58,235.13
2026-02-03 13:32:34.321,9.17,109.09,READY,1.71,0.57,104.15,0.60,235.13
2026-02-03 13:32:34.544,4.63,216.05,READY,1.25,109.12,103.09,0.56,235.13
2026-02-03 13:32:34.661,9.06,110.32,READY,1.59,0.66,105.08,0.58,235.13
2026-02-03 13:32:34.777,9.00,111.12,READY,1.50,0.61,106.55,0.63,235.13
2026-02-03 13:32:34.893,9.01,111.04,READY,1.48,0.60,106.38,0.60,235.13
2026-02-03 13:32:35.008,9.04,110.66,READY,1.51,0.60,106.00,0.57,235.13
2026-02-03 13:32:35.231,4.59,217.84,READY,1.53,110.76,103.06,0.52,235.13
2026-02-03 13:32:35.347,9.23,108.34,READY,1.40,0.65,103.71,0.61,235.13
2026-02-03 13:32:35.474,8.19,122.16,READY,15.17,0.56,103.86,0.57,235.13
2026-02-03 13:32:35.587,9.27,107.88,READY,1.47,0.60,103.26,0.57,235.13
2026-02-03 13:32:35.700,9.22,108.46,READY,1.52,0.55,103.84,0.55,235.13
2026-02-03 13:32:35.920,4.66,214.60,READY,1.52,106.36,104.17,0.61,235.13
2026-02-03 13:32:36.037,9.04,110.67,READY,1.24,0.71,105.94,0.63,235.13
2026-02-03 13:32:36.152,9.14,109.42,READY,1.51,0.71,104.70,0.59,235.13
2026-02-03 13:32:36.278,8.40,119.00,READY,7.66,0.62,108.38,0.61,235.13
2026-02-03 13:32:36.394,9.00,111.08,READY,1.99,0.60,105.90,0.57,235.13
2026-02-03 13:32:36.617,4.59,217.68,READY,1.57,108.69,104.85,0.56,235.13
2026-02-03 13:32:36.734,9.05,110.54,READY,1.29,0.61,106.03,0.60,235.13
2026-02-03 13:32:36.849,9.10,109.84,READY,1.54,0.56,105.14,0.56,235.13
2026-02-03 13:32:36.966,8.94,111.83,READY,1.52,0.61,107.07,0.64,235.13
2026-02-03 13:32:37.081,9.06,110.33,READY,2.18,0.60,104.96,0.56,235.13
2026-02-03 13:32:37.315,4.36,229.16,READY,12.72,109.01,104.76,0.57,235.13
2026-02-03 13:32:37.432,9.15,109.29,READY,1.26,0.71,104.86,0.57,235.13
2026-02-03 13:32:37.546,9.19,108.78,READY,1.59,0.61,104.05,0.57,235.13
2026-02-03 13:32:37.675,8.05,124.25,READY,16.38,0.60,104.70,0.58,235.13
2026-02-03 13:32:37.790,9.09,109.99,READY,1.77,0.64,105.03,0.58,235.13
2026-02-03 13:32:38.009,4.66,214.72,READY,1.43,107.42,103.13,0.56,235.13
2026-02-03 13:32:38.125,9.18,108.88,READY,1.26,0.64,104.19,0.56,235.13
2026-02-03 13:32:38.241,9.05,110.46,READY,1.62,0.66,105.43,0.58,235.13
2026-02-03 13:32:38.355,9.15,109.25,READY,1.60,0.57,104.46,0.58,235.13
2026-02-03 13:32:38.476,8.62,116.03,READY,7.50,0.57,105.41,0.56,235.13
2026-02-03 13:32:38.696,4.64,215.50,READY,1.58,107.22,104.17,0.56,235.13
2026-02-03 13:32:38.815,8.96,111.65,READY,1.30,0.62,106.32,1.43,235.13
2026-02-03 13:32:38.943,8.29,120.64,READY,13.04,0.60,104.43,0.58,235.13
2026-02-03 13:32:39.082,7.53,132.80,READY,18.35,0.75,111.02,0.60,235.13
2026-02-03 13:32:39.196,9.13,109.57,READY,1.45,0.67,104.92,0.56,235.13
2026-02-03 13:32:39.415,4.67,214.19,READY,1.54,106.75,103.33,0.62,235.13
2026-02-03 13:32:39.532,9.13,109.47,READY,1.33,0.70,104.86,0.61,235.13
2026-02-03 13:32:39.646,9.17,108.99,READY,1.63,0.57,104.19,0.57,235.13
2026-02-03 13:32:39.761,9.06,110.36,READY,1.52,0.63,105.63,0.57,235.13
2026-02-03 13:32:39.876,9.07,110.25,READY,1.57,0.57,105.51,0.57,235.13
2026-02-03 13:32:40.099,4.60,217.43,READY,1.53,108.74,104.57,0.55,235.13
2026-02-03 13:32:40.215,9.16,109.15,READY,1.30,0.67,104.66,0.59,235.13
2026-02-03 13:32:40.345,8.03,124.56,READY,15.36,0.60,106.03,0.59,235.13
2026-02-03 13:32:40.475,7.94,125.91,READY,17.88,0.61,104.86,0.60,235.13
2026-02-03 13:32:40.590,9.12,109.63,READY,1.80,0.61,104.70,0.56,235.13
2026-02-03 13:32:40.809,4.67,214.15,READY,1.56,105.94,104.18,0.55,235.13
2026-02-03 13:32:40.925,9.17,109.02,READY,1.26,0.62,104.55,0.57,235.13
2026-02-03 13:32:41.041,9.06,110.41,READY,1.54,0.57,105.71,0.58,235.13
2026-02-03 13:32:41.156,9.03,110.74,READY,1.67,0.57,105.95,0.56,235.13
2026-02-03 13:32:41.275,8.78,113.90,READY,6.37,0.58,104.37,0.61,235.13
2026-02-03 13:32:41.496,4.64,215.53,READY,1.76,106.80,104.21,0.55,235.13
2026-02-03 13:32:41.612,9.16,109.17,READY,1.29,0.74,104.53,0.60,235.13
2026-02-03 13:32:41.754,7.31,136.84,READY,20.01,1.49,108.57,0.66,235.13
2026-02-03 13:32:41.877,8.48,117.95,READY,9.48,0.67,105.32,0.57,235.13
2026-02-03 13:32:41.992,9.11,109.76,READY,1.49,0.61,105.05,0.61,235.13
2026-02-03 13:32:42.215,4.58,218.52,READY,1.68,109.79,104.53,0.58,235.13
2026-02-03 13:32:42.331,9.19,108.81,READY,1.28,0.63,104.37,0.57,235.13
2026-02-03 13:32:42.445,9.13,109.52,READY,1.93,0.57,104.41,0.57,235.13
2026-02-03 13:32:42.558,9.25,108.09,READY,1.56,0.57,103.31,0.62,235.13
2026-02-03 13:32:42.675,8.92,112.09,READY,4.29,0.57,104.60,0.56,235.13
2026-02-03 13:32:42.894,4.69,213.32,READY,1.79,105.11,103.72,0.57,235.13
2026-02-03 13:32:43.010,9.16,109.14,READY,1.38,0.68,104.57,0.56,235.13
2026-02-03 13:32:43.124,9.14,109.40,READY,1.86,0.62,104.22,0.58,235.13
2026-02-03 13:32:43.238,9.17,109.09,READY,1.58,0.61,104.32,0.62,235.13
2026-02-03 13:32:43.353,9.14,109.46,READY,1.65,0.61,104.58,0.59,235.13
2026-02-03 13:32:43.584,4.42,226.32,READY,10.04,109.53,104.19,0.58,235.13
2026-02-03 13:32:43.701,9.15,109.26,READY,1.40,0.62,104.67,0.54,235.13
2026-02-03 13:32:43.816,9.03,110.71,READY,2.07,0.57,105.52,0.55,235.13
2026-02-03 13:32:43.945,8.05,124.16,READY,15.87,0.56,104.72,0.61,235.13
2026-02-03 13:32:44.076,7.95,125.80,READY,17.49,0.61,104.94,0.55,235.13
2026-02-03 13:32:44.301,4.56,219.46,READY,1.89,110.49,104.29,0.59,235.13
2026-02-03 13:32:44.417,9.16,109.15,READY,1.27,0.63,104.60,0.58,235.13
2026-02-03 13:32:44.543,8.27,120.90,READY,13.75,0.61,103.80,0.74,235.13
2026-02-03 13:32:44.682,7.48,133.67,READY,19.96,0.71,110.42,0.63,235.13
2026-02-03 13:32:44.797,9.09,109.98,READY,1.49,0.64,104.99,0.58,235.13
2026-02-03 13:32:45.019,4.60,217.17,READY,1.59,109.25,103.59,0.63,235.13
2026-02-03 13:32:45.135,9.17,109.00,READY,1.34,0.63,104.50,0.58,235.13
2026-02-03 13:32:45.249,9.18,108.91,READY,1.54,0.59,104.19,0.59,235.13
2026-02-03 13:32:45.364,9.11,109.79,READY,1.58,0.58,104.35,1.25,235.13
2026-02-03 13:32:45.477,9.20,108.70,READY,1.61,0.57,103.89,0.62,235.13
2026-02-03 13:32:45.700,4.58,218.24,READY,1.54,110.02,103.96,0.60,235.13
2026-02-03 13:32:45.817,9.16,109.14,READY,1.26,0.66,104.63,0.60,235.13
2026-02-03 13:32:45.944,8.20,122.01,READY,14.17,0.66,104.61,0.58,235.13
2026-02-03 13:32:46.082,7.48,133.62,READY,19.27,0.71,111.07,0.59,235.13
2026-02-03 13:32:46.197,9.08,110.16,READY,1.69,0.63,105.23,0.62,235.13
2026-02-03 13:32:46.416,4.69,213.35,READY,1.54,105.79,103.45,0.60,235.13
2026-02-03 13:32:46.532,9.14,109.36,READY,1.30,0.60,104.87,0.63,235.13
2026-02-03 13:32:46.647,9.09,109.96,READY,1.53,0.57,105.24,0.63,235.13
2026-02-03 13:32:46.761,9.19,108.85,READY,1.52,0.57,104.14,0.58,235.13
2026-02-03 13:32:46.877,9.05,110.52,READY,1.99,0.61,105.34,0.58,235.13
2026-02-03 13:32:47.099,4.60,217.35,READY,1.54,110.04,103.14,0.57,235.13
2026-02-03 13:32:47.215,9.19,108.86,READY,1.30,0.67,104.10,0.58,235.13
2026-02-03 13:32:47.344,8.08,123.82,READY,16.29,0.64,104.04,0.64,235.13
2026-02-03 13:32:47.482,7.51,133.12,READY,19.58,0.71,110.30,0.56,235.13
2026-02-03 13:32:47.597,9.08,110.09,READY,1.55,0.65,105.39,0.56,235.13
2026-02-03 13:32:47.814,4.71,212.36,READY,1.57,104.40,103.81,0.61,235.13
2026-02-03 13:32:47.933,8.97,111.50,READY,2.12,0.58,106.43,0.55,235.13
2026-02-03 13:32:48.050,9.02,110.90,READY,2.01,0.65,105.16,1.11,235.13
2026-02-03 13:32:48.164,9.09,110.03,READY,1.34,0.61,105.11,0.60,235.13
2026-02-03 13:32:48.281,9.14,109.36,READY,1.26,0.60,104.88,0.61,235.13
2026-02-03 13:32:48.526,4.16,240.49,READY,18.84,113.87,105.15,0.59,235.13
2026-02-03 13:32:48.643,9.09,110.05,READY,1.40,0.69,105.47,0.59,235.13
2026-02-03 13:32:48.760,8.97,111.43,READY,2.01,0.57,106.29,0.63,235.13
2026-02-03 13:32:48.877,8.86,112.81,READY,3.83,0.68,105.76,0.56,235.13
2026-02-03 13:32:48.992,9.08,110.13,READY,1.50,0.61,105.45,0.56,235.13
2026-02-03 13:32:49.223,4.44,225.36,READY,1.48,113.04,108.28,0.63,235.13
2026-02-03 13:32:49.351,8.29,120.63,READY,1.37,0.65,115.96,0.63,235.13
2026-02-03 13:32:49.477,8.36,119.62,READY,1.55,0.65,114.33,0.83,235.13
2026-02-03 13:32:49.597,8.70,114.89,READY,2.03,0.58,108.22,0.56,235.13
2026-02-03 13:32:49.713,9.04,110.65,READY,2.20,0.62,105.33,0.60,235.13
2026-02-03 13:32:49.933,4.66,214.70,READY,1.57,106.66,103.94,0.54,235.13
2026-02-03 13:32:50.049,9.15,109.30,READY,1.40,0.66,104.68,0.56,235.13
2026-02-03 13:32:50.166,9.03,110.76,READY,1.44,0.64,106.16,0.56,235.13
2026-02-03 13:32:50.281,9.13,109.52,READY,1.46,0.63,104.84,0.61,235.13
2026-02-03 13:32:50.413,7.86,127.23,READY,18.47,0.60,105.58,0.56,235.13
2026-02-03 13:32:50.656,4.21,237.54,READY,18.21,112.04,104.67,0.61,235.13
2026-02-03 13:32:50.774,9.07,110.20,READY,1.29,0.61,105.50,0.56,235.13
2026-02-03 13:32:50.888,9.11,109.74,READY,1.61,0.62,104.18,0.60,235.13
2026-02-03 13:32:51.012,8.40,119.06,READY,11.64,0.57,104.12,0.65,235.13
2026-02-03 13:32:51.150,7.51,133.07,READY,19.53,0.60,110.24,0.62,235.13
2026-02-03 13:32:51.384,4.38,228.40,READY,13.55,108.34,103.91,0.56,235.13
2026-02-03 13:32:51.500,9.18,108.88,READY,1.29,0.68,104.36,0.59,235.13
2026-02-03 13:32:51.614,9.17,109.10,READY,1.53,0.60,104.44,0.56,235.13
2026-02-03 13:32:51.747,7.80,128.18,READY,18.02,0.59,106.91,0.62,235.13
2026-02-03 13:32:51.864,8.95,111.72,READY,1.51,0.60,106.94,0.62,235.13
2026-02-03 13:32:52.088,4.55,219.91,READY,1.55,109.84,106.03,0.61,235.13
2026-02-03 13:32:52.208,8.92,112.06,READY,1.26,0.60,107.55,0.59,235.13
2026-02-03 13:32:52.323,9.10,109.94,READY,1.56,0.58,105.19,0.61,235.13
2026-02-03 13:32:52.437,9.12,109.60,READY,1.65,0.59,104.70,0.64,235.13
2026-02-03 13:32:52.551,9.18,108.90,READY,1.56,0.57,104.14,0.62,235.13
2026-02-03 13:32:52.784,4.38,228.45,READY,13.08,107.93,104.51,0.60,235.13
2026-02-03 13:32:52.902,9.06,110.34,READY,1.31,0.62,105.68,0.57,235.13
2026-02-03 13:32:53.018,8.96,111.55,READY,1.60,0.65,106.74,0.61,235.13
2026-02-03 13:32:53.146,8.13,122.95,READY,13.74,0.62,105.98,0.62,235.13
2026-02-03 13:32:53.262,9.02,110.80,READY,1.65,0.60,105.96,0.56,235.13
2026-02-03 13:32:53.480,4.69,213.40,READY,1.56,105.05,104.30,0.59,235.13
2026-02-03 13:32:53.597,9.18,108.97,READY,1.33,0.61,104.44,0.57,235.13
2026-02-03 13:32:53.710,9.17,109.01,READY,1.55,0.57,104.28,0.59,235.13
2026-02-03 13:32:53.824,9.19,108.80,READY,1.56,0.57,103.99,0.64,235.13
2026-02-03 13:32:53.945,8.63,115.90,READY,7.94,0.57,104.77,0.57,235.13
2026-02-03 13:32:54.163,4.70,212.95,READY,1.47,105.19,103.68,0.57,235.13
2026-02-03 13:32:54.279,9.18,108.92,READY,1.26,0.67,104.42,0.62,235.13
2026-02-03 13:32:54.394,9.07,110.26,READY,1.62,0.59,105.42,0.61,235.13
2026-02-03 13:32:54.508,9.20,108.67,READY,1.52,0.60,103.95,0.58,235.13
2026-02-03 13:32:54.621,9.21,108.58,READY,1.53,0.62,103.88,0.58,235.13
2026-02-03 13:32:54.854,4.38,228.09,READY,10.87,106.26,108.40,0.62,235.13
2026-02-03 13:32:54.971,9.11,109.73,READY,1.31,0.60,105.15,0.58,235.13
2026-02-03 13:32:55.085,9.22,108.50,READY,1.48,0.57,103.79,0.71,235.13
2026-02-03 13:32:55.213,8.10,123.43,READY,15.50,0.57,104.32,0.62,235.13
2026-02-03 13:32:55.352,7.50,133.35,READY,19.06,0.61,111.01,0.57,235.13
2026-02-03 13:32:55.578,4.52,221.06,READY,1.56,111.92,104.97,0.61,235.13
2026-02-03 13:32:55.695,9.11,109.77,READY,1.33,0.70,105.22,0.62,235.13
2026-02-03 13:32:55.814,8.75,114.30,READY,6.69,0.62,104.27,0.61,235.13
2026-02-03 13:32:55.958,7.23,138.34,READY,18.26,0.81,115.34,0.56,235.13
2026-02-03 13:32:56.077,8.74,114.37,READY,1.60,0.60,109.19,0.57,235.13
2026-02-03 13:32:56.303,4.53,220.64,READY,1.46,105.74,110.91,0.56,235.13
2026-02-03 13:32:56.423,9.02,110.89,READY,1.35,0.61,106.20,0.72,235.13
2026-02-03 13:32:56.546,8.45,118.34,READY,9.96,0.56,105.15,0.58,235.13
2026-02-03 13:32:56.661,9.07,110.22,READY,1.80,0.56,105.01,0.59,235.13
2026-02-03 13:32:56.777,9.03,110.70,READY,1.60,0.58,105.48,0.70,235.13
2026-02-03 13:32:57.000,4.58,218.28,READY,2.17,108.83,104.50,0.59,235.13
2026-02-03 13:32:57.115,9.24,108.19,READY,1.29,0.71,103.68,0.60,235.13
2026-02-03 13:32:57.231,9.03,110.80,READY,1.92,0.62,105.75,0.61,235.13
2026-02-03 13:32:57.347,9.04,110.67,READY,1.68,0.61,105.78,0.59,235.13
2026-02-03 13:32:57.461,9.16,109.14,READY,1.37,0.58,104.27,0.61,235.13
2026-02-03 13:32:57.679,4.67,213.98,READY,1.66,105.41,104.48,0.58,235.13
2026-02-03 13:32:57.797,9.08,110.19,READY,1.26,0.60,105.76,0.58,235.13
2026-02-03 13:32:57.913,9.02,110.88,READY,1.56,0.57,106.12,0.58,235.13
2026-02-03 13:32:58.028,9.06,110.33,READY,2.20,0.57,104.91,0.61,235.13
2026-02-03 13:32:58.147,8.78,113.90,READY,4.61,0.57,106.00,0.59,235.13
2026-02-03 13:32:58.366,4.67,214.17,READY,2.06,104.87,104.62,0.59,235.13
2026-02-03 13:32:58.487,8.84,113.10,READY,1.39,0.61,108.58,0.57,235.13
2026-02-03 13:32:58.614,8.21,121.75,READY,13.74,0.61,104.85,0.60,235.13
2026-02-03 13:32:58.746,7.88,126.92,READY,19.09,0.60,104.73,0.58,235.13
2026-02-03 13:32:58.890,7.14,139.97,READY,2.26,0.60,134.38,0.69,235.13
2026-02-03 13:32:59.121,4.52,221.25,READY,1.92,109.57,107.00,0.61,235.13
2026-02-03 13:32:59.238,8.93,111.98,READY,1.76,0.56,107.15,0.63,235.13
2026-02-03 13:32:59.352,9.09,110.00,READY,1.75,0.61,105.05,0.61,235.13
2026-02-03 13:32:59.478,8.27,120.93,READY,12.48,0.57,105.21,0.63,235.13
2026-02-03 13:32:59.595,8.98,111.33,READY,1.59,0.55,106.55,0.62,235.13
2026-02-03 13:32:59.816,4.63,216.20,READY,2.05,105.45,106.07,0.58,235.13
2026-02-03 13:32:59.932,9.12,109.61,READY,1.29,0.71,105.10,0.58,235.13
2026-02-03 13:33:00.047,9.12,109.68,READY,1.58,0.63,104.91,0.59,235.13
2026-02-03 13:33:00.162,9.08,110.19,READY,1.90,0.61,105.07,0.57,235.13
2026-02-03 13:33:00.278,8.98,111.32,READY,2.96,0.67,105.09,0.62,235.13
2026-02-03 13:33:00.502,4.58,218.34,READY,1.58,106.17,108.10,0.57,235.13
2026-02-03 13:33:00.617,9.21,108.53,READY,1.33,0.56,104.10,0.65,235.13
2026-02-03 13:33:00.746,8.10,123.43,READY,15.65,0.57,104.25,0.63,235.13
2026-02-03 13:33:00.860,9.16,109.20,READY,1.53,0.61,104.11,0.62,235.13
2026-02-03 13:33:00.980,8.69,115.05,READY,1.49,0.57,110.04,0.62,235.13
2026-02-03 13:33:01.206,4.52,221.26,READY,2.57,107.60,107.41,0.62,235.13
2026-02-03 13:33:01.325,8.94,111.87,READY,1.86,0.70,106.76,0.64,235.13
2026-02-03 13:33:01.442,9.06,110.33,READY,1.36,0.67,105.63,0.73,235.13
2026-02-03 13:33:01.558,9.05,110.47,READY,1.99,0.58,105.15,0.70,235.13
2026-02-03 13:33:01.679,8.63,115.84,READY,7.95,0.62,104.70,0.58,235.13
2026-02-03 13:33:01.897,4.68,213.62,READY,1.88,105.35,103.83,0.58,235.13
2026-02-03 13:33:02.014,9.18,108.92,READY,1.37,0.57,104.47,0.61,235.13
2026-02-03 13:33:02.152,7.51,133.09,READY,19.62,0.63,110.27,0.57,235.13
2026-02-03 13:33:02.266,9.16,109.13,READY,1.54,0.60,104.39,0.62,235.13
2026-02-03 13:33:02.383,9.14,109.38,READY,1.39,0.63,104.75,0.62,235.13
2026-02-03 13:33:02.601,4.68,213.89,READY,1.23,105.22,104.28,0.61,235.13
2026-02-03 13:33:02.718,9.16,109.21,READY,1.36,0.66,104.69,0.58,235.13
2026-02-03 13:33:02.832,9.14,109.46,READY,1.50,0.64,104.75,0.58,235.13
2026-02-03 13:33:02.946,9.16,109.14,READY,1.57,0.61,104.38,0.62,235.13
2026-02-03 13:33:03.062,9.05,110.44,READY,1.78,0.61,105.45,0.59,235.13
2026-02-03 13:33:03.282,4.64,215.62,READY,1.54,107.44,103.99,0.61,235.13
2026-02-03 13:33:03.399,9.16,109.19,READY,1.36,0.64,104.59,0.59,235.13
2026-02-03 13:33:03.513,9.12,109.60,READY,1.97,0.57,104.41,0.61,235.13
2026-02-03 13:33:03.627,9.19,108.78,READY,1.58,0.61,103.81,0.58,235.13
2026-02-03 13:33:03.747,8.68,115.17,READY,6.52,0.57,105.52,0.57,235.13
2026-02-03 13:33:03.997,4.08,244.92,READY,1.64,104.87,135.74,0.61,235.13
2026-02-03 13:33:04.116,8.97,111.43,READY,1.32,0.67,106.65,0.63,235.13
2026-02-03 13:33:04.233,8.95,111.77,READY,1.61,0.58,106.01,0.63,235.13
2026-02-03 13:33:04.349,9.01,111.04,READY,1.51,0.63,105.97,0.63,235.13
2026-02-03 13:33:04.463,9.14,109.37,READY,1.49,0.62,104.62,0.64,235.13
2026-02-03 13:33:04.682,4.68,213.71,READY,1.53,105.62,103.81,0.65,235.13
2026-02-03 13:33:04.798,9.15,109.34,READY,1.38,0.65,104.73,0.66,235.13
2026-02-03 13:33:04.914,9.06,110.34,READY,1.51,0.56,105.57,0.65,235.13
2026-02-03 13:33:05.028,9.13,109.58,READY,1.47,0.62,104.97,0.65,235.13
2026-02-03 13:33:05.146,8.86,112.90,READY,5.59,0.57,104.12,0.57,235.13
2026-02-03 13:33:05.371,4.55,219.80,READY,1.48,112.20,103.47,0.58,235.13
2026-02-03 13:33:05.488,9.11,109.75,READY,1.28,0.68,105.32,0.58,235.13
2026-02-03 13:33:05.617,8.04,124.42,READY,14.34,0.63,106.87,0.61,235.13
2026-02-03 13:33:05.748,7.94,125.87,READY,16.96,0.62,105.72,0.60,235.13
2026-02-03 13:33:05.865,8.93,112.03,READY,1.85,0.67,106.99,0.57,235.13
2026-02-03 13:33:06.087,4.60,217.19,READY,1.52,107.22,105.86,0.61,235.13
2026-02-03 13:33:06.204,9.13,109.52,READY,1.25,0.66,105.02,0.58,235.13
2026-02-03 13:33:06.319,9.11,109.74,READY,1.55,0.57,104.97,0.65,235.13
2026-02-03 13:33:06.433,9.12,109.70,READY,1.52,0.57,104.98,0.56,235.13
2026-02-03 13:33:06.548,9.10,109.88,READY,1.49,0.67,104.97,0.64,235.13
2026-02-03 13:33:06.775,4.51,221.68,READY,1.57,112.02,105.31,0.61,235.13
2026-02-03 13:33:06.892,9.12,109.59,READY,1.28,0.65,104.95,0.62,235.13
2026-02-03 13:33:07.015,8.46,118.20,READY,10.51,0.63,104.63,0.59,235.13
2026-02-03 13:33:07.157,7.31,136.82,READY,19.18,0.66,114.38,0.57,235.13
2026-02-03 13:33:07.271,9.09,109.97,READY,1.50,0.63,105.26,0.58,235.13
2026-02-03 13:33:07.489,4.70,212.69,READY,1.50,105.18,103.36,0.65,235.13
2026-02-03 13:33:07.607,9.09,110.04,READY,1.30,0.63,105.46,0.68,235.13
2026-02-03 13:33:07.722,9.03,110.69,READY,1.64,0.58,105.79,0.67,235.13
2026-02-03 13:33:07.836,9.15,109.28,READY,1.44,0.56,104.61,0.58,235.13
2026-02-03 13:33:07.952,9.08,110.11,READY,1.49,0.57,105.45,0.58,235.13
2026-02-03 13:33:08.194,4.21,237.60,READY,18.47,111.26,105.18,0.64,235.13
2026-02-03 13:33:08.311,9.14,109.45,READY,1.40,0.65,104.83,0.60,235.13
2026-02-03 13:33:08.426,9.11,109.75,READY,1.53,0.61,104.96,0.61,235.13
2026-02-03 13:33:08.547,8.55,116.94,READY,8.55,0.61,105.18,0.63,235.13
2026-02-03 13:33:08.662,9.13,109.48,READY,1.51,0.61,104.69,0.64,235.13
2026-02-03 13:33:08.879,4.71,212.14,READY,1.48,105.17,102.90,0.59,235.13
2026-02-03 13:33:08.996,9.13,109.58,READY,1.27,0.60,105.11,0.61,235.13
2026-02-03 13:33:09.110,9.14,109.46,READY,1.53,0.59,104.65,0.70,235.13
2026-02-03 13:33:09.224,9.19,108.82,READY,1.46,0.58,104.10,0.62,235.13
2026-02-03 13:33:09.347,8.47,118.09,READY,10.18,0.57,104.77,0.57,235.13
2026-02-03 13:33:09.569,4.61,216.99,READY,1.52,108.93,103.90,0.58,235.13
2026-02-03 13:33:09.685,9.17,109.02,READY,1.25,0.66,104.50,0.61,235.13
2026-02-03 13:33:09.814,8.06,124.03,READY,16.85,0.61,103.97,0.62,235.13
2026-02-03 13:33:09.929,9.10,109.91,READY,1.43,0.59,105.29,0.59,235.13
2026-02-03 13:33:10.043,9.15,109.35,READY,1.48,0.61,104.69,0.59,235.13
2026-02-03 13:33:10.263,4.66,214.39,READY,2.85,105.46,103.54,0.61,235.13
2026-02-03 13:33:10.379,9.19,108.87,READY,1.29,0.66,104.30,0.60,235.13
2026-02-03 13:33:10.493,9.18,108.92,READY,1.82,0.57,103.88,0.58,235.13
2026-02-03 13:33:10.615,8.54,117.07,READY,9.65,0.57,104.19,0.63,235.13
2026-02-03 13:33:10.729,9.16,109.16,READY,1.88,0.58,104.04,0.58,235.13
2026-02-03 13:33:10.946,4.70,212.58,READY,1.54,104.78,103.70,0.59,235.13
2026-02-03 13:33:11.062,9.22,108.51,READY,1.52,0.62,103.98,0.63,235.13
2026-02-03 13:33:11.177,9.16,109.12,READY,1.53,0.59,104.00,0.57,235.13
2026-02-03 13:33:11.292,9.09,110.03,READY,1.65,0.62,105.23,0.57,235.13
2026-02-03 13:33:11.416,8.41,118.97,READY,10.70,0.60,105.11,0.56,235.13
2026-02-03 13:33:11.636,4.63,215.94,READY,1.53,107.34,104.53,0.56,235.13
2026-02-03 13:33:11.753,9.14,109.37,READY,1.29,0.60,104.86,0.57,235.13
2026-02-03 13:33:11.883,8.00,124.95,READY,17.28,0.57,104.47,0.58,235.13
2026-02-03 13:33:12.024,7.34,136.19,READY,19.51,0.65,113.43,0.58,235.13
2026-02-03 13:33:12.138,9.16,109.13,READY,1.57,0.57,104.36,0.62,235.13
2026-02-03 13:33:12.357,4.68,213.56,READY,1.52,105.65,103.68,0.56,235.13
2026-02-03 13:33:12.474,9.11,109.77,READY,1.27,0.64,104.91,0.60,235.09
2026-02-03 13:33:12.589,9.20,108.70,READY,1.24,0.66,104.26,0.55,235.13
2026-02-03 13:33:12.704,9.10,109.94,READY,1.43,0.61,105.37,0.55,235.13
2026-02-03 13:33:12.819,9.10,109.84,READY,1.69,0.58,104.97,0.60,235.13
2026-02-03 13:33:13.039,4.66,214.59,READY,1.56,105.41,103.47,0.67,235.13
2026-02-03 13:33:13.155,9.17,109.05,READY,1.39,0.66,104.40,0.67,235.13
2026-02-03 13:33:13.284,8.06,124.13,READY,16.12,0.57,104.86,0.59,235.13
2026-02-03 13:33:13.423,7.43,134.56,READY,19.10,0.65,112.21,0.62,235.13
2026-02-03 13:33:13.538,9.12,109.64,READY,1.55,0.56,104.86,0.62,235.13
2026-02-03 13:33:13.756,4.69,213.24,READY,2.04,105.30,103.28,0.57,235.13
2026-02-03 13:33:13.872,9.19,108.84,READY,1.42,0.67,104.23,0.55,235.13
2026-02-03 13:33:13.987,9.13,109.59,READY,1.92,0.61,104.26,0.59,235.13
2026-02-03 13:33:14.103,9.01,111.00,READY,1.54,0.60,105.86,0.65,235.13
2026-02-03 13:33:14.216,9.21,108.58,READY,1.46,0.59,103.90,0.57,235.13
2026-02-03 13:33:14.437,4.63,216.05,READY,1.48,107.90,103.78,0.60,235.13
2026-02-03 13:33:14.553,9.21,108.58,READY,1.26,0.60,103.97,0.62,235.13
2026-02-03 13:33:14.683,7.99,125.11,READY,17.52,0.56,104.38,0.62,235.13
2026-02-03 13:33:14.823,7.44,134.48,READY,19.54,0.63,111.66,0.60,235.13
2026-02-03 13:33:14.938,9.07,110.28,READY,1.54,0.57,105.48,0.67,235.13
2026-02-03 13:33:15.157,4.67,213.90,READY,1.54,106.30,103.47,0.58,235.13
2026-02-03 13:33:15.273,9.12,109.67,READY,1.27,0.70,105.04,0.69,235.13
2026-02-03 13:33:15.388,9.13,109.55,READY,1.61,0.63,104.74,0.57,235.13
2026-02-03 13:33:15.503,9.12,109.59,READY,1.56,0.62,104.84,0.60,235.13
2026-02-03 13:33:15.617,9.17,109.08,READY,1.55,0.66,104.28,0.58,235.13
2026-02-03 13:33:15.835,4.68,213.70,READY,1.54,105.72,103.85,0.67,235.13
2026-02-03 13:33:15.952,9.11,109.82,READY,1.31,0.65,105.31,0.59,235.13
2026-02-03 13:33:16.093,7.38,135.55,READY,18.91,0.67,113.45,0.56,235.13
2026-02-03 13:33:16.219,8.23,121.46,READY,10.23,0.57,106.63,0.62,235.13
2026-02-03 13:33:16.334,9.12,109.71,READY,1.51,0.56,105.00,0.61,235.13
2026-02-03 13:33:16.554,4.66,214.82,READY,1.50,106.39,104.30,0.61,235.13
2026-02-03 13:33:16.670,9.14,109.37,READY,1.34,0.71,104.81,0.62,235.13
2026-02-03 13:33:16.786,9.06,110.34,READY,1.47,0.60,105.66,0.63,235.13
2026-02-03 13:33:16.900,9.15,109.25,READY,1.55,0.69,104.50,0.60,235.13
2026-02-03 13:33:17.018,8.81,113.49,READY,3.50,0.72,106.72,0.60,235.13
2026-02-03 13:33:17.243,4.54,220.33,READY,2.52,110.56,104.63,0.59,235.13
2026-02-03 13:33:17.361,9.07,110.20,READY,1.32,0.72,105.57,0.62,235.13
2026-02-03 13:33:17.486,8.31,120.29,READY,11.13,0.58,105.31,0.65,235.13
2026-02-03 13:33:17.617,7.93,126.07,READY,16.87,0.56,105.53,0.62,235.13
2026-02-03 13:33:17.732,9.13,109.58,READY,1.58,0.64,104.71,0.66,235.13
2026-02-03 13:33:17.952,4.65,215.01,READY,1.89,106.63,103.87,0.61,235.13
2026-02-03 13:33:18.068,9.18,108.98,READY,1.27,0.65,104.47,0.58,235.13
2026-02-03 13:33:18.183,9.15,109.30,READY,1.57,0.61,104.53,0.62,235.13
2026-02-03 13:33:18.297,9.15,109.31,READY,1.57,0.62,104.47,0.63,235.13
2026-02-03 13:33:18.417,8.70,114.99,READY,6.66,0.64,105.08,0.63,235.13
2026-02-03 13:33:18.639,4.61,217.00,READY,1.60,109.53,103.23,0.72,235.13
2026-02-03 13:33:18.756,9.09,110.02,READY,1.39,0.67,105.10,0.65,235.13
2026-02-03 13:33:18.885,8.05,124.26,READY,15.96,0.59,104.94,0.62,235.13
2026-02-03 13:33:19.023,7.51,133.18,READY,18.90,0.63,110.22,0.65,235.13
2026-02-03 13:33:19.139,9.06,110.40,READY,1.68,0.57,105.53,0.61,235.13
2026-02-03 13:33:19.363,4.56,219.27,READY,1.58,105.32,109.71,0.58,235.13
2026-02-03 13:33:19.480,9.09,109.95,READY,1.31,0.67,105.43,0.59,235.13
2026-02-03 13:33:19.595,9.09,110.03,READY,1.59,0.61,105.29,0.57,235.13
2026-02-03 13:33:19.710,9.10,109.89,READY,1.56,0.63,105.07,0.60,235.13
2026-02-03 13:33:19.825,9.09,110.06,READY,1.55,0.64,105.29,0.59,235.13
2026-02-03 13:33:20.058,4.38,228.06,READY,14.81,106.31,104.35,0.58,235.13
2026-02-03 13:33:20.174,9.15,109.28,READY,1.35,0.63,104.71,0.63,235.13
2026-02-03 13:33:20.296,8.55,116.99,READY,1.52,0.56,112.11,0.71,235.13
2026-02-03 13:33:20.427,8.03,124.49,READY,5.92,0.58,113.76,0.55,235.13
2026-02-03 13:33:20.544,8.92,112.15,READY,1.27,0.57,107.00,0.57,235.13
2026-02-03 13:33:20.765,4.63,216.07,READY,1.59,105.85,105.97,0.60,235.13
2026-02-03 13:33:20.884,8.95,111.79,READY,1.26,0.65,107.33,0.57,235.13
2026-02-03 13:33:20.999,9.10,109.92,READY,1.58,0.61,105.14,0.61,235.13
2026-02-03 13:33:21.114,9.09,110.01,READY,1.69,0.58,105.10,0.63,235.13
2026-02-03 13:33:21.229,9.13,109.50,READY,1.44,0.60,104.85,0.59,235.13
2026-02-03 13:33:21.460,4.42,226.42,READY,11.00,107.43,105.20,0.58,235.13
2026-02-03 13:33:21.577,9.10,109.89,READY,1.27,0.60,105.04,0.59,235.13
2026-02-03 13:33:21.692,9.11,109.75,READY,1.52,0.62,104.74,0.60,235.13
2026-02-03 13:33:21.817,8.33,120.11,READY,11.64,0.56,105.14,0.58,235.13
2026-02-03 13:33:21.932,9.13,109.53,READY,1.60,0.57,104.76,0.60,235.13
2026-02-03 13:33:22.149,4.71,212.32,READY,1.52,104.74,103.45,0.63,235.13
2026-02-03 13:33:22.266,9.12,109.67,READY,1.26,0.61,105.29,0.55,235.13
2026-02-03 13:33:22.380,9.20,108.73,READY,1.54,0.61,103.99,0.58,235.13
2026-02-03 13:33:22.494,9.13,109.53,READY,1.50,0.60,104.87,0.61,235.13
2026-02-03 13:33:22.616,8.53,117.21,READY,9.68,0.60,104.34,0.58,235.13
2026-02-03 13:33:22.842,4.54,220.12,READY,1.50,111.94,104.10,0.60,235.13
2026-02-03 13:33:22.960,8.97,111.48,READY,1.36,0.68,106.87,0.64,235.13
2026-02-03 13:33:23.085,8.38,119.40,READY,11.57,0.56,104.59,0.60,235.13
2026-02-03 13:33:23.223,7.48,133.77,READY,19.37,0.61,111.12,0.59,235.13
2026-02-03 13:33:23.338,9.08,110.12,READY,1.48,0.59,105.40,0.62,235.13
2026-02-03 13:33:23.558,4.66,214.80,READY,1.54,106.11,104.54,0.59,235.13
2026-02-03 13:33:23.681,8.69,115.09,READY,3.79,0.60,107.49,0.58,235.13
2026-02-03 13:33:23.796,9.07,110.20,READY,1.56,0.61,105.42,0.61,235.13
2026-02-03 13:33:23.910,9.17,109.01,READY,1.51,0.64,104.34,0.59,235.13
2026-02-03 13:33:24.024,9.14,109.38,READY,1.49,0.64,104.63,0.63,235.13
2026-02-03 13:33:24.264,4.25,235.29,READY,16.14,106.52,110.06,0.63,235.13
2026-02-03 13:33:24.386,8.71,114.86,READY,1.31,0.64,110.29,0.60,235.13
2026-02-03 13:33:24.506,8.75,114.25,READY,2.30,0.69,108.65,0.56,235.13
2026-02-03 13:33:24.625,8.77,114.02,READY,1.67,0.56,109.02,0.61,235.13
2026-02-03 13:33:24.745,8.71,114.81,READY,1.50,0.57,109.78,0.87,235.13
2026-02-03 13:33:24.968,4.59,218.02,READY,1.50,105.67,108.08,0.61,235.13
2026-02-03 13:33:25.088,8.87,112.71,READY,1.35,0.71,108.07,0.60,235.13
2026-02-03 13:33:25.210,8.60,116.21,READY,1.99,0.65,110.54,0.62,235.13
2026-02-03 13:33:25.331,8.57,116.72,READY,3.14,0.79,109.25,1.60,235.13
2026-02-03 13:33:25.451,8.72,114.65,READY,1.54,0.72,109.89,0.57,235.13
2026-02-03 13:33:25.671,4.66,214.78,READY,1.25,104.88,105.60,0.62,235.13
2026-02-03 13:33:25.787,9.16,109.15,READY,1.28,0.62,104.65,0.57,235.13
2026-02-03 13:33:25.902,9.08,110.16,READY,1.47,0.57,105.45,0.63,235.13
2026-02-03 13:33:26.017,9.08,110.12,READY,1.99,0.57,104.92,0.58,235.13
2026-02-03 13:33:26.132,9.13,109.51,READY,1.93,0.61,104.39,0.61,235.13
2026-02-03 13:33:26.358,4.52,221.24,READY,1.47,111.10,106.06,0.63,235.13
2026-02-03 13:33:26.475,9.10,109.89,READY,1.36,0.68,105.35,0.58,235.13
2026-02-03 13:33:26.590,9.11,109.76,READY,1.48,0.62,105.12,0.63,235.13
2026-02-03 13:33:26.704,9.19,108.85,READY,1.50,0.64,104.13,0.60,235.13
2026-02-03 13:33:26.819,9.04,110.60,READY,1.49,0.62,105.94,0.60,235.13
2026-02-03 13:33:27.042,4.58,218.40,READY,1.56,105.92,108.21,0.62,235.13
2026-02-03 13:33:27.162,9.20,108.65,READY,1.43,0.60,104.06,0.56,235.13
2026-02-03 13:33:27.286,8.39,119.23,READY,10.77,0.57,105.26,0.56,235.13
2026-02-03 13:33:27.400,9.12,109.71,READY,1.62,0.62,104.82,0.65,235.13
2026-02-03 13:33:27.514,9.20,108.73,READY,1.54,0.57,103.94,0.66,235.13
2026-02-03 13:33:27.843,3.09,323.84,READY,1.47,215.56,104.13,0.60,235.13
2026-02-03 13:33:27.958,9.23,108.33,READY,1.26,0.67,103.87,0.60,235.13
2026-02-03 13:33:28.092,7.79,128.34,READY,15.79,0.64,108.26,0.61,235.13
2026-02-03 13:33:28.210,8.83,113.20,READY,1.52,0.71,108.45,0.57,235.13
2026-02-03 13:33:28.328,8.83,113.20,READY,1.61,0.68,108.47,0.57,235.13
2026-02-03 13:33:28.555,4.51,221.55,READY,1.54,106.41,110.97,0.71,235.13
2026-02-03 13:33:28.670,9.23,108.36,READY,1.28,0.61,103.86,0.64,235.13
2026-02-03 13:33:28.784,9.23,108.30,READY,1.49,0.56,103.74,0.56,235.13
2026-02-03 13:33:28.897,9.21,108.56,READY,1.51,0.57,103.87,0.59,235.13
2026-02-03 13:33:29.028,7.91,126.37,READY,7.68,0.57,115.32,0.63,235.13
2026-02-03 13:33:29.271,4.22,236.88,READY,1.96,124.36,107.54,0.60,235.13
2026-02-03 13:33:29.386,9.24,108.28,READY,1.24,0.60,103.83,0.65,235.13
2026-02-03 13:33:29.500,9.24,108.23,READY,1.52,0.60,103.53,0.58,235.13
2026-02-03 13:33:29.617,8.86,112.90,READY,5.32,0.62,104.38,0.55,235.13
2026-02-03 13:33:29.731,9.16,109.18,READY,2.38,0.59,103.57,0.62,235.13
2026-02-03 13:33:29.951,4.66,214.65,READY,1.73,106.72,103.73,0.57,235.13
2026-02-03 13:33:30.068,9.12,109.60,READY,1.23,0.63,105.16,0.57,235.13
2026-02-03 13:33:30.182,9.19,108.77,READY,1.44,0.57,104.19,0.57,235.13
2026-02-03 13:33:30.295,9.20,108.70,READY,1.44,0.57,104.19,0.56,235.13
2026-02-03 13:33:30.419,8.39,119.25,READY,9.75,0.60,106.16,0.70,235.13
2026-02-03 13:33:30.641,4.62,216.55,READY,1.63,108.76,103.55,0.56,235.13
2026-02-03 13:33:30.758,9.10,109.95,READY,1.35,0.66,105.37,0.59,235.13
2026-02-03 13:33:30.886,8.14,122.80,READY,14.98,0.61,104.62,0.57,235.13
2026-02-03 13:33:31.000,9.17,109.05,READY,1.43,0.67,104.41,0.57,235.13
2026-02-03 13:33:31.114,9.14,109.46,READY,1.39,0.61,104.87,0.57,235.13
2026-02-03 13:33:31.334,4.65,215.09,READY,1.42,107.11,104.12,0.60,235.13
2026-02-03 13:33:31.450,9.19,108.82,READY,1.33,0.57,104.36,0.57,235.13
2026-02-03 13:33:31.565,9.14,109.42,READY,1.52,0.56,104.32,1.05,235.13
2026-02-03 13:33:31.686,8.58,116.50,READY,8.33,0.57,105.05,0.60,235.13
2026-02-03 13:33:31.801,9.09,110.05,READY,1.43,0.61,105.43,0.57,235.13
2026-02-03 13:33:32.020,4.67,214.12,READY,1.41,106.83,103.28,0.60,235.13
2026-02-03 13:33:32.136,9.18,108.95,READY,1.25,0.65,104.49,0.60,235.13
2026-02-03 13:33:32.250,9.19,108.83,READY,2.16,0.63,103.63,0.64,235.13
2026-02-03 13:33:32.365,9.10,109.85,READY,2.52,0.64,103.63,0.59,235.13
2026-02-03 13:33:32.485,8.69,115.11,READY,8.58,0.62,103.41,0.57,235.13
2026-02-03 13:33:32.709,4.57,218.96,READY,1.41,109.91,103.71,0.61,235.13
2026-02-03 13:33:32.825,9.16,109.22,READY,1.28,0.61,104.67,0.64,235.13
2026-02-03 13:33:32.955,8.02,124.69,READY,16.83,0.60,104.73,0.56,235.13
2026-02-03 13:33:33.090,7.69,130.11,READY,18.55,0.57,108.41,0.61,235.13
2026-02-03 13:33:33.206,9.01,110.93,READY,3.36,0.56,104.62,0.55,235.13
2026-02-03 13:33:33.428,4.61,216.95,READY,1.31,107.63,103.76,0.62,235.13
2026-02-03 13:33:33.546,9.04,110.64,READY,1.23,0.57,105.43,0.60,235.13
2026-02-03 13:33:33.660,9.11,109.81,READY,1.52,0.60,104.17,0.63,235.13
2026-02-03 13:33:33.775,9.14,109.39,READY,1.50,0.61,104.49,0.87,235.13
2026-02-03 13:33:33.889,9.14,109.42,READY,1.51,0.58,104.72,0.62,235.13
2026-02-03 13:33:34.112,4.59,217.75,READY,1.50,105.73,108.01,0.58,235.13
2026-02-03 13:33:34.234,8.58,116.54,READY,5.67,0.58,107.42,0.59,235.13
2026-02-03 13:33:34.354,8.69,115.11,READY,7.98,0.57,103.98,0.61,235.13
2026-02-03 13:33:34.491,7.52,132.99,READY,20.00,0.85,109.36,0.57,235.13
2026-02-03 13:33:34.607,9.06,110.38,READY,1.54,0.58,105.64,0.60,235.13
2026-02-03 13:33:34.826,4.67,214.26,READY,1.46,106.69,103.46,0.61,235.13
2026-02-03 13:33:34.944,9.01,110.97,READY,1.61,0.67,105.68,1.07,235.13
2026-02-03 13:33:35.058,9.17,109.03,READY,1.54,0.61,104.32,0.63,235.13
2026-02-03 13:33:35.172,9.22,108.43,READY,1.46,0.59,103.82,0.56,235.13
2026-02-03 13:33:35.287,9.10,109.92,READY,1.85,0.61,104.89,0.63,235.13
2026-02-03 13:33:35.507,4.65,215.25,READY,1.46,106.85,104.34,0.60,235.13
2026-02-03 13:33:35.624,9.05,110.54,READY,1.31,0.64,106.04,0.60,235.13
2026-02-03 13:33:35.755,7.96,125.55,READY,17.40,0.58,104.93,0.58,235.13
2026-02-03 13:33:35.893,7.51,133.15,READY,19.02,0.64,110.92,0.56,235.13
2026-02-03 13:33:36.008,9.07,110.22,READY,1.47,0.57,105.58,0.60,235.13
2026-02-03 13:33:36.231,4.59,217.78,READY,1.51,109.95,103.79,0.59,235.13
2026-02-03 13:33:36.347,9.14,109.40,READY,1.35,0.67,104.88,0.56,235.13
2026-02-03 13:33:36.460,9.24,108.25,READY,1.53,0.61,103.56,0.58,235.13
2026-02-03 13:33:36.574,9.19,108.81,READY,1.64,0.62,104.00,0.58,235.13
2026-02-03 13:33:36.687,9.23,108.30,READY,1.40,0.63,103.73,0.56,235.13
2026-02-03 13:33:36.906,4.67,214.24,READY,1.44,106.49,103.72,0.60,235.13
2026-02-03 13:33:37.023,9.15,109.33,READY,1.66,0.64,104.54,0.59,235.13
2026-02-03 13:33:37.160,7.58,131.95,READY,19.48,0.64,109.18,0.63,235.13
2026-02-03 13:33:37.288,8.09,123.62,READY,14.19,0.57,106.31,0.56,235.13
2026-02-03 13:33:37.404,9.03,110.69,READY,2.38,0.59,105.07,0.61,235.13
2026-02-03 13:33:37.631,4.50,222.00,READY,1.56,113.87,104.01,0.57,235.13
2026-02-03 13:33:37.748,9.12,109.69,READY,1.26,0.67,105.23,0.57,235.13
2026-02-03 13:33:37.862,9.14,109.38,READY,1.51,0.61,104.69,0.61,235.13
2026-02-03 13:33:37.976,9.14,109.46,READY,1.44,0.63,104.84,0.56,235.13
2026-02-03 13:33:38.091,9.08,110.07,READY,1.55,0.61,105.38,0.57,235.13
2026-02-03 13:33:38.336,4.17,239.68,READY,18.59,113.11,105.40,0.57,235.13
2026-02-03 13:33:38.453,9.09,109.95,READY,1.28,0.66,105.47,0.57,235.13
2026-02-03 13:33:38.567,9.17,109.00,READY,1.45,0.57,104.39,0.59,235.13
2026-02-03 13:33:38.688,8.60,116.27,READY,7.03,0.57,106.04,0.58,235.13
2026-02-03 13:33:38.803,9.12,109.68,READY,1.57,0.57,104.94,0.61,235.13
2026-02-03 13:33:39.026,4.58,218.12,READY,1.55,110.47,103.46,0.59,235.13
2026-02-03 13:33:39.143,9.07,110.19,READY,1.36,0.67,105.69,0.57,235.13
2026-02-03 13:33:39.258,9.12,109.69,READY,1.50,0.61,104.96,0.60,235.13
2026-02-03 13:33:39.373,9.04,110.58,READY,1.51,0.67,105.90,0.57,235.13
2026-02-03 13:33:39.488,9.13,109.50,READY,1.52,0.61,104.82,0.57,235.13
2026-02-03 13:33:39.714,4.52,221.18,READY,1.49,110.62,106.49,0.56,235.13
2026-02-03 13:33:39.830,9.17,109.04,READY,1.34,0.64,104.59,0.56,235.13
2026-02-03 13:33:39.954,8.38,119.38,READY,12.54,0.60,103.51,0.71,235.13
2026-02-03 13:33:40.093,7.49,133.44,READY,20.07,0.85,109.70,0.59,235.13
2026-02-03 13:33:40.207,9.16,109.12,READY,1.48,0.57,104.47,0.63,235.13
2026-02-03 13:33:40.428,4.62,216.31,READY,1.67,107.22,104.80,0.57,235.13
2026-02-03 13:33:40.543,9.20,108.70,READY,1.25,0.73,104.25,0.57,235.13
2026-02-03 13:33:40.657,9.19,108.87,READY,1.63,0.61,104.09,0.61,235.13
2026-02-03 13:33:40.772,9.13,109.53,READY,1.78,0.61,104.52,0.61,235.13
2026-02-03 13:33:40.887,9.03,110.76,READY,2.75,0.61,104.88,0.57,235.13
2026-02-03 13:33:41.116,4.46,224.10,READY,1.85,108.92,110.71,0.62,235.25
2026-02-03 13:33:41.236,8.90,112.40,READY,1.27,0.60,107.83,0.64,235.25
2026-02-03 13:33:41.359,8.46,118.15,READY,6.37,0.56,108.63,0.63,235.25
2026-02-03 13:33:41.479,8.73,114.61,READY,1.58,0.58,109.71,0.61,235.25
2026-02-03 13:33:41.606,8.18,122.24,READY,2.37,1.15,114.59,0.70,235.25
2026-02-03 13:33:41.838,4.40,227.02,READY,2.07,115.64,106.22,0.56,235.09
2026-02-03 13:33:41.958,8.90,112.38,READY,2.41,0.68,106.20,0.56,235.09
2026-02-03 13:33:42.074,8.96,111.60,READY,2.36,0.57,105.37,0.60,235.09
2026-02-03 13:33:42.189,9.07,110.19,READY,2.22,0.60,104.08,0.55,235.09
2026-02-03 13:33:42.303,9.18,108.93,READY,1.80,0.70,103.92,0.60,235.09
2026-02-03 13:33:42.539,4.32,231.28,READY,7.26,109.98,109.99,1.29,235.09
2026-02-03 13:33:42.657,9.13,109.59,READY,1.42,0.59,105.05,0.61,235.09
2026-02-03 13:33:42.771,9.15,109.31,READY,1.48,0.57,104.66,0.62,235.09
2026-02-03 13:33:42.888,8.89,112.45,READY,3.58,0.63,105.65,0.59,235.09
2026-02-03 13:33:43.003,9.15,109.27,READY,1.51,0.57,104.51,0.70,235.09
2026-02-03 13:33:43.222,4.65,215.06,READY,1.53,107.04,103.85,0.61,235.09
2026-02-03 13:33:43.343,8.87,112.71,READY,3.43,0.61,105.60,1.01,235.09
2026-02-03 13:33:43.458,9.08,110.12,READY,1.85,0.61,105.14,0.56,235.09
2026-02-03 13:33:43.572,9.12,109.67,READY,1.90,0.63,104.53,0.66,235.09
2026-02-03 13:33:43.688,9.06,110.36,READY,2.11,0.60,105.08,0.57,235.09
2026-02-03 13:33:43.910,4.60,217.28,READY,1.88,109.13,103.65,0.63,235.09
2026-02-03 13:33:44.027,9.14,109.44,READY,1.41,0.63,104.79,0.66,235.09
2026-02-03 13:33:44.156,8.01,124.84,READY,16.21,0.58,105.43,0.60,235.09
2026-02-03 13:33:44.270,9.23,108.31,READY,1.51,0.56,103.67,0.59,235.09
2026-02-03 13:33:44.383,9.21,108.59,READY,1.61,0.61,103.77,0.66,235.09
2026-02-03 13:33:44.607,4.57,218.67,READY,2.21,106.20,107.54,0.64,235.09
2026-02-03 13:33:44.722,9.21,108.53,READY,1.39,0.67,103.80,0.63,235.09
2026-02-03 13:33:44.836,9.18,108.92,READY,1.87,0.60,103.81,0.60,235.09
2026-02-03 13:33:44.955,8.78,113.93,READY,6.59,0.64,104.06,0.71,235.09
2026-02-03 13:33:45.069,9.15,109.25,READY,2.29,0.63,103.88,0.60,235.09
2026-02-03 13:33:45.293,4.59,217.72,READY,1.49,107.55,104.18,0.55,235.13
2026-02-03 13:33:45.409,9.18,108.94,READY,1.39,0.64,104.36,0.55,235.13
2026-02-03 13:33:45.524,9.12,109.67,READY,1.47,0.56,105.08,0.54,235.13
2026-02-03 13:33:45.638,9.17,109.04,READY,1.52,0.57,104.42,0.54,235.13
2026-02-03 13:33:45.766,8.16,122.55,READY,4.76,0.55,113.32,0.59,235.13
2026-02-03 13:33:45.993,4.54,220.15,READY,1.36,108.36,107.78,0.62,235.13
2026-02-03 13:33:46.109,9.18,108.91,READY,1.25,0.65,104.47,0.56,235.13
2026-02-03 13:33:46.224,9.09,110.02,READY,2.49,0.62,104.29,0.57,235.13
2026-02-03 13:33:46.356,7.95,125.86,READY,17.75,0.65,104.93,0.57,235.13
2026-02-03 13:33:46.470,9.13,109.48,READY,1.66,0.60,104.67,0.60,235.13
2026-02-03 13:33:46.690,4.66,214.45,READY,1.49,106.87,103.49,0.57,235.13
2026-02-03 13:33:46.806,9.18,108.92,READY,1.39,0.63,104.34,0.61,235.13
2026-02-03 13:33:46.927,8.71,114.75,READY,1.87,0.62,108.85,0.60,235.13
2026-02-03 13:33:47.042,9.07,110.27,READY,1.62,0.57,105.43,0.59,235.13
2026-02-03 13:33:47.156,9.16,109.19,READY,1.46,0.62,104.51,0.62,235.13
2026-02-03 13:33:47.375,4.68,213.88,READY,1.56,106.37,103.40,0.57,235.13
2026-02-03 13:33:47.491,9.19,108.86,READY,1.34,0.68,104.33,0.56,235.13
2026-02-03 13:33:47.606,9.07,110.31,READY,1.55,0.62,105.51,0.60,235.13
2026-02-03 13:33:47.721,9.11,109.81,READY,1.46,0.65,105.16,0.57,235.13
2026-02-03 13:33:47.835,9.17,109.00,READY,1.57,0.61,104.28,0.60,235.13
2026-02-03 13:33:48.065,4.44,225.17,READY,8.66,109.05,104.96,0.59,235.13
2026-02-03 13:33:48.182,9.12,109.69,READY,1.23,0.61,105.18,0.57,235.13
2026-02-03 13:33:48.295,9.23,108.36,READY,1.47,0.57,103.77,0.59,235.13
2026-02-03 13:33:48.424,8.07,123.99,READY,16.51,0.61,104.29,0.60,235.13
2026-02-03 13:33:48.564,7.36,135.84,READY,19.62,0.67,112.98,0.58,235.13
2026-02-03 13:33:48.783,4.68,213.90,READY,1.43,105.92,103.99,0.61,235.13
2026-02-03 13:33:48.900,9.11,109.73,READY,1.34,0.60,105.44,0.58,235.13
2026-02-03 13:33:49.024,8.42,118.82,READY,11.02,0.63,104.65,0.57,235.13
2026-02-03 13:33:49.162,7.52,132.96,READY,19.42,0.67,110.31,0.60,235.13
2026-02-03 13:33:49.277,9.12,109.68,READY,1.70,0.58,104.74,0.62,235.13
2026-02-03 13:33:49.496,4.66,214.79,READY,1.49,106.62,104.09,0.62,235.13
2026-02-03 13:33:49.612,9.21,108.55,READY,1.28,0.62,104.08,0.58,235.13
2026-02-03 13:33:49.728,9.01,111.01,READY,1.51,0.57,106.34,0.59,235.13
2026-02-03 13:33:49.842,9.17,109.06,READY,1.57,0.57,104.31,0.59,235.13
2026-02-03 13:33:49.957,9.08,110.11,READY,1.58,0.57,105.41,0.56,235.13
2026-02-03 13:33:50.177,4.66,214.62,READY,1.51,107.03,103.47,0.61,235.13
2026-02-03 13:33:50.298,8.73,114.59,READY,1.35,0.67,107.20,3.42,235.13
2026-02-03 13:33:50.425,8.20,122.00,READY,13.17,0.59,105.61,0.61,235.13
2026-02-03 13:33:50.556,7.93,126.15,READY,18.12,0.65,104.86,0.56,235.13
2026-02-03 13:33:50.671,9.13,109.55,READY,1.49,0.60,104.93,0.58,235.13
2026-02-03 13:33:50.891,4.64,215.46,READY,1.48,107.23,104.09,0.62,235.13
2026-02-03 13:33:51.010,8.97,111.54,READY,1.29,0.66,107.03,0.58,235.13
2026-02-03 13:33:51.124,9.13,109.55,READY,1.48,0.61,104.88,0.59,235.13
2026-02-03 13:33:51.239,9.11,109.82,READY,1.51,0.57,105.15,0.60,235.13
2026-02-03 13:33:51.357,8.85,113.02,READY,4.37,0.56,105.40,0.58,235.13
2026-02-03 13:33:51.588,4.43,225.86,READY,1.44,114.61,107.27,0.60,235.13
2026-02-03 13:33:51.705,9.07,110.26,READY,1.31,0.77,105.65,0.62,235.13
2026-02-03 13:33:51.826,8.66,115.47,READY,7.25,0.62,105.04,0.62,235.13
2026-02-03 13:33:51.958,7.84,127.59,READY,17.80,0.59,106.62,0.61,235.13
2026-02-03 13:33:52.073,9.12,109.59,READY,1.44,0.60,104.99,0.58,235.13
2026-02-03 13:33:52.296,4.59,217.76,READY,1.45,108.57,105.15,0.62,235.13
2026-02-03 13:33:52.412,9.16,109.21,READY,1.30,0.68,104.72,0.60,235.13
2026-02-03 13:33:52.529,8.92,112.09,READY,1.46,0.58,107.46,0.61,235.13
2026-02-03 13:33:52.645,8.99,111.26,READY,1.54,0.56,106.49,0.66,235.13
2026-02-03 13:33:52.760,9.13,109.57,READY,2.17,0.53,104.19,0.61,235.13
2026-02-03 13:33:53.005,4.16,240.39,READY,19.87,110.71,106.13,0.60,235.13
2026-02-03 13:33:53.122,9.16,109.12,READY,1.24,0.69,104.63,0.60,235.13
2026-02-03 13:33:53.236,9.14,109.41,READY,1.58,0.64,104.68,0.59,235.13
2026-02-03 13:33:53.357,8.62,116.07,READY,7.87,0.59,104.96,0.61,235.13
2026-02-03 13:33:53.471,9.15,109.30,READY,1.60,0.61,104.52,0.62,235.13
2026-02-03 13:33:53.691,4.65,214.84,READY,1.41,107.05,103.79,0.61,235.13
2026-02-03 13:33:53.807,9.19,108.83,READY,1.24,0.64,104.42,0.56,235.13
2026-02-03 13:33:53.922,9.11,109.76,READY,1.52,0.57,105.05,0.56,235.13
2026-02-03 13:33:54.036,9.13,109.48,READY,1.51,0.61,104.83,0.59,235.13
2026-02-03 13:33:54.156,8.67,115.35,READY,7.88,0.56,104.26,0.60,235.13
2026-02-03 13:33:54.378,4.61,216.98,READY,2.34,108.87,103.17,0.67,235.13
2026-02-03 13:33:54.494,9.21,108.52,READY,1.54,0.67,103.77,0.56,235.13
2026-02-03 13:33:54.625,7.94,125.90,READY,18.25,0.60,104.40,0.62,235.13
2026-02-03 13:33:54.765,7.40,135.13,READY,19.58,0.65,112.28,0.57,235.13
2026-02-03 13:33:54.880,9.07,110.20,READY,2.24,0.69,104.90,0.56,235.13
2026-02-03 13:33:55.100,4.68,213.57,READY,1.23,106.82,103.00,0.59,235.13
2026-02-03 13:33:55.217,9.14,109.47,READY,1.51,0.62,104.68,0.63,235.13
2026-02-03 13:33:55.332,9.11,109.82,READY,1.54,0.57,105.08,0.61,235.13
2026-02-03 13:33:55.446,9.14,109.42,READY,1.51,0.59,104.77,0.57,235.13
2026-02-03 13:33:55.560,9.17,109.04,READY,1.56,0.61,104.33,0.56,235.13
2026-02-03 13:33:55.780,4.64,215.47,READY,1.49,107.36,104.00,0.64,235.13
2026-02-03 13:33:55.897,9.11,109.82,READY,1.31,0.64,105.09,0.62,235.13
2026-02-03 13:33:56.026,8.06,124.04,READY,14.96,0.61,105.51,0.66,235.13
2026-02-03 13:33:56.160,7.79,128.38,READY,18.03,0.60,104.68,0.55,235.13
2026-02-03 13:33:56.274,9.14,109.38,READY,1.65,0.63,104.65,0.54,235.13
2026-02-03 13:33:56.499,4.54,220.44,READY,1.81,105.94,110.09,0.60,235.13
2026-02-03 13:33:56.623,8.71,114.86,READY,1.33,0.57,110.23,0.58,235.13
2026-02-03 13:33:56.744,8.63,115.92,READY,1.60,0.60,110.76,0.65,235.13
2026-02-03 13:33:56.858,9.15,109.29,READY,1.91,0.56,104.41,0.63,235.13
2026-02-03 13:33:56.975,8.92,112.09,READY,1.46,0.56,107.46,0.59,235.13
2026-02-03 13:33:57.202,4.53,220.90,READY,4.61,109.50,104.13,0.57,235.13
2026-02-03 13:33:57.319,9.03,110.70,READY,1.29,0.69,106.26,0.57,235.13
2026-02-03 13:33:57.435,9.11,109.73,READY,1.31,0.62,105.25,0.63,235.13
2026-02-03 13:33:57.558,8.50,117.61,READY,9.48,0.61,104.98,0.57,235.13
2026-02-03 13:33:57.676,9.14,109.46,READY,1.40,0.61,105.06,0.56,235.13
2026-02-03 13:33:57.902,4.52,221.27,READY,1.49,113.46,103.76,0.56,235.13
2026-02-03 13:33:58.018,9.13,109.48,READY,1.48,0.66,104.85,0.58,235.13
2026-02-03 13:33:58.134,9.07,110.27,READY,2.13,0.57,104.38,0.58,235.13
2026-02-03 13:33:58.249,9.09,109.97,READY,1.50,0.60,105.30,0.62,235.13
2026-02-03 13:33:58.363,9.13,109.50,READY,1.60,0.56,104.72,0.59,235.13
2026-02-03 13:33:58.608,4.16,240.19,READY,17.75,114.63,105.19,0.58,235.13
2026-02-03 13:33:58.725,9.13,109.54,READY,1.28,0.70,105.09,0.62,235.13
2026-02-03 13:33:58.839,9.17,109.07,READY,1.51,0.60,104.40,0.56,235.13
2026-02-03 13:33:58.958,8.73,114.56,READY,5.98,0.62,105.41,0.59,235.13
2026-02-03 13:33:59.073,9.12,109.64,READY,1.49,0.60,104.96,0.61,235.13
2026-02-03 13:33:59.292,4.66,214.46,READY,1.62,106.80,103.56,0.67,235.13
2026-02-03 13:33:59.409,9.12,109.60,READY,1.33,0.61,105.02,0.61,235.13
2026-02-03 13:33:59.524,9.08,110.15,READY,1.48,0.56,105.44,0.62,235.13
2026-02-03 13:33:59.639,9.09,110.01,READY,1.56,0.59,105.30,0.61,235.13
2026-02-03 13:33:59.757,8.82,113.44,READY,5.81,0.64,104.52,0.63,235.13
2026-02-03 13:33:59.977,4.65,214.88,READY,1.54,106.89,103.79,0.64,235.13
2026-02-03 13:34:00.093,9.18,108.97,READY,1.25,0.66,104.50,0.59,235.13
2026-02-03 13:34:00.231,7.52,132.92,READY,19.43,0.65,110.26,0.57,235.13
2026-02-03 13:34:00.346,9.12,109.65,READY,1.47,0.61,104.98,0.58,235.13
2026-02-03 13:34:00.462,9.02,110.81,READY,1.57,0.66,106.06,0.59,235.13
2026-02-03 13:34:00.686,4.56,219.30,READY,1.58,110.67,104.49,0.59,235.13
2026-02-03 13:34:00.802,9.15,109.23,READY,1.33,0.63,104.75,0.63,235.13
2026-02-03 13:34:00.917,9.09,109.97,READY,1.47,0.56,105.31,0.61,235.13
2026-02-03 13:34:01.033,9.06,110.39,READY,1.57,0.59,105.69,0.56,235.13
2026-02-03 13:34:01.157,8.37,119.50,READY,12.38,0.57,103.91,0.59,235.13
2026-02-03 13:34:01.382,4.55,219.87,READY,1.58,111.95,103.73,0.58,235.13
2026-02-03 13:34:01.498,9.19,108.84,READY,1.36,0.67,104.33,0.58,235.13
2026-02-03 13:34:01.625,8.18,122.28,READY,15.20,0.60,103.85,0.63,235.13
2026-02-03 13:34:01.740,9.09,110.00,READY,1.55,0.60,105.30,0.58,235.13
2026-02-03 13:34:01.854,9.20,108.71,READY,1.47,0.61,104.05,0.63,235.13
2026-02-03 13:34:02.075,4.61,217.02,READY,2.49,107.50,104.09,0.56,235.13
2026-02-03 13:34:02.191,9.06,110.33,READY,1.69,0.58,104.94,0.60,235.13
2026-02-03 13:34:02.307,8.95,111.69,READY,1.81,0.56,106.34,0.59,235.13
2026-02-03 13:34:02.425,8.83,113.31,READY,6.11,0.57,104.10,0.59,235.13
2026-02-03 13:34:02.539,9.18,108.93,READY,1.57,0.56,104.22,0.57,235.13
2026-02-03 13:34:02.763,4.58,218.56,READY,1.56,110.67,103.71,0.62,235.13
2026-02-03 13:34:02.880,9.07,110.21,READY,1.37,0.71,105.62,0.61,235.13
2026-02-03 13:34:02.994,9.19,108.76,READY,1.54,0.61,104.08,0.58,235.13
2026-02-03 13:34:03.107,9.22,108.46,READY,1.54,0.66,103.76,0.56,235.13
2026-02-03 13:34:03.226,8.80,113.63,READY,6.25,0.62,104.21,0.57,235.13
2026-02-03 13:34:03.445,4.65,215.02,READY,1.53,106.93,103.74,0.60,235.13
2026-02-03 13:34:03.561,9.23,108.34,READY,1.37,0.64,103.83,0.59,235.13
2026-02-03 13:34:03.700,7.48,133.63,READY,20.21,0.83,109.76,0.61,235.13
2026-02-03 13:34:03.826,8.25,121.16,READY,13.65,0.57,104.38,0.59,235.13
2026-02-03 13:34:03.939,9.20,108.72,READY,1.55,0.62,103.99,0.58,235.13
2026-02-03 13:34:04.162,4.60,217.37,READY,1.60,106.94,106.26,0.61,235.13
2026-02-03 13:34:04.282,8.83,113.25,READY,1.42,0.67,108.62,0.59,235.13
2026-02-03 13:34:04.401,8.79,113.83,READY,1.52,0.60,109.06,0.62,235.13
2026-02-03 13:34:04.520,8.78,113.84,READY,1.59,0.72,108.94,0.62,235.13
2026-02-03 13:34:04.640,8.72,114.68,READY,1.30,0.61,110.10,0.60,235.13
2026-02-03 13:34:04.870,4.45,224.95,READY,5.09,107.94,109.34,0.59,235.13
2026-02-03 13:34:04.996,8.46,118.14,READY,1.64,0.75,113.16,0.62,235.13
2026-02-03 13:34:05.117,8.56,116.82,READY,1.57,0.59,112.01,0.73,235.13
2026-02-03 13:34:05.237,8.79,113.77,READY,1.39,0.60,109.10,0.59,235.13
2026-02-03 13:34:05.360,8.45,118.40,READY,9.08,0.56,106.11,0.58,235.13
2026-02-03 13:34:05.583,4.58,218.20,READY,1.81,109.19,104.64,0.57,235.13
2026-02-03 13:34:05.703,8.91,112.21,READY,2.13,0.60,106.80,0.65,235.13
2026-02-03 13:34:05.828,8.31,120.35,READY,11.07,0.61,106.17,0.56,235.13
2026-02-03 13:34:05.944,9.03,110.79,READY,1.55,0.63,106.11,0.57,235.13
2026-02-03 13:34:06.060,8.98,111.34,READY,1.52,0.62,106.10,0.84,235.13
2026-02-03 13:34:06.286,4.53,220.62,READY,2.06,111.33,104.23,0.74,235.13
2026-02-03 13:34:06.403,9.08,110.19,READY,1.41,0.55,105.05,0.64,235.13
2026-02-03 13:34:06.517,9.13,109.54,READY,1.52,0.57,104.79,0.61,235.13
2026-02-03 13:34:06.631,9.20,108.65,READY,1.46,0.62,103.92,0.58,235.13
2026-02-03 13:34:06.759,8.14,122.80,READY,14.97,0.57,104.68,0.59,235.13
2026-02-03 13:34:06.986,4.49,222.80,READY,2.37,111.01,106.79,0.61,235.13
2026-02-03 13:34:07.102,9.18,108.94,READY,1.36,0.69,104.29,0.68,235.13
2026-02-03 13:34:07.226,8.44,118.43,READY,11.62,0.61,103.65,0.58,235.13
2026-02-03 13:34:07.341,9.07,110.22,READY,1.47,0.65,105.26,0.57,235.13
2026-02-03 13:34:07.455,9.15,109.29,READY,1.58,0.61,104.52,0.60,235.13
2026-02-03 13:34:07.675,4.65,214.96,READY,1.82,105.86,104.36,0.95,235.13
2026-02-03 13:34:07.791,9.17,109.07,READY,1.29,0.63,104.60,0.62,235.13
2026-02-03 13:34:07.905,9.16,109.18,READY,1.53,0.58,104.39,0.65,235.13
2026-02-03 13:34:08.028,8.52,117.30,READY,8.69,0.56,105.57,0.57,235.13
2026-02-03 13:34:08.142,9.12,109.70,READY,1.48,0.57,105.07,0.56,235.13
2026-02-03 13:34:08.364,4.62,216.67,READY,1.46,109.31,103.28,0.57,235.13
2026-02-03 13:34:08.478,9.14,109.45,READY,1.52,0.61,104.76,0.60,235.13
2026-02-03 13:34:08.594,9.04,110.58,READY,1.49,0.64,105.88,0.61,235.13
2026-02-03 13:34:08.708,9.14,109.44,READY,1.81,0.63,104.44,0.59,235.13
2026-02-03 13:34:08.829,8.64,115.80,READY,6.18,0.59,106.26,0.67,235.13
2026-02-03 13:34:09.053,4.57,219.04,READY,1.57,111.04,103.80,0.60,235.13
2026-02-03 13:34:09.201,7.10,140.79,READY,1.28,0.62,136.30,0.59,235.13
2026-02-03 13:34:09.317,9.06,110.43,READY,1.27,0.58,105.87,0.59,235.13
2026-02-03 13:34:09.431,9.15,109.25,READY,1.47,0.57,104.11,1.14,235.13
2026-02-03 13:34:09.570,7.45,134.25,READY,19.44,0.85,111.18,0.61,235.13
2026-02-03 13:34:09.803,4.38,228.29,READY,12.26,108.38,105.08,0.60,235.13
2026-02-03 13:34:09.920,9.10,109.84,READY,1.25,0.68,105.38,0.59,235.13
2026-02-03 13:34:10.035,9.08,110.07,READY,1.57,0.61,105.34,0.62,235.13
2026-02-03 13:34:10.162,8.18,122.20,READY,15.19,0.61,103.80,0.68,235.13
2026-02-03 13:34:10.302,7.43,134.65,READY,19.95,0.87,111.09,0.56,235.13
2026-02-03 13:34:10.536,4.36,229.45,READY,12.32,110.23,104.35,0.57,235.13
2026-02-03 13:34:10.653,9.12,109.66,READY,1.30,0.61,105.18,0.57,235.13
2026-02-03 13:34:10.769,9.04,110.59,READY,1.59,0.56,105.88,0.59,235.13
2026-02-03 13:34:10.895,8.22,121.64,READY,13.38,0.57,105.07,0.59,235.13
2026-02-03 13:34:11.036,7.38,135.47,READY,18.88,0.64,113.35,0.57,235.13
2026-02-03 13:34:11.259,4.58,218.31,READY,1.47,107.73,106.60,0.57,235.13
2026-02-03 13:34:11.376,9.09,110.06,READY,1.34,0.74,105.47,0.60,235.13
2026-02-03 13:34:11.495,8.78,113.85,READY,6.25,0.64,104.38,0.62,235.13
2026-02-03 13:34:11.635,7.39,135.24,READY,19.42,0.68,112.59,0.58,235.13
2026-02-03 13:34:11.749,9.13,109.50,READY,1.46,0.60,104.92,0.57,235.13
2026-02-03 13:34:11.972,4.60,217.43,READY,1.42,107.30,106.12,0.54,235.13
2026-02-03 13:34:12.088,9.18,108.93,READY,1.39,0.70,104.20,0.56,235.13
2026-02-03 13:34:12.212,8.49,117.79,READY,1.56,0.71,111.25,0.61,235.13
2026-02-03 13:34:12.326,9.14,109.43,READY,1.53,0.56,104.76,0.60,235.13
2026-02-03 13:34:12.447,8.64,115.80,READY,1.59,0.56,110.85,0.77,235.09
2026-02-03 13:34:12.673,4.57,218.81,READY,1.24,111.13,103.27,0.55,235.09
2026-02-03 13:34:12.789,9.15,109.31,READY,1.43,0.69,104.63,0.58,235.09
2026-02-03 13:34:12.904,9.18,108.88,READY,2.16,0.60,103.57,0.57,235.09
2026-02-03 13:34:13.028,8.36,119.65,READY,11.67,0.66,104.74,0.59,235.09
2026-02-03 13:34:13.142,9.17,109.06,READY,1.63,0.61,104.26,0.61,235.09
2026-02-03 13:34:13.363,4.64,215.74,READY,1.92,107.65,103.55,0.60,235.09
2026-02-03 13:34:13.479,9.21,108.59,READY,1.31,0.58,104.15,0.68,235.09
2026-02-03 13:34:13.596,8.92,112.06,READY,2.32,0.57,106.49,0.62,235.13
2026-02-03 13:34:13.710,9.12,109.63,READY,1.69,0.58,104.81,0.57,235.13
2026-02-03 13:34:13.830,8.72,114.63,READY,4.44,0.57,107.03,0.59,235.13
2026-02-03 13:34:14.051,4.63,215.98,READY,1.97,107.02,104.17,0.86,235.13
2026-02-03 13:34:14.174,8.67,115.38,READY,1.73,0.59,108.14,0.59,235.13
2026-02-03 13:34:14.296,8.66,115.54,READY,6.97,0.61,105.61,0.55,235.13
2026-02-03 13:34:14.410,9.16,109.19,READY,1.51,0.61,104.56,0.58,235.13
2026-02-03 13:34:14.524,9.16,109.14,READY,1.42,0.62,104.54,0.58,235.13
2026-02-03 13:34:14.744,4.67,214.19,READY,1.49,106.51,103.68,0.57,235.13
2026-02-03 13:34:14.860,9.13,109.56,READY,1.35,0.67,105.00,0.58,235.13
2026-02-03 13:34:14.977,8.98,111.34,READY,2.76,0.70,105.26,0.58,235.13
2026-02-03 13:34:15.097,8.67,115.39,READY,6.81,0.57,104.77,0.55,235.13
2026-02-03 13:34:15.211,9.16,109.12,READY,1.63,0.57,104.39,0.56,235.13
2026-02-03 13:34:15.439,4.48,223.37,READY,1.99,111.45,107.39,0.56,235.13
2026-02-03 13:34:15.556,9.10,109.86,READY,1.26,0.68,105.39,0.57,235.13
2026-02-03 13:34:15.671,9.13,109.50,READY,1.51,0.60,104.74,0.72,235.13
2026-02-03 13:34:15.785,9.16,109.15,READY,1.56,0.58,104.46,0.57,235.13
2026-02-03 13:34:15.898,9.21,108.56,READY,1.52,0.61,103.90,0.61,235.13
2026-02-03 13:34:16.142,4.19,238.40,READY,16.51,115.39,103.98,0.55,235.13
2026-02-03 13:34:16.258,9.19,108.78,READY,1.32,0.57,104.36,0.62,235.13
2026-02-03 13:34:16.371,9.21,108.59,READY,1.47,0.61,104.01,0.58,235.13
2026-02-03 13:34:16.497,8.25,121.16,READY,11.76,0.57,106.19,0.61,235.13
2026-02-03 13:34:16.613,8.98,111.30,READY,1.47,0.56,106.59,0.67,235.13
2026-02-03 13:34:16.850,4.31,231.99,READY,1.65,114.17,112.68,0.61,235.13
2026-02-03 13:34:16.978,8.32,120.18,READY,1.44,0.67,115.51,0.61,235.13
2026-02-03 13:34:17.106,8.12,123.20,READY,4.83,0.60,115.23,0.62,235.13
2026-02-03 13:34:17.231,8.40,119.08,READY,1.49,0.72,113.86,0.76,235.13
2026-02-03 13:34:17.357,8.29,120.64,READY,2.39,0.59,114.45,0.57,235.13
2026-02-03 13:34:17.583,4.52,221.23,READY,1.47,110.43,106.78,0.59,235.13
2026-02-03 13:34:17.704,8.82,113.33,READY,1.32,0.63,108.94,0.57,235.13
2026-02-03 13:34:17.832,8.11,123.28,READY,11.05,0.62,109.05,0.60,235.13
2026-02-03 13:34:17.956,8.45,118.28,READY,1.94,0.62,112.93,0.57,235.13
2026-02-03 13:34:18.076,8.69,115.08,READY,1.47,0.58,110.33,0.54,235.13
2026-02-03 13:34:18.306,4.44,225.04,READY,1.41,111.12,109.59,0.57,235.13
2026-02-03 13:34:18.430,8.55,116.94,READY,1.35,0.65,112.38,0.56,235.13
2026-02-03 13:34:18.558,8.14,122.78,READY,1.39,0.64,118.19,0.60,235.13
2026-02-03 13:34:18.679,8.62,116.03,READY,1.86,0.66,110.78,0.66,235.13
2026-02-03 13:34:18.804,8.38,119.31,READY,1.32,0.60,114.56,0.57,235.13
2026-02-03 13:34:19.039,4.35,230.04,READY,1.55,113.36,112.57,0.60,235.13
2026-02-03 13:34:19.163,8.56,116.83,READY,1.39,0.63,112.20,0.62,235.13
2026-02-03 13:34:19.288,8.31,120.40,READY,1.93,0.67,114.01,0.62,235.13
2026-02-03 13:34:19.408,8.71,114.81,READY,1.47,0.57,110.12,0.57,235.13
2026-02-03 13:34:19.529,8.67,115.39,READY,1.50,0.57,110.68,0.56,235.13
2026-02-03 13:34:19.754,4.54,220.26,READY,1.52,107.92,108.25,0.60,235.13
2026-02-03 13:34:19.872,8.99,111.24,READY,2.15,0.66,105.89,0.59,235.13
2026-02-03 13:34:19.987,9.10,109.93,READY,1.57,0.59,104.94,0.76,235.13
2026-02-03 13:34:20.102,9.08,110.13,READY,1.71,0.61,105.21,0.62,235.13
2026-02-03 13:34:20.229,8.21,121.85,READY,13.10,0.64,105.55,0.61,235.13
2026-02-03 13:34:20.458,4.46,224.10,READY,1.43,116.35,103.74,0.58,235.13
2026-02-03 13:34:20.576,9.05,110.49,READY,1.33,0.56,106.18,0.63,235.13
2026-02-03 13:34:20.697,8.63,115.88,READY,7.68,0.64,105.00,0.62,235.13
2026-02-03 13:34:20.811,9.14,109.46,READY,1.97,0.58,104.31,0.60,235.13
2026-02-03 13:34:20.926,9.06,110.38,READY,1.59,0.60,105.53,0.64,235.13
2026-02-03 13:34:21.148,4.62,216.53,READY,1.47,107.94,104.51,0.56,235.13
2026-02-03 13:34:21.264,9.18,108.94,READY,1.33,0.72,104.35,0.63,235.13
2026-02-03 13:34:21.378,9.15,109.30,READY,1.60,0.60,104.60,0.54,235.13
2026-02-03 13:34:21.496,8.80,113.60,READY,5.91,0.62,104.52,0.56,235.13
2026-02-03 13:34:21.610,9.16,109.17,READY,1.54,0.60,104.46,0.60,235.13
2026-02-03 13:34:21.828,4.70,212.82,READY,1.54,105.50,103.19,0.58,235.13
2026-02-03 13:34:21.945,9.11,109.80,READY,1.25,0.64,105.36,0.56,235.13
2026-02-03 13:34:22.059,9.23,108.40,READY,1.46,0.56,103.80,0.65,235.13
2026-02-03 13:34:22.172,9.17,109.05,READY,1.48,0.56,104.40,0.59,235.13
2026-02-03 13:34:22.296,8.39,119.13,READY,11.25,0.56,104.71,0.57,235.13
2026-02-03 13:34:22.516,4.65,214.90,READY,1.56,106.39,104.38,0.56,235.13
2026-02-03 13:34:22.632,9.23,108.33,READY,1.28,0.65,103.87,0.59,235.13
2026-02-03 13:34:22.769,7.58,131.91,READY,20.07,0.82,108.39,0.58,235.13
2026-02-03 13:34:22.898,8.04,124.42,READY,15.08,0.58,106.16,0.57,235.13
2026-02-03 13:34:23.013,9.05,110.45,READY,1.53,0.64,105.78,0.55,235.13
2026-02-03 13:34:23.237,4.57,218.67,READY,1.45,111.16,103.54,0.56,235.13
2026-02-03 13:34:23.354,9.11,109.83,READY,2.20,0.56,104.46,0.56,235.13
2026-02-03 13:34:23.470,9.05,110.52,READY,2.17,0.60,105.17,0.56,235.13
2026-02-03 13:34:23.589,8.73,114.61,READY,1.60,0.57,108.46,0.57,235.13
2026-02-03 13:34:23.703,9.16,109.20,READY,1.45,0.57,104.60,0.57,235.13
2026-02-03 13:34:23.936,4.40,227.42,READY,12.58,108.17,104.01,0.57,235.13
2026-02-03 13:34:24.052,9.16,109.18,READY,1.29,0.72,104.65,0.62,235.13
2026-02-03 13:34:24.168,8.98,111.30,READY,1.63,0.60,106.50,0.60,235.13
2026-02-03 13:34:24.297,8.07,123.93,READY,16.02,0.57,104.76,0.61,235.13
2026-02-03 13:34:24.412,9.05,110.50,READY,1.83,0.61,105.51,0.57,235.13
2026-02-03 13:34:24.636,4.57,218.85,READY,1.52,108.77,105.83,0.65,235.13
2026-02-03 13:34:24.753,9.09,109.97,READY,1.34,0.66,105.40,0.57,235.13
2026-02-03 13:34:24.868,9.14,109.45,READY,1.46,0.56,104.85,0.59,235.13
2026-02-03 13:34:24.983,9.08,110.16,READY,1.52,0.62,105.48,0.57,235.13
2026-02-03 13:34:25.098,9.10,109.87,READY,1.49,0.56,105.15,0.61,235.13
2026-02-03 13:34:25.328,4.43,225.64,READY,1.47,118.05,103.56,0.61,235.13
2026-02-03 13:34:25.445,9.14,109.46,READY,1.31,0.65,104.97,0.58,235.13
2026-02-03 13:34:25.565,8.72,114.61,READY,7.03,0.60,104.43,0.64,235.13
2026-02-03 13:34:25.703,7.50,133.39,READY,19.59,0.66,110.49,0.58,235.13
2026-02-03 13:34:25.818,9.10,109.85,READY,1.69,0.60,104.99,0.56,235.13
2026-02-03 13:34:26.046,4.47,223.67,READY,1.44,115.22,104.47,0.56,235.13
2026-02-03 13:34:26.162,9.19,108.86,READY,1.36,0.59,104.37,0.58,235.13
2026-02-03 13:34:26.275,9.23,108.39,READY,1.53,0.56,103.80,0.57,235.13
2026-02-03 13:34:26.389,9.24,108.26,READY,1.46,0.56,103.61,0.60,235.13
2026-02-03 13:34:26.502,9.23,108.39,READY,1.47,0.57,103.78,0.57,235.13
2026-02-03 13:34:26.739,4.30,232.36,READY,18.51,107.84,103.34,0.53,235.13
2026-02-03 13:34:26.856,9.15,109.33,READY,2.18,0.60,103.96,0.56,235.13
2026-02-03 13:34:26.969,9.21,108.60,READY,1.45,0.64,104.03,0.57,235.13
2026-02-03 13:34:27.097,8.14,122.86,READY,15.18,0.61,104.41,0.59,235.13
2026-02-03 13:34:27.211,9.16,109.20,READY,1.46,0.61,104.60,0.55,235.13
2026-02-03 13:34:27.433,4.60,217.53,READY,1.48,109.75,103.71,0.57,235.13
2026-02-03 13:34:27.549,9.22,108.43,READY,1.25,0.65,103.89,0.63,235.13
2026-02-03 13:34:27.664,9.09,110.00,READY,2.08,0.61,104.70,0.62,235.13
2026-02-03 13:34:27.777,9.21,108.56,READY,1.46,0.60,103.97,0.56,235.13
2026-02-03 13:34:27.897,8.69,115.08,READY,6.98,0.57,104.87,0.60,235.13
2026-02-03 13:34:28.125,4.50,222.37,READY,1.45,108.98,109.48,0.58,235.13
2026-02-03 13:34:28.245,8.84,113.08,READY,1.34,0.60,108.39,0.56,235.13
2026-02-03 13:34:28.369,8.39,119.24,READY,7.38,0.60,108.69,0.58,235.13
2026-02-03 13:34:28.501,7.87,127.05,READY,15.28,0.61,108.60,0.56,235.13
2026-02-03 13:34:28.620,8.81,113.47,READY,1.48,0.61,108.77,0.56,235.13
2026-02-03 13:34:28.841,4.63,216.03,READY,1.49,106.53,105.40,0.65,235.13
2026-02-03 13:34:28.963,8.71,114.83,READY,1.31,0.61,110.31,0.56,235.13
2026-02-03 13:34:29.081,8.79,113.73,READY,1.51,0.57,109.01,0.59,235.13
2026-02-03 13:34:29.199,8.86,112.82,READY,1.46,0.61,108.18,0.60,235.13
2026-02-03 13:34:29.318,8.81,113.48,READY,1.50,0.57,108.75,0.61,235.13
2026-02-03 13:34:29.547,4.46,224.39,READY,3.05,111.27,107.46,0.56,235.13
2026-02-03 13:34:29.667,8.89,112.44,READY,1.26,0.64,107.85,0.59,235.13
2026-02-03 13:34:29.785,8.81,113.52,READY,1.51,0.61,108.66,0.58,235.13
2026-02-03 13:34:29.904,8.79,113.74,READY,1.41,0.59,108.94,0.61,235.13
2026-02-03 13:34:30.026,8.56,116.83,READY,1.48,0.70,112.10,0.58,235.13
2026-02-03 13:34:30.249,4.59,217.74,READY,1.54,107.47,106.12,0.67,235.13
2026-02-03 13:34:30.370,8.77,114.06,READY,1.29,0.62,109.52,0.57,235.13
2026-02-03 13:34:30.492,8.53,117.24,READY,1.55,0.56,112.53,0.59,235.13
2026-02-03 13:34:30.610,8.87,112.77,READY,1.44,0.68,108.05,0.61,235.13
2026-02-03 13:34:30.728,8.83,113.20,READY,1.52,0.56,108.51,0.57,235.13
2026-02-03 13:34:30.952,4.57,218.99,READY,1.45,106.47,108.18,0.58,235.13
2026-02-03 13:34:31.071,8.80,113.70,READY,1.48,0.60,108.63,0.63,235.13
2026-02-03 13:34:31.188,8.91,112.28,READY,1.58,0.61,107.63,0.55,235.13
2026-02-03 13:34:31.306,8.87,112.80,READY,1.54,0.71,107.98,0.60,235.13
2026-02-03 13:34:31.437,7.93,126.06,READY,14.42,0.60,108.33,0.57,235.13
2026-02-03 13:34:31.675,4.29,232.86,READY,15.38,107.95,107.04,0.57,235.13
2026-02-03 13:34:31.797,8.79,113.83,READY,1.31,0.64,109.15,0.58,235.13
2026-02-03 13:34:31.916,8.76,114.18,READY,2.16,0.61,108.78,0.58,235.13
2026-02-03 13:34:32.037,8.63,115.85,READY,4.57,0.57,107.94,0.70,235.13
2026-02-03 13:34:32.171,7.78,128.58,READY,15.49,0.56,109.55,0.93,235.13
2026-02-03 13:34:32.406,4.35,229.76,READY,2.33,114.75,110.02,0.59,235.13
2026-02-03 13:34:32.531,8.53,117.30,READY,1.43,0.80,112.50,0.64,235.13
2026-02-03 13:34:32.651,8.69,115.02,READY,1.61,0.62,110.15,0.63,235.13
2026-02-03 13:34:32.772,8.56,116.79,READY,2.34,0.62,111.28,0.58,235.13
2026-02-03 13:34:32.894,8.57,116.68,READY,1.52,0.71,111.91,0.58,235.13
2026-02-03 13:34:33.125,4.43,225.77,READY,1.48,112.61,108.99,0.58,235.13
2026-02-03 13:34:33.246,8.81,113.48,READY,1.34,0.66,108.72,0.59,235.13
2026-02-03 13:34:33.370,8.35,119.70,READY,7.43,0.57,109.11,0.61,235.13
2026-02-03 13:34:33.489,8.78,113.93,READY,1.59,0.57,109.11,0.66,235.13
2026-02-03 13:34:33.612,8.54,117.14,READY,1.37,0.58,112.38,0.59,235.13
2026-02-03 13:34:33.836,4.56,219.11,READY,1.56,107.00,108.00,0.58,235.13
2026-02-03 13:34:33.962,8.44,118.55,READY,1.31,0.64,113.86,0.59,235.13
2026-02-03 13:34:34.086,8.42,118.77,READY,2.28,0.61,113.35,0.58,235.13
2026-02-03 13:34:34.208,8.52,117.37,READY,1.43,0.61,111.36,0.61,235.13
2026-02-03 13:34:34.331,8.50,117.64,READY,1.52,0.59,112.78,0.59,235.13
2026-02-03 13:34:34.557,4.52,221.12,READY,1.62,109.87,106.98,0.61,235.13
2026-02-03 13:34:34.674,9.10,109.88,READY,1.27,0.64,105.39,0.61,235.13
2026-02-03 13:34:34.790,9.00,111.10,READY,1.50,0.60,106.39,0.61,235.13
2026-02-03 13:34:34.905,9.07,110.27,READY,1.45,0.61,105.66,0.57,235.13
2026-02-03 13:34:35.040,7.66,130.52,READY,16.49,0.56,109.05,2.48,235.13
2026-02-03 13:34:35.283,4.21,237.64,READY,12.97,115.52,106.74,0.57,235.13
2026-02-03 13:34:35.399,9.18,108.90,READY,1.26,0.66,104.45,0.57,235.13
2026-02-03 13:34:35.514,9.07,110.20,READY,1.47,0.61,105.53,0.61,235.13
2026-02-03 13:34:35.635,8.66,115.42,READY,7.09,0.60,105.16,0.62,235.13
2026-02-03 13:34:35.774,7.45,134.27,READY,19.01,0.60,112.10,0.61,235.13
2026-02-03 13:34:36.001,4.50,222.25,READY,1.45,114.60,103.62,0.59,235.13
2026-02-03 13:34:36.118,9.09,109.96,READY,1.27,0.62,105.31,0.58,235.13
2026-02-03 13:34:36.235,8.93,111.99,READY,3.43,0.64,105.41,0.57,235.13
2026-02-03 13:34:36.368,7.83,127.68,READY,18.65,0.57,105.97,0.56,235.13
2026-02-03 13:34:36.484,8.98,111.31,READY,1.91,0.56,105.76,0.60,235.13
2026-02-03 13:34:36.706,4.60,217.46,READY,1.55,109.12,104.15,0.61,235.13
2026-02-03 13:34:36.822,9.18,108.90,READY,1.35,0.61,104.45,0.61,235.13
2026-02-03 13:34:36.937,9.15,109.27,READY,1.55,0.60,104.55,0.57,235.13
2026-02-03 13:34:37.051,9.11,109.78,READY,1.47,0.61,105.16,0.57,235.13
2026-02-03 13:34:37.167,8.99,111.28,READY,2.38,0.61,105.77,0.57,235.13
2026-02-03 13:34:37.394,4.52,221.48,READY,1.50,113.88,103.51,0.60,235.13
2026-02-03 13:34:37.511,9.16,109.13,READY,1.44,0.57,104.36,0.64,235.13
2026-02-03 13:34:37.635,8.34,119.91,READY,11.18,0.57,105.58,0.57,235.13
2026-02-03 13:34:37.768,7.85,127.34,READY,18.38,0.57,105.82,0.56,235.13
2026-02-03 13:34:37.883,9.03,110.69,READY,1.59,0.57,106.00,0.57,235.13
2026-02-03 13:34:38.104,4.64,215.66,READY,1.53,108.20,103.36,0.57,235.13
2026-02-03 13:34:38.220,9.15,109.31,READY,1.38,0.66,104.75,0.57,235.13
2026-02-03 13:34:38.335,9.14,109.47,READY,1.61,0.61,104.62,0.65,235.13
2026-02-03 13:34:38.449,9.14,109.37,READY,1.59,0.61,104.59,0.56,235.13
2026-02-03 13:34:38.566,8.93,112.01,READY,4.67,0.62,104.08,0.58,235.13
2026-02-03 13:34:38.792,4.52,221.20,READY,1.59,112.16,104.98,0.63,235.13
2026-02-03 13:34:38.910,9.03,110.77,READY,1.26,0.62,106.25,0.65,235.13
2026-02-03 13:34:39.036,8.26,121.10,READY,11.81,0.57,106.13,0.63,235.13
2026-02-03 13:34:39.169,7.84,127.48,READY,17.66,0.58,106.61,0.60,235.13
2026-02-03 13:34:39.284,9.11,109.79,READY,1.49,0.56,105.15,0.58,235.13
2026-02-03 13:34:39.507,4.57,218.67,READY,1.43,111.01,103.67,0.59,235.13
2026-02-03 13:34:39.624,9.11,109.75,READY,1.24,0.68,105.32,0.56,235.13
2026-02-03 13:34:39.738,9.23,108.40,READY,1.52,0.61,103.76,0.57,235.13
2026-02-03 13:34:39.852,9.15,109.31,READY,1.50,0.69,104.63,0.56,235.13
2026-02-03 13:34:39.970,8.82,113.42,READY,2.10,0.60,107.44,0.67,235.13
2026-02-03 13:34:40.198,4.48,223.23,READY,1.53,114.70,104.38,0.62,235.13
2026-02-03 13:34:40.331,8.01,124.86,READY,1.29,0.63,120.29,0.63,235.09
2026-02-03 13:34:40.448,8.88,112.57,READY,2.13,0.57,107.27,0.60,235.13
2026-02-03 13:34:40.566,8.84,113.07,READY,5.99,0.58,103.96,0.70,235.13
2026-02-03 13:34:40.680,9.15,109.30,READY,2.36,0.58,103.68,0.62,235.13
2026-02-03 13:34:40.911,4.44,225.46,READY,1.54,117.14,104.20,0.61,235.13
2026-02-03 13:34:41.029,9.02,110.87,READY,1.44,0.70,106.22,0.58,235.13
2026-02-03 13:34:41.147,8.86,112.83,READY,1.46,0.61,108.21,0.59,235.13
2026-02-03 13:34:41.259,9.26,108.03,READY,1.51,0.58,103.29,0.63,235.13
2026-02-03 13:34:41.373,9.22,108.48,READY,1.49,0.60,103.82,0.59,235.13
2026-02-03 13:34:41.608,4.34,230.46,READY,13.59,110.07,104.23,0.59,235.13
2026-02-03 13:34:41.724,9.22,108.47,READY,1.23,0.61,104.01,0.60,235.13
2026-02-03 13:34:41.838,9.21,108.63,READY,1.49,0.57,103.97,0.63,235.13
2026-02-03 13:34:41.967,8.06,124.13,READY,16.77,0.56,104.17,0.66,235.13
2026-02-03 13:34:42.081,9.15,109.34,READY,1.59,0.56,104.57,0.60,235.13
2026-02-03 13:34:42.298,4.71,212.47,READY,1.52,105.40,102.91,0.61,235.13
2026-02-03 13:34:42.415,9.14,109.39,READY,1.38,0.67,104.80,0.67,235.13
2026-02-03 13:34:42.534,8.77,114.07,READY,2.07,0.60,107.76,0.61,235.13
2026-02-03 13:34:42.648,9.14,109.43,READY,1.53,0.66,104.74,0.55,235.13
2026-02-03 13:34:42.768,8.71,114.80,READY,6.58,0.60,105.05,0.59,235.13
2026-02-03 13:34:42.988,4.65,214.94,READY,1.44,106.44,104.50,0.60,235.13
2026-02-03 13:34:43.103,9.23,108.35,READY,1.25,0.69,103.89,0.59,235.13
2026-02-03 13:34:43.242,7.48,133.76,READY,19.29,0.62,111.22,0.57,235.13
2026-02-03 13:34:43.367,8.35,119.83,READY,12.66,0.56,103.95,0.65,235.13
2026-02-03 13:34:43.480,9.18,108.92,READY,1.56,0.55,104.18,0.60,235.13
2026-02-03 13:34:43.705,4.56,219.53,READY,1.50,107.48,107.99,0.57,235.13
2026-02-03 13:34:43.831,8.40,119.09,READY,1.25,0.64,114.55,0.57,235.13
2026-02-03 13:34:43.959,8.16,122.56,READY,1.68,0.61,117.42,0.63,235.09
2026-02-03 13:34:44.078,8.92,112.08,READY,2.19,0.61,105.02,0.62,235.09
2026-02-03 13:34:44.192,9.16,109.13,READY,1.56,0.62,104.38,0.58,235.09
2026-02-03 13:34:44.413,4.63,216.06,READY,1.51,106.37,105.66,0.58,235.09
2026-02-03 13:34:44.530,9.13,109.54,READY,1.25,0.62,105.06,0.57,235.09
2026-02-03 13:34:44.646,8.99,111.23,READY,1.50,0.63,106.54,0.61,235.09
2026-02-03 13:34:44.767,8.66,115.45,READY,8.54,0.57,103.73,0.61,235.09
2026-02-03 13:34:44.882,9.10,109.94,READY,1.52,0.56,105.23,0.55,235.09
2026-02-03 13:34:45.108,4.51,221.71,READY,1.43,113.37,104.34,0.56,235.09
2026-02-03 13:34:45.225,9.12,109.66,READY,1.26,0.68,105.20,0.57,235.09
2026-02-03 13:34:45.339,9.22,108.50,READY,1.42,0.61,103.92,0.59,235.09
2026-02-03 13:34:45.453,9.14,109.45,READY,1.61,0.60,104.66,0.57,235.09
2026-02-03 13:34:45.569,9.00,111.06,READY,1.79,0.60,106.07,0.62,235.09
2026-02-03 13:34:45.793,4.56,219.32,READY,1.59,108.37,104.04,3.40,235.09
2026-02-03 13:34:45.908,9.18,108.90,READY,1.36,0.59,104.39,0.57,235.09
2026-02-03 13:34:46.034,8.25,121.27,READY,14.57,0.57,103.52,0.62,235.09
2026-02-03 13:34:46.173,7.47,133.88,READY,20.56,0.89,109.64,0.57,235.09
2026-02-03 13:34:46.287,9.13,109.50,READY,1.70,0.60,104.65,0.57,235.09
2026-02-03 13:34:46.507,4.65,214.95,READY,1.61,107.20,103.61,0.61,235.09
2026-02-03 13:34:46.625,9.06,110.32,READY,1.32,0.60,104.45,0.57,235.09
2026-02-03 13:34:46.740,9.10,109.87,READY,1.45,0.60,105.28,0.57,235.09
2026-02-03 13:34:46.854,9.16,109.13,READY,1.45,0.61,104.57,0.55,235.09
2026-02-03 13:34:46.967,9.19,108.84,READY,1.41,0.65,104.20,0.63,235.09
2026-02-03 13:34:47.189,4.61,216.78,READY,1.44,108.10,104.66,0.55,235.09
2026-02-03 13:34:47.307,9.07,110.27,READY,1.24,0.61,105.78,0.63,235.09
2026-02-03 13:34:47.438,7.91,126.35,READY,16.60,0.61,106.54,0.58,235.09
2026-02-03 13:34:47.569,7.90,126.51,READY,17.11,0.61,106.23,0.57,235.09
2026-02-03 13:34:47.684,9.13,109.47,READY,1.46,0.57,104.87,0.58,235.09
2026-02-03 13:34:47.909,4.53,220.61,READY,1.44,106.96,109.50,0.60,235.09
2026-02-03 13:34:48.027,9.01,110.94,READY,1.25,0.64,106.51,0.60,235.09
2026-02-03 13:34:48.144,8.99,111.21,READY,1.51,0.59,106.04,0.63,235.09
2026-02-03 13:34:48.259,9.06,110.34,READY,1.70,0.60,105.15,0.57,235.09
2026-02-03 13:34:48.380,8.65,115.57,READY,2.25,0.67,108.42,0.59,235.09
2026-02-03 13:34:48.614,4.35,229.68,READY,11.43,110.13,105.54,0.63,235.09
2026-02-03 13:34:48.731,9.12,109.63,READY,1.33,0.64,105.13,0.60,235.09
2026-02-03 13:34:48.845,9.13,109.58,READY,1.52,0.57,104.88,0.56,235.09
2026-02-03 13:34:48.972,8.21,121.78,READY,9.75,0.63,108.77,0.60,235.09
2026-02-03 13:34:49.091,8.78,113.87,READY,2.51,0.60,107.71,0.60,235.09
2026-02-03 13:34:49.313,4.60,217.27,READY,2.21,108.53,103.95,0.60,235.09
2026-02-03 13:34:49.429,9.20,108.68,READY,1.27,0.59,104.38,0.58,235.09
2026-02-03 13:34:49.544,9.11,109.81,READY,1.49,0.66,104.90,0.60,235.09
2026-02-03 13:34:49.658,9.19,108.78,READY,1.51,0.61,104.12,0.57,235.09
2026-02-03 13:34:49.773,9.06,110.42,READY,1.63,0.63,105.58,0.62,235.09
2026-02-03 13:34:50.013,4.26,234.63,READY,18.21,108.06,105.81,0.61,235.09
2026-02-03 13:34:50.130,9.10,109.88,READY,1.24,0.67,105.38,0.55,235.09
2026-02-03 13:34:50.244,9.18,108.94,READY,1.46,0.61,104.38,0.60,235.09
2026-02-03 13:34:50.368,8.38,119.37,READY,11.55,0.60,104.68,0.55,235.09
2026-02-03 13:34:50.483,9.10,109.86,READY,1.51,0.56,105.24,0.57,235.09
2026-02-03 13:34:50.703,4.66,214.82,READY,1.83,106.90,103.51,0.61,235.09
2026-02-03 13:34:50.820,9.04,110.58,READY,1.37,0.67,105.98,0.63,235.09
2026-02-03 13:34:50.935,9.16,109.12,READY,1.49,0.60,104.54,0.59,235.09
2026-02-03 13:34:51.049,9.11,109.79,READY,1.51,0.59,105.12,0.57,235.09
2026-02-03 13:34:51.170,8.66,115.44,READY,6.51,0.60,105.76,0.57,235.09
2026-02-03 13:34:51.392,4.60,217.24,READY,1.56,107.71,105.41,0.57,235.09
2026-02-03 13:34:51.509,9.05,110.48,READY,1.33,0.67,106.08,0.58,235.09
2026-02-03 13:34:51.637,8.14,122.81,READY,14.38,0.58,105.29,0.59,235.09
2026-02-03 13:34:51.752,9.14,109.47,READY,1.54,0.56,104.74,0.60,235.09
2026-02-03 13:34:51.866,9.13,109.50,READY,1.45,0.57,105.02,0.57,235.09
2026-02-03 13:34:52.088,4.60,217.48,READY,1.45,107.89,105.28,0.58,235.09
2026-02-03 13:34:52.208,9.02,110.87,READY,1.34,0.60,105.67,0.61,235.09
2026-02-03 13:34:52.324,9.10,109.91,READY,1.29,0.61,105.46,0.61,235.09
2026-02-03 13:34:52.439,9.07,110.31,READY,1.61,0.59,105.66,0.59,235.09
2026-02-03 13:34:52.554,9.06,110.40,READY,1.81,0.62,105.40,0.59,235.09
2026-02-03 13:34:52.774,4.65,215.21,READY,1.94,107.22,103.46,0.57,235.09
2026-02-03 13:34:52.890,9.15,109.26,READY,1.35,0.63,104.73,0.61,235.09
2026-02-03 13:34:53.005,9.12,109.71,READY,1.54,0.56,105.10,0.57,235.09
2026-02-03 13:34:53.119,9.14,109.39,READY,1.47,0.57,104.78,0.59,235.09
2026-02-03 13:34:53.237,8.84,113.15,READY,4.44,0.56,105.47,0.59,235.09
2026-02-03 13:34:53.467,4.46,224.38,READY,1.47,114.96,105.35,0.61,235.09
2026-02-03 13:34:53.583,9.20,108.65,READY,1.45,0.67,103.94,0.57,235.09
2026-02-03 13:34:53.705,8.54,117.08,READY,9.59,0.64,104.30,0.58,235.09
2026-02-03 13:34:53.843,7.54,132.64,READY,19.44,0.70,109.96,0.57,235.09
2026-02-03 13:34:53.957,9.13,109.58,READY,1.77,0.61,104.62,0.57,235.09
2026-02-03 13:34:54.176,4.67,213.99,READY,1.50,105.62,104.29,0.58,235.09
2026-02-03 13:34:54.293,9.14,109.41,READY,1.37,0.62,104.91,0.61,235.09
2026-02-03 13:34:54.408,9.11,109.77,READY,1.80,0.57,104.82,0.56,235.09
2026-02-03 13:34:54.522,9.10,109.90,READY,1.99,0.56,104.78,0.59,235.09
2026-02-03 13:34:54.637,9.08,110.10,READY,1.62,0.56,105.31,0.57,235.09
2026-02-03 13:34:54.857,4.65,215.16,READY,1.44,106.34,104.80,0.57,235.09
2026-02-03 13:34:54.974,9.13,109.57,READY,1.24,0.70,105.04,0.64,235.09
2026-02-03 13:34:55.105,7.93,126.14,READY,17.84,0.62,105.12,0.57,235.09
2026-02-03 13:34:55.245,7.44,134.48,READY,18.83,0.66,112.28,0.68,235.09
2026-02-03 13:34:55.361,8.95,111.67,READY,1.91,0.61,106.76,0.55,235.09
2026-02-03 13:34:55.582,4.64,215.55,READY,1.91,107.22,103.90,0.56,235.09
2026-02-03 13:34:55.699,9.09,109.99,READY,1.31,0.65,105.45,0.60,235.09
2026-02-03 13:34:55.813,9.13,109.55,READY,1.45,0.57,104.88,0.60,235.09
2026-02-03 13:34:55.928,9.13,109.53,READY,1.55,0.60,104.79,0.59,235.09
2026-02-03 13:34:56.043,9.07,110.22,READY,1.38,0.58,105.39,0.58,235.09
2026-02-03 13:34:56.280,4.32,231.62,READY,13.05,111.37,104.51,0.62,235.09
2026-02-03 13:34:56.396,9.17,109.01,READY,1.27,0.64,104.72,0.59,235.09
2026-02-03 13:34:56.510,9.17,109.00,READY,1.53,0.66,104.34,0.57,235.09
2026-02-03 13:34:56.636,8.21,121.85,READY,14.48,0.61,104.23,0.56,235.09
2026-02-03 13:34:56.751,9.11,109.73,READY,1.64,0.59,104.63,0.90,235.09
2026-02-03 13:34:56.975,4.57,218.60,READY,1.48,110.40,104.10,0.64,235.09
2026-02-03 13:34:57.093,9.00,111.13,READY,1.35,0.63,106.63,0.55,235.09
2026-02-03 13:34:57.208,9.08,110.13,READY,1.88,0.57,105.07,0.61,235.09
2026-02-03 13:34:57.322,9.17,109.10,READY,1.52,0.60,104.54,0.55,235.09
2026-02-03 13:34:57.438,8.99,111.25,READY,2.32,0.57,105.73,0.58,235.09
2026-02-03 13:34:57.667,4.46,224.00,READY,1.50,113.82,106.13,0.58,235.09
2026-02-03 13:34:57.783,9.21,108.56,READY,1.25,0.64,104.22,0.61,235.09
2026-02-03 13:34:57.906,8.47,118.10,READY,9.39,0.61,105.51,0.56,235.09
2026-02-03 13:34:58.037,7.92,126.20,READY,18.40,0.61,104.56,0.61,235.09
2026-02-03 13:34:58.151,9.15,109.26,READY,1.49,0.60,104.62,0.61,235.09
2026-02-03 13:34:58.369,4.71,212.50,READY,1.47,105.10,103.11,0.63,235.09
2026-02-03 13:34:58.489,8.88,112.57,READY,1.35,0.61,108.02,0.58,235.09
2026-02-03 13:34:58.607,8.86,112.88,READY,1.73,0.59,107.90,0.63,235.09
2026-02-03 13:34:58.721,9.11,109.78,READY,1.47,0.56,105.12,0.60,235.09
2026-02-03 13:34:58.838,8.93,111.94,READY,3.11,0.65,105.52,0.65,235.09
2026-02-03 13:34:59.070,4.40,227.06,READY,1.58,116.27,106.38,0.57,235.09
2026-02-03 13:34:59.191,8.81,113.50,READY,1.94,0.61,107.31,1.14,235.09
2026-02-03 13:34:59.307,9.01,111.01,READY,1.86,0.59,105.58,1.02,235.09
2026-02-03 13:34:59.448,7.34,136.18,READY,17.85,0.64,114.77,0.88,235.09
2026-02-03 13:34:59.563,9.06,110.43,READY,1.84,0.63,105.44,0.59,235.09
2026-02-03 13:34:59.788,4.54,220.06,READY,1.77,107.69,108.10,0.59,235.09
2026-02-03 13:34:59.906,9.05,110.56,READY,1.32,0.59,106.01,0.62,235.09
2026-02-03 13:35:00.022,9.02,110.83,READY,2.49,0.56,104.87,0.93,235.09
2026-02-03 13:35:00.138,9.00,111.17,READY,2.99,0.58,105.17,0.56,235.09
2026-02-03 13:35:00.253,9.11,109.74,READY,1.49,0.61,105.04,0.63,235.09
2026-02-03 13:35:00.480,4.49,222.94,READY,8.05,107.10,105.19,0.58,235.09
2026-02-03 13:35:00.597,9.10,109.85,READY,1.28,0.64,105.39,0.58,235.09
2026-02-03 13:35:00.711,9.17,109.10,READY,1.53,0.65,104.43,0.55,235.09
2026-02-03 13:35:00.838,8.20,121.88,READY,13.39,0.60,105.26,0.65,235.09
2026-02-03 13:35:00.960,8.55,116.99,READY,1.55,0.60,112.10,0.60,235.09
2026-02-03 13:35:01.192,4.41,226.79,READY,1.86,113.54,108.83,0.61,235.09
2026-02-03 13:35:01.308,9.19,108.82,READY,1.30,0.61,104.33,0.58,235.09
2026-02-03 13:35:01.437,8.08,123.79,READY,16.48,0.56,104.10,0.59,235.09
2026-02-03 13:35:01.553,9.04,110.62,READY,1.54,0.56,105.95,0.58,235.09
2026-02-03 13:35:01.666,9.20,108.74,READY,1.52,0.62,104.01,0.62,235.09
2026-02-03 13:35:01.898,4.41,226.84,READY,1.55,114.09,108.46,0.59,235.09
2026-02-03 13:35:02.014,9.17,109.04,READY,1.32,0.67,104.48,0.61,235.09
2026-02-03 13:35:02.128,9.18,108.91,READY,1.52,0.60,104.29,0.56,235.09
2026-02-03 13:35:02.242,9.16,109.15,READY,1.55,0.60,104.57,0.62,235.09
2026-02-03 13:35:02.374,7.97,125.48,READY,17.82,0.63,104.50,0.57,235.09
2026-02-03 13:35:02.618,4.17,239.56,READY,19.42,112.57,104.89,0.55,235.09
2026-02-03 13:35:02.734,9.20,108.67,READY,1.34,0.64,104.12,0.60,235.09
2026-02-03 13:35:02.847,9.21,108.52,READY,1.51,0.61,103.81,0.60,235.09
2026-02-03 13:35:02.973,8.31,120.40,READY,13.64,0.57,103.62,0.59,235.09
2026-02-03 13:35:03.110,7.53,132.72,READY,20.30,0.85,108.79,0.60,235.09
2026-02-03 13:35:03.350,4.25,235.07,READY,14.69,108.17,109.70,0.61,235.13
2026-02-03 13:35:03.474,8.62,116.03,READY,1.29,0.78,111.44,0.59,235.13
2026-02-03 13:35:03.596,8.49,117.75,READY,1.46,0.64,113.01,0.57,235.13
2026-02-03 13:35:03.724,8.19,122.05,READY,1.51,0.71,117.20,0.58,235.13
2026-02-03 13:35:03.846,8.56,116.85,READY,1.82,0.68,109.98,0.57,235.13
2026-02-03 13:35:04.075,4.47,223.96,READY,1.56,113.19,105.26,0.59,235.13
2026-02-03 13:35:04.190,9.20,108.66,READY,1.27,0.65,104.17,0.64,235.13
2026-02-03 13:35:04.307,8.94,111.85,READY,2.72,0.57,106.09,0.56,235.13
2026-02-03 13:35:04.421,9.16,109.16,READY,1.50,0.61,104.45,0.58,235.13
2026-02-03 13:35:04.536,9.10,109.95,READY,1.49,0.58,105.27,0.58,235.13
2026-02-03 13:35:04.757,4.64,215.58,READY,1.49,108.29,103.27,0.53,235.13
2026-02-03 13:35:04.873,9.20,108.74,READY,1.31,0.65,104.20,0.58,235.13
2026-02-03 13:35:04.987,9.14,109.44,READY,1.62,0.63,104.68,0.57,235.13
2026-02-03 13:35:05.106,8.78,113.95,READY,6.48,0.62,104.32,0.59,235.13
2026-02-03 13:35:05.220,9.16,109.21,READY,1.46,0.65,104.59,0.61,235.13
2026-02-03 13:35:05.443,4.58,218.43,READY,1.49,110.60,103.82,0.60,235.13
2026-02-03 13:35:05.559,9.25,108.16,READY,1.24,0.63,103.72,0.61,235.13
2026-02-03 13:35:05.672,9.19,108.78,READY,1.47,0.56,104.16,0.55,235.13
2026-02-03 13:35:05.786,9.17,109.01,READY,1.47,0.57,104.40,0.61,235.13
2026-02-03 13:35:05.907,8.63,115.86,READY,7.35,0.57,105.39,0.57,235.13
2026-02-03 13:35:06.127,4.65,214.94,READY,1.52,106.71,104.05,0.63,235.13
2026-02-03 13:35:06.242,9.20,108.67,READY,1.31,0.68,104.22,0.61,235.13
2026-02-03 13:35:06.374,7.88,126.87,READY,19.03,0.59,104.37,0.96,235.13
2026-02-03 13:35:06.517,7.28,137.30,READY,19.24,0.86,114.42,0.56,235.13
2026-02-03 13:35:06.631,9.17,108.99,READY,1.51,0.61,104.32,0.60,235.13
2026-02-03 13:35:06.854,4.57,218.90,READY,1.49,108.87,104.59,0.61,235.13
2026-02-03 13:35:06.973,8.96,111.57,READY,1.51,0.55,105.56,0.61,235.13
2026-02-03 13:35:07.087,9.17,109.02,READY,1.46,0.60,104.41,0.58,235.13
2026-02-03 13:35:07.205,9.12,109.67,READY,1.27,0.66,105.19,0.57,235.13
2026-02-03 13:35:07.318,9.22,108.47,READY,1.49,0.58,103.78,0.64,235.13
2026-02-03 13:35:07.545,4.52,221.41,READY,7.45,107.37,104.05,0.58,235.13
2026-02-03 13:35:07.661,9.13,109.59,READY,1.26,0.62,105.05,0.61,235.13
2026-02-03 13:35:07.775,9.19,108.76,READY,1.50,0.64,104.07,0.59,235.13
2026-02-03 13:35:07.908,7.81,128.01,READY,18.56,0.61,106.27,0.59,235.13
2026-02-03 13:35:08.023,9.12,109.60,READY,1.57,0.61,104.86,0.61,235.13
2026-02-03 13:35:08.243,4.63,215.87,READY,1.72,107.23,103.34,0.61,235.13
2026-02-03 13:35:08.360,9.15,109.27,READY,1.25,0.66,104.76,0.61,235.13
2026-02-03 13:35:08.475,9.09,109.98,READY,1.55,0.57,105.27,0.59,235.13
2026-02-03 13:35:08.589,9.12,109.66,READY,1.53,0.56,104.91,0.60,235.13
2026-02-03 13:35:08.708,8.79,113.71,READY,4.53,0.59,105.92,0.62,235.13
2026-02-03 13:35:08.927,4.66,214.48,READY,1.55,107.23,103.21,0.57,235.13
2026-02-03 13:35:09.044,9.15,109.25,READY,1.31,0.75,104.68,0.56,235.13
2026-02-03 13:35:09.175,7.92,126.26,READY,18.02,0.60,105.11,0.61,235.13
2026-02-03 13:35:09.314,7.49,133.56,READY,19.24,0.67,111.03,0.63,235.13
2026-02-03 13:35:09.428,9.09,110.06,READY,1.53,0.62,105.34,0.62,235.13
2026-02-03 13:35:09.652,4.56,219.06,READY,1.59,108.37,106.55,0.58,235.13
2026-02-03 13:35:09.769,9.13,109.51,READY,1.27,0.61,105.01,0.59,235.13
2026-02-03 13:35:09.884,9.14,109.38,READY,1.50,0.59,104.73,0.58,235.13
2026-02-03 13:35:09.997,9.21,108.63,READY,1.56,0.57,103.94,0.58,235.13
2026-02-03 13:35:10.111,9.17,109.01,READY,1.46,0.57,104.56,0.56,235.13
2026-02-03 13:35:10.345,4.36,229.32,READY,15.05,108.14,103.56,0.57,235.13
2026-02-03 13:35:10.461,9.18,108.92,READY,1.26,0.69,104.19,0.58,235.13
2026-02-03 13:35:10.579,8.88,112.63,READY,1.54,0.63,107.20,0.57,235.13
2026-02-03 13:35:10.707,8.10,123.47,READY,15.11,0.62,105.22,0.57,235.13
2026-02-03 13:35:10.822,9.12,109.67,READY,1.51,0.61,104.97,0.58,235.13
2026-02-03 13:35:11.041,4.67,213.97,READY,1.47,106.41,103.66,0.59,235.13
2026-02-03 13:35:11.157,9.12,109.61,READY,1.25,0.57,105.11,0.58,235.13
2026-02-03 13:35:11.271,9.20,108.72,READY,1.52,0.63,104.08,0.56,235.13
2026-02-03 13:35:11.385,9.17,109.04,READY,1.50,0.57,104.39,0.56,235.13
2026-02-03 13:35:11.507,8.54,117.05,READY,9.08,0.57,104.82,0.57,235.13
2026-02-03 13:35:11.728,4.64,215.72,READY,1.52,108.08,103.27,0.59,235.13
2026-02-03 13:35:11.849,8.72,114.69,READY,1.26,0.55,109.26,0.60,235.09
2026-02-03 13:35:11.975,8.27,120.95,READY,12.76,0.60,105.05,0.58,235.09
2026-02-03 13:35:12.116,7.34,136.18,READY,18.98,0.66,113.93,0.61,235.09
2026-02-03 13:35:12.231,9.13,109.57,READY,1.58,0.60,104.85,0.59,235.09
2026-02-03 13:35:12.451,4.64,215.54,READY,1.51,107.68,103.81,0.59,235.09
2026-02-03 13:35:12.569,9.09,110.05,READY,1.26,0.57,105.65,0.59,235.09
2026-02-03 13:35:12.683,9.13,109.57,READY,1.55,0.57,104.89,0.59,235.09
2026-02-03 13:35:12.798,9.09,110.06,READY,1.54,0.57,105.29,0.60,235.09
2026-02-03 13:35:12.912,9.15,109.34,READY,1.52,0.64,104.62,0.59,235.09
2026-02-03 13:35:13.147,4.35,229.82,READY,14.10,108.62,104.52,0.58,235.09
2026-02-03 13:35:13.265,9.05,110.55,READY,1.27,0.66,106.10,0.57,235.09
2026-02-03 13:35:13.379,9.15,109.26,READY,1.49,0.61,104.40,0.88,235.09
2026-02-03 13:35:13.508,8.06,124.10,READY,15.55,0.61,105.37,0.59,235.09
2026-02-03 13:35:13.622,9.14,109.46,READY,1.56,0.61,104.78,0.60,235.09
2026-02-03 13:35:13.844,4.62,216.27,READY,1.50,108.57,103.63,0.58,235.09
2026-02-03 13:35:13.965,8.79,113.77,READY,1.25,0.54,108.56,0.57,235.13
2026-02-03 13:35:14.082,8.92,112.11,READY,1.54,0.56,107.14,0.65,235.09
2026-02-03 13:35:14.196,9.15,109.33,READY,1.55,0.62,104.61,0.59,235.09
2026-02-03 13:35:14.311,9.10,109.84,READY,1.51,0.59,105.12,0.68,235.09
2026-02-03 13:35:14.530,4.67,214.36,READY,1.51,106.64,103.62,0.57,235.09
2026-02-03 13:35:14.646,9.15,109.26,READY,1.36,0.67,104.69,0.66,235.09
2026-02-03 13:35:14.777,7.97,125.40,READY,16.38,0.55,105.85,0.59,235.09
2026-02-03 13:35:14.909,7.85,127.46,READY,18.07,0.61,106.21,0.60,235.09
2026-02-03 13:35:15.023,9.14,109.43,READY,1.50,0.61,104.78,0.59,235.09
2026-02-03 13:35:15.248,4.54,220.16,READY,1.50,109.51,106.38,0.59,235.09
2026-02-03 13:35:15.366,9.01,110.96,READY,1.26,0.59,106.34,0.60,235.09
2026-02-03 13:35:15.484,8.91,112.29,READY,1.66,0.57,107.43,0.58,235.09
2026-02-03 13:35:15.599,9.03,110.76,READY,2.19,0.57,105.41,0.57,235.09
2026-02-03 13:35:15.714,9.09,110.02,READY,1.56,0.58,105.22,0.57,235.09
2026-02-03 13:35:15.959,4.17,239.86,READY,17.22,112.64,107.28,0.60,235.13
2026-02-03 13:35:16.075,9.15,109.24,READY,1.32,0.67,104.76,0.57,235.13
2026-02-03 13:35:16.189,9.19,108.82,READY,1.56,0.61,104.13,0.61,235.13
2026-02-03 13:35:16.308,8.79,113.80,READY,5.78,0.64,104.76,0.56,235.13
2026-02-03 13:35:16.422,9.17,109.07,READY,1.58,0.61,104.34,0.59,235.13
2026-02-03 13:35:16.645,4.59,217.98,READY,1.48,110.50,103.35,0.59,235.13
2026-02-03 13:35:16.761,9.13,109.56,READY,1.28,0.61,105.05,0.58,235.13
2026-02-03 13:35:16.875,9.16,109.17,READY,1.51,0.57,104.50,0.66,235.13
2026-02-03 13:35:16.990,9.14,109.37,READY,1.49,0.57,104.79,0.60,235.13
2026-02-03 13:35:17.107,8.89,112.49,READY,5.09,0.56,104.19,0.56,235.13
2026-02-03 13:35:17.326,4.67,214.16,READY,1.46,107.20,102.92,0.60,235.13
2026-02-03 13:35:17.440,9.16,109.19,READY,1.46,0.66,104.55,0.57,235.13
2026-02-03 13:35:17.555,9.11,109.78,READY,1.50,0.61,104.83,0.64,235.13
2026-02-03 13:35:17.669,9.17,109.05,READY,1.46,0.61,104.24,0.61,235.13
2026-02-03 13:35:17.782,9.24,108.19,READY,1.56,0.61,103.46,0.59,235.13
2026-02-03 13:35:18.021,4.27,234.28,READY,13.05,110.64,108.10,0.58,235.13
2026-02-03 13:35:18.142,8.82,113.39,READY,1.33,0.57,108.83,0.61,235.13
2026-02-03 13:35:18.257,9.10,109.92,READY,1.22,0.57,104.75,0.58,235.13
2026-02-03 13:35:18.376,8.87,112.68,READY,4.30,0.57,103.93,0.57,235.13
2026-02-03 13:35:18.515,7.46,134.03,READY,18.77,0.70,111.99,0.60,235.13
2026-02-03 13:35:18.735,4.65,214.97,READY,1.45,106.05,104.78,0.68,235.13
2026-02-03 13:35:18.856,8.82,113.38,READY,2.18,0.62,107.77,0.59,235.13
2026-02-03 13:35:18.979,8.46,118.15,READY,7.93,0.65,106.81,0.60,235.13
2026-02-03 13:35:19.109,7.97,125.40,READY,16.04,0.64,105.65,0.58,235.13
2026-02-03 13:35:19.226,8.99,111.20,READY,1.48,0.68,106.05,0.73,235.13
2026-02-03 13:35:19.449,4.57,218.99,READY,1.47,109.45,105.05,0.59,235.13
2026-02-03 13:35:19.567,9.03,110.79,READY,1.26,0.61,105.96,0.63,235.13
2026-02-03 13:35:19.684,8.97,111.51,READY,2.28,0.59,106.11,0.57,235.13
2026-02-03 13:35:19.799,9.07,110.30,READY,1.63,0.56,105.54,0.56,235.13
2026-02-03 13:35:19.915,9.05,110.46,READY,1.35,0.58,105.19,0.98,235.13
2026-02-03 13:35:20.152,4.30,232.34,READY,16.63,107.89,105.18,0.63,235.13
2026-02-03 13:35:20.268,9.20,108.71,READY,1.27,0.69,104.23,0.59,235.13
2026-02-03 13:35:20.383,9.11,109.76,READY,1.52,0.61,105.07,0.64,235.13
2026-02-03 13:35:20.510,8.16,122.57,READY,12.94,0.71,106.40,0.57,235.13
2026-02-03 13:35:20.625,9.12,109.68,READY,1.78,0.59,104.71,0.61,235.13
2026-02-03 13:35:20.845,4.63,215.92,READY,1.48,107.44,104.42,0.61,235.25
2026-02-03 13:35:20.962,9.13,109.52,READY,1.26,0.62,105.04,0.61,235.25
2026-02-03 13:35:21.076,9.22,108.50,READY,1.46,0.57,103.97,0.55,235.25
2026-02-03 13:35:21.190,9.16,109.17,READY,1.46,0.57,104.59,0.59,235.25
2026-02-03 13:35:21.309,8.72,114.66,READY,5.77,0.61,105.72,0.58,235.25
2026-02-03 13:35:21.537,4.49,222.82,READY,1.57,114.50,103.88,0.61,235.25
2026-02-03 13:35:21.658,8.82,113.43,READY,1.35,0.58,108.10,0.62,235.25
2026-02-03 13:35:21.775,8.88,112.61,READY,5.65,0.63,103.74,0.65,235.25
2026-02-03 13:35:21.890,9.15,109.33,READY,1.50,0.61,104.64,0.62,235.25
2026-02-03 13:35:22.004,9.16,109.21,READY,1.50,0.66,104.48,0.64,235.25
2026-02-03 13:35:22.227,4.59,217.90,READY,1.47,110.56,103.30,0.69,235.25
2026-02-03 13:35:22.343,9.15,109.24,READY,1.33,0.71,104.67,0.57,235.25
2026-02-03 13:35:22.458,9.10,109.89,READY,1.63,0.61,105.06,0.59,235.25
2026-02-03 13:35:22.576,8.85,112.95,READY,5.89,0.59,103.90,0.58,235.25
2026-02-03 13:35:22.689,9.19,108.87,READY,1.43,0.57,104.26,0.62,235.25
2026-02-03 13:35:22.913,4.58,218.36,READY,1.46,111.36,102.94,0.59,235.25
2026-02-03 13:35:23.029,9.16,109.14,READY,1.26,0.67,104.61,0.61,235.25
2026-02-03 13:35:23.143,9.21,108.59,READY,1.47,0.61,103.94,0.60,235.25
2026-02-03 13:35:23.256,9.24,108.19,READY,1.48,0.60,103.51,0.59,235.25
2026-02-03 13:35:23.376,8.70,114.93,READY,7.96,0.59,103.75,0.61,235.25
2026-02-03 13:35:23.595,4.66,214.71,READY,1.41,107.97,102.78,0.57,235.25
2026-02-03 13:35:23.711,9.23,108.38,READY,1.34,0.66,103.83,0.60,235.25
2026-02-03 13:35:23.824,9.19,108.82,READY,1.48,0.56,104.13,0.60,235.25
2026-02-03 13:35:23.937,9.25,108.13,READY,1.46,0.57,103.48,0.60,235.25
2026-02-03 13:35:24.051,9.21,108.54,READY,1.46,0.57,103.98,0.62,235.25
2026-02-03 13:35:24.287,4.33,230.89,READY,12.92,112.38,102.57,0.99,235.25
2026-02-03 13:35:24.403,9.18,108.94,READY,1.45,0.66,104.21,0.61,235.25
2026-02-03 13:35:24.516,9.23,108.33,READY,1.78,0.62,103.34,0.61,235.25
2026-02-03 13:35:24.643,8.17,122.36,READY,15.80,0.60,103.36,0.61,235.25
2026-02-03 13:35:24.783,7.43,134.56,READY,20.60,0.84,110.27,0.59,235.25
2026-02-03 13:35:25.007,4.56,219.32,READY,1.45,112.57,102.62,0.57,235.25
2026-02-03 13:35:25.122,9.30,107.56,READY,1.25,0.60,103.14,0.56,235.25
2026-02-03 13:35:25.250,8.13,122.93,READY,11.01,0.60,108.64,0.54,235.25
2026-02-03 13:35:25.376,8.22,121.62,READY,14.37,0.56,104.08,0.59,235.25
2026-02-03 13:35:25.490,9.18,108.99,READY,1.50,0.56,104.32,0.58,235.25
2026-02-03 13:35:25.714,4.57,218.99,READY,1.49,107.63,107.39,0.57,235.25
2026-02-03 13:35:25.830,9.18,108.88,READY,1.36,0.66,104.36,0.57,235.25
2026-02-03 13:35:25.944,9.19,108.82,READY,1.54,0.60,104.09,0.59,235.25
2026-02-03 13:35:26.057,9.21,108.55,READY,1.50,0.62,103.91,0.58,235.25
2026-02-03 13:35:26.177,8.69,115.13,READY,6.94,0.60,104.99,0.57,235.25
2026-02-03 13:35:26.397,4.67,214.20,READY,1.48,106.49,103.60,0.58,235.25
2026-02-03 13:35:26.513,9.17,109.08,READY,1.29,0.62,104.59,0.60,235.25
2026-02-03 13:35:26.651,7.51,133.19,READY,19.32,0.66,110.58,0.58,235.25
2026-02-03 13:35:26.777,8.27,120.87,READY,13.07,0.56,104.63,0.58,235.25
2026-02-03 13:35:26.891,9.13,109.55,READY,1.47,0.57,104.91,0.67,235.25
2026-02-03 13:35:27.111,4.66,214.43,READY,1.52,105.99,104.08,0.60,235.25
2026-02-03 13:35:27.232,8.79,113.76,READY,1.34,0.58,108.25,0.58,235.25
2026-02-03 13:35:27.347,9.06,110.33,READY,1.38,0.65,105.53,0.63,235.25
2026-02-03 13:35:27.461,9.16,109.19,READY,1.52,0.60,104.60,0.60,235.25
2026-02-03 13:35:27.578,8.90,112.30,READY,5.02,0.58,104.04,0.59,235.25
2026-02-03 13:35:27.798,4.65,215.09,READY,1.61,106.53,104.04,0.58,235.25
2026-02-03 13:35:27.913,9.11,109.78,READY,1.60,0.55,104.87,0.62,235.25
2026-02-03 13:35:28.051,7.51,133.18,READY,19.55,0.62,110.30,0.60,235.25
2026-02-03 13:35:28.178,8.17,122.33,READY,13.49,0.57,105.61,0.59,235.25
2026-02-03 13:35:28.293,9.11,109.73,READY,1.59,0.56,104.97,0.57,235.25
2026-02-03 13:35:28.517,4.57,219.02,READY,1.44,109.81,105.28,0.54,235.25
2026-02-03 13:35:28.634,9.08,110.09,READY,1.40,0.60,105.53,0.60,235.25
2026-02-03 13:35:28.748,9.19,108.86,READY,1.48,0.60,104.24,0.54,235.25
2026-02-03 13:35:28.864,9.01,110.97,READY,3.10,0.71,104.69,0.53,235.25
2026-02-03 13:35:28.981,8.97,111.53,READY,1.50,0.65,106.87,0.56,235.25
2026-02-03 13:35:29.201,4.63,215.88,READY,1.51,107.17,104.65,0.59,235.25
2026-02-03 13:35:29.319,9.10,109.86,READY,1.51,0.58,104.57,0.56,235.25
2026-02-03 13:35:29.445,8.21,121.87,READY,13.99,0.57,104.70,0.60,235.25
2026-02-03 13:35:29.584,7.47,133.93,READY,19.28,0.63,111.42,0.56,235.25
2026-02-03 13:35:29.698,9.19,108.83,READY,1.51,0.60,104.17,0.59,235.25
2026-02-03 13:35:29.918,4.64,215.69,READY,2.41,106.77,103.85,0.64,235.25
2026-02-03 13:35:30.034,9.22,108.48,READY,1.32,0.61,104.00,0.68,235.25
2026-02-03 13:35:30.149,9.13,109.59,READY,1.49,0.60,104.91,0.58,235.25
2026-02-03 13:35:30.263,9.11,109.78,READY,1.48,0.61,105.16,0.58,235.25
2026-02-03 13:35:30.379,9.01,110.98,READY,1.50,0.61,106.26,0.63,235.25
2026-02-03 13:35:30.605,4.53,220.66,READY,1.57,111.06,105.30,0.64,235.25
2026-02-03 13:35:30.722,9.10,109.84,READY,1.28,0.61,105.32,0.60,235.25
2026-02-03 13:35:30.845,8.47,118.13,READY,10.95,0.58,103.91,0.66,235.25
2026-02-03 13:35:30.984,7.44,134.36,READY,19.70,0.85,110.95,0.57,235.25
2026-02-03 13:35:31.099,9.08,110.13,READY,1.51,0.59,105.45,0.60,235.25
2026-02-03 13:35:31.321,4.61,216.91,READY,1.52,107.62,105.17,0.59,235.25
2026-02-03 13:35:31.438,9.10,109.92,READY,1.27,0.70,105.38,0.63,235.25
2026-02-03 13:35:31.553,9.13,109.51,READY,1.52,0.60,104.96,0.60,235.25
2026-02-03 13:35:31.668,9.03,110.76,READY,1.54,0.62,106.06,0.64,235.25
2026-02-03 13:35:31.783,9.11,109.82,READY,1.55,0.65,105.12,0.57,235.25
2026-02-03 13:35:32.019,4.32,231.41,READY,13.77,110.83,104.27,0.58,235.25
2026-02-03 13:35:32.136,9.12,109.60,READY,1.25,0.64,105.13,0.57,235.25
2026-02-03 13:35:32.251,9.12,109.63,READY,1.52,0.58,104.94,0.57,235.25
2026-02-03 13:35:32.379,8.10,123.45,READY,14.36,0.56,105.98,0.56,235.25
2026-02-03 13:35:32.493,9.13,109.52,READY,1.57,0.58,104.69,0.60,235.25
2026-02-03 13:35:32.716,4.60,217.46,READY,1.63,107.28,105.93,0.64,235.25
2026-02-03 13:35:32.833,9.10,109.91,READY,1.29,0.72,105.40,0.57,235.25
2026-02-03 13:35:32.949,9.01,110.97,READY,1.49,0.60,106.38,0.62,235.25
2026-02-03 13:35:33.063,9.15,109.32,READY,1.52,0.60,104.68,0.56,235.25
2026-02-03 13:35:33.180,8.92,112.11,READY,1.90,0.60,106.98,0.57,235.25
2026-02-03 13:35:33.406,4.53,220.63,READY,1.54,111.96,104.45,0.75,235.25
2026-02-03 13:35:33.529,8.61,116.11,READY,1.44,0.53,109.37,0.61,235.25
2026-02-03 13:35:33.649,8.75,114.34,READY,3.69,0.56,106.07,0.58,235.25
2026-02-03 13:35:33.778,8.03,124.53,READY,16.51,0.57,104.89,0.56,235.25
2026-02-03 13:35:33.894,9.01,111.04,READY,1.49,0.60,106.37,0.61,235.25
2026-02-03 13:35:34.114,4.65,214.87,READY,1.44,106.53,104.20,0.58,235.25
2026-02-03 13:35:34.230,9.17,109.07,READY,1.42,0.67,104.49,0.59,235.25
2026-02-03 13:35:34.345,9.11,109.73,READY,1.47,0.64,105.09,0.57,235.25
2026-02-03 13:35:34.459,9.13,109.57,READY,1.45,0.63,104.96,0.57,235.25
2026-02-03 13:35:34.578,8.78,113.92,READY,6.10,0.61,104.65,0.59,235.25
2026-02-03 13:35:34.797,4.66,214.43,READY,1.49,106.96,103.46,0.58,235.25
2026-02-03 13:35:34.913,9.20,108.69,READY,1.30,0.63,104.06,0.74,235.25
2026-02-03 13:35:35.055,7.33,136.46,READY,20.00,0.56,113.30,0.56,235.25
2026-02-03 13:35:35.178,8.42,118.79,READY,10.61,0.57,105.03,0.62,235.25
2026-02-03 13:35:35.293,9.10,109.86,READY,1.55,0.56,104.91,0.61,235.25
2026-02-03 13:35:35.513,4.64,215.29,READY,1.42,106.17,104.97,0.65,235.25
2026-02-03 13:35:35.631,9.08,110.16,READY,1.31,0.60,105.77,0.64,235.25
2026-02-03 13:35:35.747,8.99,111.29,READY,1.52,0.60,106.62,0.60,235.25
2026-02-03 13:35:35.862,9.10,109.87,READY,1.54,0.63,104.89,0.82,235.25
2026-02-03 13:35:35.979,8.90,112.38,READY,4.11,0.60,104.99,0.59,235.25
2026-02-03 13:35:36.205,4.52,221.43,READY,1.57,113.84,103.45,0.55,235.25
2026-02-03 13:35:36.322,9.16,109.17,READY,1.42,0.63,104.55,0.59,235.25
2026-02-03 13:35:36.446,8.36,119.62,READY,12.08,0.57,104.40,0.57,235.25
2026-02-03 13:35:36.585,7.48,133.69,READY,19.68,0.64,110.63,0.75,235.25
2026-02-03 13:35:36.700,9.09,109.97,READY,2.10,0.58,104.75,0.55,235.25
2026-02-03 13:35:36.920,4.63,215.91,READY,1.53,107.92,104.03,0.60,235.25
2026-02-03 13:35:37.037,9.14,109.36,READY,1.26,0.65,104.89,0.58,235.25
2026-02-03 13:35:37.153,9.05,110.49,READY,1.56,0.64,105.74,0.58,235.25
2026-02-03 13:35:37.267,9.15,109.24,READY,1.59,0.61,104.46,0.61,235.25
2026-02-03 13:35:37.382,9.09,110.02,READY,2.23,0.61,104.55,0.66,235.25
2026-02-03 13:35:37.605,4.58,218.28,READY,1.79,107.46,106.45,0.59,235.25
2026-02-03 13:35:37.721,9.19,108.77,READY,1.29,0.61,103.90,0.61,235.25
2026-02-03 13:35:37.846,8.33,120.00,READY,12.76,0.56,103.56,0.61,235.25
2026-02-03 13:35:37.960,9.11,109.71,READY,1.48,0.61,104.69,0.62,235.25
2026-02-03 13:35:38.074,9.21,108.57,READY,1.51,0.56,103.87,0.63,235.25
2026-02-03 13:35:38.293,4.68,213.80,READY,1.50,106.21,103.50,0.56,235.25
2026-02-03 13:35:38.409,9.19,108.77,READY,1.26,0.66,104.35,0.56,235.25
2026-02-03 13:35:38.522,9.20,108.64,READY,1.54,0.62,103.60,0.63,235.25
2026-02-03 13:35:38.646,8.42,118.71,READY,11.48,0.61,104.05,0.61,235.25
2026-02-03 13:35:38.760,9.17,109.05,READY,1.49,0.64,104.34,0.61,235.25
2026-02-03 13:35:38.982,4.61,216.87,READY,1.60,106.83,105.75,0.69,235.25
2026-02-03 13:35:39.101,9.06,110.42,READY,1.27,0.63,105.89,0.55,235.25
2026-02-03 13:35:39.216,9.06,110.33,READY,1.97,0.60,105.19,0.56,235.25
2026-02-03 13:35:39.332,9.03,110.79,READY,1.54,0.57,106.12,0.59,235.25
2026-02-03 13:35:39.446,9.14,109.46,READY,1.76,0.57,104.53,0.61,235.25
2026-02-03 13:35:39.666,4.65,214.92,READY,1.74,106.03,103.61,0.63,235.25
2026-02-03 13:35:39.782,9.21,108.56,READY,1.34,0.67,104.01,0.60,235.25
2026-02-03 13:35:39.920,7.49,133.52,READY,19.88,0.67,110.37,0.60,235.25
2026-02-03 13:35:40.047,8.23,121.53,READY,13.45,0.61,104.96,0.56,235.25
2026-02-03 13:35:40.161,9.15,109.30,READY,1.60,0.64,104.42,0.63,235.25
2026-02-03 13:35:40.382,4.63,215.82,READY,1.79,107.38,104.10,0.59,235.25
2026-02-03 13:35:40.499,9.11,109.81,READY,1.43,0.58,105.20,0.61,235.25
2026-02-03 13:35:40.615,9.06,110.42,READY,1.61,0.57,105.54,0.71,235.25
2026-02-03 13:35:40.730,9.06,110.41,READY,1.59,0.57,105.65,0.55,235.25
2026-02-03 13:35:40.846,8.97,111.54,READY,4.23,0.56,104.13,0.64,235.25
2026-02-03 13:35:41.065,4.66,214.41,READY,1.58,107.23,102.97,0.59,235.25
2026-02-03 13:35:41.182,9.17,109.09,READY,1.33,0.67,104.58,0.57,235.25
2026-02-03 13:35:41.295,9.19,108.87,READY,1.63,0.67,103.91,0.74,235.25
2026-02-03 13:35:41.411,9.08,110.14,READY,1.83,0.60,105.15,0.59,235.25
2026-02-03 13:35:41.527,9.00,111.15,READY,1.49,0.69,105.08,0.56,235.25
2026-02-03 13:35:41.757,4.45,224.96,READY,7.13,110.91,104.38,0.56,235.25
2026-02-03 13:35:41.873,9.18,108.90,READY,1.25,0.62,104.42,0.58,235.25
2026-02-03 13:35:41.987,9.16,109.17,READY,1.49,0.56,104.52,0.55,235.25
2026-02-03 13:35:42.115,8.25,121.15,READY,13.83,0.54,104.12,0.65,235.25
2026-02-03 13:35:42.255,7.39,135.39,READY,19.83,0.66,112.32,0.58,235.25
2026-02-03 13:35:42.483,4.47,223.83,READY,1.52,109.95,109.67,0.62,235.25
2026-02-03 13:35:42.604,8.85,113.04,READY,1.26,0.83,107.97,0.92,235.22
2026-02-03 13:35:42.719,9.13,109.57,READY,1.51,0.61,104.95,0.69,235.22
2026-02-03 13:35:42.847,8.10,123.39,READY,15.82,0.61,104.36,0.57,235.22
2026-02-03 13:35:42.961,9.12,109.66,READY,1.52,0.60,104.90,0.58,235.22
2026-02-03 13:35:43.182,4.62,216.31,READY,1.46,108.00,104.22,0.67,235.22
2026-02-03 13:35:43.300,9.10,109.95,READY,1.92,0.57,104.85,0.58,235.22
2026-02-03 13:35:43.414,9.13,109.53,READY,1.44,0.57,104.94,0.57,235.22
2026-02-03 13:35:43.531,8.93,112.04,READY,1.43,0.65,106.72,1.27,235.22
2026-02-03 13:35:43.649,8.84,113.10,READY,3.59,0.57,106.34,0.59,235.22
2026-02-03 13:35:43.877,4.50,222.13,READY,2.66,109.21,107.43,0.56,235.22
2026-02-03 13:35:43.995,9.06,110.36,READY,1.28,0.66,105.70,0.74,235.22
2026-02-03 13:35:44.116,8.60,116.25,READY,7.70,0.61,105.41,0.57,235.22
2026-02-03 13:35:44.256,7.38,135.43,READY,18.61,0.80,110.85,0.57,235.22
2026-02-03 13:35:44.386,8.01,124.78,READY,8.12,0.61,112.77,0.58,235.22
2026-02-03 13:35:44.615,4.51,221.66,READY,1.37,108.41,108.62,0.64,235.22
2026-02-03 13:35:44.732,9.08,110.13,READY,1.38,0.65,105.58,0.57,235.22
2026-02-03 13:35:44.847,9.11,109.75,READY,2.39,0.57,104.16,0.60,235.22
2026-02-03 13:35:44.961,9.17,109.01,READY,1.53,0.56,104.26,0.57,235.22
2026-02-03 13:35:45.075,9.15,109.24,READY,1.66,0.58,104.40,0.62,235.22
2026-02-03 13:35:45.305,4.44,225.06,READY,1.67,116.19,104.36,0.57,235.22
2026-02-03 13:35:45.422,9.05,110.45,READY,1.27,0.62,105.83,0.60,235.22
2026-02-03 13:35:45.537,9.11,109.71,READY,1.49,0.61,105.06,0.61,235.22
2026-02-03 13:35:45.651,9.12,109.63,READY,1.53,0.61,104.92,0.61,235.22
2026-02-03 13:35:45.780,8.06,124.09,READY,15.35,0.61,105.60,0.56,235.22
2026-02-03 13:35:46.005,4.55,219.84,READY,1.58,111.51,104.30,0.52,235.22
2026-02-03 13:35:46.122,9.12,109.69,READY,2.22,0.57,104.30,0.58,235.22
2026-02-03 13:35:46.247,8.31,120.38,READY,12.50,0.58,104.75,0.55,235.22
2026-02-03 13:35:46.362,9.11,109.81,READY,1.51,0.56,105.07,0.65,235.22
2026-02-03 13:35:46.477,9.09,110.05,READY,1.45,0.59,105.40,0.58,235.22
2026-02-03 13:35:46.701,4.58,218.51,READY,2.19,107.94,105.80,0.58,235.22
2026-02-03 13:35:46.819,9.00,111.12,READY,1.27,0.65,106.67,0.58,235.22
2026-02-03 13:35:46.938,8.81,113.56,READY,3.01,0.65,106.33,0.58,235.22
2026-02-03 13:35:47.058,8.65,115.56,READY,2.34,0.58,108.63,0.61,235.22
2026-02-03 13:35:47.181,8.45,118.32,READY,8.82,0.60,106.40,0.66,235.22
2026-02-03 13:35:47.402,4.64,215.30,READY,1.46,107.18,103.89,0.59,235.22
2026-02-03 13:35:47.523,8.79,113.78,READY,1.32,0.55,108.63,0.60,235.22
2026-02-03 13:35:47.648,8.31,120.40,READY,12.58,0.63,104.69,0.57,235.22
2026-02-03 13:35:47.763,9.11,109.72,READY,1.84,0.54,104.65,0.63,235.22
2026-02-03 13:35:47.878,9.22,108.43,READY,1.33,0.63,103.94,0.58,235.22
2026-02-03 13:35:48.101,4.58,218.18,READY,1.74,108.75,105.02,0.58,235.22
2026-02-03 13:35:48.220,9.07,110.21,READY,1.41,0.61,105.64,0.60,235.22
2026-02-03 13:35:48.336,8.96,111.64,READY,2.37,0.62,106.13,0.60,235.22
2026-02-03 13:35:48.454,9.06,110.39,READY,1.30,0.66,105.77,0.61,235.22
2026-02-03 13:35:48.595,7.33,136.43,READY,18.96,0.67,114.18,0.60,235.22
2026-02-03 13:35:48.836,4.24,235.89,READY,8.29,108.00,117.05,0.58,235.22
2026-02-03 13:35:48.957,8.74,114.45,READY,1.42,0.71,109.90,0.53,235.25
2026-02-03 13:35:49.077,8.69,115.07,READY,1.68,0.57,110.23,0.58,235.25
2026-02-03 13:35:49.194,8.93,111.98,READY,1.75,0.61,106.99,0.59,235.25
2026-02-03 13:35:49.319,8.48,117.98,READY,7.66,0.56,105.42,0.67,235.25
2026-02-03 13:35:49.556,4.30,232.29,READY,16.72,107.74,105.02,0.60,235.25
2026-02-03 13:35:49.678,8.68,115.19,READY,1.27,0.57,109.99,0.57,235.25
2026-02-03 13:35:49.798,8.83,113.21,READY,1.55,0.67,108.44,0.62,235.25
2026-02-03 13:35:49.918,8.72,114.72,READY,5.04,0.64,106.44,0.63,235.25
2026-02-03 13:35:50.049,7.90,126.56,READY,17.52,0.67,105.84,0.59,235.25
2026-02-03 13:35:50.279,4.44,225.21,READY,1.54,109.29,111.63,0.58,235.25
2026-02-03 13:35:50.397,9.04,110.58,READY,1.31,0.54,105.32,0.63,235.25
2026-02-03 13:35:50.516,8.80,113.57,READY,6.09,0.61,104.29,0.58,235.25
2026-02-03 13:35:50.655,7.46,134.08,READY,19.52,0.68,111.25,0.57,235.25
2026-02-03 13:35:50.769,9.11,109.77,READY,1.54,0.60,105.05,0.55,235.25
2026-02-03 13:35:50.992,4.59,217.77,READY,1.52,107.43,106.23,0.62,235.25
2026-02-03 13:35:51.110,9.08,110.19,READY,1.27,0.65,105.69,0.61,235.25
2026-02-03 13:35:51.223,9.18,108.93,READY,1.64,0.67,104.07,0.64,235.25
2026-02-03 13:35:51.338,9.13,109.48,READY,1.64,0.61,104.65,0.58,235.25
2026-02-03 13:35:51.452,9.13,109.58,READY,1.56,0.65,104.86,0.60,235.25
2026-02-03 13:35:51.690,4.29,232.89,READY,19.05,107.47,103.74,0.65,235.25
2026-02-03 13:35:51.806,9.20,108.65,READY,1.34,0.66,104.09,0.60,235.25
2026-02-03 13:35:51.919,9.20,108.65,READY,1.52,0.63,103.95,0.68,235.25
2026-02-03 13:35:52.047,8.12,123.11,READY,16.05,0.60,103.84,0.58,235.25
2026-02-03 13:35:52.161,9.19,108.83,READY,1.48,0.56,104.19,0.57,235.25
2026-02-03 13:35:52.385,4.57,218.78,READY,1.55,110.62,103.68,0.93,235.25
2026-02-03 13:35:52.501,9.19,108.80,READY,1.25,0.68,104.30,0.59,235.25
2026-02-03 13:35:52.614,9.23,108.33,READY,1.52,0.60,103.59,0.62,235.25
2026-02-03 13:35:52.727,9.21,108.56,READY,1.51,0.64,103.86,0.60,235.25
2026-02-03 13:35:52.847,8.69,115.05,READY,8.26,0.63,103.71,0.62,235.25
2026-02-03 13:35:53.071,4.57,218.70,READY,1.51,106.33,108.12,0.59,235.22
2026-02-03 13:35:53.190,8.90,112.30,READY,1.28,0.64,107.84,0.61,235.22
2026-02-03 13:35:53.321,7.95,125.76,READY,13.07,0.57,109.56,0.61,235.22
2026-02-03 13:35:53.440,8.82,113.35,READY,1.57,0.56,108.53,0.68,235.22
2026-02-03 13:35:53.559,8.75,114.26,READY,1.36,0.59,109.54,0.59,235.22
2026-02-03 13:35:53.788,4.46,224.10,READY,1.50,113.31,106.69,0.57,235.22
2026-02-03 13:35:53.905,9.09,109.98,READY,1.70,0.59,104.32,0.56,235.22
2026-02-03 13:35:54.021,9.18,108.93,READY,1.24,0.66,104.46,0.57,235.22
2026-02-03 13:35:54.135,9.17,109.11,READY,1.67,0.61,104.17,0.61,235.22
2026-02-03 13:35:54.250,9.24,108.17,READY,1.30,0.65,103.68,0.56,235.22
2026-02-03 13:35:54.471,4.62,216.22,READY,2.42,106.70,104.47,0.62,235.22
2026-02-03 13:35:54.589,9.11,109.71,READY,1.26,0.59,105.23,0.59,235.22
2026-02-03 13:35:54.717,8.14,122.90,READY,14.50,0.58,105.07,0.59,235.22
2026-02-03 13:35:54.832,9.10,109.95,READY,1.53,0.57,105.23,0.60,235.22
2026-02-03 13:35:54.946,9.16,109.13,READY,1.59,0.57,104.40,0.60,235.22
2026-02-03 13:35:55.172,4.54,220.45,READY,1.52,112.28,104.00,0.61,235.22
2026-02-03 13:35:55.289,9.10,109.86,READY,1.28,0.71,105.39,0.57,235.22
2026-02-03 13:35:55.404,9.08,110.13,READY,1.51,0.61,105.46,0.56,235.22
2026-02-03 13:35:55.518,9.15,109.25,READY,1.54,0.67,104.51,0.60,235.22
2026-02-03 13:35:55.632,9.12,109.66,READY,1.66,0.61,104.70,0.59,235.22
2026-02-03 13:35:55.860,4.50,222.40,READY,1.56,111.97,106.38,0.57,235.22
2026-02-03 13:35:55.976,9.16,109.11,READY,1.30,0.71,104.53,0.64,235.22
2026-02-03 13:35:56.090,9.19,108.87,READY,1.61,0.58,104.14,0.57,235.22
2026-02-03 13:35:56.203,9.19,108.82,READY,1.49,0.61,104.19,0.58,235.22
2026-02-03 13:35:56.318,9.14,109.39,READY,1.54,0.62,104.68,0.56,235.22
2026-02-03 13:35:56.537,4.67,214.18,READY,1.57,107.45,102.61,0.59,235.22
2026-02-03 13:35:56.652,9.24,108.23,READY,1.28,0.63,103.75,0.60,235.22
2026-02-03 13:35:56.793,7.38,135.50,READY,19.62,0.66,112.61,0.58,235.22
2026-02-03 13:35:56.917,8.41,118.87,READY,11.18,0.60,104.49,0.60,235.22
2026-02-03 13:35:57.030,9.19,108.79,READY,1.57,0.61,104.03,0.61,235.22
2026-02-03 13:35:57.261,4.42,226.12,READY,1.58,117.97,103.93,0.55,235.22
2026-02-03 13:35:57.390,8.27,120.95,READY,2.05,0.58,114.57,0.57,235.22
2026-02-03 13:35:57.507,8.94,111.84,READY,1.88,0.57,106.58,0.59,235.22
2026-02-03 13:35:57.622,9.12,109.62,READY,1.68,0.60,104.45,0.57,235.22
2026-02-03 13:35:57.736,9.18,108.95,READY,1.54,0.56,103.90,0.59,235.22
2026-02-03 13:35:57.963,4.50,222.43,READY,1.64,113.60,104.28,0.61,235.22
2026-02-03 13:35:58.079,9.17,109.03,READY,1.36,0.69,104.45,0.58,235.22
2026-02-03 13:35:58.194,9.11,109.80,READY,2.44,0.61,104.18,0.64,235.22
2026-02-03 13:35:58.317,8.50,117.61,READY,9.99,0.61,104.42,0.57,235.22
2026-02-03 13:35:58.431,9.16,109.16,READY,1.68,0.61,104.28,0.60,235.22
2026-02-03 13:35:58.657,4.51,221.57,READY,1.58,112.02,105.40,0.57,235.22
2026-02-03 13:35:58.773,9.23,108.30,READY,1.25,0.65,103.79,0.57,235.22
2026-02-03 13:35:58.887,9.17,109.08,READY,1.63,0.56,104.29,0.57,235.22
2026-02-03 13:35:59.001,9.15,109.26,READY,1.67,0.59,104.31,0.65,235.22
2026-02-03 13:35:59.117,9.02,110.86,READY,3.57,0.62,104.01,0.61,235.22
2026-02-03 13:35:59.342,4.53,220.61,READY,1.63,112.83,103.56,0.56,235.22
2026-02-03 13:35:59.458,9.23,108.35,READY,1.34,0.71,103.85,0.56,235.22
2026-02-03 13:35:59.585,8.14,122.88,READY,14.95,0.61,104.76,0.57,235.22
2026-02-03 13:35:59.724,7.47,133.86,READY,19.16,0.66,111.40,0.59,235.22
2026-02-03 13:35:59.839,9.12,109.66,READY,1.65,0.58,104.80,0.56,235.22
2026-02-03 13:36:00.069,4.44,225.44,READY,1.69,115.80,105.38,0.56,235.22
2026-02-03 13:36:00.187,9.04,110.56,READY,1.26,0.63,106.13,0.57,235.22
2026-02-03 13:36:00.317,8.02,124.67,READY,17.55,0.57,103.93,0.57,235.22
2026-02-03 13:36:00.433,8.94,111.88,READY,1.58,0.56,107.20,0.57,235.22
2026-02-03 13:36:00.548,9.08,110.18,READY,1.90,0.66,104.86,0.77,235.22
2026-02-03 13:36:00.769,4.64,215.47,READY,1.73,107.09,103.89,0.58,235.22
2026-02-03 13:36:00.890,8.78,113.83,READY,1.31,0.66,108.37,1.43,235.22
2026-02-03 13:36:01.005,9.09,109.96,READY,1.67,0.63,104.69,1.01,235.22
2026-02-03 13:36:01.119,9.13,109.52,READY,1.44,0.60,104.92,0.59,235.22
2026-02-03 13:36:01.235,9.03,110.79,READY,1.48,0.61,106.06,0.61,235.22
2026-02-03 13:36:01.455,4.64,215.68,READY,1.53,106.76,104.82,0.57,235.22
2026-02-03 13:36:01.573,9.09,110.04,READY,1.26,0.66,105.12,0.94,235.22
2026-02-03 13:36:01.689,8.98,111.30,READY,1.63,0.61,105.00,0.58,235.22
2026-02-03 13:36:01.804,9.09,110.00,READY,1.50,0.57,105.22,0.63,235.22
2026-02-03 13:36:01.918,9.14,109.43,READY,1.56,0.57,104.70,0.64,235.22
2026-02-03 13:36:02.139,4.64,215.75,READY,1.55,107.51,104.03,0.62,235.22
2026-02-03 13:36:02.255,9.19,108.87,READY,1.26,0.66,104.39,0.60,235.22
2026-02-03 13:36:02.386,7.95,125.71,READY,18.03,0.60,104.52,0.58,235.22
2026-02-03 13:36:02.523,7.54,132.58,READY,19.20,0.67,110.11,0.58,235.22
2026-02-03 13:36:02.637,9.18,108.92,READY,1.54,0.61,104.11,0.66,235.22
2026-02-03 13:36:02.858,4.63,215.94,READY,1.51,106.69,105.17,0.58,235.22
2026-02-03 13:36:02.974,9.19,108.82,READY,1.36,0.65,104.12,0.56,235.22
2026-02-03 13:36:03.087,9.22,108.44,READY,1.46,0.62,103.68,0.57,235.22
2026-02-03 13:36:03.201,9.21,108.61,READY,1.57,0.56,103.85,0.59,235.22
2026-02-03 13:36:03.318,8.94,111.91,READY,4.21,0.58,104.40,0.63,235.22
2026-02-03 13:36:03.537,4.65,215.08,READY,1.47,107.07,103.93,0.59,235.22
2026-02-03 13:36:03.654,9.17,109.00,READY,1.31,0.68,104.51,0.58,235.22
2026-02-03 13:36:03.792,7.49,133.57,READY,19.39,0.67,110.92,0.61,235.22
2026-02-03 13:36:03.920,8.12,123.22,READY,12.87,0.61,107.19,0.62,235.22
2026-02-03 13:36:04.038,8.91,112.25,READY,1.67,0.70,105.92,0.58,235.22
2026-02-03 13:36:04.268,4.43,225.69,READY,1.53,116.28,105.17,0.56,235.22
2026-02-03 13:36:04.385,9.12,109.68,READY,1.26,0.60,105.19,0.61,235.22
2026-02-03 13:36:04.501,9.05,110.55,READY,2.09,0.61,105.25,0.62,235.22
2026-02-03 13:36:04.617,8.98,111.34,READY,1.49,0.59,106.64,0.60,235.22
2026-02-03 13:36:04.731,9.11,109.73,READY,1.51,0.59,105.05,0.58,235.22
2026-02-03 13:36:04.958,4.52,221.30,READY,6.05,107.98,104.57,0.63,235.22
2026-02-03 13:36:05.075,9.08,110.18,READY,1.35,0.64,105.71,0.62,235.22
2026-02-03 13:36:05.190,9.06,110.38,READY,1.60,0.62,105.57,0.61,235.22
2026-02-03 13:36:05.319,8.10,123.45,READY,15.04,0.61,105.22,0.63,235.22
2026-02-03 13:36:05.435,9.00,111.16,READY,1.75,0.61,106.16,0.62,235.22
2026-02-03 13:36:05.656,4.61,216.80,READY,1.65,107.95,104.50,0.59,235.22
2026-02-03 13:36:05.774,9.08,110.11,READY,1.39,0.63,105.43,0.60,235.22
2026-02-03 13:36:05.889,9.08,110.12,READY,1.51,0.61,105.42,0.59,235.22
2026-02-03 13:36:06.003,9.13,109.58,READY,1.51,0.59,105.07,0.55,235.22
2026-02-03 13:36:06.119,9.02,110.86,READY,1.93,0.56,105.83,0.55,235.22
2026-02-03 13:36:06.338,4.67,214.17,READY,1.49,106.79,103.22,0.65,235.22
2026-02-03 13:36:06.464,8.43,118.60,READY,1.38,0.71,113.79,0.87,235.22
2026-02-03 13:36:06.593,8.10,123.51,READY,9.33,0.61,111.08,0.56,235.22
2026-02-03 13:36:06.723,7.98,125.34,READY,12.46,0.62,109.72,0.57,235.22
2026-02-03 13:36:06.842,8.76,114.12,READY,1.51,0.61,109.44,0.59,235.22
2026-02-03 13:36:07.065,4.60,217.29,READY,1.50,108.54,104.54,0.60,235.22
2026-02-03 13:36:07.180,9.25,108.12,READY,1.25,0.61,103.60,0.63,235.22
2026-02-03 13:36:07.301,8.60,116.24,READY,1.70,0.57,110.93,0.60,235.10
2026-02-03 13:36:07.415,9.18,108.96,READY,1.51,0.59,104.32,0.57,235.10
2026-02-03 13:36:07.529,9.14,109.38,READY,1.52,0.57,104.67,0.57,235.10
2026-02-03 13:36:07.765,4.34,230.38,READY,12.37,110.34,105.15,0.56,235.10
2026-02-03 13:36:07.881,9.15,109.25,READY,1.26,0.66,104.77,0.58,235.10
2026-02-03 13:36:07.997,9.05,110.45,READY,1.59,0.62,105.91,0.58,235.10
2026-02-03 13:36:08.118,8.62,116.06,READY,8.65,0.62,104.31,0.58,235.10
2026-02-03 13:36:08.234,9.00,111.08,READY,2.43,0.61,105.38,0.59,235.10
2026-02-03 13:36:08.460,4.52,221.14,READY,1.51,112.08,104.96,0.58,235.10
2026-02-03 13:36:08.577,9.12,109.60,READY,1.24,0.67,105.12,0.61,235.10
2026-02-03 13:36:08.691,9.12,109.69,READY,1.63,0.57,104.95,0.56,235.10
2026-02-03 13:36:08.805,9.19,108.78,READY,1.48,0.57,104.16,0.57,235.10
2026-02-03 13:36:08.920,9.10,109.86,READY,1.43,0.57,105.31,0.57,235.10
2026-02-03 13:36:09.143,4.59,217.94,READY,1.53,108.29,105.57,0.61,235.10
2026-02-03 13:36:09.288,7.27,137.64,READY,1.30,0.67,133.04,0.66,235.10
2026-02-03 13:36:09.404,9.04,110.60,READY,1.69,0.72,104.87,0.57,235.10
2026-02-03 13:36:09.518,9.16,109.19,READY,1.85,0.61,104.12,0.59,235.10
2026-02-03 13:36:09.633,9.07,110.30,READY,1.48,0.63,105.65,0.56,235.10
2026-02-03 13:36:09.854,4.63,215.96,READY,1.42,107.85,104.10,0.59,235.10
2026-02-03 13:36:09.971,9.11,109.81,READY,1.57,0.64,104.99,0.64,235.10
2026-02-03 13:36:10.086,9.12,109.69,READY,1.52,0.57,104.87,0.71,235.10
2026-02-03 13:36:10.200,9.17,109.03,READY,1.46,0.61,104.37,0.60,235.10
2026-02-03 13:36:10.319,8.76,114.10,READY,6.23,0.56,104.63,0.63,235.10
2026-02-03 13:36:10.539,4.64,215.31,READY,1.50,107.60,103.54,0.62,235.10
2026-02-03 13:36:10.655,9.21,108.54,READY,1.24,0.67,103.98,0.71,235.10
2026-02-03 13:36:10.793,7.49,133.47,READY,19.49,0.70,110.70,0.57,235.10
2026-02-03 13:36:10.907,9.18,108.98,READY,1.44,0.61,104.32,0.57,235.10
2026-02-03 13:36:11.021,9.15,109.33,READY,1.49,0.60,104.75,0.60,235.10
2026-02-03 13:36:11.246,4.54,220.33,READY,1.49,111.40,104.89,0.65,235.10
2026-02-03 13:36:11.362,9.16,109.18,READY,1.39,0.64,104.54,0.65,235.10
2026-02-03 13:36:11.477,9.09,110.01,READY,1.51,0.56,105.30,0.57,235.10
2026-02-03 13:36:11.591,9.17,109.10,READY,1.49,0.59,104.40,0.61,235.10
2026-02-03 13:36:11.719,8.13,122.94,READY,14.80,0.57,104.99,0.57,235.10
2026-02-03 13:36:11.954,4.36,229.59,READY,1.50,120.57,104.94,0.59,235.10
2026-02-03 13:36:12.071,9.12,109.64,READY,1.37,0.67,105.02,0.68,235.10
2026-02-03 13:36:12.187,8.97,111.45,READY,3.62,0.66,104.53,0.58,235.10
2026-02-03 13:36:12.303,9.01,111.05,READY,1.55,0.61,106.25,0.61,235.10
2026-02-03 13:36:12.417,9.09,109.98,READY,1.61,0.60,105.18,0.57,235.10
2026-02-03 13:36:12.639,4.62,216.28,READY,1.57,107.80,104.30,0.65,235.10
2026-02-03 13:36:12.756,9.12,109.71,READY,1.29,0.66,105.21,0.56,235.10
2026-02-03 13:36:12.871,9.08,110.17,READY,2.12,0.58,104.91,0.60,235.10
2026-02-03 13:36:12.987,8.95,111.68,READY,3.52,0.63,104.98,0.57,235.10
2026-02-03 13:36:13.102,9.15,109.24,READY,1.52,0.57,104.52,0.56,235.10
2026-02-03 13:36:13.322,4.63,215.92,READY,1.52,108.83,102.94,0.64,235.10
2026-02-03 13:36:13.439,9.15,109.35,READY,1.35,0.67,104.76,0.58,235.10
2026-02-03 13:36:13.553,9.12,109.70,READY,1.76,0.58,104.77,0.56,235.10
2026-02-03 13:36:13.668,9.14,109.45,READY,1.52,0.67,104.73,0.57,235.10
2026-02-03 13:36:13.788,8.69,115.02,READY,6.53,0.61,105.33,0.57,235.10
2026-02-03 13:36:14.009,4.62,216.45,READY,1.56,109.15,103.25,0.58,235.10
2026-02-03 13:36:14.125,9.26,108.03,READY,1.26,0.57,103.61,0.55,235.10
2026-02-03 13:36:14.264,7.44,134.43,READY,17.89,0.65,112.23,0.59,235.10
2026-02-03 13:36:14.387,8.51,117.48,READY,10.17,0.57,104.11,0.62,235.10
2026-02-03 13:36:14.500,9.19,108.80,READY,1.53,0.55,104.06,0.59,235.10
2026-02-03 13:36:14.719,4.68,213.56,READY,1.62,106.76,102.58,0.58,235.10
2026-02-03 13:36:14.835,9.18,108.92,READY,1.30,0.67,104.36,0.62,235.10
2026-02-03 13:36:14.949,9.18,108.91,READY,1.55,0.61,104.13,0.61,235.10
2026-02-03 13:36:15.062,9.25,108.09,READY,1.52,0.62,103.46,0.65,235.10
2026-02-03 13:36:15.187,8.35,119.72,READY,12.61,0.61,103.90,0.62,235.10
2026-02-03 13:36:15.411,4.55,219.72,READY,2.15,111.75,103.25,0.60,235.10
2026-02-03 13:36:15.527,9.25,108.15,READY,1.25,0.68,103.54,0.75,235.10
2026-02-03 13:36:15.654,8.19,122.15,READY,15.77,0.57,103.29,0.66,235.10
2026-02-03 13:36:15.791,7.54,132.57,READY,20.74,0.87,108.16,0.58,235.10
2026-02-03 13:36:15.906,9.12,109.61,READY,1.56,0.56,104.86,0.60,235.10
2026-02-03 13:36:16.127,4.63,215.78,READY,1.50,106.73,105.02,0.59,235.10
2026-02-03 13:36:16.247,8.85,113.04,READY,1.39,0.61,107.67,0.67,235.10
2026-02-03 13:36:16.362,9.10,109.83,READY,1.53,0.60,105.01,0.64,235.10
2026-02-03 13:36:16.475,9.18,108.94,READY,1.50,0.65,104.23,0.61,235.10
2026-02-03 13:36:16.590,9.13,109.55,READY,1.53,0.60,104.77,0.60,235.10
2026-02-03 13:36:16.817,4.50,222.02,READY,1.49,112.95,105.07,0.54,235.10
2026-02-03 13:36:16.933,9.14,109.46,READY,1.53,0.60,104.66,0.66,235.10
2026-02-03 13:36:17.055,8.55,116.90,READY,9.30,0.56,104.40,0.62,235.10
2026-02-03 13:36:17.193,7.55,132.41,READY,19.54,0.89,109.19,0.59,235.10
2026-02-03 13:36:17.307,9.17,109.05,READY,1.58,0.57,104.28,0.60,235.10
2026-02-03 13:36:17.535,4.47,223.59,READY,1.53,114.73,104.51,0.75,235.10
2026-02-03 13:36:17.653,9.04,110.63,READY,1.49,0.67,105.86,0.59,235.10
2026-02-03 13:36:17.768,9.12,109.68,READY,1.48,0.61,104.98,0.60,235.10
2026-02-03 13:36:17.881,9.22,108.40,READY,1.56,0.60,103.69,0.60,235.10
2026-02-03 13:36:17.995,9.15,109.29,READY,1.56,0.61,104.60,0.63,235.10
2026-02-03 13:36:18.227,4.42,226.38,READY,11.72,108.50,103.58,0.60,235.10
2026-02-03 13:36:18.344,9.10,109.90,READY,1.37,0.65,105.33,0.60,235.10
2026-02-03 13:36:18.457,9.22,108.49,READY,1.50,0.56,103.92,0.61,235.10
2026-02-03 13:36:18.587,7.97,125.42,READY,17.88,0.57,104.33,0.58,235.10
2026-02-03 13:36:18.701,9.19,108.86,READY,1.47,0.56,104.17,0.61,235.10
2026-02-03 13:36:18.927,4.52,221.06,READY,1.49,113.12,103.86,0.64,235.10
2026-02-03 13:36:19.043,9.17,109.02,READY,1.31,0.68,104.54,0.58,235.10
2026-02-03 13:36:19.157,9.20,108.68,READY,1.47,0.60,103.95,0.62,235.10
2026-02-03 13:36:19.271,9.19,108.80,READY,1.47,0.61,104.17,0.59,235.10
2026-02-03 13:36:19.388,8.91,112.26,READY,4.49,0.70,104.45,0.63,235.10
2026-02-03 13:36:19.618,4.44,225.45,READY,1.52,117.76,103.62,0.61,235.10
2026-02-03 13:36:19.735,9.11,109.79,READY,1.99,0.58,104.56,0.70,235.10
2026-02-03 13:36:19.856,8.63,115.92,READY,7.98,0.61,104.76,0.61,235.10
2026-02-03 13:36:19.996,7.41,135.00,READY,19.09,0.70,112.61,0.61,235.10
2026-02-03 13:36:20.112,9.11,109.71,READY,1.72,0.57,104.83,0.59,235.10
2026-02-03 13:36:20.333,4.62,216.28,READY,1.39,108.84,103.40,0.61,235.10
2026-02-03 13:36:20.450,9.11,109.80,READY,1.25,0.68,105.25,0.62,235.10
2026-02-03 13:36:20.564,9.20,108.70,READY,1.46,0.64,104.10,0.54,235.10
2026-02-03 13:36:20.678,9.13,109.55,READY,1.43,0.60,104.92,0.59,235.10
2026-02-03 13:36:20.791,9.21,108.59,READY,1.46,0.64,103.97,0.60,235.10
2026-02-03 13:36:21.031,4.27,234.18,READY,15.88,111.93,103.70,0.59,235.10
2026-02-03 13:36:21.146,9.21,108.60,READY,1.29,0.64,104.11,0.60,235.10
2026-02-03 13:36:21.260,9.23,108.36,READY,1.41,0.56,103.75,0.59,235.10
2026-02-03 13:36:21.387,8.15,122.74,READY,15.68,0.61,103.86,0.58,235.10
2026-02-03 13:36:21.501,9.20,108.72,READY,1.42,0.56,104.24,0.61,235.10
2026-02-03 13:36:21.820,3.18,314.53,READY,1.50,205.34,105.12,0.57,235.10
2026-02-03 13:36:21.936,9.23,108.29,READY,1.22,0.68,103.78,0.62,235.10
2026-02-03 13:36:22.056,8.70,114.95,READY,7.55,0.63,104.22,0.63,235.10
2026-02-03 13:36:22.195,7.46,134.04,READY,19.69,0.70,111.03,0.62,235.10
2026-02-03 13:36:22.308,9.19,108.83,READY,1.47,0.61,104.16,0.56,235.10
2026-02-03 13:36:22.529,4.63,215.80,READY,1.47,108.19,103.57,0.57,235.10
2026-02-03 13:36:22.646,9.09,109.96,READY,1.24,0.65,105.45,0.63,235.10
2026-02-03 13:36:22.763,8.98,111.30,READY,2.14,0.61,105.88,0.65,235.10
2026-02-03 13:36:22.880,8.92,112.11,READY,2.76,0.57,106.20,0.59,235.10
2026-02-03 13:36:22.998,8.97,111.43,READY,1.39,0.69,106.11,0.58,235.10
2026-02-03 13:36:23.235,4.29,232.85,READY,14.76,110.27,104.62,0.57,235.10
2026-02-03 13:36:23.353,9.06,110.31,READY,1.33,0.71,105.77,0.58,235.10
2026-02-03 13:36:23.467,9.16,109.12,READY,1.47,0.61,104.51,0.59,235.10
2026-02-03 13:36:23.589,8.58,116.53,READY,8.63,0.59,104.75,0.56,235.10
2026-02-03 13:36:23.704,9.06,110.44,READY,1.46,0.61,105.47,0.61,235.10
2026-02-03 13:36:23.925,4.62,216.23,READY,1.50,107.58,104.51,0.70,235.10
2026-02-03 13:36:24.043,9.06,110.34,READY,1.24,0.65,105.89,0.58,235.10
2026-02-03 13:36:24.157,9.12,109.63,READY,1.47,0.57,104.99,0.55,235.10
2026-02-03 13:36:24.272,9.14,109.36,READY,1.47,0.57,104.72,0.67,235.10
2026-02-03 13:36:24.391,8.73,114.61,READY,3.95,0.61,107.47,0.58,235.10
2026-02-03 13:36:24.611,4.65,215.27,READY,1.58,106.39,104.39,0.61,235.10
2026-02-03 13:36:24.731,8.88,112.62,READY,2.14,0.61,106.54,0.57,235.10
2026-02-03 13:36:24.856,8.35,119.81,READY,12.24,0.60,104.33,0.61,235.10
2026-02-03 13:36:24.994,7.54,132.70,READY,19.55,0.65,109.86,0.62,235.10
2026-02-03 13:36:25.108,9.14,109.38,READY,1.67,0.59,104.53,0.59,235.10
2026-02-03 13:36:25.328,4.66,214.58,READY,1.78,106.39,103.85,0.58,235.10
2026-02-03 13:36:25.445,9.11,109.75,READY,1.36,0.70,105.29,0.56,235.10
2026-02-03 13:36:25.560,9.07,110.24,READY,1.47,0.56,105.62,0.56,235.10
2026-02-03 13:36:25.675,9.11,109.72,READY,1.52,0.56,105.03,0.58,235.10
2026-02-03 13:36:25.789,9.11,109.74,READY,1.90,0.58,104.66,0.56,235.10
2026-02-03 13:36:26.009,4.66,214.75,READY,1.68,106.78,103.75,0.56,235.10
2026-02-03 13:36:26.125,9.22,108.46,READY,1.26,0.70,103.97,0.58,235.10
2026-02-03 13:36:26.265,7.40,135.10,READY,19.22,0.64,112.60,0.60,235.10
2026-02-03 13:36:26.388,8.47,118.10,READY,11.25,0.59,103.71,0.61,235.10
2026-02-03 13:36:26.502,9.18,108.91,READY,1.50,0.62,104.27,0.58,235.10
2026-02-03 13:36:26.722,4.64,215.56,READY,1.46,107.99,103.53,0.59,235.10
2026-02-03 13:36:26.840,9.07,110.31,READY,1.34,0.65,105.77,0.60,235.10
2026-02-03 13:36:26.954,9.13,109.49,READY,1.47,0.59,104.80,0.61,235.10
2026-02-03 13:36:27.070,9.00,111.10,READY,1.49,0.61,106.35,0.57,235.10
2026-02-03 13:36:27.189,8.76,114.21,READY,6.67,0.57,104.39,0.57,235.10
2026-02-03 13:36:27.410,4.64,215.49,READY,1.51,107.31,104.16,0.58,235.10
2026-02-03 13:36:27.526,9.18,108.96,READY,1.31,0.71,104.47,0.57,235.10
2026-02-03 13:36:27.657,7.94,125.92,READY,18.32,0.60,104.36,0.60,235.10
2026-02-03 13:36:27.771,9.13,109.49,READY,1.52,0.61,104.83,0.58,235.10
2026-02-03 13:36:27.885,9.16,109.13,READY,1.78,0.61,104.23,0.57,235.10
2026-02-03 13:36:28.103,4.68,213.46,READY,1.46,105.66,103.40,0.62,235.10
2026-02-03 13:36:28.219,9.19,108.86,READY,1.25,0.66,104.03,0.61,235.10
2026-02-03 13:36:28.338,8.83,113.20,READY,1.66,0.60,107.94,0.57,235.10
2026-02-03 13:36:28.457,8.70,114.93,READY,6.78,0.57,104.61,0.59,235.10
2026-02-03 13:36:28.571,9.19,108.86,READY,1.54,0.61,103.74,0.58,235.10
2026-02-03 13:36:28.790,4.67,214.35,READY,1.72,106.73,103.07,0.61,235.10
2026-02-03 13:36:28.906,9.24,108.28,READY,1.32,0.64,103.62,0.56,235.10
2026-02-03 13:36:29.021,9.07,110.21,READY,1.52,0.65,105.11,0.62,235.10
2026-02-03 13:36:29.139,8.82,113.34,READY,1.56,0.60,108.32,0.62,235.10
2026-02-03 13:36:29.257,8.88,112.67,READY,5.00,0.66,104.38,0.61,235.10
2026-02-03 13:36:29.476,4.66,214.45,READY,1.49,106.49,103.84,0.61,235.10
2026-02-03 13:36:29.593,9.17,109.03,READY,1.33,0.60,104.50,0.60,235.10
2026-02-03 13:36:29.734,7.34,136.20,READY,19.80,0.62,113.15,0.57,235.10
2026-02-03 13:36:29.860,8.28,120.79,READY,10.65,0.57,105.52,0.57,235.10
2026-02-03 13:36:29.974,9.11,109.74,READY,1.50,0.57,105.10,0.61,235.10
2026-02-03 13:36:30.200,4.54,220.41,READY,1.47,111.67,104.64,0.56,235.10
2026-02-03 13:36:30.317,9.10,109.84,READY,1.28,0.64,105.44,0.56,235.10
2026-02-03 13:36:30.431,9.16,109.22,READY,1.56,0.61,104.51,0.58,235.10
2026-02-03 13:36:30.545,9.17,109.06,READY,1.88,0.61,103.96,0.65,235.10
2026-02-03 13:36:30.664,8.86,112.85,READY,1.49,0.63,108.06,0.55,235.10
2026-02-03 13:36:30.884,4.65,214.83,READY,1.52,107.60,103.23,0.53,235.10
2026-02-03 13:36:31.000,9.18,108.94,READY,1.29,0.60,104.44,0.58,235.10
2026-02-03 13:36:31.125,8.37,119.44,READY,12.14,0.56,104.09,0.68,235.10
2026-02-03 13:36:31.263,7.50,133.42,READY,19.82,0.61,110.23,0.66,235.10
2026-02-03 13:36:31.378,9.07,110.29,READY,1.67,0.58,105.37,0.62,235.10
2026-02-03 13:36:31.604,4.53,220.86,READY,1.59,107.19,109.49,0.56,235.18
2026-02-03 13:36:31.720,9.22,108.44,READY,1.28,0.60,104.07,0.58,235.18
2026-02-03 13:36:31.834,9.19,108.86,READY,1.53,0.61,104.17,0.59,235.18
2026-02-03 13:36:31.948,9.11,109.75,READY,1.53,0.65,105.02,0.61,235.18
2026-02-03 13:36:32.062,9.17,109.07,READY,1.53,0.62,104.37,0.60,235.18
2026-02-03 13:36:32.299,4.31,232.03,READY,14.52,110.03,104.86,0.61,235.18
2026-02-03 13:36:32.417,9.08,110.09,READY,1.27,0.67,105.61,0.57,235.18
2026-02-03 13:36:32.531,9.18,108.93,READY,1.44,0.56,104.24,0.67,235.18
2026-02-03 13:36:32.657,8.23,121.51,READY,14.11,0.56,104.20,0.59,235.18
2026-02-03 13:36:32.771,9.14,109.41,READY,1.49,0.57,104.85,0.57,235.18
2026-02-03 13:36:32.991,4.65,215.05,READY,1.81,107.72,102.90,0.62,235.18
2026-02-03 13:36:33.107,9.22,108.42,READY,1.26,0.71,103.92,0.64,235.18
2026-02-03 13:36:33.221,9.16,109.20,READY,1.50,0.61,104.48,0.59,235.18
2026-02-03 13:36:33.335,9.18,108.87,READY,1.48,0.61,104.18,0.63,235.18
2026-02-03 13:36:33.458,8.47,118.07,READY,9.95,0.60,104.93,0.58,235.18
2026-02-03 13:36:33.678,4.65,214.99,READY,1.48,107.61,103.36,0.57,235.18
2026-02-03 13:36:33.793,9.25,108.09,READY,1.33,0.57,103.69,0.62,235.18
2026-02-03 13:36:33.934,7.34,136.20,READY,19.79,0.61,113.17,0.60,235.18
2026-02-03 13:36:34.057,8.49,117.73,READY,10.65,0.56,103.89,0.61,235.18
2026-02-03 13:36:34.171,9.18,108.95,READY,1.43,0.56,104.28,0.61,235.18
2026-02-03 13:36:34.398,4.50,222.31,READY,1.53,112.73,105.43,0.56,235.18
2026-02-03 13:36:34.514,9.17,109.06,READY,1.72,0.64,104.22,0.61,235.18
2026-02-03 13:36:34.628,9.16,109.23,READY,1.44,0.61,104.77,0.57,235.18
2026-02-03 13:36:34.742,9.24,108.27,READY,1.48,0.62,103.60,0.59,235.18
2026-02-03 13:36:34.860,9.16,109.14,READY,1.43,0.59,104.58,0.56,235.18
2026-02-03 13:36:35.087,4.50,222.24,READY,1.54,112.65,105.51,0.56,235.22
2026-02-03 13:36:35.203,9.24,108.17,READY,1.25,0.68,103.66,0.58,235.22
2026-02-03 13:36:35.325,8.51,117.47,READY,10.31,0.57,104.02,0.60,235.22
2026-02-03 13:36:35.464,7.50,133.38,READY,20.06,0.60,110.13,0.57,235.22
2026-02-03 13:36:35.577,9.20,108.72,READY,1.46,0.56,104.06,0.64,235.22
2026-02-03 13:36:35.798,4.63,215.83,READY,1.44,107.97,103.88,0.57,235.22
2026-02-03 13:36:35.915,9.12,109.65,READY,1.33,0.67,105.11,0.58,235.22
2026-02-03 13:36:36.029,9.11,109.76,READY,1.48,0.61,105.03,0.62,235.22
2026-02-03 13:36:36.143,9.22,108.42,READY,1.41,0.60,103.81,0.61,235.22
2026-02-03 13:36:36.259,8.97,111.44,READY,2.71,0.61,105.57,0.61,235.22
2026-02-03 13:36:36.492,4.38,228.09,READY,1.51,120.35,103.45,0.58,235.22
2026-02-03 13:36:36.610,9.03,110.79,READY,1.27,0.55,105.52,0.58,235.22
2026-02-03 13:36:36.726,8.98,111.36,READY,3.52,0.63,104.66,0.58,235.22
2026-02-03 13:36:36.864,7.51,133.11,READY,19.41,0.63,110.49,0.57,235.22
2026-02-03 13:36:36.978,9.16,109.18,READY,1.50,0.57,104.46,0.68,235.22
2026-02-03 13:36:37.196,4.69,213.42,READY,1.50,106.44,102.84,0.58,235.22
2026-02-03 13:36:37.313,9.18,108.92,READY,1.30,0.66,104.45,0.55,235.22
2026-02-03 13:36:37.427,9.13,109.55,READY,1.75,0.64,104.66,0.57,235.22
2026-02-03 13:36:37.542,9.25,108.10,READY,1.23,0.70,103.59,0.67,235.22
2026-02-03 13:36:37.659,8.97,111.44,READY,3.30,0.67,104.94,0.63,235.22
2026-02-03 13:36:37.879,4.63,216.01,READY,2.53,107.99,102.98,0.58,235.22
2026-02-03 13:36:37.998,9.12,109.63,READY,1.30,0.57,105.13,0.58,235.22
2026-02-03 13:36:38.126,8.10,123.42,READY,15.97,0.57,104.24,0.63,235.22
2026-02-03 13:36:38.265,7.47,133.81,READY,19.69,0.64,110.63,0.94,235.22
2026-02-03 13:36:38.380,9.07,110.26,READY,1.60,0.56,105.63,0.60,235.22
2026-02-03 13:36:38.609,4.47,223.76,READY,1.51,114.54,104.97,0.56,235.22
2026-02-03 13:36:38.728,9.03,110.75,READY,1.37,0.65,105.37,0.56,235.22
2026-02-03 13:36:38.863,7.80,128.22,READY,15.49,0.60,109.10,0.57,235.22
2026-02-03 13:36:38.990,8.36,119.59,READY,1.22,0.63,114.42,0.57,235.25
2026-02-03 13:36:39.110,8.72,114.63,READY,1.43,0.59,109.80,0.68,235.25
2026-02-03 13:36:39.343,4.38,228.24,READY,1.36,113.84,110.10,0.58,235.25
2026-02-03 13:36:39.465,8.78,113.85,READY,2.39,0.57,107.59,0.59,235.25
2026-02-03 13:36:39.580,9.20,108.73,READY,1.24,0.61,104.13,0.55,235.25
2026-02-03 13:36:39.696,9.13,109.58,READY,1.24,0.69,105.03,0.59,235.25
2026-02-03 13:36:39.810,9.16,109.15,READY,1.49,0.56,104.44,0.65,235.25
2026-02-03 13:36:40.042,4.41,226.97,READY,3.49,111.04,109.44,0.60,235.25
2026-02-03 13:36:40.160,9.11,109.73,READY,1.90,0.59,103.85,0.58,235.25
2026-02-03 13:36:40.274,9.17,109.09,READY,2.26,0.61,103.68,0.61,235.25
2026-02-03 13:36:40.395,8.79,113.78,READY,5.85,0.61,104.38,0.98,235.25
2026-02-03 13:36:40.536,7.38,135.44,READY,18.30,0.79,113.91,0.56,235.25
2026-02-03 13:36:40.771,4.34,230.15,READY,9.71,108.66,109.22,0.60,235.25
2026-02-03 13:36:40.892,8.83,113.20,READY,1.24,0.79,108.64,0.59,235.25
2026-02-03 13:36:41.011,8.80,113.63,READY,1.54,0.57,108.90,0.65,235.25
2026-02-03 13:36:41.130,8.74,114.44,READY,3.30,0.64,107.77,0.75,235.25
2026-02-03 13:36:41.263,7.86,127.16,READY,15.62,0.57,108.29,0.59,235.25
2026-02-03 13:36:41.486,4.59,218.09,READY,1.44,106.39,107.43,0.57,235.25
2026-02-03 13:36:41.609,8.64,115.79,READY,1.47,0.67,111.01,0.68,235.25
2026-02-03 13:36:41.726,8.92,112.13,READY,5.11,0.62,103.72,0.64,235.25
2026-02-03 13:36:41.864,7.52,133.03,READY,19.86,0.67,109.94,0.55,235.25
2026-02-03 13:36:41.978,9.16,109.15,READY,1.59,0.61,104.39,0.63,235.25
2026-02-03 13:36:42.197,4.67,213.93,READY,1.45,106.69,103.20,0.57,235.25
2026-02-03 13:36:42.313,9.18,108.89,READY,1.26,0.63,104.43,0.57,235.25
2026-02-03 13:36:42.429,9.06,110.36,READY,1.51,0.57,105.85,0.62,235.25
2026-02-03 13:36:42.543,9.13,109.57,READY,1.51,0.57,104.94,0.58,235.25
2026-02-03 13:36:42.659,9.03,110.76,READY,2.96,0.57,104.62,0.59,235.25
2026-02-03 13:36:42.879,4.64,215.66,READY,1.50,106.63,104.67,0.60,235.25
2026-02-03 13:36:43.001,8.76,114.21,READY,1.25,0.61,108.96,0.60,235.25
2026-02-03 13:36:43.127,8.25,121.28,READY,13.54,0.61,104.55,0.59,235.25
2026-02-03 13:36:43.260,7.82,127.93,READY,19.48,0.60,105.34,0.60,235.25
2026-02-03 13:36:43.374,9.17,109.03,READY,1.47,0.61,104.43,0.59,235.25
2026-02-03 13:36:43.595,4.61,216.90,READY,1.57,109.46,103.37,0.58,235.25
2026-02-03 13:36:43.712,9.14,109.40,READY,1.45,0.71,104.78,0.55,235.25
2026-02-03 13:36:43.826,9.17,109.06,READY,1.65,0.57,104.29,0.55,235.25
2026-02-03 13:36:43.941,9.09,110.05,READY,1.48,0.57,104.83,0.61,235.25
2026-02-03 13:36:44.060,8.80,113.65,READY,5.02,0.59,105.37,0.62,235.25
2026-02-03 13:36:44.279,4.68,213.78,READY,1.56,106.40,103.25,0.64,235.25
2026-02-03 13:36:44.427,7.09,140.99,READY,1.37,0.67,136.41,0.57,235.25
2026-02-03 13:36:44.541,9.17,109.07,READY,1.34,0.60,104.27,0.56,235.25
2026-02-03 13:36:44.659,8.81,113.56,READY,5.86,0.61,104.59,0.57,235.25
2026-02-03 13:36:44.773,9.19,108.86,READY,1.56,0.61,104.10,0.58,235.25
2026-02-03 13:36:44.992,4.68,213.80,READY,1.53,106.46,103.28,0.58,235.25
2026-02-03 13:36:45.107,9.22,108.47,READY,1.25,0.69,104.03,0.56,235.25
2026-02-03 13:36:45.221,9.16,109.19,READY,1.58,0.57,104.39,0.62,235.25
2026-02-03 13:36:45.335,9.19,108.84,READY,1.51,0.57,104.15,0.61,235.25
2026-02-03 13:36:45.459,8.41,118.96,READY,11.69,0.57,104.08,0.63,235.25
2026-02-03 13:36:45.682,4.59,218.07,READY,1.52,106.67,107.16,0.58,235.25
2026-02-03 13:36:45.798,9.19,108.87,READY,1.37,0.67,104.37,0.56,235.25
2026-02-03 13:36:45.928,8.00,125.00,READY,16.86,0.60,104.62,0.62,235.25
2026-02-03 13:36:46.042,9.18,108.96,READY,1.60,0.61,104.18,0.62,235.25
2026-02-03 13:36:46.156,9.16,109.19,READY,1.44,0.61,104.62,0.62,235.25
2026-02-03 13:36:46.375,4.67,214.29,READY,1.45,107.11,103.14,0.62,235.25
2026-02-03 13:36:46.490,9.22,108.44,READY,1.29,0.64,103.90,0.61,235.25
2026-02-03 13:36:46.603,9.25,108.07,READY,1.45,0.58,103.45,0.58,235.25
2026-02-03 13:36:46.728,8.37,119.51,READY,11.47,0.57,104.90,0.62,235.25
2026-02-03 13:36:46.842,9.12,109.62,READY,1.50,0.57,104.94,0.65,235.25
2026-02-03 13:36:47.063,4.64,215.43,READY,1.43,107.92,103.45,0.59,235.25
2026-02-03 13:36:47.180,9.03,110.73,READY,1.40,0.68,106.13,0.62,235.25
2026-02-03 13:36:47.294,9.22,108.49,READY,1.52,0.61,103.77,0.62,235.25
2026-02-03 13:36:47.408,9.12,109.59,READY,1.49,0.64,104.93,0.58,235.25
2026-02-03 13:36:47.527,8.77,113.97,READY,6.53,0.65,104.23,0.63,235.25
2026-02-03 13:36:47.746,4.68,213.79,READY,1.56,106.56,103.07,0.58,235.25
2026-02-03 13:36:47.862,9.23,108.36,READY,1.37,0.64,103.83,0.57,235.25
2026-02-03 13:36:47.976,9.17,109.09,READY,1.45,0.61,104.42,0.63,235.25
2026-02-03 13:36:48.090,9.14,109.40,READY,1.42,0.57,104.76,0.63,235.25
2026-02-03 13:36:48.203,9.24,108.18,READY,1.45,0.61,103.54,0.62,235.25
2026-02-03 13:36:48.437,4.36,229.22,READY,12.00,111.14,103.47,0.61,235.25
2026-02-03 13:36:48.553,9.21,108.63,READY,1.27,0.66,104.12,0.59,235.25
2026-02-03 13:36:48.667,9.18,108.90,READY,1.55,0.62,104.13,0.62,235.25
2026-02-03 13:36:48.795,8.08,123.76,READY,16.27,0.61,104.29,0.60,235.25
2026-02-03 13:36:48.934,7.48,133.75,READY,19.70,0.73,110.79,0.57,235.25
2026-02-03 13:36:49.155,4.63,215.92,READY,1.46,108.44,103.47,0.57,235.25
2026-02-03 13:36:49.275,8.88,112.62,READY,1.36,0.60,107.30,0.62,235.25
2026-02-03 13:36:49.396,8.60,116.22,READY,8.62,0.61,104.37,0.64,235.25
2026-02-03 13:36:49.536,7.40,135.22,READY,19.37,0.76,112.48,0.62,235.25
2026-02-03 13:36:49.651,9.08,110.09,READY,1.71,0.59,105.19,0.59,235.25
2026-02-03 13:36:49.885,4.40,227.41,READY,1.40,112.97,110.54,0.55,235.25
2026-02-03 13:36:50.001,9.25,108.14,READY,1.39,0.62,103.72,0.55,235.25
2026-02-03 13:36:50.127,8.25,121.27,READY,14.58,0.71,103.62,0.56,235.25
2026-02-03 13:36:50.241,9.16,109.18,READY,1.50,0.62,104.47,0.54,235.25
2026-02-03 13:36:50.365,8.42,118.82,READY,1.70,0.61,114.12,0.59,235.25
2026-02-03 13:36:50.599,4.37,228.93,READY,1.64,113.71,111.04,0.62,235.25
2026-02-03 13:36:50.729,8.14,122.80,READY,1.38,0.63,118.18,0.58,235.25
2026-02-03 13:36:50.851,8.61,116.20,READY,1.56,0.60,111.29,0.63,235.25
2026-02-03 13:36:50.973,8.51,117.48,READY,1.56,0.67,112.59,0.58,235.25
2026-02-03 13:36:51.093,8.68,115.22,READY,1.53,0.57,110.55,0.58,235.25
2026-02-03 13:36:51.326,4.39,227.75,READY,1.53,114.66,108.96,0.56,235.25
2026-02-03 13:36:51.448,8.72,114.66,READY,1.58,0.60,109.93,0.57,235.25
2026-02-03 13:36:51.566,8.89,112.43,READY,2.36,0.62,106.96,0.61,235.25
2026-02-03 13:36:51.679,9.17,109.01,READY,1.49,0.65,104.35,0.60,235.25
2026-02-03 13:36:51.796,8.98,111.34,READY,3.86,0.71,104.20,0.61,235.25
2026-02-03 13:36:52.034,4.29,233.08,READY,19.66,107.63,103.23,0.56,235.25
2026-02-03 13:36:52.150,9.16,109.15,READY,1.35,0.65,104.35,0.59,235.25
2026-02-03 13:36:52.267,9.02,110.91,READY,1.22,0.58,106.53,0.56,235.25
2026-02-03 13:36:52.398,7.95,125.84,READY,16.51,0.61,106.13,0.58,235.25
2026-02-03 13:36:52.528,8.00,125.03,READY,17.80,0.61,103.99,0.60,235.25
2026-02-03 13:36:52.752,4.56,219.07,READY,1.37,111.12,103.98,0.58,235.25
2026-02-03 13:36:52.868,9.18,108.94,READY,1.37,0.67,104.35,0.62,235.25
2026-02-03 13:36:52.996,8.09,123.58,READY,16.30,0.60,104.12,0.58,235.25
2026-02-03 13:36:53.137,7.34,136.18,READY,19.86,0.66,113.01,0.60,235.25
2026-02-03 13:36:53.252,9.09,110.03,READY,1.46,0.61,105.33,0.62,235.25
2026-02-03 13:36:53.476,4.57,218.92,READY,1.52,111.47,103.40,0.58,235.25
2026-02-03 13:36:53.598,8.72,114.63,READY,7.03,0.59,104.38,0.58,235.25
2026-02-03 13:36:53.729,7.92,126.19,READY,17.47,0.58,105.53,0.57,235.25
2026-02-03 13:36:53.843,9.18,108.90,READY,1.58,0.57,104.15,0.61,235.25
2026-02-03 13:36:53.957,9.20,108.65,READY,1.72,0.59,103.72,0.58,235.25
2026-02-03 13:36:54.181,4.55,219.92,READY,1.48,111.31,104.56,0.62,235.25
2026-02-03 13:36:54.298,9.14,109.38,READY,1.35,0.68,104.87,0.60,235.25
2026-02-03 13:36:54.414,9.00,111.06,READY,2.01,0.59,105.76,0.62,235.25
2026-02-03 13:36:54.530,9.10,109.92,READY,1.46,0.62,105.19,0.61,235.25
2026-02-03 13:36:54.644,9.15,109.28,READY,1.52,0.68,104.61,0.59,235.25
2026-02-03 13:36:54.872,4.48,223.36,READY,1.50,114.04,105.25,0.56,235.25
2026-02-03 13:36:54.989,9.10,109.83,READY,1.26,0.61,105.38,0.57,235.25
2026-02-03 13:36:55.103,9.19,108.84,READY,1.60,0.61,104.06,0.60,235.25
2026-02-03 13:36:55.220,8.96,111.66,READY,2.57,0.56,105.85,0.76,235.25
2026-02-03 13:36:55.337,8.88,112.56,READY,2.78,0.66,106.41,0.63,235.25
2026-02-03 13:36:55.579,4.23,236.67,READY,14.68,109.66,108.65,0.59,235.22
2026-02-03 13:36:55.699,8.88,112.56,READY,1.25,0.62,107.90,0.80,235.25
2026-02-03 13:36:55.813,9.13,109.56,READY,1.75,0.60,104.61,0.58,235.25
2026-02-03 13:36:55.927,9.13,109.53,READY,2.96,0.58,103.61,0.57,235.25
2026-02-03 13:36:56.041,9.16,109.21,READY,1.76,0.67,104.26,0.59,235.25
2026-02-03 13:36:56.263,4.63,216.19,READY,1.72,107.58,104.28,0.61,235.25
2026-02-03 13:36:56.382,8.91,112.24,READY,1.33,0.66,107.57,0.67,235.25
2026-02-03 13:36:56.497,9.05,110.51,READY,1.47,0.61,105.85,0.58,235.25
2026-02-03 13:36:56.612,9.16,109.17,READY,1.48,0.57,104.62,0.60,235.25
2026-02-03 13:36:56.729,8.87,112.68,READY,4.30,0.63,105.12,0.58,235.25
2026-02-03 13:36:56.949,4.64,215.33,READY,1.43,107.92,103.42,0.56,235.25
2026-02-03 13:36:57.067,9.09,110.02,READY,1.38,0.69,105.40,0.64,235.25
2026-02-03 13:36:57.196,8.05,124.29,READY,17.21,0.60,103.83,0.65,235.25
2026-02-03 13:36:57.335,7.47,133.94,READY,19.96,0.86,110.25,0.58,235.25
2026-02-03 13:36:57.450,9.12,109.68,READY,1.47,0.61,105.04,0.54,235.25
2026-02-03 13:36:57.670,4.63,215.85,READY,1.48,107.90,103.71,0.64,235.25
2026-02-03 13:36:57.787,9.13,109.49,READY,1.70,0.58,104.78,0.60,235.25
2026-02-03 13:36:57.903,8.98,111.30,READY,2.52,0.66,104.98,0.61,235.25
2026-02-03 13:36:58.018,9.09,110.05,READY,1.47,0.57,105.40,0.58,235.25
2026-02-03 13:36:58.132,9.20,108.69,READY,1.55,0.57,103.99,0.57,235.25
2026-02-03 13:36:58.373,4.24,236.00,READY,20.40,109.20,103.52,0.60,235.25
2026-02-03 13:36:58.489,9.18,108.93,READY,1.24,0.66,104.49,0.56,235.25
2026-02-03 13:36:58.603,9.17,109.03,READY,1.58,0.63,104.26,0.58,235.25
2026-02-03 13:36:58.729,8.23,121.57,READY,13.36,0.61,105.02,0.56,235.25
2026-02-03 13:36:58.844,9.14,109.45,READY,1.47,0.60,104.79,0.57,235.25
2026-02-03 13:36:59.069,4.53,220.55,READY,1.45,109.84,106.76,0.57,235.25
2026-02-03 13:36:59.188,9.00,111.13,READY,1.44,0.64,106.54,0.56,235.25
2026-02-03 13:36:59.307,8.76,114.16,READY,2.34,0.58,108.68,0.59,235.25
2026-02-03 13:36:59.425,8.99,111.18,READY,1.32,0.68,106.72,0.61,235.25
2026-02-03 13:36:59.546,8.63,115.94,READY,1.50,0.57,110.92,0.62,235.25
2026-02-03 13:36:59.779,4.38,228.21,READY,7.60,111.07,106.91,0.57,235.25
2026-02-03 13:36:59.897,9.07,110.23,READY,1.24,0.67,105.72,0.64,235.25
2026-02-03 13:37:00.018,8.60,116.25,READY,1.43,0.60,111.66,0.57,235.25
2026-02-03 13:37:00.138,8.65,115.64,READY,1.56,0.65,110.87,0.62,235.25
2026-02-03 13:37:00.256,8.92,112.07,READY,1.63,0.66,106.97,0.61,235.25
2026-02-03 13:37:00.484,4.48,223.27,READY,1.60,111.55,107.44,0.58,235.25
2026-02-03 13:37:00.599,9.09,110.07,READY,1.50,0.63,105.39,0.58,235.25
2026-02-03 13:37:00.715,9.01,110.93,READY,1.50,0.57,106.26,0.54,235.25
2026-02-03 13:37:00.831,9.01,110.97,READY,1.56,0.57,106.19,0.60,235.25
2026-02-03 13:37:00.949,8.79,113.79,READY,1.56,0.56,108.54,1.12,235.25
2026-02-03 13:37:01.180,4.43,225.54,READY,3.50,114.12,105.29,0.57,235.25
2026-02-03 13:37:01.296,9.13,109.52,READY,1.24,0.74,105.02,0.58,235.25
2026-02-03 13:37:01.411,9.12,109.67,READY,2.18,0.62,104.29,0.57,235.25
2026-02-03 13:37:01.530,8.73,114.54,READY,5.97,0.64,105.37,0.64,235.25
2026-02-03 13:37:01.645,9.07,110.22,READY,1.46,0.61,105.61,0.62,235.25
2026-02-03 13:37:01.864,4.67,214.09,READY,1.45,106.54,103.54,0.59,235.25
2026-02-03 13:37:01.983,9.01,110.97,READY,1.29,0.60,106.43,0.63,235.25
2026-02-03 13:37:02.100,9.01,111.03,READY,1.49,0.57,106.07,0.97,235.25
2026-02-03 13:37:02.217,8.92,112.09,READY,1.79,0.59,107.12,0.64,235.25
2026-02-03 13:37:02.332,9.11,109.79,READY,1.53,0.58,105.05,0.57,235.25
2026-02-03 13:37:02.559,4.48,223.08,READY,1.51,114.73,104.26,0.57,235.25
2026-02-03 13:37:02.676,9.14,109.42,READY,1.24,0.67,104.94,0.58,235.25
2026-02-03 13:37:02.797,8.59,116.48,READY,8.96,0.60,104.32,0.64,235.25
2026-02-03 13:37:02.912,9.09,109.97,READY,1.71,0.64,105.08,0.56,235.25
2026-02-03 13:37:03.027,9.12,109.66,READY,1.52,0.62,104.99,0.57,235.25
2026-02-03 13:37:03.250,4.59,217.98,READY,1.58,107.89,105.95,0.60,235.25
2026-02-03 13:37:03.366,9.18,108.97,READY,1.31,0.65,104.49,0.59,235.25
2026-02-03 13:37:03.481,9.06,110.42,READY,2.61,0.58,104.66,0.59,235.25
2026-02-03 13:37:03.598,8.95,111.77,READY,3.63,0.63,104.88,0.61,235.25
2026-02-03 13:37:03.712,9.15,109.24,READY,1.55,0.60,104.51,0.60,235.25
2026-02-03 13:37:03.931,4.67,214.26,READY,1.52,106.67,103.55,0.59,235.25
2026-02-03 13:37:04.048,9.11,109.75,READY,1.55,0.62,104.47,0.67,235.25
2026-02-03 13:37:04.163,9.13,109.52,READY,1.69,0.63,104.57,0.65,235.25
2026-02-03 13:37:04.277,9.14,109.41,READY,1.49,0.60,104.71,0.60,235.25
2026-02-03 13:37:04.398,8.61,116.09,READY,8.08,0.61,104.85,0.60,235.25
2026-02-03 13:37:04.618,4.65,215.01,READY,1.42,106.06,104.99,0.57,235.25
2026-02-03 13:37:04.732,9.12,109.65,READY,1.55,0.62,104.92,0.56,235.25
2026-02-03 13:37:04.848,9.11,109.82,READY,1.24,0.58,105.44,0.58,235.25
2026-02-03 13:37:04.968,8.71,114.84,READY,2.47,0.59,108.87,0.96,235.25
2026-02-03 13:37:05.087,8.97,111.45,READY,1.90,0.58,106.34,0.62,235.25
2026-02-03 13:37:05.307,4.64,215.36,READY,1.64,107.12,103.87,0.60,235.25
2026-02-03 13:37:05.439,8.08,123.81,READY,2.42,0.63,117.03,2.02,235.25
2026-02-03 13:37:05.561,8.57,116.72,READY,1.71,0.62,111.77,0.59,235.25
2026-02-03 13:37:05.686,8.40,119.09,READY,1.46,1.27,113.46,0.77,235.25
2026-02-03 13:37:05.810,8.36,119.63,READY,1.51,0.64,114.73,0.64,235.25
2026-02-03 13:37:06.039,4.48,223.29,READY,1.45,108.42,110.68,0.66,235.25
2026-02-03 13:37:06.159,8.85,113.03,READY,1.30,0.75,108.35,0.58,235.25
2026-02-03 13:37:06.273,9.17,109.07,READY,1.51,0.56,104.51,0.66,235.25
2026-02-03 13:37:06.399,8.27,120.86,READY,12.44,0.57,105.26,0.62,235.25
2026-02-03 13:37:06.513,9.14,109.36,READY,1.49,0.56,104.66,0.61,235.25
2026-02-03 13:37:06.733,4.66,214.81,READY,1.45,106.92,103.83,0.64,235.25
2026-02-03 13:37:06.849,9.17,109.11,READY,1.29,0.67,104.54,0.62,235.25
2026-02-03 13:37:06.963,9.15,109.25,READY,1.42,0.64,104.65,0.56,235.25
2026-02-03 13:37:07.078,9.13,109.57,READY,1.48,0.61,104.91,0.61,235.25
2026-02-03 13:37:07.200,8.53,117.20,READY,7.88,0.63,106.13,0.60,235.25
2026-02-03 13:37:07.422,4.60,217.19,READY,2.32,108.29,103.97,0.65,235.25
2026-02-03 13:37:07.539,9.09,109.96,READY,1.35,0.64,105.45,0.61,235.25
2026-02-03 13:37:07.666,8.21,121.86,READY,14.37,0.56,104.35,0.58,235.25
2026-02-03 13:37:07.804,7.53,132.75,READY,19.65,0.62,109.86,0.59,235.25
2026-02-03 13:37:07.917,9.20,108.65,READY,1.55,0.56,104.02,0.58,235.25
2026-02-03 13:37:08.145,4.49,222.71,READY,1.62,112.35,106.16,0.58,235.25
2026-02-03 13:37:08.261,9.18,108.93,READY,1.26,0.66,104.38,0.64,235.25
2026-02-03 13:37:08.375,9.16,109.22,READY,1.44,0.63,104.54,0.62,235.25
2026-02-03 13:37:08.489,9.19,108.81,READY,1.58,0.61,104.00,0.61,235.25
2026-02-03 13:37:08.602,9.26,107.94,READY,1.50,0.61,103.24,0.60,235.25
2026-02-03 13:37:08.846,4.17,239.90,READY,16.25,118.09,103.03,0.60,235.25
2026-02-03 13:37:08.962,9.20,108.73,READY,1.75,0.64,103.78,0.66,235.25
2026-02-03 13:37:09.076,9.19,108.86,READY,1.60,0.56,104.07,0.59,235.25
2026-02-03 13:37:09.198,8.53,117.17,READY,9.64,0.57,104.37,0.61,235.25
2026-02-03 13:37:09.312,9.20,108.66,READY,1.64,0.56,103.82,0.59,235.25
2026-02-03 13:37:09.536,4.57,218.97,READY,1.46,111.15,103.77,0.60,235.25
2026-02-03 13:37:09.651,9.21,108.58,READY,1.25,0.72,104.13,0.58,235.25
2026-02-03 13:37:09.765,9.16,109.18,READY,1.51,0.60,104.49,0.58,235.25
2026-02-03 13:37:09.879,9.20,108.66,READY,1.53,0.63,103.98,0.57,235.25
2026-02-03 13:37:09.999,8.69,115.10,READY,6.93,0.60,105.03,0.58,235.25
2026-02-03 13:37:10.229,4.44,225.47,READY,2.08,115.29,105.53,0.59,235.25
2026-02-03 13:37:10.346,9.09,109.97,READY,1.27,0.63,105.46,0.62,235.25
2026-02-03 13:37:10.468,8.55,117.00,READY,8.29,0.59,105.57,0.58,235.25
2026-02-03 13:37:10.603,7.71,129.73,READY,17.60,0.57,109.05,0.57,235.25
2026-02-03 13:37:10.719,9.03,110.73,READY,1.51,0.58,105.97,0.63,235.25
2026-02-03 13:37:10.941,4.61,217.07,READY,1.57,108.98,103.35,0.93,235.25
2026-02-03 13:37:11.065,8.52,117.42,READY,1.25,0.60,112.34,0.59,235.25
2026-02-03 13:37:11.186,8.68,115.19,READY,2.22,0.59,108.80,0.56,235.25
2026-02-03 13:37:11.302,8.98,111.35,READY,2.69,0.56,104.29,0.68,235.25
2026-02-03 13:37:11.416,9.19,108.81,READY,1.43,0.63,104.21,0.59,235.25
2026-02-03 13:37:11.640,4.56,219.09,READY,2.26,110.79,103.52,0.55,235.25
2026-02-03 13:37:11.756,9.20,108.75,READY,1.41,0.70,104.21,0.54,235.25
2026-02-03 13:37:11.869,9.26,108.03,READY,1.56,0.59,103.41,0.53,235.25
2026-02-03 13:37:11.997,8.08,123.75,READY,17.47,0.57,103.14,0.55,235.25
2026-02-03 13:37:12.111,9.17,109.06,READY,1.77,0.64,104.19,0.54,235.25
2026-02-03 13:37:12.330,4.69,213.41,READY,1.50,106.57,102.74,0.58,235.25
2026-02-03 13:37:12.445,9.25,108.15,READY,1.36,0.67,103.64,0.60,235.25
2026-02-03 13:37:12.558,9.26,108.03,READY,1.43,0.61,103.47,0.57,235.25
2026-02-03 13:37:12.671,9.27,107.84,READY,1.49,0.65,103.15,0.67,235.25
2026-02-03 13:37:12.798,8.17,122.47,READY,15.64,0.61,103.69,0.56,235.25
2026-02-03 13:37:13.019,4.63,215.99,READY,1.48,107.76,104.15,0.64,235.25
2026-02-03 13:37:13.134,9.27,107.90,READY,1.28,0.63,103.43,0.58,235.25
2026-02-03 13:37:13.273,7.46,133.97,READY,20.38,0.85,109.97,0.61,235.25
2026-02-03 13:37:13.399,8.27,120.96,READY,13.52,0.57,104.27,0.60,235.25
2026-02-03 13:37:13.512,9.25,108.12,READY,1.49,0.55,103.46,0.57,235.25
2026-02-03 13:37:13.730,4.69,213.37,READY,1.44,106.40,102.92,0.58,235.25
2026-02-03 13:37:13.846,9.18,108.90,READY,1.36,0.67,104.37,0.59,235.25
2026-02-03 13:37:13.960,9.14,109.44,READY,1.66,0.64,104.57,0.62,235.25
2026-02-03 13:37:14.078,8.83,113.26,READY,5.39,0.58,104.54,0.75,235.25
2026-02-03 13:37:14.200,8.54,117.09,READY,7.99,0.59,104.52,0.55,235.25
2026-02-03 13:37:14.420,4.66,214.63,READY,1.54,107.21,103.28,0.61,235.25
2026-02-03 13:37:14.536,9.17,109.05,READY,1.25,0.68,104.69,0.58,235.25
2026-02-03 13:37:14.666,8.03,124.47,READY,17.93,0.56,103.38,0.57,235.25
2026-02-03 13:37:14.805,7.44,134.44,READY,20.57,0.83,110.23,0.57,235.25
2026-02-03 13:37:14.921,9.05,110.47,READY,1.45,0.57,105.84,0.59,235.25
2026-02-03 13:37:15.142,4.62,216.51,READY,1.56,108.25,104.09,0.61,235.25
2026-02-03 13:37:15.258,9.17,109.01,READY,1.38,0.67,104.44,0.60,235.25
2026-02-03 13:37:15.373,9.12,109.59,READY,1.49,0.62,104.88,0.61,235.25
2026-02-03 13:37:15.486,9.20,108.65,READY,1.55,0.61,103.95,0.67,235.25
2026-02-03 13:37:15.600,9.22,108.49,READY,1.55,0.66,103.71,0.60,235.25
2026-02-03 13:37:15.826,4.50,222.11,READY,1.45,106.12,111.93,0.68,235.25
2026-02-03 13:37:15.951,8.37,119.52,READY,1.51,0.56,114.19,0.60,235.22
2026-02-03 13:37:16.067,8.99,111.20,READY,3.79,0.57,103.92,0.86,235.22
2026-02-03 13:37:16.205,7.52,133.01,READY,19.88,0.85,109.57,0.55,235.22
2026-02-03 13:37:16.319,9.11,109.74,READY,1.50,0.59,105.09,0.60,235.22
2026-02-03 13:37:16.548,4.47,223.95,READY,1.48,110.88,109.03,0.53,235.22
2026-02-03 13:37:16.666,9.11,109.81,READY,1.26,0.63,105.31,0.62,235.22
2026-02-03 13:37:16.781,9.08,110.18,READY,1.51,0.68,105.30,0.61,235.22
2026-02-03 13:37:16.895,9.13,109.56,READY,1.51,0.61,104.89,0.67,235.22
2026-02-03 13:37:17.010,9.09,110.01,READY,1.49,0.60,105.27,0.61,235.22
2026-02-03 13:37:17.248,4.29,233.35,READY,12.90,114.32,103.57,0.59,235.22
2026-02-03 13:37:17.364,9.19,108.84,READY,1.24,0.66,104.37,0.57,235.22
2026-02-03 13:37:17.479,9.12,109.65,READY,1.50,0.57,105.02,0.67,235.22
2026-02-03 13:37:17.599,8.66,115.44,READY,7.95,0.57,104.31,0.57,235.22
2026-02-03 13:37:17.713,9.16,109.11,READY,1.51,0.57,104.39,0.57,235.22
2026-02-03 13:37:17.934,4.64,215.71,READY,1.42,108.65,103.20,0.55,235.22
2026-02-03 13:37:18.049,9.24,108.28,READY,1.33,0.62,103.94,0.56,235.22
2026-02-03 13:37:18.163,9.19,108.84,READY,1.97,0.69,103.65,0.64,235.22
2026-02-03 13:37:18.277,9.18,108.88,READY,1.57,0.60,104.11,0.55,235.22
2026-02-03 13:37:18.400,8.44,118.42,READY,10.03,0.60,105.21,0.57,235.22
2026-02-03 13:37:18.625,4.54,220.07,READY,1.54,110.46,105.55,0.58,235.22
2026-02-03 13:37:18.741,9.21,108.53,READY,1.25,0.65,104.04,0.57,235.22
2026-02-03 13:37:18.868,8.17,122.38,READY,13.95,0.57,103.88,0.54,235.22
2026-02-03 13:37:18.983,9.12,109.69,READY,2.83,0.64,103.70,0.56,235.22
2026-02-03 13:37:19.097,9.18,108.96,READY,1.47,0.56,104.32,0.55,235.22
2026-02-03 13:37:19.322,4.55,219.89,READY,1.52,112.02,103.80,0.55,235.22
2026-02-03 13:37:19.438,9.16,109.23,READY,1.47,0.67,104.61,0.54,235.22
2026-02-03 13:37:19.551,9.25,108.14,READY,1.52,0.63,103.49,0.56,235.22
2026-02-03 13:37:19.669,8.87,112.70,READY,4.05,0.72,105.44,0.55,235.22
2026-02-03 13:37:19.782,9.21,108.59,READY,1.54,0.61,103.92,0.59,235.22
2026-02-03 13:37:20.000,4.69,213.11,READY,1.47,105.79,103.30,0.57,235.22
2026-02-03 13:37:20.117,9.19,108.80,READY,1.44,0.62,104.15,0.54,235.22
2026-02-03 13:37:20.230,9.20,108.64,READY,1.48,0.57,103.97,0.64,235.22
2026-02-03 13:37:20.344,9.18,108.92,READY,1.44,0.60,104.31,0.59,235.22
2026-02-03 13:37:20.467,8.44,118.54,READY,11.21,0.60,104.14,0.60,235.22
2026-02-03 13:37:20.686,4.67,214.19,READY,1.44,106.62,103.48,0.59,235.22
2026-02-03 13:37:20.803,9.17,109.00,READY,1.35,0.67,104.46,0.59,235.22
2026-02-03 13:37:20.917,9.11,109.80,READY,1.47,0.60,105.12,0.63,235.22
2026-02-03 13:37:21.032,9.09,109.99,READY,1.49,0.61,105.34,0.60,235.22
2026-02-03 13:37:21.146,9.19,108.80,READY,1.51,0.61,104.11,0.61,235.22
2026-02-03 13:37:21.379,4.37,228.64,READY,9.35,112.91,103.79,0.65,235.22
2026-02-03 13:37:21.495,9.20,108.74,READY,1.29,0.65,104.20,0.63,235.22
2026-02-03 13:37:21.609,9.19,108.84,READY,1.44,0.57,104.25,0.55,235.22
2026-02-03 13:37:21.735,8.27,120.97,READY,14.19,0.60,103.63,0.59,235.22
2026-02-03 13:37:21.874,7.45,134.27,READY,20.34,0.91,110.10,0.64,235.22
2026-02-03 13:37:22.098,4.57,218.84,READY,1.44,110.19,104.64,0.56,235.22
2026-02-03 13:37:22.214,9.16,109.18,READY,1.35,0.67,104.64,0.61,235.22
2026-02-03 13:37:22.338,8.45,118.33,READY,9.70,0.60,105.48,0.55,235.22
2026-02-03 13:37:22.470,7.83,127.70,READY,18.94,0.65,105.62,0.60,235.22
2026-02-03 13:37:22.587,9.00,111.14,READY,1.33,0.60,106.78,0.57,235.25
2026-02-03 13:37:22.808,4.62,216.41,READY,2.13,107.82,103.64,0.61,235.25
2026-02-03 13:37:22.925,9.13,109.57,READY,1.23,0.60,105.15,0.58,235.25
2026-02-03 13:37:23.041,9.00,111.17,READY,1.52,0.58,105.52,0.60,235.25
2026-02-03 13:37:23.156,9.13,109.49,READY,1.65,0.57,104.65,0.65,235.25
2026-02-03 13:37:23.269,9.19,108.83,READY,1.44,0.57,104.16,0.62,235.25
2026-02-03 13:37:23.490,4.63,215.82,READY,1.90,107.85,103.40,0.55,235.25
2026-02-03 13:37:23.606,9.20,108.74,READY,1.33,0.67,104.27,0.56,235.25
2026-02-03 13:37:23.736,8.01,124.82,READY,17.59,0.60,104.01,0.60,235.25
2026-02-03 13:37:23.874,7.48,133.65,READY,19.81,0.66,110.56,0.63,235.25
2026-02-03 13:37:23.988,9.16,109.17,READY,1.42,0.60,104.58,0.56,235.25
2026-02-03 13:37:24.222,4.38,228.22,READY,1.49,113.78,110.29,0.59,235.25
2026-02-03 13:37:24.339,9.12,109.60,READY,1.52,0.56,104.91,0.66,235.25
2026-02-03 13:37:24.476,7.57,132.15,READY,17.20,0.85,110.37,0.71,235.25
2026-02-03 13:37:24.600,8.37,119.45,READY,1.31,0.58,114.79,0.59,235.25
2026-02-03 13:37:24.720,8.73,114.51,READY,1.52,0.56,109.49,0.71,235.25
2026-02-03 13:37:24.946,4.53,220.65,READY,1.33,106.87,109.73,0.62,235.25
2026-02-03 13:37:25.067,8.60,116.26,READY,2.62,0.78,109.61,0.63,235.25
2026-02-03 13:37:25.186,8.78,113.85,READY,1.36,0.72,109.05,0.61,235.25
2026-02-03 13:37:25.304,8.83,113.28,READY,1.46,0.68,108.53,0.62,235.25
2026-02-03 13:37:25.423,8.78,113.93,READY,1.49,0.61,109.21,0.62,235.25
2026-02-03 13:37:25.661,4.30,232.30,READY,1.64,117.26,110.89,0.55,235.25
2026-02-03 13:37:25.781,8.83,113.30,READY,1.40,0.73,108.62,0.55,235.25
2026-02-03 13:37:25.899,8.89,112.53,READY,1.64,0.61,107.72,0.59,235.25
2026-02-03 13:37:26.014,9.07,110.23,READY,2.23,0.57,104.83,0.64,235.25
2026-02-03 13:37:26.139,8.35,119.70,READY,9.75,0.56,106.71,0.64,235.25
2026-02-03 13:37:26.384,4.17,240.07,READY,17.17,115.87,104.40,0.56,235.25
2026-02-03 13:37:26.500,9.13,109.53,READY,1.42,0.71,104.92,0.54,235.25
2026-02-03 13:37:26.616,9.07,110.23,READY,1.55,0.61,105.57,0.53,235.25
2026-02-03 13:37:26.737,8.60,116.26,READY,8.39,0.59,104.71,0.58,235.25
2026-02-03 13:37:26.874,7.53,132.80,READY,19.30,0.62,110.23,0.60,235.25
2026-02-03 13:37:27.101,4.50,222.06,READY,1.54,112.90,105.01,0.59,235.25
2026-02-03 13:37:27.217,9.21,108.53,READY,1.25,0.66,104.04,0.59,235.25
2026-02-03 13:37:27.337,8.69,115.06,READY,6.79,0.56,105.07,0.60,235.25
2026-02-03 13:37:27.475,7.50,133.31,READY,18.86,0.64,111.16,0.59,235.25
2026-02-03 13:37:27.589,9.21,108.63,READY,1.52,0.59,103.97,0.67,235.25
2026-02-03 13:37:27.809,4.66,214.64,READY,1.53,106.29,104.04,0.56,235.25
2026-02-03 13:37:27.926,9.11,109.79,READY,1.26,0.63,105.15,0.62,235.25
2026-02-03 13:37:28.041,9.09,110.06,READY,1.53,0.66,105.35,0.57,235.25
2026-02-03 13:37:28.155,9.17,109.06,READY,1.46,0.60,104.46,0.61,235.25
2026-02-03 13:37:28.269,9.11,109.82,READY,1.74,0.60,104.90,0.55,235.25
2026-02-03 13:37:28.495,4.53,220.78,READY,1.47,113.35,103.19,0.61,235.25
2026-02-03 13:37:28.617,8.70,114.97,READY,1.35,0.56,108.05,0.58,235.25
2026-02-03 13:37:28.736,8.74,114.35,READY,7.18,0.57,103.78,0.65,235.25
2026-02-03 13:37:28.875,7.48,133.74,READY,19.94,0.62,110.51,0.60,235.25
2026-02-03 13:37:28.990,9.04,110.65,READY,1.78,0.57,105.67,0.58,235.25
2026-02-03 13:37:29.214,4.61,216.93,READY,1.32,108.62,104.37,0.66,235.25
2026-02-03 13:37:29.333,8.93,112.00,READY,1.38,0.68,107.48,0.59,235.25
2026-02-03 13:37:29.451,8.87,112.73,READY,2.54,0.62,106.64,0.57,235.25
2026-02-03 13:37:29.565,9.18,108.96,READY,1.54,0.61,104.27,0.55,235.25
2026-02-03 13:37:29.680,9.10,109.83,READY,1.49,0.61,105.20,0.56,235.25
2026-02-03 13:37:29.925,4.17,240.04,READY,12.48,113.38,111.57,0.57,235.25
2026-02-03 13:37:30.041,9.15,109.26,READY,1.25,0.61,104.77,0.60,235.25
2026-02-03 13:37:30.157,9.07,110.31,READY,1.61,0.61,105.41,0.62,235.25
2026-02-03 13:37:30.272,9.09,110.04,READY,1.53,0.56,105.26,0.62,235.25
2026-02-03 13:37:30.386,9.11,109.80,READY,1.49,0.57,105.20,0.63,235.25
2026-02-03 13:37:30.608,4.62,216.64,READY,1.57,108.46,103.90,0.57,235.25
2026-02-03 13:37:30.725,9.14,109.36,READY,1.28,0.72,104.90,0.59,235.25
2026-02-03 13:37:30.839,9.15,109.34,READY,1.51,0.61,104.65,0.58,235.25
2026-02-03 13:37:30.953,9.17,109.03,READY,1.55,0.61,104.25,0.62,235.25
2026-02-03 13:37:31.069,9.01,111.03,READY,3.73,0.69,104.02,0.58,235.25
2026-02-03 13:37:31.288,4.67,213.94,READY,1.52,106.63,103.22,0.58,235.25
2026-02-03 13:37:31.403,9.20,108.67,READY,1.26,0.68,104.18,0.58,235.25
2026-02-03 13:37:31.518,9.15,109.34,READY,1.51,0.57,104.66,0.56,235.25
2026-02-03 13:37:31.631,9.20,108.73,READY,1.49,0.57,104.21,0.56,235.25
2026-02-03 13:37:31.744,9.22,108.40,READY,1.53,0.57,103.67,0.58,235.25
2026-02-03 13:37:31.981,4.32,231.51,READY,12.24,109.55,107.08,0.58,235.25
2026-02-03 13:37:32.097,9.16,109.19,READY,1.41,0.57,104.64,0.61,235.25
2026-02-03 13:37:32.214,8.93,111.97,READY,2.42,0.68,105.75,0.61,235.25
2026-02-03 13:37:32.338,8.44,118.45,READY,11.00,0.62,104.31,0.59,235.25
2026-02-03 13:37:32.475,7.55,132.52,READY,19.05,0.66,110.21,0.56,235.25
2026-02-03 13:37:32.693,4.69,213.43,READY,1.45,106.20,103.12,0.58,235.25
2026-02-03 13:37:32.810,9.16,109.11,READY,1.39,0.67,104.07,0.65,235.25
2026-02-03 13:37:32.939,8.08,123.79,READY,14.79,0.57,104.05,0.65,235.25
2026-02-03 13:37:33.070,7.93,126.14,READY,18.24,0.57,104.61,0.58,235.25
2026-02-03 13:37:33.185,9.07,110.25,READY,1.50,0.61,104.96,1.20,235.25
2026-02-03 13:37:33.403,4.68,213.64,READY,1.49,106.42,103.14,0.57,235.25
2026-02-03 13:37:33.520,9.15,109.34,READY,1.24,0.67,104.79,0.68,235.25
2026-02-03 13:37:33.635,9.12,109.68,READY,1.61,0.61,104.89,0.61,235.25
2026-02-03 13:37:33.749,9.17,109.11,READY,1.55,0.60,104.40,0.60,235.25
2026-02-03 13:37:33.869,8.65,115.61,READY,8.41,0.61,103.98,0.60,235.25
2026-02-03 13:37:34.088,4.67,214.19,READY,1.51,107.26,102.80,0.61,235.25
2026-02-03 13:37:34.204,9.24,108.26,READY,1.25,0.56,103.89,0.63,235.25
2026-02-03 13:37:34.317,9.22,108.41,READY,1.46,0.57,103.74,0.67,235.25
2026-02-03 13:37:34.431,9.15,109.23,READY,1.44,0.57,104.62,0.58,235.25
2026-02-03 13:37:34.545,9.17,109.03,READY,1.58,0.58,104.23,0.67,235.25
2026-02-03 13:37:34.781,4.33,230.78,READY,12.76,109.74,105.69,0.55,235.25
2026-02-03 13:37:34.898,9.13,109.55,READY,1.31,0.67,104.98,0.62,235.25
2026-02-03 13:37:35.013,9.07,110.20,READY,1.61,0.65,105.42,0.58,235.25
2026-02-03 13:37:35.139,8.28,120.83,READY,12.36,0.61,105.29,0.61,235.25
2026-02-03 13:37:35.253,9.12,109.63,READY,1.54,0.60,104.86,0.56,235.25
2026-02-03 13:37:35.472,4.68,213.77,READY,1.64,106.55,102.95,0.56,235.25
2026-02-03 13:37:35.588,9.20,108.72,READY,1.28,0.67,104.18,0.59,235.25
2026-02-03 13:37:35.702,9.14,109.39,READY,1.52,0.57,104.75,0.59,235.25
2026-02-03 13:37:35.817,9.12,109.68,READY,1.45,0.61,105.00,0.60,235.25
2026-02-03 13:37:35.939,8.52,117.43,READY,8.64,0.57,105.68,0.57,235.25
2026-02-03 13:37:36.166,4.50,222.08,READY,1.52,112.57,105.42,0.57,235.25
2026-02-03 13:37:36.283,9.14,109.42,READY,1.41,0.67,104.81,0.60,235.25
2026-02-03 13:37:36.406,8.46,118.25,READY,10.65,0.61,104.39,0.64,235.25
2026-02-03 13:37:36.544,7.50,133.35,READY,20.22,0.73,108.93,0.59,235.25
2026-02-03 13:37:36.659,9.11,109.73,READY,1.54,0.61,104.99,0.57,235.25
2026-02-03 13:37:36.879,4.65,215.21,READY,1.51,107.79,103.39,0.56,235.25
2026-02-03 13:37:36.996,9.12,109.68,READY,1.26,0.62,105.31,0.63,235.25
2026-02-03 13:37:37.111,9.09,110.03,READY,1.85,0.64,104.96,0.60,235.25
2026-02-03 13:37:37.224,9.23,108.39,READY,1.51,0.57,103.69,0.57,235.25
2026-02-03 13:37:37.338,9.19,108.76,READY,1.56,0.57,104.07,0.56,235.25
2026-02-03 13:37:37.557,4.67,214.20,READY,1.49,106.89,103.22,0.58,235.25
2026-02-03 13:37:37.671,9.19,108.85,READY,1.45,0.62,104.21,0.60,235.25
2026-02-03 13:37:37.785,9.15,109.34,READY,1.44,0.59,104.70,0.58,235.25
2026-02-03 13:37:37.899,9.12,109.70,READY,1.49,0.62,105.03,0.57,235.25
2026-02-03 13:37:38.014,9.14,109.44,READY,1.51,0.61,104.75,0.59,235.25
2026-02-03 13:37:38.245,4.42,226.44,READY,11.97,107.92,104.04,0.58,235.25
2026-02-03 13:37:38.361,9.17,109.08,READY,1.29,0.65,104.52,0.58,235.25
2026-02-03 13:37:38.475,9.21,108.53,READY,1.44,0.58,103.87,0.58,235.25
2026-02-03 13:37:38.613,7.49,133.58,READY,18.92,0.64,111.41,0.58,235.25
2026-02-03 13:37:38.738,8.37,119.52,READY,12.39,0.57,103.93,0.61,235.25
2026-02-03 13:37:38.957,4.66,214.62,READY,1.56,107.11,103.37,0.57,235.25
2026-02-03 13:37:39.074,9.15,109.25,READY,1.36,0.67,104.62,0.64,235.25
2026-02-03 13:37:39.187,9.21,108.56,READY,1.44,0.64,103.92,0.56,235.25
2026-02-03 13:37:39.301,9.16,109.15,READY,1.49,0.61,104.48,0.57,235.25
2026-02-03 13:37:39.416,9.13,109.49,READY,1.46,0.63,104.84,0.57,235.25
2026-02-03 13:37:39.647,4.41,226.55,READY,10.04,109.52,104.45,0.58,235.25
2026-02-03 13:37:39.765,9.07,110.24,READY,1.26,0.66,105.68,0.64,235.25
2026-02-03 13:37:39.881,9.00,111.09,READY,2.25,0.64,105.63,0.59,235.25
2026-02-03 13:37:40.012,7.93,126.05,READY,13.02,0.60,108.47,0.57,235.25
2026-02-03 13:37:40.140,8.12,123.20,READY,14.31,0.57,105.70,0.63,235.25
2026-02-03 13:37:40.363,4.58,218.24,READY,1.50,107.25,106.90,0.61,235.25
2026-02-03 13:37:40.480,9.14,109.44,READY,1.34,0.73,104.82,0.59,235.25
2026-02-03 13:37:40.607,8.22,121.71,READY,13.99,0.58,104.51,0.63,235.25
2026-02-03 13:37:40.744,7.54,132.66,READY,19.40,0.67,110.02,0.56,235.25
2026-02-03 13:37:40.859,9.13,109.47,READY,1.55,0.61,104.77,0.61,235.25
2026-02-03 13:37:41.078,4.66,214.73,READY,1.49,106.84,103.77,0.57,235.25
2026-02-03 13:37:41.192,9.14,109.41,READY,1.45,0.61,104.76,0.58,235.25
2026-02-03 13:37:41.307,9.16,109.20,READY,1.60,0.57,104.45,0.59,235.25
2026-02-03 13:37:41.420,9.21,108.55,READY,1.49,0.57,103.86,0.57,235.25
2026-02-03 13:37:41.539,8.76,114.10,READY,6.14,0.59,104.83,0.57,235.25
2026-02-03 13:37:41.761,4.60,217.23,READY,1.51,109.45,103.61,0.59,235.25
2026-02-03 13:37:41.877,9.20,108.64,READY,1.29,0.69,104.13,0.55,235.25
2026-02-03 13:37:42.007,8.02,124.77,READY,17.14,0.61,104.10,0.97,235.25
2026-02-03 13:37:42.147,7.40,135.10,READY,19.50,0.86,111.91,0.62,235.25
2026-02-03 13:37:42.261,9.09,110.01,READY,1.52,0.60,105.29,0.59,235.25
2026-02-03 13:37:42.481,4.66,214.53,READY,1.45,106.73,103.83,0.56,235.25
2026-02-03 13:37:42.598,9.14,109.43,READY,1.26,0.62,104.96,0.56,235.25
2026-02-03 13:37:42.713,9.07,110.26,READY,1.47,0.64,105.61,0.59,235.25
2026-02-03 13:37:42.828,9.06,110.32,READY,1.51,0.56,105.54,0.59,235.25
2026-02-03 13:37:42.947,8.78,113.90,READY,1.60,0.58,108.37,1.09,235.25
2026-02-03 13:37:43.179,4.40,227.14,READY,11.43,108.63,103.99,1.08,235.25
2026-02-03 13:37:43.294,9.09,110.01,READY,1.92,0.61,104.90,0.59,235.25
2026-02-03 13:37:43.407,9.22,108.45,READY,1.69,0.68,103.58,0.59,235.25
2026-02-03 13:37:43.545,7.53,132.84,READY,19.27,0.66,110.30,0.59,235.25
2026-02-03 13:37:43.660,9.08,110.13,READY,1.61,0.61,105.35,0.59,235.25
2026-02-03 13:37:43.883,4.58,218.21,READY,1.57,108.33,105.82,0.61,235.25
2026-02-03 13:37:43.999,9.15,109.28,READY,1.26,0.64,104.84,0.60,235.25
2026-02-03 13:37:44.114,9.15,109.24,READY,1.49,0.57,104.67,0.55,235.25
2026-02-03 13:37:44.228,9.17,109.00,READY,1.49,0.61,104.42,0.67,235.25
2026-02-03 13:37:44.341,9.19,108.78,READY,1.46,0.57,104.11,0.58,235.25
2026-02-03 13:37:44.566,4.55,219.67,READY,1.49,111.06,104.53,0.59,235.25
2026-02-03 13:37:44.682,9.18,108.97,READY,1.39,0.67,104.46,0.63,235.25
2026-02-03 13:37:44.807,8.32,120.24,READY,12.33,0.61,104.76,0.58,235.25
2026-02-03 13:37:44.945,7.52,133.04,READY,19.29,0.66,110.50,0.59,235.25
2026-02-03 13:37:45.060,9.11,109.83,READY,1.42,0.61,105.20,0.57,235.25
2026-02-03 13:37:45.281,4.63,216.16,READY,1.57,108.10,103.96,0.57,235.25
2026-02-03 13:37:45.398,9.11,109.78,READY,1.36,0.62,105.22,0.59,235.25
2026-02-03 13:37:45.513,9.13,109.49,READY,1.66,0.61,104.57,0.59,235.25
2026-02-03 13:37:45.631,8.81,113.46,READY,1.61,0.58,108.21,1.22,235.25
2026-02-03 13:37:45.748,9.10,109.85,READY,1.33,0.63,105.32,0.60,235.25
2026-02-03 13:37:45.983,4.38,228.13,READY,12.80,107.76,105.01,0.56,235.25
2026-02-03 13:37:46.101,9.15,109.25,READY,1.32,0.58,104.77,0.56,235.25
2026-02-03 13:37:46.215,9.19,108.87,READY,2.02,0.60,103.50,0.80,235.25
2026-02-03 13:37:46.339,8.39,119.16,READY,11.94,0.61,104.03,0.61,235.25
2026-02-03 13:37:46.453,9.12,109.61,READY,1.83,0.61,104.60,0.55,235.25
2026-02-03 13:37:46.675,4.62,216.61,READY,1.46,108.79,103.74,0.65,235.25
2026-02-03 13:37:46.793,9.03,110.75,READY,1.33,0.63,106.24,0.57,235.25
2026-02-03 13:37:46.907,9.18,108.93,READY,1.52,0.57,104.00,0.87,235.25
2026-02-03 13:37:47.022,9.02,110.87,READY,1.46,0.56,106.23,0.59,235.25
2026-02-03 13:37:47.139,8.94,111.84,READY,4.29,0.57,104.52,0.56,235.25
2026-02-03 13:37:47.359,4.65,215.12,READY,2.20,106.78,103.54,0.59,235.25
2026-02-03 13:37:47.475,9.20,108.64,READY,1.35,0.61,104.10,0.58,235.25
2026-02-03 13:37:47.613,7.50,133.32,READY,19.82,0.66,110.23,0.61,235.25
2026-02-03 13:37:47.739,8.27,120.92,READY,13.64,0.61,104.13,0.59,235.25
2026-02-03 13:37:47.853,9.14,109.45,READY,1.61,0.63,104.51,0.58,235.25
2026-02-03 13:37:48.083,4.53,220.51,READY,1.35,107.52,109.16,0.60,235.25
2026-02-03 13:37:48.199,9.11,109.71,READY,1.45,0.64,105.08,0.59,235.25
2026-02-03 13:37:48.314,9.15,109.27,READY,1.63,0.56,104.48,0.58,235.25
2026-02-03 13:37:48.429,9.09,109.98,READY,1.54,0.62,105.27,0.56,235.25
2026-02-03 13:37:48.543,9.16,109.15,READY,1.66,0.57,104.31,0.58,235.25
2026-02-03 13:37:48.790,4.12,242.54,READY,20.28,115.75,103.69,0.57,235.25
2026-02-03 13:37:48.907,9.11,109.81,READY,1.40,0.67,105.28,0.58,235.25
2026-02-03 13:37:49.021,9.15,109.25,READY,1.48,0.61,104.58,0.57,235.25
2026-02-03 13:37:49.140,8.79,113.82,READY,5.75,0.67,104.89,0.58,235.25
2026-02-03 13:37:49.254,9.15,109.26,READY,1.51,0.61,104.59,0.60,235.25
2026-02-03 13:37:49.483,4.47,223.79,READY,1.44,114.61,105.17,0.57,235.25
2026-02-03 13:37:49.599,9.17,109.07,READY,1.34,0.65,104.53,0.64,235.25
2026-02-03 13:37:49.716,8.98,111.42,READY,1.85,0.57,106.33,0.62,235.25
2026-02-03 13:37:49.831,9.11,109.82,READY,1.61,0.59,105.03,0.63,235.25
2026-02-03 13:37:49.945,9.09,110.00,READY,1.47,0.58,105.40,0.56,235.25
2026-02-03 13:37:50.184,4.28,233.59,READY,17.78,108.55,104.72,0.57,235.25
2026-02-03 13:37:50.299,9.23,108.39,READY,1.28,0.70,103.88,0.61,235.25
2026-02-03 13:37:50.413,9.17,109.07,READY,1.54,0.63,104.32,0.59,235.25
2026-02-03 13:37:50.540,8.23,121.53,READY,13.71,0.67,104.63,0.56,235.25
2026-02-03 13:37:50.654,9.14,109.44,READY,1.49,0.61,104.76,0.64,235.25
2026-02-03 13:37:50.875,4.63,215.78,READY,1.47,107.32,104.54,0.56,235.25
2026-02-03 13:37:50.992,9.12,109.70,READY,1.38,0.64,105.15,0.56,235.25
2026-02-03 13:37:51.106,9.19,108.87,READY,1.49,0.57,104.26,0.56,235.25
2026-02-03 13:37:51.220,9.16,109.14,READY,1.53,0.64,104.40,0.58,235.25
2026-02-03 13:37:51.340,8.70,114.98,READY,7.53,0.63,104.24,0.60,235.25
2026-02-03 13:37:51.559,4.65,214.90,READY,1.46,107.59,103.30,0.59,235.25
2026-02-03 13:37:51.676,9.17,109.00,READY,1.30,0.71,104.51,0.58,235.25
2026-02-03 13:37:51.813,7.54,132.68,READY,19.65,0.71,109.78,0.55,235.25
2026-02-03 13:37:51.927,9.15,109.28,READY,1.52,0.62,104.58,0.63,235.25
2026-02-03 13:37:52.042,9.12,109.62,READY,1.49,0.61,104.95,0.57,235.25
2026-02-03 13:37:52.266,4.55,219.66,READY,1.45,108.80,106.85,0.62,235.25
2026-02-03 13:37:52.385,9.01,110.98,READY,1.56,0.61,106.23,0.58,235.25
2026-02-03 13:37:52.503,8.85,112.99,READY,2.20,0.63,107.63,0.57,235.09
2026-02-03 13:37:52.617,9.17,109.09,READY,1.47,0.59,104.38,0.58,235.09
2026-02-03 13:37:52.740,8.42,118.80,READY,10.67,0.62,104.91,0.57,235.09
2026-02-03 13:37:52.962,4.62,216.49,READY,1.52,108.34,104.03,0.58,235.09
2026-02-03 13:37:53.079,9.08,110.19,READY,1.38,0.65,105.66,0.57,235.09
2026-02-03 13:37:53.210,7.93,126.09,READY,16.15,0.63,105.32,0.62,235.09
2026-02-03 13:37:53.324,9.16,109.22,READY,1.42,0.59,104.71,0.62,235.09
2026-02-03 13:37:53.439,9.10,109.84,READY,1.54,0.61,105.11,0.61,235.09
2026-02-03 13:37:53.659,4.65,215.22,READY,1.67,107.18,103.79,0.59,235.09
2026-02-03 13:37:53.776,9.11,109.74,READY,1.29,0.63,105.26,0.70,235.09
2026-02-03 13:37:53.891,9.12,109.60,READY,1.65,0.57,104.75,0.59,235.09
2026-02-03 13:37:54.009,8.83,113.27,READY,5.25,0.60,104.76,0.57,235.09
2026-02-03 13:37:54.124,9.08,110.15,READY,1.46,0.57,105.50,0.59,235.09
2026-02-03 13:37:54.353,4.47,223.75,READY,1.48,114.32,105.37,0.59,235.09
2026-02-03 13:37:54.472,8.88,112.60,READY,1.25,0.66,108.06,0.62,235.09
2026-02-03 13:37:54.589,8.98,111.32,READY,1.55,0.61,106.57,0.62,235.09
2026-02-03 13:37:54.706,8.88,112.59,READY,1.52,0.61,107.86,0.64,235.09
2026-02-03 13:37:54.823,8.96,111.59,READY,1.87,0.70,106.08,0.68,235.09
2026-02-03 13:37:55.050,4.51,221.74,READY,4.58,108.86,105.44,0.90,235.19
2026-02-03 13:37:55.169,8.98,111.33,READY,1.32,0.61,106.92,0.57,235.19
2026-02-03 13:37:55.284,9.06,110.40,READY,1.91,0.57,105.27,0.68,235.19
2026-02-03 13:37:55.412,8.11,123.27,READY,11.82,0.56,108.23,0.66,235.19
2026-02-03 13:37:55.527,9.07,110.20,READY,2.00,0.57,105.06,0.57,235.19
2026-02-03 13:37:55.749,4.61,216.81,READY,2.10,105.61,106.51,0.61,235.19
2026-02-03 13:37:55.870,8.86,112.82,READY,1.62,0.57,108.10,0.63,235.25
2026-02-03 13:37:55.986,9.05,110.49,READY,1.68,0.62,105.60,0.59,235.25
2026-02-03 13:37:56.101,9.10,109.88,READY,1.53,0.66,105.17,0.59,235.25
2026-02-03 13:37:56.215,9.14,109.45,READY,1.65,0.61,104.63,0.56,235.25
2026-02-03 13:37:56.450,4.35,229.88,READY,13.11,110.02,104.25,0.53,235.25
2026-02-03 13:37:56.566,9.16,109.15,READY,1.64,0.59,104.35,0.57,235.25
2026-02-03 13:37:56.682,9.06,110.40,READY,1.74,0.62,105.47,0.58,235.25
2026-02-03 13:37:56.811,8.03,124.54,READY,14.32,0.56,107.01,0.57,235.25
2026-02-03 13:37:56.926,9.07,110.31,READY,1.62,0.58,105.51,0.60,235.25
2026-02-03 13:37:57.149,4.59,217.88,READY,1.54,107.39,106.39,0.57,235.25
2026-02-03 13:37:57.269,8.96,111.63,READY,1.35,0.67,106.92,0.59,235.25
2026-02-03 13:37:57.384,9.04,110.58,READY,1.64,0.61,105.60,0.66,235.25
2026-02-03 13:37:57.504,9.10,109.85,READY,1.47,0.60,105.38,0.60,235.25
2026-02-03 13:37:57.620,9.03,110.78,READY,1.48,0.63,106.14,0.59,235.25
2026-02-03 13:37:57.858,4.29,233.13,READY,8.62,116.28,105.62,0.57,235.25
2026-02-03 13:37:57.976,8.99,111.26,READY,1.29,0.67,106.75,0.62,235.25
2026-02-03 13:37:58.091,9.10,109.94,READY,1.48,0.58,105.30,0.62,235.25
2026-02-03 13:37:58.210,8.79,113.73,READY,5.51,0.58,104.96,0.57,235.25
2026-02-03 13:37:58.324,9.14,109.40,READY,1.47,0.56,104.79,0.62,235.25
2026-02-03 13:37:58.551,4.51,221.89,READY,1.45,113.84,103.96,0.66,235.25
2026-02-03 13:37:58.666,9.06,110.39,READY,1.54,0.60,105.40,0.62,235.25
2026-02-03 13:37:58.784,8.86,112.86,READY,1.53,0.59,107.83,0.59,235.25
2026-02-03 13:37:58.898,9.17,109.04,READY,1.51,0.65,104.44,0.60,235.25
2026-02-03 13:37:59.012,9.11,109.76,READY,1.60,0.63,105.01,0.61,235.25
2026-02-03 13:37:59.231,4.67,213.99,READY,1.46,106.91,103.02,0.57,235.25
2026-02-03 13:37:59.348,9.14,109.45,READY,1.26,0.63,105.02,0.56,235.25
2026-02-03 13:37:59.478,8.01,124.92,READY,16.33,0.57,105.41,0.55,235.25
2026-02-03 13:37:59.610,7.84,127.57,READY,18.54,0.57,105.86,0.57,235.25
2026-02-03 13:37:59.725,9.12,109.66,READY,1.52,0.57,104.65,0.93,235.25
2026-02-03 13:37:59.945,4.65,215.19,READY,1.47,106.61,104.18,1.02,235.25
2026-02-03 13:38:00.064,8.98,111.37,READY,1.42,0.61,106.84,0.56,235.25
2026-02-03 13:38:00.179,9.10,109.84,READY,1.50,0.63,105.21,0.57,235.25
2026-02-03 13:38:00.293,9.12,109.66,READY,1.85,0.61,104.64,0.59,235.25
2026-02-03 13:38:00.409,9.03,110.76,READY,2.94,0.67,104.62,0.58,235.25
2026-02-03 13:38:00.632,4.59,218.07,READY,1.45,110.38,103.64,0.62,235.25
2026-02-03 13:38:00.748,9.18,108.95,READY,1.31,0.62,104.46,0.56,235.25
2026-02-03 13:38:00.877,8.11,123.33,READY,16.05,0.57,103.94,0.69,235.25
2026-02-03 13:38:01.017,7.49,133.51,READY,17.93,0.85,112.04,0.57,235.25
2026-02-03 13:38:01.131,9.18,108.88,READY,1.45,0.56,104.25,0.59,235.25
2026-02-03 13:38:01.351,4.64,215.46,READY,1.52,106.68,104.67,0.63,235.25
2026-02-03 13:38:01.471,8.83,113.23,READY,2.14,0.71,107.92,0.57,235.25
2026-02-03 13:38:01.587,9.05,110.49,READY,1.95,0.61,104.85,0.63,235.25
2026-02-03 13:38:01.708,8.64,115.75,READY,2.22,0.58,109.69,0.60,235.25
2026-02-03 13:38:01.824,9.07,110.20,READY,1.32,0.60,105.24,0.57,235.25
2026-02-03 13:38:02.058,4.36,229.28,READY,8.58,108.62,109.38,0.64,235.25
2026-02-03 13:38:02.176,9.02,110.85,READY,1.34,0.68,106.26,0.62,235.25
2026-02-03 13:38:02.292,9.07,110.27,READY,1.53,0.59,105.62,0.57,235.25
2026-02-03 13:38:02.411,8.76,114.10,READY,5.08,0.60,105.73,0.61,235.25
2026-02-03 13:38:02.529,8.85,113.02,READY,1.56,0.58,107.60,0.57,235.25
2026-02-03 13:38:02.756,4.50,222.09,READY,1.54,111.90,106.05,0.59,235.25
2026-02-03 13:38:02.872,9.18,108.92,READY,1.24,0.75,104.43,0.58,235.25
2026-02-03 13:38:02.985,9.21,108.62,READY,1.48,0.61,104.01,0.58,235.25
2026-02-03 13:38:03.100,9.11,109.82,READY,1.50,0.61,105.16,0.57,235.25
2026-02-03 13:38:03.213,9.23,108.32,READY,1.62,0.64,103.46,0.63,235.25
2026-02-03 13:38:03.457,4.20,238.32,READY,19.52,111.99,104.25,0.57,235.25
2026-02-03 13:38:03.573,9.14,109.40,READY,1.32,0.61,104.86,0.60,235.25
2026-02-03 13:38:03.686,9.27,107.89,READY,1.53,0.56,103.23,0.57,235.25
2026-02-03 13:38:03.809,8.47,118.11,READY,10.89,0.57,104.15,0.63,235.25
2026-02-03 13:38:03.923,9.18,108.98,READY,1.58,0.57,104.23,0.57,235.25
2026-02-03 13:38:04.146,4.58,218.26,READY,1.52,108.12,106.00,0.57,235.25
2026-02-03 13:38:04.263,9.15,109.33,READY,1.35,0.68,104.75,0.64,235.25
2026-02-03 13:38:04.377,9.13,109.54,READY,1.52,0.60,104.74,0.62,235.25
2026-02-03 13:38:04.491,9.19,108.87,READY,1.60,0.60,104.05,0.60,235.25
2026-02-03 13:38:04.609,8.79,113.80,READY,6.54,0.63,104.18,0.58,235.25
2026-02-03 13:38:04.842,4.39,227.69,READY,1.52,116.92,106.71,0.57,235.25
2026-02-03 13:38:04.959,9.08,110.08,READY,1.40,0.67,105.52,0.59,235.25
2026-02-03 13:38:05.078,8.85,113.05,READY,5.58,0.54,104.28,0.57,235.25
2026-02-03 13:38:05.222,7.20,138.88,READY,20.06,0.99,115.05,0.61,235.25
2026-02-03 13:38:05.345,8.59,116.43,READY,1.31,0.63,111.81,0.67,235.25
2026-02-03 13:38:05.579,4.41,226.74,READY,1.33,112.53,110.29,0.61,235.25
2026-02-03 13:38:05.703,8.71,114.81,READY,1.55,0.60,110.03,0.63,235.25
2026-02-03 13:38:05.825,8.68,115.15,READY,1.22,0.77,110.48,0.77,235.25
2026-02-03 13:38:05.952,8.37,119.49,READY,5.92,0.61,110.42,0.62,235.25
2026-02-03 13:38:06.084,7.89,126.73,READY,13.21,0.59,110.17,0.58,235.25
2026-02-03 13:38:06.327,4.20,238.10,READY,13.23,114.21,107.78,0.66,235.25
2026-02-03 13:38:06.449,8.77,114.03,READY,1.25,0.60,109.32,0.63,235.25
2026-02-03 13:38:06.570,8.65,115.60,READY,1.28,0.64,109.78,0.59,235.25
2026-02-03 13:38:06.689,8.74,114.38,READY,2.71,0.58,108.36,0.76,235.25
2026-02-03 13:38:06.815,8.29,120.56,READY,8.30,0.76,109.01,0.58,235.25
2026-02-03 13:38:07.044,4.47,223.94,READY,1.44,114.51,105.01,0.56,235.25
2026-02-03 13:38:07.160,9.22,108.44,READY,1.26,0.63,103.95,0.56,235.25
2026-02-03 13:38:07.280,8.67,115.31,READY,6.70,0.59,104.51,0.57,235.25
2026-02-03 13:38:07.394,9.19,108.85,READY,1.51,0.61,104.16,0.61,235.25
2026-02-03 13:38:07.508,9.21,108.52,READY,1.48,0.59,103.90,0.67,235.25
2026-02-03 13:38:07.726,4.69,213.40,READY,1.52,105.70,103.40,0.62,235.25
2026-02-03 13:38:07.849,8.63,115.84,READY,1.35,0.57,110.68,0.56,235.25
2026-02-03 13:38:07.963,9.19,108.82,READY,1.49,0.60,104.13,0.58,235.25
2026-02-03 13:38:08.077,9.14,109.39,READY,2.66,0.57,103.59,0.58,235.25
2026-02-03 13:38:08.190,9.26,107.99,READY,1.46,0.60,103.33,0.56,235.25
2026-02-03 13:38:08.413,4.59,217.70,READY,1.54,110.64,102.89,0.62,235.25
2026-02-03 13:38:08.529,9.20,108.72,READY,1.25,0.67,104.20,0.60,235.25
2026-02-03 13:38:08.643,9.14,109.44,READY,1.81,0.63,104.43,0.63,235.25
2026-02-03 13:38:08.758,9.05,110.56,READY,2.84,0.63,104.51,0.65,235.25
2026-02-03 13:38:08.879,8.82,113.39,READY,4.98,0.61,105.26,0.62,235.25
2026-02-03 13:38:09.113,4.41,226.72,READY,1.33,118.89,103.93,0.61,235.25
2026-02-03 13:38:09.229,9.20,108.70,READY,1.26,0.61,104.22,0.57,235.25
2026-02-03 13:38:09.345,8.94,111.92,READY,5.07,0.59,103.68,0.58,235.25
2026-02-03 13:38:09.512,6.19,161.50,READY,20.37,0.86,137.44,0.57,235.25
2026-02-03 13:38:09.625,9.19,108.76,READY,1.49,0.57,103.94,0.57,235.25
2026-02-03 13:38:09.859,4.38,228.33,READY,8.87,113.67,103.21,0.62,235.25
2026-02-03 13:38:09.976,9.06,110.39,READY,2.12,0.64,104.83,0.64,235.25
2026-02-03 13:38:10.098,8.58,116.61,READY,1.50,0.61,111.22,0.62,235.25
2026-02-03 13:38:10.213,9.06,110.38,READY,1.46,0.58,105.81,0.56,235.25
2026-02-03 13:38:10.328,9.15,109.28,READY,1.47,0.62,104.61,0.56,235.25
2026-02-03 13:38:10.547,4.66,214.42,READY,1.62,106.26,104.03,0.57,235.25
2026-02-03 13:38:10.663,9.18,108.88,READY,1.26,0.64,104.46,0.59,235.25
2026-02-03 13:38:10.777,9.19,108.84,READY,1.52,0.61,104.09,0.57,235.25
2026-02-03 13:38:10.890,9.19,108.80,READY,1.51,0.57,104.09,0.61,235.25
2026-02-03 13:38:11.012,8.60,116.29,READY,7.70,0.58,105.42,0.56,235.25
2026-02-03 13:38:11.236,4.55,219.90,READY,1.55,106.86,108.86,0.56,235.25
2026-02-03 13:38:11.352,9.24,108.21,READY,1.28,0.63,103.75,0.56,235.25
2026-02-03 13:38:11.480,8.15,122.64,READY,13.93,0.61,105.55,0.57,235.25
2026-02-03 13:38:11.594,9.13,109.51,READY,1.62,0.61,104.76,0.65,235.25
2026-02-03 13:38:11.708,9.21,108.57,READY,1.56,0.59,103.86,0.57,235.25
2026-02-03 13:38:11.930,4.61,217.05,READY,1.57,106.02,107.01,0.56,235.25
2026-02-03 13:38:12.047,9.09,109.95,READY,1.94,0.57,104.79,0.59,235.25
2026-02-03 13:38:12.160,9.20,108.72,READY,2.03,0.57,103.56,0.54,235.25
2026-02-03 13:38:12.278,8.99,111.26,READY,4.00,0.57,104.17,0.59,235.25
2026-02-03 13:38:12.393,9.08,110.13,READY,3.04,0.57,104.00,0.56,235.25
2026-02-03 13:38:12.633,4.30,232.73,READY,1.41,119.53,109.30,0.57,235.14
2026-02-03 13:38:12.749,9.17,109.00,READY,1.41,0.68,104.33,0.57,235.14
2026-02-03 13:38:12.879,8.00,124.99,READY,16.69,0.61,105.14,0.57,235.14
2026-02-03 13:38:12.993,9.14,109.45,READY,1.60,0.61,104.56,0.56,235.14
2026-02-03 13:38:13.109,9.23,108.38,READY,1.35,0.67,103.85,0.56,235.14
2026-02-03 13:38:13.329,4.64,215.68,READY,1.71,108.17,103.20,0.61,235.14
2026-02-03 13:38:13.445,9.21,108.54,READY,1.26,0.63,104.03,0.61,235.14
2026-02-03 13:38:13.559,9.19,108.79,READY,1.45,0.57,104.08,0.65,235.14
2026-02-03 13:38:13.679,8.66,115.47,READY,7.48,0.57,104.82,0.61,235.14
2026-02-03 13:38:13.793,9.20,108.72,READY,1.52,0.57,103.99,0.58,235.14
2026-02-03 13:38:14.011,4.68,213.77,READY,1.47,107.33,102.42,0.57,235.14
2026-02-03 13:38:14.127,9.22,108.47,READY,1.26,0.67,104.01,0.58,235.14
2026-02-03 13:38:14.240,9.23,108.33,READY,1.50,0.61,103.60,0.57,235.14
2026-02-03 13:38:14.361,8.67,115.40,READY,1.57,0.62,110.65,0.61,235.14
2026-02-03 13:38:14.481,8.68,115.23,READY,6.28,0.61,105.75,0.59,235.14
2026-02-03 13:38:14.702,4.61,216.76,READY,1.72,108.44,103.94,0.68,235.14
2026-02-03 13:38:14.821,9.00,111.12,READY,1.36,0.64,106.56,0.59,235.14
2026-02-03 13:38:14.947,8.25,121.21,READY,13.45,0.57,104.64,0.63,235.14
2026-02-03 13:38:15.086,7.47,133.96,READY,19.39,0.64,111.36,0.55,235.14
2026-02-03 13:38:15.201,9.06,110.42,READY,1.52,0.64,105.67,0.59,235.14
2026-02-03 13:38:15.422,4.63,216.19,READY,1.56,107.45,104.59,0.65,235.14
2026-02-03 13:38:15.540,9.04,110.62,READY,1.43,0.68,105.97,0.60,235.14
2026-02-03 13:38:15.655,9.07,110.24,READY,1.58,0.61,105.54,0.57,235.14
2026-02-03 13:38:15.771,9.02,110.89,READY,1.61,0.61,105.66,1.02,235.14
2026-02-03 13:38:15.888,8.94,111.90,READY,1.57,0.60,107.27,0.60,235.14
2026-02-03 13:38:16.124,4.32,231.28,READY,10.85,109.39,107.67,1.23,235.14
2026-02-03 13:38:16.243,8.98,111.34,READY,1.27,0.57,106.31,0.62,235.14
2026-02-03 13:38:16.358,9.08,110.16,READY,1.58,0.56,105.39,0.60,235.14
2026-02-03 13:38:16.480,8.55,116.94,READY,8.85,0.57,104.97,0.56,235.14
2026-02-03 13:38:16.595,9.07,110.24,READY,1.44,0.57,105.52,0.68,235.14
2026-02-03 13:38:16.820,4.55,219.87,READY,1.52,110.48,105.28,0.56,235.14
2026-02-03 13:38:16.937,9.10,109.85,READY,1.34,0.72,105.02,0.63,235.14
2026-02-03 13:38:17.053,9.01,111.03,READY,1.70,0.64,104.77,0.58,235.14
2026-02-03 13:38:17.167,9.14,109.42,READY,1.59,0.61,104.65,0.59,235.14
2026-02-03 13:38:17.281,9.12,109.67,READY,1.47,0.60,104.93,0.59,235.14
2026-02-03 13:38:17.508,4.51,221.72,READY,1.45,112.16,105.44,0.58,235.14
2026-02-03 13:38:17.624,9.16,109.12,READY,1.25,0.65,104.61,0.60,235.14
2026-02-03 13:38:17.749,8.39,119.22,READY,10.13,0.59,105.89,0.58,235.14
2026-02-03 13:38:17.881,7.86,127.15,READY,17.97,0.57,106.06,0.61,235.14
2026-02-03 13:38:17.997,8.98,111.35,READY,1.63,0.58,106.56,0.57,235.14
2026-02-03 13:38:18.218,4.62,216.47,READY,1.49,108.12,104.21,0.60,235.14
2026-02-03 13:38:18.336,9.09,109.96,READY,1.34,0.68,105.40,0.58,235.14
2026-02-03 13:38:18.451,9.09,110.05,READY,1.50,0.62,105.34,0.62,235.14
2026-02-03 13:38:18.567,8.95,111.68,READY,1.51,0.62,106.89,0.68,235.14
2026-02-03 13:38:18.682,9.11,109.78,READY,1.55,0.60,104.98,0.60,235.14
2026-02-03 13:38:18.903,4.61,216.72,READY,1.53,108.58,104.07,0.58,235.14
2026-02-03 13:38:19.020,9.12,109.68,READY,1.23,0.64,105.23,0.57,235.14
2026-02-03 13:38:19.147,8.19,122.12,READY,14.49,0.57,104.39,0.59,235.14
2026-02-03 13:38:19.286,7.48,133.74,READY,19.52,0.72,110.87,0.58,235.14
2026-02-03 13:38:19.401,9.08,110.15,READY,1.50,0.63,105.38,0.58,235.14
2026-02-03 13:38:19.623,4.62,216.43,READY,1.53,107.94,104.31,0.61,235.14
2026-02-03 13:38:19.739,9.17,108.99,READY,1.36,0.60,104.56,0.57,235.14
2026-02-03 13:38:19.853,9.15,109.24,READY,1.50,0.60,104.49,0.61,235.14
2026-02-03 13:38:19.968,9.12,109.64,READY,1.53,0.61,104.28,1.26,235.14
2026-02-03 13:38:20.081,9.19,108.87,READY,1.69,0.60,103.98,0.61,235.14
2026-02-03 13:38:20.300,4.67,214.02,READY,2.00,106.46,103.04,0.57,235.14
2026-02-03 13:38:20.417,9.17,109.01,READY,1.28,0.62,104.52,0.56,235.14
2026-02-03 13:38:20.548,7.93,126.08,READY,18.50,0.60,104.40,0.57,235.14
2026-02-03 13:38:20.686,7.51,133.08,READY,19.53,0.69,110.25,0.58,235.14
2026-02-03 13:38:20.800,9.13,109.48,READY,1.82,0.62,104.47,0.57,235.14
2026-02-03 13:38:21.019,4.67,214.32,READY,1.52,107.13,103.04,0.65,235.14
2026-02-03 13:38:21.135,9.16,109.11,READY,1.34,0.67,104.57,0.58,235.14
2026-02-03 13:38:21.249,9.18,108.97,READY,1.51,0.63,104.30,0.55,235.14
2026-02-03 13:38:21.364,9.15,109.33,READY,1.90,0.64,104.23,0.61,235.14
2026-02-03 13:38:21.481,8.92,112.05,READY,3.54,0.67,105.29,0.56,235.14
2026-02-03 13:38:21.712,4.42,226.40,READY,1.71,116.48,105.66,0.59,235.14
2026-02-03 13:38:21.828,9.19,108.77,READY,1.27,0.66,104.30,0.57,235.14
2026-02-03 13:38:21.948,8.71,114.78,READY,7.26,0.59,104.31,0.70,235.14
2026-02-03 13:38:22.087,7.45,134.30,READY,19.54,1.05,107.01,0.57,235.14
2026-02-03 13:38:22.201,9.15,109.28,READY,1.55,0.58,104.52,0.58,235.14
2026-02-03 13:38:22.421,4.64,215.40,READY,1.63,107.49,103.67,0.60,235.14
2026-02-03 13:38:22.538,9.17,109.08,READY,1.31,0.68,104.42,0.56,235.14
2026-02-03 13:38:22.654,9.01,110.97,READY,1.54,0.65,106.14,0.57,235.14
2026-02-03 13:38:22.768,9.15,109.29,READY,1.50,0.65,104.58,0.60,235.14
2026-02-03 13:38:22.884,9.02,110.83,READY,1.60,0.67,106.01,0.61,235.14
2026-02-03 13:38:23.111,4.50,222.04,READY,1.62,112.29,105.34,0.66,235.14
2026-02-03 13:38:23.227,9.14,109.41,READY,1.31,0.64,104.91,0.71,235.14
2026-02-03 13:38:23.348,8.65,115.63,READY,8.02,0.61,104.38,0.60,235.14
2026-02-03 13:38:23.486,7.53,132.81,READY,19.54,0.63,110.00,0.60,235.14
2026-02-03 13:38:23.600,9.18,108.90,READY,1.58,0.67,104.03,0.63,235.14
2026-02-03 13:38:23.820,4.64,215.51,READY,1.44,106.84,104.67,0.58,235.14
2026-02-03 13:38:23.937,9.11,109.81,READY,1.27,0.70,105.27,0.64,235.14
2026-02-03 13:38:24.052,9.12,109.62,READY,1.44,0.61,104.97,0.64,235.14
2026-02-03 13:38:24.166,9.17,109.05,READY,1.45,0.60,104.43,0.61,235.14
2026-02-03 13:38:24.281,9.05,110.53,READY,1.96,0.60,105.37,0.59,235.14
2026-02-03 13:38:24.507,4.52,221.12,READY,1.46,111.32,105.67,0.59,235.14
2026-02-03 13:38:24.624,9.13,109.54,READY,1.35,0.64,104.96,0.62,235.14
2026-02-03 13:38:24.749,8.31,120.40,READY,11.50,0.57,105.70,0.58,235.14
2026-02-03 13:38:24.864,9.14,109.44,READY,1.59,0.62,104.65,0.62,235.14
2026-02-03 13:38:24.978,9.13,109.55,READY,1.48,0.57,104.92,0.62,235.14
2026-02-03 13:38:25.204,4.54,220.44,READY,1.48,110.81,105.46,0.63,235.14
2026-02-03 13:38:25.320,9.17,109.05,READY,1.37,0.70,104.40,0.63,235.14
2026-02-03 13:38:25.434,9.15,109.33,READY,1.65,0.64,104.44,0.65,235.14
2026-02-03 13:38:25.552,9.12,109.65,READY,1.26,0.60,105.10,0.62,235.14
2026-02-03 13:38:25.674,8.54,117.12,READY,1.38,0.61,111.17,0.60,235.22
2026-02-03 13:38:25.904,4.46,224.25,READY,1.46,114.19,106.02,0.59,235.22
2026-02-03 13:38:26.021,9.09,110.05,READY,1.30,0.69,105.54,0.58,235.22
2026-02-03 13:38:26.149,8.10,123.42,READY,15.16,0.56,105.05,0.57,235.22
2026-02-03 13:38:26.265,9.00,111.11,READY,1.68,0.55,106.34,0.58,235.22
2026-02-03 13:38:26.379,9.16,109.12,READY,1.47,0.57,104.29,0.57,235.22
2026-02-03 13:38:26.604,4.55,219.90,READY,1.45,112.25,103.55,0.59,235.22
2026-02-03 13:38:26.719,9.22,108.43,READY,1.30,0.68,103.95,0.58,235.22
2026-02-03 13:38:26.834,9.15,109.28,READY,1.50,0.63,104.59,0.56,235.22
2026-02-03 13:38:26.949,9.03,110.72,READY,2.22,0.60,105.32,0.58,235.22
2026-02-03 13:38:27.065,9.06,110.33,READY,1.50,0.61,105.69,0.63,235.22
2026-02-03 13:38:27.291,4.51,221.86,READY,1.50,113.88,103.71,0.60,235.22
2026-02-03 13:38:27.410,9.01,110.97,READY,1.31,0.55,105.79,0.61,235.22
2026-02-03 13:38:27.526,9.18,108.96,READY,1.24,0.58,104.65,0.62,235.22
2026-02-03 13:38:27.655,8.14,122.82,READY,1.39,0.69,118.18,0.60,235.22
2026-02-03 13:38:27.775,8.68,115.17,READY,1.70,0.68,110.15,0.63,235.22
2026-02-03 13:38:28.008,4.39,227.57,READY,1.47,114.83,108.59,0.57,235.22
2026-02-03 13:38:28.131,8.65,115.67,READY,1.34,0.69,111.09,0.61,235.22
2026-02-03 13:38:28.250,8.79,113.76,READY,1.72,0.73,108.68,0.66,235.22
2026-02-03 13:38:28.368,8.81,113.54,READY,1.65,0.64,108.63,0.67,235.22
2026-02-03 13:38:28.488,8.73,114.51,READY,1.35,0.59,109.72,0.68,235.22
2026-02-03 13:38:28.719,4.43,225.51,READY,1.40,114.19,107.16,0.63,235.22
2026-02-03 13:38:28.841,8.74,114.38,READY,2.27,0.56,108.90,0.60,235.22
2026-02-03 13:38:28.955,9.12,109.67,READY,1.72,0.56,104.89,0.64,235.22
2026-02-03 13:38:29.081,8.28,120.84,READY,12.90,0.57,104.72,0.59,235.22
2026-02-03 13:38:29.196,9.13,109.49,READY,1.52,0.57,104.78,0.60,235.22
2026-02-03 13:38:29.415,4.67,214.01,READY,1.39,106.71,103.31,0.61,235.22
2026-02-03 13:38:29.548,7.94,125.99,READY,1.34,0.68,121.29,0.65,235.22
2026-02-03 13:38:29.676,8.18,122.25,READY,2.01,0.78,116.24,0.59,235.22
2026-02-03 13:38:29.790,9.11,109.79,READY,1.55,0.64,104.33,0.63,235.22
2026-02-03 13:38:29.904,9.20,108.75,READY,1.60,0.60,103.97,0.57,235.22
2026-02-03 13:38:30.123,4.67,214.32,READY,1.56,107.12,103.07,0.59,235.25
2026-02-03 13:38:30.241,9.17,109.06,READY,1.31,0.57,104.50,0.63,235.25
2026-02-03 13:38:30.357,9.17,109.04,READY,1.24,0.61,104.46,0.59,235.25
2026-02-03 13:38:30.482,8.36,119.56,READY,11.17,0.57,105.20,0.62,235.25
2026-02-03 13:38:30.597,9.08,110.17,READY,1.47,0.61,105.53,0.60,235.25
2026-02-03 13:38:30.816,4.66,214.47,READY,1.48,106.80,103.57,0.57,235.25
2026-02-03 13:38:30.933,9.09,109.96,READY,1.39,0.65,105.38,0.58,235.25
2026-02-03 13:38:31.049,9.06,110.38,READY,1.47,0.66,105.68,0.61,235.25
2026-02-03 13:38:31.163,9.13,109.50,READY,1.48,0.61,104.86,0.57,235.25
2026-02-03 13:38:31.281,8.87,112.76,READY,5.36,0.63,104.08,0.62,235.25
2026-02-03 13:38:31.509,4.48,223.00,READY,1.58,108.41,109.05,0.58,235.25
2026-02-03 13:38:31.630,8.81,113.56,READY,1.26,0.61,109.16,0.61,235.25
2026-02-03 13:38:31.754,8.40,119.10,READY,6.64,0.57,109.23,0.63,235.25
2026-02-03 13:38:31.874,8.73,114.56,READY,1.51,0.56,109.89,0.59,235.25
2026-02-03 13:38:31.994,8.68,115.16,READY,1.56,0.56,110.36,0.64,235.25
2026-02-03 13:38:32.223,4.47,223.51,READY,1.60,107.91,111.08,0.58,235.25
2026-02-03 13:38:32.344,8.77,113.98,READY,1.26,0.65,109.35,0.60,235.25
2026-02-03 13:38:32.463,8.80,113.62,READY,1.47,0.72,108.92,0.56,235.25
2026-02-03 13:38:32.583,8.68,115.26,READY,1.50,0.61,110.56,0.60,235.25
2026-02-03 13:38:32.701,8.84,113.10,READY,1.54,0.61,108.16,0.61,235.25
2026-02-03 13:38:32.934,4.38,228.16,READY,3.54,108.09,113.42,0.59,235.25
2026-02-03 13:38:33.057,8.73,114.60,READY,1.22,0.60,109.94,0.57,235.25
2026-02-03 13:38:33.176,8.71,114.83,READY,1.49,0.56,110.05,0.56,235.25
2026-02-03 13:38:33.294,8.87,112.74,READY,1.44,0.66,108.01,0.57,235.25
2026-02-03 13:38:33.421,8.21,121.81,READY,10.53,0.56,108.09,0.70,235.25
2026-02-03 13:38:33.661,4.26,234.53,READY,15.36,108.56,107.87,0.67,235.25
2026-02-03 13:38:33.783,8.72,114.68,READY,1.30,0.69,110.16,0.58,235.25
2026-02-03 13:38:33.903,8.68,115.26,READY,1.50,0.61,110.56,0.60,235.25
2026-02-03 13:38:34.024,8.66,115.51,READY,1.66,0.61,110.69,0.61,235.25
2026-02-03 13:38:34.157,7.81,128.04,READY,13.62,0.77,111.10,0.63,235.25
2026-02-03 13:38:34.382,4.54,220.16,READY,1.30,108.85,107.27,0.63,235.25
2026-02-03 13:38:34.503,8.79,113.71,READY,1.32,0.75,109.05,0.64,235.25
2026-02-03 13:38:34.622,8.81,113.45,READY,1.46,0.57,108.69,0.60,235.25
2026-02-03 13:38:34.755,7.81,128.07,READY,15.07,0.56,109.94,0.62,235.25
2026-02-03 13:38:34.879,8.60,116.25,READY,1.25,0.64,111.68,0.58,235.25
2026-02-03 13:38:35.120,4.26,234.67,READY,1.31,119.09,111.58,0.59,235.25
2026-02-03 13:38:35.243,8.69,115.05,READY,1.39,0.62,110.20,0.62,235.25
2026-02-03 13:38:35.357,9.19,108.79,READY,1.49,0.62,104.30,0.62,235.25
2026-02-03 13:38:35.492,7.74,129.23,READY,15.84,0.60,108.92,0.59,235.25
2026-02-03 13:38:35.623,7.93,126.02,READY,13.16,0.61,109.57,0.58,235.25
2026-02-03 13:38:35.867,4.18,239.21,READY,14.19,112.37,110.13,0.55,235.25
2026-02-03 13:38:35.995,8.30,120.49,READY,1.36,0.65,115.85,0.57,235.25
2026-02-03 13:38:36.118,8.50,117.59,READY,1.70,0.57,112.57,0.71,235.25
2026-02-03 13:38:36.237,8.72,114.68,READY,1.59,0.61,109.65,0.75,235.25
2026-02-03 13:38:36.357,8.71,114.83,READY,1.22,0.61,110.25,0.59,235.25
2026-02-03 13:38:36.584,4.52,221.24,READY,1.33,107.96,109.20,0.62,235.25
2026-02-03 13:38:36.706,8.69,115.08,READY,1.27,0.66,110.62,0.61,235.25
2026-02-03 13:38:36.825,8.82,113.41,READY,1.50,0.60,108.59,0.62,235.25
2026-02-03 13:38:36.955,8.00,124.98,READY,12.54,0.62,109.27,0.60,235.25
2026-02-03 13:38:37.074,8.73,114.56,READY,1.61,0.61,109.74,0.62,235.25
2026-02-03 13:38:37.301,4.51,221.58,READY,1.51,108.89,108.36,0.57,235.25
2026-02-03 13:38:37.417,9.18,108.97,READY,1.31,0.62,104.50,0.56,235.25
2026-02-03 13:38:37.532,9.13,109.53,READY,2.22,0.61,104.16,0.54,235.25
2026-02-03 13:38:37.646,9.13,109.53,READY,1.58,0.57,104.49,0.56,235.25
2026-02-03 13:38:37.760,9.16,109.14,READY,1.48,0.57,104.34,0.56,235.25
2026-02-03 13:38:37.999,4.27,234.27,READY,13.38,114.80,103.51,0.58,235.25
2026-02-03 13:38:38.116,9.16,109.12,READY,1.25,0.67,104.67,0.56,235.25
2026-02-03 13:38:38.229,9.21,108.59,READY,1.52,0.63,103.89,0.62,235.25
2026-02-03 13:38:38.350,8.67,115.35,READY,8.35,0.63,103.84,0.60,235.25
2026-02-03 13:38:38.463,9.21,108.52,READY,1.40,0.60,103.96,0.59,235.25
2026-02-03 13:38:38.682,4.67,213.93,READY,1.54,107.46,102.37,0.58,235.25
2026-02-03 13:38:38.797,9.22,108.51,READY,1.37,0.66,103.94,0.62,235.25
2026-02-03 13:38:38.911,9.24,108.19,READY,1.44,0.57,103.42,0.73,235.25
2026-02-03 13:38:39.023,9.26,107.97,READY,1.56,0.56,103.21,0.60,235.25
2026-02-03 13:38:39.152,8.09,123.55,READY,14.33,0.58,106.04,0.62,235.25
2026-02-03 13:38:39.379,4.50,222.29,READY,1.56,114.04,103.92,0.56,235.25
2026-02-03 13:38:39.502,8.67,115.36,READY,1.24,0.62,108.93,1.89,235.25
2026-02-03 13:38:39.620,8.81,113.46,READY,4.20,0.63,105.28,0.58,235.25
2026-02-03 13:38:39.735,9.05,110.46,READY,1.73,0.61,104.90,0.56,235.25
2026-02-03 13:38:39.851,9.07,110.29,READY,1.52,0.61,105.53,0.65,235.25
2026-02-03 13:38:40.071,4.63,216.01,READY,2.27,108.05,103.11,0.61,235.25
2026-02-03 13:38:40.189,9.11,109.81,READY,1.34,0.71,105.16,0.61,235.25
2026-02-03 13:38:40.303,9.14,109.44,READY,1.50,0.57,104.72,0.65,235.25
2026-02-03 13:38:40.421,8.84,113.07,READY,2.69,0.68,105.78,0.59,235.25
2026-02-03 13:38:40.537,9.06,110.39,READY,1.50,0.69,105.40,0.56,235.25
2026-02-03 13:38:40.759,4.59,217.78,READY,2.72,107.78,104.77,0.56,235.25
2026-02-03 13:38:40.877,9.10,109.86,READY,1.25,0.71,105.21,0.77,235.25
2026-02-03 13:38:40.992,9.06,110.42,READY,1.47,0.65,105.76,0.57,235.25
2026-02-03 13:38:41.109,8.94,111.90,READY,1.56,0.62,104.77,3.00,235.25
2026-02-03 13:38:41.227,9.08,110.13,READY,1.45,0.60,105.27,0.62,235.25
2026-02-03 13:38:41.467,4.25,235.08,READY,11.21,116.49,104.74,0.61,235.25
2026-02-03 13:38:41.584,9.09,109.96,READY,1.29,0.63,105.47,0.59,235.25
2026-02-03 13:38:41.700,9.01,110.99,READY,1.55,0.57,106.24,0.57,235.25
2026-02-03 13:38:41.820,8.71,114.83,READY,6.15,0.56,105.54,0.58,235.25
2026-02-03 13:38:41.935,9.03,110.76,READY,2.50,0.57,105.14,0.56,235.25
2026-02-03 13:38:42.158,4.59,217.87,READY,2.21,107.69,105.44,0.61,235.25
2026-02-03 13:38:42.277,9.05,110.53,READY,1.26,0.66,106.05,0.56,235.25
2026-02-03 13:38:42.394,9.15,109.34,READY,1.24,0.64,104.76,0.59,235.25
2026-02-03 13:38:42.508,9.11,109.81,READY,1.45,0.63,105.19,0.65,235.25
2026-02-03 13:38:42.624,9.04,110.63,READY,1.53,0.61,105.92,0.60,235.25
2026-02-03 13:38:42.864,4.26,234.81,READY,14.56,111.73,105.83,0.57,235.25
2026-02-03 13:38:42.980,9.17,109.00,READY,1.26,0.71,104.47,0.59,235.25
2026-02-03 13:38:43.094,9.18,108.89,READY,1.49,0.57,104.29,0.56,235.25
2026-02-03 13:38:43.220,8.27,120.96,READY,12.51,0.57,105.31,0.56,235.25
2026-02-03 13:38:43.334,9.16,109.18,READY,1.43,0.57,104.57,0.57,235.25
2026-02-03 13:38:43.556,4.60,217.60,READY,1.45,110.31,103.29,0.56,235.25
2026-02-03 13:38:43.672,9.21,108.60,READY,1.31,0.66,104.09,0.55,235.25
2026-02-03 13:38:43.785,9.20,108.68,READY,1.55,0.61,104.02,0.57,235.25
2026-02-03 13:38:43.899,9.23,108.40,READY,1.46,0.61,103.69,0.61,235.25
2026-02-03 13:38:44.019,8.70,114.99,READY,7.58,0.61,104.19,0.61,235.25
2026-02-03 13:38:44.237,4.67,214.10,READY,1.50,106.85,103.13,0.59,235.25
2026-02-03 13:38:44.354,9.16,109.14,READY,1.34,0.64,104.65,0.56,235.25
2026-02-03 13:38:44.468,9.18,108.90,READY,1.46,0.62,104.32,0.56,235.25
2026-02-03 13:38:44.581,9.20,108.66,READY,1.51,0.57,104.04,0.56,235.25
2026-02-03 13:38:44.696,9.16,109.19,READY,1.65,0.63,104.28,0.61,235.25
2026-02-03 13:38:44.933,4.30,232.82,READY,10.86,109.68,109.75,0.56,235.25
2026-02-03 13:38:45.051,9.03,110.69,READY,1.28,0.68,106.19,0.58,235.25
2026-02-03 13:38:45.165,9.16,109.11,READY,1.57,0.61,104.35,0.59,235.25
2026-02-03 13:38:45.288,8.48,117.96,READY,9.16,0.61,105.58,0.59,235.25
2026-02-03 13:38:45.429,7.36,135.80,READY,21.76,0.65,110.60,0.52,235.25
2026-02-03 13:38:45.665,4.33,231.13,READY,10.48,113.04,104.41,0.57,235.25
2026-02-03 13:38:45.782,9.19,108.82,READY,1.39,0.57,104.26,0.58,235.25
2026-02-03 13:38:45.901,8.80,113.65,READY,2.50,0.56,106.94,0.57,235.25
2026-02-03 13:38:46.019,8.79,113.70,READY,6.08,0.57,104.47,0.59,235.25
2026-02-03 13:38:46.135,8.98,111.36,READY,1.66,0.58,106.50,0.57,235.25
2026-02-03 13:38:46.358,4.59,218.01,READY,1.53,107.35,106.41,0.64,235.25
2026-02-03 13:38:46.475,9.10,109.85,READY,1.95,0.68,104.74,0.60,235.25
2026-02-03 13:38:46.590,9.14,109.38,READY,1.52,0.61,104.66,0.58,235.25
2026-02-03 13:38:46.705,9.03,110.70,READY,1.96,0.67,105.58,0.56,235.25
2026-02-03 13:38:46.820,9.10,109.90,READY,1.56,0.60,105.38,0.56,235.25
2026-02-03 13:38:47.043,4.60,217.61,READY,1.57,108.15,105.16,0.79,235.25
2026-02-03 13:38:47.159,9.17,109.03,READY,1.33,0.63,104.52,0.60,235.25
2026-02-03 13:38:47.287,8.16,122.62,READY,15.57,0.57,103.77,0.71,235.25
2026-02-03 13:38:47.425,7.48,133.64,READY,20.20,0.69,108.30,0.60,235.25
2026-02-03 13:38:47.539,9.17,109.10,READY,1.47,0.57,104.14,0.62,235.25
2026-02-03 13:38:47.768,4.47,223.95,READY,1.93,113.51,105.45,0.62,235.25
2026-02-03 13:38:47.888,8.91,112.20,READY,1.39,0.64,107.53,0.60,235.25
2026-02-03 13:38:48.002,9.14,109.37,READY,1.60,0.61,104.59,0.61,235.25
2026-02-03 13:38:48.117,9.13,109.58,READY,1.51,0.61,104.94,0.55,235.25
2026-02-03 13:38:48.230,9.21,108.64,READY,1.53,0.61,103.91,0.62,235.25
2026-02-03 13:38:48.462,4.41,226.54,READY,8.54,109.59,105.81,0.59,235.25
2026-02-03 13:38:48.584,8.69,115.12,READY,1.62,0.55,109.52,0.60,235.25
2026-02-03 13:38:48.698,9.18,108.92,READY,1.54,0.57,104.20,0.56,235.25
2026-02-03 13:38:48.819,8.59,116.47,READY,8.87,0.56,104.42,0.57,235.25
2026-02-03 13:38:48.934,9.10,109.86,READY,1.75,0.57,105.00,0.58,235.25
2026-02-03 13:38:49.161,4.51,221.83,READY,1.62,113.71,103.87,0.57,235.25
2026-02-03 13:38:49.277,9.14,109.46,READY,1.25,0.66,105.05,0.55,235.25
2026-02-03 13:38:49.392,9.15,109.28,READY,1.65,0.69,104.59,0.59,235.25
2026-02-03 13:38:49.507,9.10,109.87,READY,1.95,0.61,104.76,0.63,235.25
2026-02-03 13:38:49.624,8.92,112.11,READY,2.02,0.60,106.81,0.61,235.25
2026-02-03 13:38:49.847,4.59,217.76,READY,1.60,108.63,104.95,0.62,235.25
2026-02-03 13:38:49.962,9.22,108.42,READY,1.41,0.64,103.80,0.57,235.25
2026-02-03 13:38:50.087,8.34,119.97,READY,12.89,0.62,103.96,0.64,235.25
2026-02-03 13:38:50.226,7.48,133.72,READY,20.17,0.81,110.13,0.59,235.25
2026-02-03 13:38:50.340,9.13,109.58,READY,1.86,0.62,104.51,0.57,235.25
2026-02-03 13:38:50.565,4.55,219.87,READY,1.72,111.33,104.26,0.52,235.25
2026-02-03 13:38:50.683,9.01,110.97,READY,1.42,0.68,106.31,0.58,235.25
2026-02-03 13:38:50.798,9.10,109.95,READY,1.51,0.60,105.25,0.54,235.25
2026-02-03 13:38:50.913,9.07,110.31,READY,1.54,0.64,105.63,0.56,235.25
2026-02-03 13:38:51.029,9.02,110.82,READY,1.49,0.67,104.70,0.60,235.25
2026-02-03 13:38:51.271,4.23,236.58,READY,11.09,117.24,105.42,0.61,235.25
2026-02-03 13:38:51.390,8.96,111.65,READY,1.52,0.59,106.17,0.56,235.25
2026-02-03 13:38:51.507,9.02,110.83,READY,1.41,0.57,106.31,0.63,235.25
2026-02-03 13:38:51.622,9.09,110.00,READY,2.23,0.59,104.53,0.65,235.25
2026-02-03 13:38:51.738,9.06,110.43,READY,1.47,0.57,105.72,0.60,235.25
2026-02-03 13:38:51.970,4.41,226.89,READY,1.53,117.94,104.85,0.56,235.25
2026-02-03 13:38:52.092,8.66,115.49,READY,1.52,0.62,110.07,0.57,235.22
2026-02-03 13:38:52.209,9.10,109.92,READY,1.24,0.62,105.34,0.60,235.22
2026-02-03 13:38:52.326,9.13,109.49,READY,1.26,0.65,104.99,0.58,235.22
2026-02-03 13:38:52.443,9.05,110.50,READY,1.33,0.66,105.95,0.61,235.22
2026-02-03 13:38:52.768,3.12,320.24,READY,2.26,210.91,104.61,0.60,235.22
2026-02-03 13:38:52.886,9.04,110.58,READY,1.37,0.60,105.94,0.67,235.22
2026-02-03 13:38:53.009,8.53,117.26,READY,1.67,0.61,111.82,0.59,235.22
2026-02-03 13:38:53.125,8.95,111.68,READY,1.66,0.58,106.83,0.59,235.22
2026-02-03 13:38:53.241,9.06,110.39,READY,1.60,0.61,105.61,0.56,235.22
2026-02-03 13:38:53.472,4.42,226.34,READY,2.76,108.84,112.14,0.57,235.25
2026-02-03 13:38:53.590,9.02,110.83,READY,1.25,0.69,106.10,0.58,235.25
2026-02-03 13:38:53.706,8.97,111.46,READY,1.58,0.61,106.56,0.62,235.25
2026-02-03 13:38:53.823,8.98,111.37,READY,1.87,0.62,106.25,0.59,235.25
2026-02-03 13:38:53.938,9.05,110.44,READY,1.63,0.63,105.57,0.61,235.25
2026-02-03 13:38:54.160,4.61,216.77,READY,1.57,108.17,104.53,0.56,235.25
2026-02-03 13:38:54.276,9.17,109.00,READY,1.28,0.65,104.52,0.58,235.25
2026-02-03 13:38:54.391,9.08,110.13,READY,1.57,0.57,105.34,0.64,235.25
2026-02-03 13:38:54.507,9.00,111.14,READY,1.55,0.59,106.35,0.62,235.25
2026-02-03 13:38:54.623,9.04,110.63,READY,1.62,0.58,105.87,0.56,235.25
2026-02-03 13:38:54.851,4.48,223.11,READY,1.66,109.98,107.46,0.58,235.25
2026-02-03 13:38:54.968,9.11,109.81,READY,1.27,0.67,105.23,0.68,235.25
2026-02-03 13:38:55.089,8.60,116.34,READY,7.70,0.60,105.43,0.56,235.25
2026-02-03 13:38:55.221,7.86,127.23,READY,18.48,0.60,105.53,0.58,235.25
2026-02-03 13:38:55.336,9.10,109.90,READY,1.55,0.65,105.15,0.58,235.25
2026-02-03 13:38:55.560,4.57,218.75,READY,1.67,110.28,104.24,0.59,235.25
2026-02-03 13:38:55.678,9.04,110.67,READY,1.26,0.62,106.19,0.57,235.25
2026-02-03 13:38:55.793,9.12,109.59,READY,1.58,0.57,104.86,0.60,235.25
2026-02-03 13:38:55.907,9.14,109.46,READY,1.55,0.58,104.69,0.57,235.25
2026-02-03 13:38:56.022,9.10,109.87,READY,1.55,0.57,105.08,0.56,235.25
2026-02-03 13:38:56.244,4.59,217.66,READY,1.60,109.09,104.42,0.58,235.25
2026-02-03 13:38:56.360,9.20,108.74,READY,1.27,0.64,104.25,0.59,235.25
2026-02-03 13:38:56.493,7.82,127.90,READY,15.67,0.70,108.01,0.60,235.25
2026-02-03 13:38:56.624,7.93,126.17,READY,14.59,0.59,108.41,0.58,235.25
2026-02-03 13:38:56.743,8.81,113.48,READY,1.55,0.62,108.67,0.59,235.25
2026-02-03 13:38:56.973,4.44,225.09,READY,1.54,113.10,107.74,0.62,235.25
2026-02-03 13:38:57.096,8.72,114.68,READY,1.34,0.56,109.89,0.78,235.25
2026-02-03 13:38:57.234,7.52,132.92,READY,11.50,0.55,118.20,0.69,235.25
2026-02-03 13:38:57.356,8.58,116.58,READY,1.52,0.57,111.77,0.56,235.25
2026-02-03 13:38:57.479,8.48,117.98,READY,1.39,0.56,113.38,0.57,235.25
2026-02-03 13:38:57.712,4.39,227.93,READY,1.49,114.30,109.26,0.66,235.25
2026-02-03 13:38:57.829,9.11,109.76,READY,1.66,0.60,104.17,0.59,235.25
2026-02-03 13:38:57.972,7.27,137.53,READY,15.83,0.61,116.48,0.69,235.25
2026-02-03 13:38:58.094,8.56,116.78,READY,3.40,0.64,110.09,0.61,235.25
2026-02-03 13:38:58.215,8.63,115.83,READY,1.61,0.80,110.85,0.59,235.25
2026-02-03 13:38:58.444,4.46,224.29,READY,1.58,109.38,109.72,0.57,235.22
2026-02-03 13:38:58.564,8.98,111.35,READY,1.42,0.57,106.76,0.57,235.22
2026-02-03 13:38:58.690,8.25,121.21,READY,12.53,0.57,105.45,0.59,235.22
2026-02-03 13:38:58.807,8.93,112.00,READY,1.55,0.60,107.24,0.60,235.22
2026-02-03 13:38:58.921,9.12,109.70,READY,1.59,0.56,104.94,0.58,235.22
2026-02-03 13:38:59.149,4.49,222.84,READY,1.59,111.56,107.10,0.58,235.22
2026-02-03 13:38:59.266,9.13,109.51,READY,1.26,0.66,105.04,0.55,235.22
2026-02-03 13:38:59.379,9.24,108.23,READY,1.50,0.65,103.56,0.58,235.22
2026-02-03 13:38:59.492,9.25,108.08,READY,1.51,0.61,103.38,0.57,235.22
2026-02-03 13:38:59.632,7.40,135.22,READY,16.20,0.61,115.61,0.66,235.22
2026-02-03 13:38:59.874,4.25,235.51,READY,2.10,124.17,106.30,0.57,235.22
2026-02-03 13:38:59.990,9.14,109.42,READY,1.35,0.65,104.88,0.61,235.22
2026-02-03 13:39:00.106,9.01,111.02,READY,2.19,0.58,105.61,0.61,235.22
2026-02-03 13:39:00.221,9.14,109.38,READY,2.15,0.58,103.98,0.61,235.22
2026-02-03 13:39:00.336,9.09,110.06,READY,1.62,0.57,105.24,0.62,235.22
2026-02-03 13:39:00.565,4.45,224.76,READY,1.90,111.91,107.62,1.42,235.22
2026-02-03 13:39:00.682,9.15,109.29,READY,1.40,0.62,104.68,0.55,235.22
2026-02-03 13:39:00.797,9.07,110.29,READY,1.95,0.59,105.17,0.58,235.22
2026-02-03 13:39:00.925,8.13,122.97,READY,1.51,0.61,117.46,0.57,235.25
2026-02-03 13:39:01.047,8.55,117.00,READY,1.48,0.62,112.20,0.60,235.25
2026-02-03 13:39:01.281,4.37,228.70,READY,1.43,113.24,110.34,1.31,235.25
2026-02-03 13:39:01.405,8.76,114.17,READY,1.33,0.57,109.38,0.78,235.25
2026-02-03 13:39:01.533,8.10,123.49,READY,1.39,0.57,118.87,0.56,235.25
2026-02-03 13:39:01.656,8.52,117.32,READY,1.47,0.57,112.58,0.57,235.25
2026-02-03 13:39:01.775,8.78,113.92,READY,1.46,0.57,109.16,0.68,235.25
2026-02-03 13:39:02.012,4.29,232.92,READY,2.17,115.86,112.01,0.56,235.25
2026-02-03 13:39:02.139,8.37,119.51,READY,1.36,0.69,114.87,0.61,235.25
2026-02-03 13:39:02.263,8.40,119.00,READY,1.38,0.61,114.46,0.55,235.25
2026-02-03 13:39:02.387,8.41,118.95,READY,1.40,0.60,114.34,0.58,235.25
2026-02-03 13:39:02.515,8.20,121.99,READY,1.39,0.61,117.40,0.67,235.25
2026-02-03 13:39:02.757,4.33,230.72,READY,1.28,120.63,106.06,0.66,235.25
2026-02-03 13:39:02.873,9.16,109.11,READY,1.30,0.63,104.61,0.56,235.25
2026-02-03 13:39:02.987,9.18,108.88,READY,1.44,0.57,104.31,0.57,235.25
2026-02-03 13:39:03.100,9.21,108.57,READY,1.51,0.56,103.86,0.56,235.25
2026-02-03 13:39:03.221,8.68,115.27,READY,8.31,0.57,103.76,0.60,235.25
2026-02-03 13:39:03.443,4.59,217.86,READY,1.64,110.20,103.47,0.55,235.25
2026-02-03 13:39:03.559,9.22,108.44,READY,1.41,0.72,103.82,0.58,235.25
2026-02-03 13:39:03.691,7.88,126.85,READY,17.91,0.62,105.73,0.58,235.25
2026-02-03 13:39:03.805,9.12,109.62,READY,1.99,0.61,104.46,0.58,235.25
2026-02-03 13:39:03.921,9.02,110.81,READY,1.60,0.61,106.05,0.58,235.25
2026-02-03 13:39:04.143,4.60,217.49,READY,1.51,110.59,102.86,0.56,235.25
2026-02-03 13:39:04.262,9.08,110.18,READY,1.52,0.60,105.37,0.57,235.25
2026-02-03 13:39:04.376,9.17,109.10,READY,1.56,0.62,104.35,0.57,235.25
2026-02-03 13:39:04.490,9.18,108.94,READY,1.55,0.58,104.26,0.57,235.25
2026-02-03 13:39:04.604,9.17,109.04,READY,1.61,0.61,104.24,0.57,235.25
2026-02-03 13:39:04.822,4.68,213.83,READY,1.53,106.31,103.39,0.60,235.25
2026-02-03 13:39:04.939,9.12,109.66,READY,1.30,0.70,105.14,0.58,235.25
2026-02-03 13:39:05.054,9.11,109.77,READY,2.01,0.97,104.21,0.57,235.25
2026-02-03 13:39:05.168,9.17,109.03,READY,1.62,0.64,104.23,0.57,235.25
2026-02-03 13:39:05.289,8.61,116.14,READY,9.21,0.61,103.76,0.58,235.25
2026-02-03 13:39:05.507,4.68,213.48,READY,1.63,105.55,103.73,0.57,235.25
2026-02-03 13:39:05.624,9.20,108.73,READY,1.25,0.67,104.21,0.57,235.25
2026-02-03 13:39:05.741,8.94,111.83,READY,2.49,0.60,106.21,0.55,235.25
2026-02-03 13:39:05.856,9.08,110.12,READY,2.43,0.63,104.54,0.57,235.25
2026-02-03 13:39:05.971,9.05,110.45,READY,1.71,0.58,105.60,0.57,235.25
2026-02-03 13:39:06.213,4.26,234.65,READY,4.22,119.33,108.57,0.55,235.25
2026-02-03 13:39:06.329,9.18,108.97,READY,1.44,0.67,104.28,0.56,235.25
2026-02-03 13:39:06.444,9.11,109.76,READY,1.44,0.61,105.17,0.53,235.25
2026-02-03 13:39:06.557,9.21,108.62,READY,1.65,0.60,103.83,0.57,235.25
2026-02-03 13:39:06.699,7.33,136.36,READY,20.04,0.92,112.77,0.56,235.25
2026-02-03 13:39:06.933,4.36,229.10,READY,1.60,119.86,104.80,0.55,235.25
2026-02-03 13:39:07.051,8.99,111.17,READY,1.44,0.63,106.57,0.54,235.25
2026-02-03 13:39:07.165,9.16,109.21,READY,1.48,0.57,104.57,0.58,235.25
2026-02-03 13:39:07.300,7.73,129.36,READY,12.35,0.60,113.92,0.58,235.25
2026-02-03 13:39:07.421,8.59,116.44,READY,1.49,0.57,111.75,0.57,235.25
2026-02-03 13:39:07.646,4.55,219.61,READY,1.72,107.43,107.78,0.64,235.25
2026-02-03 13:39:07.771,8.53,117.19,READY,1.32,0.67,112.54,0.70,235.25
2026-02-03 13:39:07.896,8.30,120.46,READY,6.61,0.62,110.61,0.60,235.25
2026-02-03 13:39:08.016,8.74,114.48,READY,1.49,0.60,109.86,0.56,235.25
2026-02-03 13:39:08.137,8.65,115.64,READY,1.46,0.60,110.87,0.64,235.25
2026-02-03 13:39:08.367,4.46,224.01,READY,1.47,108.92,110.31,0.56,235.25
2026-02-03 13:39:08.484,9.11,109.72,READY,1.24,0.60,105.16,0.56,235.25
2026-02-03 13:39:08.599,9.11,109.72,READY,1.48,0.57,105.10,0.56,235.25
2026-02-03 13:39:08.713,9.15,109.29,READY,1.52,0.57,104.57,0.57,235.25
2026-02-03 13:39:08.828,9.12,109.67,READY,1.43,0.61,105.04,0.57,235.25
2026-02-03 13:39:09.065,4.31,232.16,READY,18.03,106.82,104.72,0.60,235.25
2026-02-03 13:39:09.182,9.13,109.51,READY,1.99,0.59,104.31,0.64,235.25
2026-02-03 13:39:09.297,9.11,109.78,READY,1.40,0.62,103.76,0.62,235.25
2026-02-03 13:39:09.426,8.04,124.42,READY,17.19,0.61,104.05,0.61,235.25
2026-02-03 13:39:09.566,7.41,134.88,READY,19.84,0.68,111.75,0.62,235.25
2026-02-03 13:39:09.829,3.86,258.86,READY,12.67,107.82,135.82,0.57,235.25
2026-02-03 13:39:09.945,9.22,108.50,READY,1.37,0.60,104.04,0.61,235.25
2026-02-03 13:39:10.060,9.08,110.10,READY,1.44,0.60,105.47,0.60,235.25
2026-02-03 13:39:10.175,9.12,109.69,READY,1.67,0.57,104.81,0.63,235.25
2026-02-03 13:39:10.293,8.79,113.73,READY,3.02,0.64,107.29,0.72,235.25
2026-02-03 13:39:10.516,4.59,217.85,READY,1.61,107.80,105.53,0.57,235.25
2026-02-03 13:39:10.632,9.22,108.47,READY,1.29,0.65,103.97,0.58,235.25
2026-02-03 13:39:10.759,8.17,122.42,READY,13.73,0.60,105.60,0.67,235.25
2026-02-03 13:39:10.892,7.86,127.16,READY,18.45,0.60,105.56,0.58,235.25
2026-02-03 13:39:11.006,9.10,109.84,READY,1.58,0.62,105.10,0.62,235.25
2026-02-03 13:39:11.225,4.67,214.14,READY,1.61,106.27,103.60,0.60,235.25
2026-02-03 13:39:11.345,8.88,112.62,READY,1.36,0.55,107.37,0.60,235.25
2026-02-03 13:39:11.459,9.18,108.92,READY,1.45,0.59,104.30,0.57,235.25
2026-02-03 13:39:11.573,9.21,108.56,READY,1.46,0.57,103.90,0.60,235.25
2026-02-03 13:39:11.690,8.89,112.53,READY,5.56,0.57,103.90,0.67,235.25
2026-02-03 13:39:11.909,4.67,214.07,READY,1.45,105.37,104.69,0.57,235.25
2026-02-03 13:39:12.025,9.21,108.62,READY,1.33,0.65,104.05,0.61,235.25
2026-02-03 13:39:12.139,9.17,109.00,READY,1.56,0.60,104.27,0.58,235.25
2026-02-03 13:39:12.252,9.21,108.57,READY,1.84,0.61,103.56,0.58,235.25
2026-02-03 13:39:12.366,9.21,108.53,READY,1.52,0.62,103.81,0.63,235.25
2026-02-03 13:39:12.597,4.41,226.90,READY,12.46,107.71,104.16,0.62,235.25
2026-02-03 13:39:12.713,9.25,108.16,READY,1.32,0.64,103.64,0.62,235.25
2026-02-03 13:39:12.828,9.10,109.89,READY,1.45,0.57,105.31,0.56,235.25
2026-02-03 13:39:12.961,7.81,128.03,READY,18.81,0.57,106.02,0.63,235.25
2026-02-03 13:39:13.092,7.94,125.87,READY,17.40,0.56,105.32,0.58,235.25
2026-02-03 13:39:13.312,4.65,215.16,READY,1.50,105.81,105.24,0.62,235.25
2026-02-03 13:39:13.427,9.20,108.70,READY,1.27,0.73,104.18,0.59,235.25
2026-02-03 13:39:13.566,7.50,133.34,READY,18.79,0.64,111.38,0.62,235.25
2026-02-03 13:39:13.691,8.32,120.13,READY,12.47,0.61,104.45,0.58,235.25
2026-02-03 13:39:13.805,9.17,109.06,READY,1.51,0.61,104.35,0.58,235.25
2026-02-03 13:39:14.025,4.64,215.32,READY,1.55,108.47,102.75,0.65,235.25
2026-02-03 13:39:14.141,9.18,108.98,READY,1.27,0.65,104.44,0.59,235.25
2026-02-03 13:39:14.255,9.22,108.50,READY,1.46,0.59,103.85,0.63,235.25
2026-02-03 13:39:14.368,9.22,108.42,READY,1.76,0.56,103.49,0.56,235.25
2026-02-03 13:39:14.491,8.44,118.44,READY,10.50,0.56,104.72,0.65,235.25
2026-02-03 13:39:14.710,4.67,214.24,READY,1.84,106.26,103.53,0.63,235.25
2026-02-03 13:39:14.828,9.03,110.80,READY,1.74,0.68,105.83,0.65,235.25
2026-02-03 13:39:14.960,7.92,126.26,READY,17.93,0.61,105.15,0.60,235.25
2026-02-03 13:39:15.074,9.11,109.79,READY,1.49,0.61,105.13,0.61,235.25
2026-02-03 13:39:15.192,8.86,112.86,READY,1.44,0.59,108.19,0.61,235.25
2026-02-03 13:39:15.420,4.49,222.79,READY,1.52,107.25,111.38,0.71,235.22
2026-02-03 13:39:15.538,9.03,110.74,READY,1.26,0.54,105.60,0.58,235.22
2026-02-03 13:39:15.653,9.09,109.96,READY,1.64,0.63,105.15,0.58,235.22
2026-02-03 13:39:15.767,9.12,109.62,READY,1.53,0.57,104.35,1.19,235.22
2026-02-03 13:39:15.891,8.38,119.39,READY,11.45,0.57,104.79,0.57,235.22
2026-02-03 13:39:16.122,4.42,226.19,READY,1.51,106.62,115.27,0.62,235.22
2026-02-03 13:39:16.240,9.03,110.80,READY,1.82,0.63,105.81,0.56,235.22
2026-02-03 13:39:16.360,8.69,115.06,READY,6.25,0.62,105.61,0.67,235.22
2026-02-03 13:39:16.475,9.08,110.10,READY,1.75,0.61,105.20,0.60,235.22
2026-02-03 13:39:16.591,9.16,109.12,READY,1.24,0.67,104.68,0.58,235.22
2026-02-03 13:39:16.814,4.60,217.58,READY,1.25,107.95,105.28,0.58,235.22
2026-02-03 13:39:16.934,8.93,112.04,READY,1.31,0.56,107.51,0.63,235.22
2026-02-03 13:39:17.049,9.13,109.55,READY,1.40,0.58,105.05,0.54,235.22
2026-02-03 13:39:17.164,9.08,110.12,READY,1.60,0.58,105.35,0.58,235.22
2026-02-03 13:39:17.293,8.10,123.38,READY,14.44,0.57,105.78,0.56,235.22
2026-02-03 13:39:17.512,4.66,214.50,READY,1.61,106.59,103.77,0.54,235.22
2026-02-03 13:39:17.628,9.20,108.65,READY,1.26,0.71,104.19,0.56,235.22
2026-02-03 13:39:17.766,7.53,132.88,READY,18.91,0.64,110.76,0.59,235.22
2026-02-03 13:39:17.880,9.16,109.23,READY,1.50,0.68,104.55,0.56,235.22
2026-02-03 13:39:17.994,9.19,108.79,READY,1.52,0.61,104.15,0.57,235.22
2026-02-03 13:39:18.213,4.66,214.55,READY,1.52,106.05,104.46,0.57,235.22
2026-02-03 13:39:18.331,9.03,110.77,READY,1.29,0.62,106.31,0.57,235.22
2026-02-03 13:39:18.445,9.20,108.69,READY,1.57,0.57,103.95,0.59,235.22
2026-02-03 13:39:18.561,9.01,111.00,READY,2.11,0.57,105.75,0.57,235.22
2026-02-03 13:39:18.674,9.19,108.81,READY,1.58,0.57,104.22,0.62,235.22
2026-02-03 13:39:18.892,4.69,213.22,READY,1.54,105.74,103.33,0.58,235.22
2026-02-03 13:39:19.009,9.17,109.04,READY,1.27,0.68,104.56,0.57,235.22
2026-02-03 13:39:19.123,9.11,109.79,READY,1.55,0.61,105.08,0.61,235.22
2026-02-03 13:39:19.237,9.18,108.96,READY,1.51,0.61,104.23,0.61,235.22
2026-02-03 13:39:19.360,8.44,118.42,READY,9.79,0.61,105.46,0.56,235.22
2026-02-03 13:39:19.579,4.67,213.93,READY,1.56,106.30,103.54,0.58,235.22
2026-02-03 13:39:19.696,9.16,109.14,READY,1.33,0.65,104.04,1.16,235.22
2026-02-03 13:39:19.833,7.57,132.05,READY,19.36,0.90,108.99,0.56,235.22
2026-02-03 13:39:19.960,8.17,122.35,READY,14.34,0.61,104.85,0.58,235.22
2026-02-03 13:39:20.073,9.21,108.60,READY,1.53,0.57,103.96,0.55,235.22
2026-02-03 13:39:20.297,4.57,218.77,READY,1.51,108.26,106.23,0.56,235.22
2026-02-03 13:39:20.418,8.79,113.75,READY,1.27,0.58,108.40,0.61,235.22
2026-02-03 13:39:20.533,9.12,109.60,READY,1.53,0.60,104.90,0.55,235.22
2026-02-03 13:39:20.647,9.16,109.18,READY,1.54,0.61,104.47,0.58,235.22
2026-02-03 13:39:20.762,9.10,109.95,READY,1.57,0.66,105.15,0.56,235.22
2026-02-03 13:39:20.983,4.61,216.78,READY,1.56,108.74,103.93,0.62,235.22
2026-02-03 13:39:21.100,9.16,109.15,READY,1.33,0.63,104.65,0.58,235.22
2026-02-03 13:39:21.228,8.12,123.11,READY,15.55,0.61,104.35,0.69,235.22
2026-02-03 13:39:21.366,7.48,133.78,READY,19.54,0.69,110.96,0.59,235.22
2026-02-03 13:39:21.481,9.13,109.49,READY,1.76,0.58,104.56,0.55,235.22
2026-02-03 13:39:21.702,4.63,216.08,READY,1.61,107.96,103.92,0.61,235.22
2026-02-03 13:39:21.818,9.16,109.21,READY,1.33,0.66,104.70,0.58,235.22
2026-02-03 13:39:21.932,9.19,108.83,READY,1.49,0.64,104.17,0.56,235.22
2026-02-03 13:39:22.046,9.17,109.07,READY,1.51,0.61,104.41,0.57,235.22
2026-02-03 13:39:22.160,9.11,109.71,READY,1.60,0.67,104.97,0.57,235.22
2026-02-03 13:39:22.379,4.68,213.85,READY,1.47,106.10,103.50,0.62,235.22
2026-02-03 13:39:22.497,9.05,110.52,READY,1.33,0.59,105.32,0.59,235.22
2026-02-03 13:39:22.628,7.96,125.67,READY,18.39,0.61,104.10,0.59,235.22
2026-02-03 13:39:22.765,7.53,132.88,READY,19.78,0.69,109.83,0.57,235.22
2026-02-03 13:39:22.880,9.12,109.68,READY,1.55,0.56,105.10,0.57,235.22
2026-02-03 13:39:23.103,4.58,218.50,READY,1.90,108.21,105.63,0.65,235.22
2026-02-03 13:39:23.223,9.04,110.56,READY,1.44,0.64,105.89,0.59,235.22
2026-02-03 13:39:23.336,9.23,108.34,READY,1.48,0.59,103.83,0.56,235.22
2026-02-03 13:39:23.451,9.12,109.61,READY,2.19,0.61,104.25,0.61,235.22
2026-02-03 13:39:23.565,9.16,109.15,READY,1.52,0.59,104.41,0.63,235.22
2026-02-03 13:39:23.804,4.26,234.67,READY,15.06,111.31,105.78,0.57,235.22
2026-02-03 13:39:23.922,9.08,110.14,READY,1.97,0.62,104.90,0.62,235.22
2026-02-03 13:39:24.038,9.05,110.44,READY,2.99,0.63,104.26,0.62,235.22
2026-02-03 13:39:24.161,8.46,118.14,READY,9.82,0.57,105.12,0.58,235.22
2026-02-03 13:39:24.276,9.09,110.01,READY,1.52,0.57,105.31,0.62,235.22
2026-02-03 13:39:24.496,4.64,215.52,READY,1.51,105.43,106.00,0.60,235.22
2026-02-03 13:39:24.612,9.17,109.06,READY,1.28,0.65,104.57,0.57,235.22
2026-02-03 13:39:24.727,9.13,109.51,READY,1.63,0.60,104.73,0.57,235.22
2026-02-03 13:39:24.843,9.11,109.76,READY,1.53,0.57,105.09,0.63,235.22
2026-02-03 13:39:24.963,8.65,115.65,READY,5.20,0.60,107.24,0.59,235.22
2026-02-03 13:39:25.185,4.61,216.99,READY,1.26,107.55,104.92,0.61,235.22
2026-02-03 13:39:25.308,8.76,114.12,READY,1.36,0.57,108.88,0.69,235.22
2026-02-03 13:39:25.431,8.46,118.15,READY,8.04,0.56,106.85,0.65,235.22
2026-02-03 13:39:25.562,7.90,126.62,READY,17.34,0.57,105.80,0.59,235.22
2026-02-03 13:39:25.684,8.96,111.56,READY,1.43,0.60,106.62,0.67,235.22
2026-02-03 13:39:25.915,4.46,224.13,READY,1.47,110.66,108.63,0.56,235.22
2026-02-03 13:39:26.032,9.12,109.70,READY,1.46,0.67,105.07,0.58,235.22
2026-02-03 13:39:26.162,7.99,125.09,READY,15.78,0.59,106.09,0.59,235.22
2026-02-03 13:39:26.277,9.06,110.37,READY,1.57,0.60,105.58,0.59,235.22
2026-02-03 13:39:26.391,9.18,108.94,READY,1.51,0.61,104.32,0.63,235.22
2026-02-03 13:39:26.710,3.19,313.36,READY,1.50,205.20,104.05,0.61,235.22
2026-02-03 13:39:26.827,9.11,109.79,READY,1.33,0.62,105.26,0.60,235.22
2026-02-03 13:39:26.941,9.16,109.19,READY,1.54,0.57,104.42,0.68,235.22
2026-02-03 13:39:27.055,9.12,109.62,READY,1.86,0.57,104.61,0.55,235.22
2026-02-03 13:39:27.169,9.15,109.30,READY,1.47,0.57,104.61,0.60,235.22
2026-02-03 13:39:27.407,4.29,233.02,READY,16.88,108.52,104.72,0.56,235.22
2026-02-03 13:39:27.524,9.17,109.08,READY,1.26,0.65,104.01,0.57,235.22
2026-02-03 13:39:27.638,9.10,109.86,READY,1.46,0.63,104.90,0.66,235.22
2026-02-03 13:39:27.761,8.51,117.51,READY,9.73,0.59,104.54,0.61,235.22
2026-02-03 13:39:27.876,9.08,110.13,READY,1.58,0.61,105.36,0.60,235.22
2026-02-03 13:39:28.103,4.50,222.14,READY,1.50,113.63,104.00,1.11,235.22
2026-02-03 13:39:28.220,9.09,110.05,READY,1.42,0.57,105.55,0.59,235.22
2026-02-03 13:39:28.334,9.15,109.25,READY,1.74,0.56,104.30,0.61,235.22
2026-02-03 13:39:28.448,9.20,108.69,READY,1.53,0.56,103.97,0.57,235.22
2026-02-03 13:39:28.562,9.18,108.96,READY,1.62,0.57,104.16,0.56,235.22
2026-02-03 13:39:28.781,4.66,214.58,READY,1.49,107.67,102.83,0.57,235.22
2026-02-03 13:39:28.897,9.23,108.37,READY,1.25,0.68,103.89,0.59,235.22
2026-02-03 13:39:29.035,7.49,133.46,READY,19.33,0.65,110.88,0.57,235.22
2026-02-03 13:39:29.161,8.30,120.49,READY,12.77,0.61,104.50,0.58,235.22
2026-02-03 13:39:29.275,9.14,109.41,READY,1.59,0.61,104.64,0.59,235.22
2026-02-03 13:39:29.501,4.53,220.56,READY,1.58,112.43,103.89,0.64,235.22
2026-02-03 13:39:29.617,9.19,108.84,READY,1.27,0.61,104.32,0.58,235.22
2026-02-03 13:39:29.731,9.19,108.82,READY,1.54,0.57,104.08,0.60,235.22
2026-02-03 13:39:29.844,9.20,108.73,READY,1.54,0.56,103.95,0.62,235.22
2026-02-03 13:39:29.962,8.88,112.56,READY,4.28,0.56,105.12,0.55,235.22
2026-02-03 13:39:30.182,4.63,215.97,READY,1.53,108.65,103.18,0.63,235.22
2026-02-03 13:39:30.298,9.22,108.45,READY,1.34,0.66,103.90,0.59,235.22
2026-02-03 13:39:30.429,7.96,125.60,READY,18.18,0.61,104.13,0.66,235.22
2026-02-03 13:39:30.567,7.49,133.55,READY,19.75,0.65,110.55,0.58,235.22
2026-02-03 13:39:30.681,9.17,109.10,READY,1.48,0.61,104.44,0.57,235.22
2026-02-03 13:39:30.900,4.68,213.56,READY,1.53,106.67,102.76,0.62,235.22
2026-02-03 13:39:31.016,9.20,108.65,READY,1.27,0.66,104.15,0.61,235.22
2026-02-03 13:39:31.129,9.20,108.69,READY,1.56,0.59,103.95,0.61,235.22
2026-02-03 13:39:31.243,9.21,108.54,READY,1.51,0.57,103.81,0.59,235.22
2026-02-03 13:39:31.361,8.85,113.03,READY,5.95,0.58,103.85,0.62,235.22
2026-02-03 13:39:31.679,3.19,313.92,READY,1.60,206.50,103.26,0.57,235.22
2026-02-03 13:39:31.796,9.18,108.95,READY,1.29,0.71,104.43,0.59,235.22
2026-02-03 13:39:31.910,9.17,109.04,READY,1.57,0.61,104.30,0.62,235.22
2026-02-03 13:39:32.029,8.71,114.77,READY,6.85,0.60,104.68,0.59,235.22
2026-02-03 13:39:32.143,9.17,109.10,READY,1.53,0.60,104.39,0.58,235.22
2026-02-03 13:39:32.366,4.60,217.52,READY,1.46,109.23,104.25,0.56,235.22
2026-02-03 13:39:32.483,9.15,109.24,READY,1.88,0.55,104.18,0.58,235.22
2026-02-03 13:39:32.598,9.13,109.53,READY,1.78,0.58,104.55,0.57,235.22
2026-02-03 13:39:32.711,9.19,108.87,READY,1.53,0.56,104.22,0.60,235.22
2026-02-03 13:39:32.829,8.84,113.16,READY,5.61,0.56,104.43,0.56,235.22
2026-02-03 13:39:33.049,4.65,214.98,READY,1.53,106.85,104.01,0.59,235.22
2026-02-03 13:39:33.165,9.21,108.52,READY,1.25,0.67,104.05,0.61,235.22
2026-02-03 13:39:33.303,7.50,133.26,READY,19.97,0.67,110.05,0.55,235.22
2026-02-03 13:39:33.429,8.23,121.52,READY,13.82,0.61,104.52,0.61,235.22
2026-02-03 13:39:33.548,8.77,114.03,READY,2.93,0.65,107.49,0.61,235.22
2026-02-03 13:39:33.770,4.61,217.06,READY,1.57,110.19,102.74,0.58,235.22
2026-02-03 13:39:33.887,9.16,109.19,READY,1.37,0.68,104.59,0.56,235.22
2026-02-03 13:39:34.002,9.07,110.28,READY,1.85,0.57,105.42,0.62,235.22
2026-02-03 13:39:34.116,9.24,108.26,READY,1.60,0.56,103.50,0.58,235.22
2026-02-03 13:39:34.229,9.19,108.78,READY,1.57,0.57,104.09,0.59,235.22
2026-02-03 13:39:34.548,3.19,313.82,READY,1.52,205.64,104.07,0.57,235.22
2026-02-03 13:39:34.664,9.17,109.09,READY,1.32,0.71,104.30,0.62,235.22
2026-02-03 13:39:34.779,9.09,110.01,READY,1.67,0.64,104.44,0.61,235.22
2026-02-03 13:39:34.898,8.77,114.02,READY,6.15,0.61,104.76,0.59,235.22
2026-02-03 13:39:35.036,7.51,133.21,READY,19.15,0.66,110.87,0.59,235.22
2026-02-03 13:39:35.260,4.57,219.00,READY,1.49,105.30,109.25,0.57,235.22
2026-02-03 13:39:35.376,9.18,108.91,READY,1.35,0.61,104.02,0.60,235.22
2026-02-03 13:39:35.498,8.56,116.88,READY,8.75,0.56,104.58,0.63,235.22
2026-02-03 13:39:35.636,7.54,132.67,READY,19.52,0.91,109.46,0.56,235.22
2026-02-03 13:39:35.750,9.18,108.91,READY,1.48,0.58,104.30,0.56,235.22
2026-02-03 13:39:35.972,4.60,217.19,READY,1.46,110.17,102.94,0.59,235.22
2026-02-03 13:39:36.088,9.19,108.84,READY,1.26,0.63,104.08,0.55,235.22
2026-02-03 13:39:36.207,8.80,113.58,READY,1.91,0.59,107.78,0.59,235.22
2026-02-03 13:39:36.322,9.07,110.26,READY,1.49,0.59,105.68,0.58,235.22
2026-02-03 13:39:36.436,9.12,109.69,READY,1.45,0.68,105.14,0.55,235.22
2026-02-03 13:39:36.776,2.99,334.53,READY,12.93,214.81,104.24,0.62,235.22
2026-02-03 13:39:36.892,9.14,109.45,READY,1.28,0.67,104.92,0.63,235.22
2026-02-03 13:39:37.006,9.21,108.55,READY,1.47,0.57,103.98,0.58,235.22
2026-02-03 13:39:37.119,9.24,108.27,READY,1.45,0.61,103.65,0.59,235.22
2026-02-03 13:39:37.233,9.18,108.95,READY,1.49,0.57,104.25,0.59,235.22
2026-02-03 13:39:37.468,4.35,229.88,READY,16.31,106.55,104.44,0.60,235.22
2026-02-03 13:39:37.584,9.21,108.55,READY,1.26,0.70,104.06,0.57,235.22
2026-02-03 13:39:37.697,9.21,108.57,READY,1.63,0.61,103.81,0.56,235.22
2026-02-03 13:39:37.835,7.53,132.82,READY,20.22,0.86,108.97,0.58,235.22
2026-02-03 13:39:37.951,9.13,109.53,READY,1.50,0.64,104.84,0.57,235.22
2026-02-03 13:39:38.171,4.64,215.30,READY,2.46,107.15,103.30,0.56,235.22
2026-02-03 13:39:38.289,9.16,109.15,READY,1.25,0.59,104.68,0.59,235.22
2026-02-03 13:39:38.403,9.12,109.69,READY,1.71,0.59,104.84,0.57,235.22
2026-02-03 13:39:38.519,9.17,109.10,READY,1.24,0.67,104.66,0.56,235.22
2026-02-03 13:39:38.634,9.11,109.77,READY,1.75,0.57,104.85,0.59,235.22
2026-02-03 13:39:38.868,4.41,226.85,READY,13.78,106.70,103.78,0.59,235.22
2026-02-03 13:39:38.984,9.21,108.56,READY,1.61,0.66,103.75,0.57,235.22
2026-02-03 13:39:39.097,9.22,108.49,READY,1.83,0.60,103.52,0.56,235.22
2026-02-03 13:39:39.235,7.52,132.99,READY,20.48,0.86,108.87,0.58,235.22
2026-02-03 13:39:39.349,9.20,108.75,READY,1.50,0.60,104.14,0.56,235.22
2026-02-03 13:39:39.566,4.70,212.56,READY,1.47,103.98,104.17,0.60,235.22
2026-02-03 13:39:39.683,9.14,109.43,READY,1.35,0.57,104.61,0.62,235.22
2026-02-03 13:39:39.800,8.88,112.65,READY,1.60,0.57,105.53,0.59,235.22
2026-02-03 13:39:39.917,8.99,111.27,READY,1.49,0.57,106.35,0.54,235.22
2026-02-03 13:39:40.031,9.11,109.74,READY,1.48,0.57,105.08,0.60,235.22
2026-02-03 13:39:40.253,4.60,217.26,READY,1.48,104.79,108.09,0.61,235.22
2026-02-03 13:39:40.374,8.86,112.82,READY,1.45,0.58,107.25,0.60,235.22
2026-02-03 13:39:40.498,8.38,119.30,READY,12.33,0.60,103.84,0.59,235.22
2026-02-03 13:39:40.635,7.54,132.59,READY,20.11,0.86,108.84,0.56,235.22
2026-02-03 13:39:40.749,9.19,108.81,READY,1.50,0.61,104.17,0.55,235.22
2026-02-03 13:39:40.968,4.66,214.44,READY,1.54,105.06,105.25,0.61,235.22
2026-02-03 13:39:41.086,9.05,110.47,READY,1.25,0.64,105.87,0.69,235.22
2026-02-03 13:39:41.199,9.23,108.33,READY,1.62,0.62,103.54,0.59,235.22
2026-02-03 13:39:41.313,9.16,109.18,READY,1.88,0.57,104.10,0.63,235.22
2026-02-03 13:39:41.430,8.92,112.08,READY,5.04,0.57,103.75,0.66,235.22
2026-02-03 13:39:41.648,4.70,212.77,READY,2.30,104.83,102.94,0.62,235.22
2026-02-03 13:39:41.764,9.19,108.79,READY,1.25,0.74,104.26,0.60,235.22
2026-02-03 13:39:41.877,9.20,108.73,READY,1.51,0.61,104.11,0.55,235.22
2026-02-03 13:39:41.992,9.16,109.19,READY,1.64,0.68,104.35,0.58,235.22
2026-02-03 13:39:42.105,9.24,108.17,READY,1.65,0.61,103.32,0.64,235.22
2026-02-03 13:39:42.338,4.37,228.99,READY,13.48,106.50,106.45,0.62,235.22
2026-02-03 13:39:42.458,8.97,111.49,READY,1.72,0.59,106.70,0.57,235.25
2026-02-03 13:39:42.572,9.16,109.14,READY,1.58,0.64,104.40,0.56,235.25
2026-02-03 13:39:42.698,8.25,121.16,READY,14.50,0.57,103.58,0.56,235.25
2026-02-03 13:39:42.836,7.52,133.00,READY,20.45,0.82,109.05,0.59,235.25
2026-02-03 13:39:43.053,4.70,212.87,READY,1.54,105.03,103.72,0.59,235.25
2026-02-03 13:39:43.171,9.09,110.03,READY,1.59,0.59,105.23,0.62,235.25
2026-02-03 13:39:43.299,8.14,122.88,READY,15.06,0.61,104.65,0.59,235.25
2026-02-03 13:39:43.436,7.56,132.30,READY,19.36,0.66,109.72,0.56,235.25
2026-02-03 13:39:43.552,9.02,110.88,READY,1.62,0.61,106.18,0.56,235.25
2026-02-03 13:39:43.769,4.72,211.97,READY,1.58,105.05,102.84,0.57,235.25
2026-02-03 13:39:43.885,9.19,108.77,READY,1.28,0.62,104.26,0.59,235.25
2026-02-03 13:39:43.999,9.18,108.98,READY,1.51,0.57,104.28,0.61,235.25
2026-02-03 13:39:44.113,9.12,109.62,READY,1.62,0.57,104.81,0.57,235.25
2026-02-03 13:39:44.233,8.75,114.32,READY,4.95,0.57,106.15,0.59,235.25
2026-02-03 13:39:44.450,4.70,212.65,READY,1.55,105.30,103.19,0.60,235.25
2026-02-03 13:39:44.567,9.12,109.61,READY,1.40,0.66,105.06,0.57,235.25
2026-02-03 13:39:44.682,9.10,109.88,READY,1.65,0.62,105.01,0.59,235.25
2026-02-03 13:39:44.796,9.11,109.72,READY,1.65,0.66,104.92,0.59,235.25
2026-02-03 13:39:44.911,9.09,110.01,READY,1.92,0.60,104.97,0.59,235.25
2026-02-03 13:39:45.137,4.54,220.47,READY,7.21,106.22,104.48,0.58,235.25
2026-02-03 13:39:45.252,9.21,108.61,READY,1.28,0.61,104.13,0.57,235.25
2026-02-03 13:39:45.366,9.21,108.62,READY,1.88,0.57,103.58,0.56,235.25
2026-02-03 13:39:45.503,7.55,132.43,READY,20.44,0.85,108.40,0.59,235.25
2026-02-03 13:39:45.631,8.15,122.76,READY,15.15,0.57,104.43,0.57,235.25
2026-02-03 13:39:45.856,4.55,219.78,READY,1.61,110.91,104.59,0.55,235.25
2026-02-03 13:39:45.971,9.23,108.32,READY,1.43,0.73,103.70,0.56,235.25
2026-02-03 13:39:46.098,8.36,119.55,READY,13.49,0.61,102.96,0.55,235.25
2026-02-03 13:39:46.237,7.53,132.84,READY,19.11,0.88,110.08,0.58,235.25
2026-02-03 13:39:46.351,9.24,108.25,READY,1.54,0.65,103.42,0.68,235.25
2026-02-03 13:39:46.571,4.63,215.97,READY,1.51,109.06,102.77,0.61,235.25
2026-02-03 13:39:46.687,9.24,108.22,READY,1.25,0.63,103.72,0.60,235.25
2026-02-03 13:39:46.800,9.22,108.44,READY,1.52,0.56,103.65,0.62,235.25
2026-02-03 13:39:46.914,9.20,108.69,READY,1.57,0.57,103.96,0.60,235.25
2026-02-03 13:39:47.031,8.91,112.17,READY,4.86,0.60,104.08,0.59,235.25
2026-02-03 13:39:47.250,4.66,214.60,READY,1.54,106.55,103.75,0.61,235.25
2026-02-03 13:39:47.373,8.75,114.33,READY,1.42,0.81,109.04,0.58,235.25
2026-02-03 13:39:47.501,8.10,123.48,READY,13.83,0.61,106.43,0.62,235.22
2026-02-03 13:39:47.642,7.38,135.45,READY,18.32,0.63,109.81,0.55,235.22
2026-02-03 13:39:47.757,9.04,110.62,READY,1.47,0.63,105.72,0.62,235.22
2026-02-03 13:39:47.977,4.66,214.81,READY,1.53,106.74,103.74,0.59,235.22
2026-02-03 13:39:48.098,8.85,113.06,READY,2.22,0.61,106.35,0.58,235.22
2026-02-03 13:39:48.215,8.90,112.35,READY,1.66,0.61,106.80,0.61,235.22
2026-02-03 13:39:48.331,9.00,111.08,READY,2.46,0.69,105.31,0.65,235.25
2026-02-03 13:39:48.445,9.13,109.52,READY,2.16,0.57,104.20,0.56,235.25
2026-02-03 13:39:48.674,4.46,224.31,READY,9.82,107.29,104.59,0.61,235.25
2026-02-03 13:39:48.792,9.05,110.48,READY,1.39,0.68,105.90,0.59,235.25
2026-02-03 13:39:48.906,9.16,109.18,READY,1.80,0.59,104.17,0.63,235.25
2026-02-03 13:39:49.031,8.32,120.23,READY,12.76,0.61,104.35,0.64,235.25
2026-02-03 13:39:49.146,9.11,109.72,READY,1.47,0.61,105.03,0.59,235.25
2026-02-03 13:39:49.363,4.72,211.75,READY,1.46,105.08,102.65,0.64,235.25
2026-02-03 13:39:49.479,9.13,109.51,READY,1.36,0.64,104.97,0.60,235.25
2026-02-03 13:39:49.593,9.20,108.74,READY,1.64,0.57,103.86,0.63,235.25
2026-02-03 13:39:49.706,9.21,108.58,READY,1.47,0.57,103.92,0.65,235.25
2026-02-03 13:39:49.832,8.32,120.25,READY,12.65,0.61,104.40,0.61,235.25
2026-02-03 13:39:50.049,4.70,212.89,READY,1.45,105.40,103.42,0.59,235.25
2026-02-03 13:39:50.165,9.22,108.48,READY,1.27,0.65,103.95,0.62,235.25
2026-02-03 13:39:50.278,9.24,108.25,READY,1.44,0.61,103.74,0.62,235.25
2026-02-03 13:39:50.392,9.15,109.32,READY,1.48,0.60,104.65,0.60,235.25
2026-02-03 13:39:50.506,9.18,108.96,READY,1.47,0.61,104.32,0.61,235.25
2026-02-03 13:39:50.745,4.27,234.30,READY,12.95,112.39,106.36,0.67,235.25
2026-02-03 13:39:50.865,8.90,112.38,READY,1.68,0.57,107.18,0.55,235.25
2026-02-03 13:39:50.986,8.78,113.94,READY,2.88,0.55,107.20,0.62,235.25
2026-02-03 13:39:51.099,9.21,108.53,READY,1.55,0.62,103.80,0.62,235.25
2026-02-03 13:39:51.213,9.21,108.57,READY,1.47,0.56,103.90,0.58,235.25
2026-02-03 13:39:51.436,4.57,219.01,READY,1.46,105.90,109.10,0.58,235.25
2026-02-03 13:39:51.553,9.16,109.17,READY,1.30,0.63,104.77,0.62,235.25
2026-02-03 13:39:51.668,9.12,109.67,READY,1.60,0.59,104.54,0.66,235.25
2026-02-03 13:39:51.783,9.05,110.52,READY,1.58,0.59,105.80,0.58,235.25
2026-02-03 13:39:51.901,8.81,113.45,READY,4.22,0.65,105.95,0.62,235.25
2026-02-03 13:39:52.129,4.50,222.41,READY,1.47,112.66,105.71,0.59,235.25
2026-02-03 13:39:52.245,8.96,111.61,READY,1.44,0.57,107.00,0.59,235.25
2026-02-03 13:39:52.368,8.46,118.24,READY,10.16,0.60,104.83,0.68,235.25
2026-02-03 13:39:52.510,7.34,136.21,READY,19.01,0.67,113.92,0.62,235.25
2026-02-03 13:39:52.623,9.24,108.21,READY,1.55,0.62,103.44,0.64,235.25
2026-02-03 13:39:52.841,4.69,213.16,READY,1.69,105.47,103.40,0.59,235.25
2026-02-03 13:39:52.960,8.74,114.48,READY,1.56,0.63,108.39,0.57,235.25
2026-02-03 13:39:53.074,9.17,109.02,READY,1.53,0.61,104.35,0.56,235.25
2026-02-03 13:39:53.188,9.19,108.85,READY,1.58,0.63,104.02,0.69,235.25
2026-02-03 13:39:53.302,9.11,109.82,READY,1.58,0.69,104.82,0.62,235.25
2026-02-03 13:39:53.523,4.65,215.25,READY,1.57,105.34,104.08,0.65,235.25
2026-02-03 13:39:53.643,8.82,113.35,READY,1.38,0.58,108.00,0.57,235.25
2026-02-03 13:39:53.767,8.41,118.96,READY,12.14,0.60,103.64,0.56,235.25
2026-02-03 13:39:53.906,7.46,134.03,READY,20.34,0.58,110.32,0.59,235.25
2026-02-03 13:39:54.020,9.19,108.85,READY,1.46,0.56,104.16,0.60,235.25
2026-02-03 13:39:54.244,4.57,218.63,READY,1.58,109.83,104.47,0.61,235.25
2026-02-03 13:39:54.360,9.18,108.88,READY,1.34,0.71,104.24,0.62,235.25
2026-02-03 13:39:54.473,9.21,108.59,READY,1.56,0.60,103.87,0.57,235.25
2026-02-03 13:39:54.587,9.15,109.23,READY,1.64,0.61,104.40,0.58,235.25
2026-02-03 13:39:54.701,9.18,108.98,READY,1.73,0.59,104.09,0.58,235.25
2026-02-03 13:39:54.923,4.62,216.66,READY,1.66,109.92,102.63,0.58,235.25
2026-02-03 13:39:55.038,9.27,107.86,READY,1.28,0.60,103.42,0.59,235.25
2026-02-03 13:39:55.172,7.74,129.27,READY,18.21,0.58,107.29,1.17,235.25
2026-02-03 13:39:55.301,8.07,123.89,READY,15.18,0.57,105.52,0.57,235.25
2026-02-03 13:39:55.415,9.16,109.19,READY,1.54,0.57,104.50,0.55,235.25
2026-02-03 13:39:55.641,4.52,221.13,READY,2.08,111.36,105.12,0.59,235.25
2026-02-03 13:39:55.758,9.15,109.27,READY,1.40,0.66,104.70,0.57,235.25
2026-02-03 13:39:55.872,9.18,108.95,READY,1.64,0.60,104.14,0.58,235.25
2026-02-03 13:39:55.986,9.19,108.77,READY,1.57,0.61,104.09,0.59,235.25
2026-02-03 13:39:56.100,9.15,109.33,READY,1.88,0.59,104.25,0.58,235.25
2026-02-03 13:39:56.319,4.69,213.44,READY,1.57,105.47,103.85,0.62,235.25
2026-02-03 13:39:56.435,9.13,109.55,READY,1.30,0.62,105.05,0.58,235.25
2026-02-03 13:39:56.551,9.02,110.86,READY,1.81,0.59,105.93,0.57,235.25
2026-02-03 13:39:56.666,9.13,109.53,READY,1.80,0.60,104.53,0.58,235.25
2026-02-03 13:39:56.780,9.10,109.87,READY,1.66,0.63,104.32,1.28,235.25
2026-02-03 13:39:57.010,4.45,224.73,READY,7.62,106.97,106.12,0.59,235.25
2026-02-03 13:39:57.127,9.14,109.35,READY,1.96,0.63,104.18,0.62,235.25
2026-02-03 13:39:57.241,9.16,109.22,READY,1.91,0.61,104.10,0.59,235.25
2026-02-03 13:39:57.369,8.10,123.47,READY,15.27,0.60,105.00,0.59,235.25
2026-02-03 13:39:57.508,7.45,134.21,READY,18.90,0.63,112.00,0.60,235.25
2026-02-03 13:39:57.725,4.71,212.24,READY,1.67,104.56,103.47,0.57,235.25
2026-02-03 13:39:57.843,9.09,110.03,READY,1.31,0.68,105.49,0.56,235.25
2026-02-03 13:39:57.968,8.32,120.24,READY,13.34,0.56,103.71,0.62,235.25
2026-02-03 13:39:58.108,7.38,135.52,READY,20.25,0.57,112.02,0.56,235.25
2026-02-03 13:39:58.224,9.02,110.89,READY,3.36,0.63,104.26,0.61,235.25
2026-02-03 13:39:58.442,4.71,212.44,READY,1.53,104.99,103.36,0.59,235.25
2026-02-03 13:39:58.558,9.16,109.17,READY,1.33,0.66,104.70,0.57,235.25
2026-02-03 13:39:58.671,9.22,108.50,READY,1.55,0.60,103.78,0.57,235.25
2026-02-03 13:39:58.785,9.23,108.31,READY,1.47,0.62,103.73,0.58,235.25
2026-02-03 13:39:58.900,9.04,110.65,READY,3.46,0.65,103.86,0.65,235.25
2026-02-03 13:39:59.118,4.71,212.37,READY,1.54,105.33,102.96,0.57,235.25
2026-02-03 13:39:59.234,9.18,108.89,READY,1.34,0.68,104.35,0.59,235.25
2026-02-03 13:39:59.347,9.20,108.64,READY,1.56,0.60,103.90,0.58,235.25
2026-02-03 13:39:59.462,9.11,109.81,READY,1.73,0.58,104.94,0.57,235.25
2026-02-03 13:39:59.577,9.10,109.83,READY,1.68,0.57,104.95,0.60,235.25
2026-02-03 13:39:59.816,4.27,234.22,READY,11.22,111.91,108.41,0.59,235.25
2026-02-03 13:39:59.933,9.09,109.98,READY,1.35,0.64,105.53,0.57,235.25
2026-02-03 13:40:00.048,9.13,109.56,READY,1.49,0.66,104.87,0.58,235.25
2026-02-03 13:40:00.169,8.64,115.69,READY,8.35,0.58,104.14,0.62,235.25
2026-02-03 13:40:00.309,7.42,134.81,READY,19.62,0.66,111.85,0.62,235.25
2026-02-03 13:40:00.527,4.67,213.98,READY,1.47,104.95,104.79,0.58,235.25
2026-02-03 13:40:00.645,9.09,109.95,READY,1.25,0.65,105.11,0.61,235.25
2026-02-03 13:40:00.769,8.36,119.62,READY,11.79,0.58,104.51,0.58,235.25
2026-02-03 13:40:00.911,7.33,136.43,READY,19.33,0.61,113.51,0.65,235.25
2026-02-03 13:40:01.035,8.38,119.32,READY,1.59,0.56,114.15,0.67,235.25
2026-02-03 13:40:01.260,4.56,219.07,READY,1.26,109.93,105.26,0.57,235.25
2026-02-03 13:40:01.377,9.11,109.78,READY,1.27,0.74,105.22,0.62,235.25
2026-02-03 13:40:01.502,8.33,120.04,READY,11.87,0.61,104.95,0.60,235.25
2026-02-03 13:40:01.616,9.11,109.72,READY,1.55,0.64,104.76,0.57,235.25
2026-02-03 13:40:01.730,9.20,108.72,READY,1.53,0.59,103.84,0.64,235.25
2026-02-03 13:40:01.948,4.69,213.38,READY,1.50,105.32,104.11,0.58,235.25
2026-02-03 13:40:02.066,9.09,110.01,READY,1.29,0.56,105.52,0.60,235.25
2026-02-03 13:40:02.179,9.19,108.87,READY,1.49,0.62,104.20,0.57,235.25
2026-02-03 13:40:02.302,8.49,117.74,READY,9.17,0.57,105.28,0.61,235.25
2026-02-03 13:40:02.417,9.13,109.48,READY,1.52,0.61,104.72,0.57,235.25
2026-02-03 13:40:02.634,4.71,212.23,READY,1.48,104.97,103.10,0.57,235.25
2026-02-03 13:40:02.751,9.12,109.62,READY,1.52,0.64,104.29,0.59,235.25
2026-02-03 13:40:02.866,9.09,110.05,READY,2.57,0.61,104.37,0.58,235.25
2026-02-03 13:40:02.979,9.24,108.20,READY,1.48,0.66,103.52,0.59,235.25
2026-02-03 13:40:03.101,8.50,117.62,READY,10.25,0.60,103.87,0.60,235.25
2026-02-03 13:40:03.321,4.66,214.74,READY,1.49,105.23,104.08,0.61,235.25
2026-02-03 13:40:03.437,9.16,109.23,READY,1.45,0.65,104.26,0.61,235.25
2026-02-03 13:40:03.575,7.55,132.39,READY,19.38,0.62,109.69,0.59,235.25
2026-02-03 13:40:03.701,8.24,121.37,READY,14.09,0.57,104.06,0.60,235.25
2026-02-03 13:40:03.815,9.20,108.65,READY,1.45,0.56,103.82,0.79,235.25
2026-02-03 13:40:04.034,4.67,214.24,READY,1.90,107.31,102.39,0.60,235.25
2026-02-03 13:40:04.150,9.21,108.61,READY,1.34,0.66,104.13,0.57,235.25
2026-02-03 13:40:04.266,8.96,111.59,READY,1.73,0.56,106.37,0.61,235.25
2026-02-03 13:40:04.381,9.10,109.86,READY,1.54,0.59,105.09,0.64,235.25
2026-02-03 13:40:04.503,8.53,117.23,READY,8.11,0.61,105.92,0.57,235.25
2026-02-03 13:40:04.723,4.64,215.55,READY,1.58,106.79,104.37,0.58,235.25
2026-02-03 13:40:04.841,9.13,109.51,READY,1.28,0.56,104.49,0.60,235.25
2026-02-03 13:40:04.971,7.99,125.21,READY,16.29,0.61,105.63,0.62,235.25
2026-02-03 13:40:05.085,9.12,109.69,READY,2.28,0.57,104.36,0.58,235.25
2026-02-03 13:40:05.201,9.07,110.26,READY,1.62,0.64,105.42,0.62,235.25
2026-02-03 13:40:05.421,4.64,215.47,READY,1.52,107.61,103.75,0.59,235.25
2026-02-03 13:40:05.538,9.15,109.35,READY,1.32,0.66,104.80,0.57,235.25
2026-02-03 13:40:05.654,8.96,111.59,READY,1.48,0.66,106.88,0.60,235.25
2026-02-03 13:40:05.772,8.89,112.52,READY,3.01,0.69,106.30,0.57,235.25
2026-02-03 13:40:05.889,8.90,112.33,READY,1.51,0.60,107.63,0.58,235.25
2026-02-03 13:40:06.108,4.66,214.68,READY,1.58,105.28,105.30,0.57,235.25
2026-02-03 13:40:06.225,9.10,109.92,READY,1.32,0.63,105.29,0.66,235.25
2026-02-03 13:40:06.340,9.10,109.83,READY,1.53,0.57,104.19,0.67,235.25
2026-02-03 13:40:06.455,9.13,109.58,READY,1.55,0.57,104.92,0.56,235.25
2026-02-03 13:40:06.570,9.05,110.55,READY,2.52,0.59,104.87,0.65,235.25
2026-02-03 13:40:06.787,4.71,212.26,READY,1.62,104.81,103.25,0.55,235.25
2026-02-03 13:40:06.903,9.18,108.93,READY,1.33,0.67,104.20,0.59,235.25
2026-02-03 13:40:07.018,9.13,109.57,READY,2.24,0.59,104.16,0.58,235.25
2026-02-03 13:40:07.133,9.11,109.81,READY,1.71,0.60,105.04,0.60,235.25
2026-02-03 13:40:07.247,9.12,109.64,READY,1.53,0.63,104.89,0.61,235.25
2026-02-03 13:40:07.476,4.46,224.07,READY,10.21,106.95,104.40,0.58,235.25
2026-02-03 13:40:07.593,9.16,109.16,READY,1.28,0.64,104.37,0.71,235.25
2026-02-03 13:40:07.707,9.11,109.75,READY,1.53,0.60,104.68,0.58,235.25
2026-02-03 13:40:07.838,7.97,125.43,READY,18.11,0.57,104.19,0.59,235.25
2026-02-03 13:40:07.976,7.49,133.43,READY,19.72,0.65,110.44,0.61,235.25
2026-02-03 13:40:08.195,4.67,214.33,READY,1.49,105.68,104.57,0.59,235.25
2026-02-03 13:40:08.313,9.09,109.98,READY,1.26,0.71,105.21,0.73,235.25
2026-02-03 13:40:08.443,7.96,125.58,READY,12.90,0.60,108.95,0.65,235.25
2026-02-03 13:40:08.571,8.14,122.90,READY,14.42,0.58,105.04,0.58,235.25
2026-02-03 13:40:08.686,9.09,110.03,READY,1.52,0.61,105.29,0.57,235.25
2026-02-03 13:40:08.910,4.56,219.26,READY,1.48,110.99,104.16,0.61,235.25
2026-02-03 13:40:09.027,9.09,110.01,READY,1.33,0.63,105.47,0.61,235.25
2026-02-03 13:40:09.143,9.03,110.77,READY,1.58,0.57,106.06,0.61,235.25
2026-02-03 13:40:09.263,8.73,114.50,READY,1.50,0.57,109.57,0.63,235.25
2026-02-03 13:40:09.383,8.68,115.17,READY,2.08,0.57,108.36,1.26,235.25
2026-02-03 13:40:09.619,4.31,231.92,READY,7.27,113.31,108.37,0.63,235.25
2026-02-03 13:40:09.736,9.13,109.53,READY,1.28,0.69,105.04,0.56,235.25
2026-02-03 13:40:09.850,9.18,108.97,READY,1.52,0.60,104.24,0.65,235.25
2026-02-03 13:40:09.972,8.57,116.64,READY,7.52,0.60,105.86,0.62,235.25
2026-02-03 13:40:10.086,9.18,108.94,READY,1.54,0.63,104.21,0.61,235.25
2026-02-03 13:40:10.305,4.67,214.04,READY,1.57,105.23,104.79,0.62,235.25
2026-02-03 13:40:10.421,9.14,109.35,READY,1.27,0.64,104.81,0.58,235.25
2026-02-03 13:40:10.536,9.10,109.89,READY,1.49,0.59,105.20,0.57,235.25
2026-02-03 13:40:10.651,9.12,109.61,READY,1.56,0.57,104.85,0.65,235.25
2026-02-03 13:40:10.770,8.70,114.94,READY,7.65,0.56,104.26,0.62,235.25
2026-02-03 13:40:10.989,4.68,213.50,READY,1.47,105.21,104.21,0.56,235.25
2026-02-03 13:40:11.105,9.17,109.07,READY,1.26,0.70,104.57,0.61,235.25
2026-02-03 13:40:11.219,9.20,108.69,READY,1.54,0.62,103.98,0.59,235.25
2026-02-03 13:40:11.333,9.16,109.18,READY,1.51,0.61,104.47,0.57,235.25
2026-02-03 13:40:11.446,9.26,108.04,READY,1.48,0.61,103.39,0.57,235.25
2026-02-03 13:40:11.677,4.43,225.95,READY,12.20,107.08,104.05,0.60,235.25
2026-02-03 13:40:11.793,9.20,108.75,READY,1.26,0.61,104.24,0.59,235.25
2026-02-03 13:40:11.906,9.26,107.98,READY,1.47,0.57,103.34,0.59,235.25
2026-02-03 13:40:12.044,7.50,133.37,READY,20.41,0.84,109.31,0.58,235.25
2026-02-03 13:40:12.176,7.88,126.91,READY,14.02,0.73,108.60,0.58,235.25
2026-02-03 13:40:12.404,4.47,223.50,READY,1.57,105.25,114.02,0.59,235.25
2026-02-03 13:40:12.527,8.68,115.24,READY,1.27,0.64,110.63,0.58,235.25
2026-02-03 13:40:12.645,8.84,113.09,READY,1.70,0.61,108.25,0.58,235.25
2026-02-03 13:40:12.775,8.05,124.18,READY,12.33,0.60,108.71,0.56,235.25
2026-02-03 13:40:12.895,8.71,114.80,READY,1.54,0.61,109.80,0.66,235.25
2026-02-03 13:40:13.117,4.61,217.11,READY,1.56,106.22,106.64,0.58,235.25
2026-02-03 13:40:13.238,8.76,114.19,READY,1.27,0.61,109.56,0.61,235.25
2026-02-03 13:40:13.356,8.85,112.94,READY,1.43,0.56,108.19,0.60,235.25
2026-02-03 13:40:13.479,8.52,117.34,READY,1.53,0.71,112.47,0.61,235.25
2026-02-03 13:40:13.604,8.34,119.83,READY,2.64,0.64,113.84,0.62,235.25
2026-02-03 13:40:13.828,4.55,219.68,READY,1.71,111.61,103.86,0.58,235.25
2026-02-03 13:40:13.946,9.09,109.99,READY,1.27,0.63,105.46,0.62,235.25
2026-02-03 13:40:14.061,9.04,110.62,READY,1.49,0.67,105.87,0.63,235.25
2026-02-03 13:40:14.175,9.15,109.26,READY,1.48,0.62,104.64,0.58,235.25
2026-02-03 13:40:14.305,8.00,124.94,READY,15.30,0.59,106.53,0.59,235.25
2026-02-03 13:40:14.527,4.66,214.81,READY,1.97,105.53,104.53,0.63,235.25
2026-02-03 13:40:14.648,8.79,113.73,READY,1.38,0.54,108.44,0.62,235.25
2026-02-03 13:40:14.773,8.27,120.91,READY,10.83,0.57,106.91,0.57,235.25
2026-02-03 13:40:14.889,9.07,110.31,READY,1.41,0.57,105.74,0.58,235.25
2026-02-03 13:40:15.005,8.97,111.45,READY,1.56,0.58,106.79,0.58,235.25
2026-02-03 13:40:15.233,4.55,219.91,READY,1.36,105.19,110.69,0.55,235.25
2026-02-03 13:40:15.349,9.01,110.96,READY,1.51,0.61,106.29,0.56,235.25
2026-02-03 13:40:15.466,8.91,112.18,READY,1.53,0.61,107.46,0.59,235.25
2026-02-03 13:40:15.581,9.03,110.76,READY,2.11,0.58,105.50,0.58,235.25
2026-02-03 13:40:15.706,8.39,119.21,READY,8.90,0.61,107.18,0.58,235.25
2026-02-03 13:40:15.932,4.51,221.61,READY,2.11,109.45,107.26,0.56,235.25
2026-02-03 13:40:16.048,9.21,108.53,READY,1.24,0.61,104.07,0.59,235.25
2026-02-03 13:40:16.170,8.55,116.94,READY,10.31,0.57,103.44,0.57,235.25
2026-02-03 13:40:16.283,9.23,108.40,READY,1.49,0.64,103.69,0.60,235.25
2026-02-03 13:40:16.398,9.15,109.28,READY,2.14,0.57,103.99,0.59,235.25
2026-02-03 13:40:16.620,4.60,217.41,READY,1.80,109.26,103.87,0.57,235.25
2026-02-03 13:40:16.736,9.22,108.47,READY,1.26,0.74,104.01,0.56,235.25
2026-02-03 13:40:16.849,9.22,108.45,READY,1.85,0.62,103.49,0.57,235.25
2026-02-03 13:40:16.972,8.49,117.83,READY,9.49,0.58,105.15,0.60,235.25
2026-02-03 13:40:17.087,9.08,110.17,READY,1.66,0.61,105.32,0.62,235.25
2026-02-03 13:40:17.312,4.55,220.01,READY,1.86,109.68,105.91,0.56,235.25
2026-02-03 13:40:17.430,9.04,110.62,READY,1.26,0.69,106.12,0.59,235.25
2026-02-03 13:40:17.546,9.03,110.76,READY,1.49,0.64,106.13,0.59,235.25
2026-02-03 13:40:17.660,9.11,109.78,READY,1.54,0.60,105.13,0.57,235.25
2026-02-03 13:40:17.774,9.16,109.17,READY,1.62,0.57,104.42,0.61,235.25
2026-02-03 13:40:18.004,4.44,225.02,READY,1.47,116.78,104.18,0.57,235.25
2026-02-03 13:40:18.121,9.11,109.73,READY,1.27,0.66,105.22,0.60,235.25
2026-02-03 13:40:18.239,8.86,112.86,READY,5.64,0.61,104.07,0.59,235.25
2026-02-03 13:40:18.377,7.52,133.04,READY,19.84,0.64,109.97,0.59,235.25
2026-02-03 13:40:18.493,8.96,111.59,READY,1.57,0.60,106.85,0.58,235.25
2026-02-03 13:40:18.713,4.67,214.14,READY,1.66,105.54,104.49,0.60,235.25
2026-02-03 13:40:18.830,9.09,109.98,READY,1.24,0.61,105.47,0.60,235.25
2026-02-03 13:40:18.944,9.13,109.50,READY,1.48,0.63,104.78,0.62,235.25
2026-02-03 13:40:19.058,9.19,108.77,READY,1.53,0.57,104.02,0.62,235.25
2026-02-03 13:40:19.173,9.13,109.54,READY,1.50,0.57,104.83,0.61,235.25
2026-02-03 13:40:19.392,4.66,214.70,READY,1.53,105.44,105.23,0.62,235.25
2026-02-03 13:40:19.509,9.11,109.75,READY,1.26,0.62,105.27,0.63,235.25
2026-02-03 13:40:19.640,7.94,125.89,READY,17.68,0.60,105.02,0.58,235.25
2026-02-03 13:40:19.780,7.39,135.38,READY,18.90,0.73,113.20,0.56,235.25
2026-02-03 13:40:19.895,9.14,109.46,READY,1.53,0.61,104.75,0.57,235.25
2026-02-03 13:40:20.112,4.70,212.77,READY,1.51,104.67,104.02,0.56,235.25
2026-02-03 13:40:20.229,9.17,108.99,READY,1.34,0.66,104.42,0.55,235.25
2026-02-03 13:40:20.342,9.24,108.26,READY,1.59,0.57,103.53,0.59,235.25
2026-02-03 13:40:20.455,9.25,108.13,READY,1.48,0.60,103.47,0.56,235.25
2026-02-03 13:40:20.571,8.95,111.73,READY,4.24,0.62,104.27,0.58,235.25
2026-02-03 13:40:20.792,4.63,215.89,READY,1.48,108.84,102.91,0.61,235.25
2026-02-03 13:40:20.909,9.16,109.19,READY,1.24,0.60,104.94,0.60,235.25
2026-02-03 13:40:21.039,7.98,125.31,READY,18.30,0.66,103.85,0.58,235.25
2026-02-03 13:40:21.153,9.20,108.69,READY,1.54,0.60,103.92,0.62,235.25
2026-02-03 13:40:21.266,9.23,108.30,READY,1.60,0.58,103.56,0.57,235.25
2026-02-03 13:40:21.486,4.65,215.13,READY,1.50,108.48,102.61,0.58,235.25
2026-02-03 13:40:21.601,9.25,108.14,READY,1.34,0.63,103.63,0.59,235.25
2026-02-03 13:40:21.714,9.29,107.60,READY,1.52,0.57,102.91,0.61,235.25
2026-02-03 13:40:21.840,8.22,121.64,READY,13.51,0.62,104.98,0.56,235.25
2026-02-03 13:40:21.954,9.20,108.73,READY,1.52,0.57,104.08,0.57,235.25
2026-02-03 13:40:22.179,4.55,219.83,READY,1.58,111.46,104.12,0.70,235.25
2026-02-03 13:40:22.293,9.16,109.16,READY,1.60,0.59,104.31,0.62,235.25
2026-02-03 13:40:22.407,9.13,109.48,READY,1.50,0.61,104.83,0.58,235.25
2026-02-03 13:40:22.521,9.18,108.90,READY,1.51,0.62,104.15,0.60,235.25
2026-02-03 13:40:22.642,8.63,115.92,READY,6.70,0.65,105.99,0.61,235.25
2026-02-03 13:40:22.861,4.65,214.99,READY,1.52,108.22,102.71,0.57,235.25
2026-02-03 13:40:22.988,8.35,119.72,READY,2.20,0.58,114.28,0.56,235.25
2026-02-03 13:40:23.113,8.40,119.01,READY,6.51,0.55,109.33,0.56,235.25
2026-02-03 13:40:23.248,7.68,130.15,READY,14.38,0.62,112.66,0.57,235.25
2026-02-03 13:40:23.371,8.51,117.45,READY,1.57,0.57,112.63,0.59,235.25
2026-02-03 13:40:23.595,4.55,219.56,READY,1.64,110.86,104.51,0.60,235.25
2026-02-03 13:40:23.713,9.02,110.83,READY,1.34,0.65,106.11,0.60,235.25
2026-02-03 13:40:23.841,8.13,123.02,READY,15.14,0.64,104.65,0.56,235.25
2026-02-03 13:40:23.959,8.88,112.58,READY,2.33,0.61,106.43,0.58,235.25
2026-02-03 13:40:24.073,9.12,109.61,READY,2.35,0.61,104.09,0.54,235.25
2026-02-03 13:40:24.299,4.52,221.25,READY,1.49,110.52,106.69,0.57,235.25
2026-02-03 13:40:24.415,9.20,108.72,READY,1.30,0.63,104.26,0.59,235.25
2026-02-03 13:40:24.529,9.21,108.59,READY,1.43,0.59,103.94,0.61,235.25
2026-02-03 13:40:24.645,8.97,111.51,READY,1.68,0.56,106.21,0.62,235.25
2026-02-03 13:40:24.764,8.75,114.33,READY,1.54,0.55,104.06,0.62,235.25
2026-02-03 13:40:24.993,4.47,223.85,READY,1.51,112.83,106.70,0.57,235.25
2026-02-03 13:40:25.110,9.12,109.67,READY,1.25,0.64,105.09,0.60,235.25
2026-02-03 13:40:25.241,7.93,126.10,READY,17.76,0.66,105.11,0.58,235.25
2026-02-03 13:40:25.355,9.19,108.85,READY,1.52,0.61,104.12,0.61,235.25
2026-02-03 13:40:25.468,9.22,108.50,READY,1.45,0.60,103.85,0.60,235.25
2026-02-03 13:40:25.691,4.59,217.83,READY,1.49,109.48,104.29,0.58,235.25
2026-02-03 13:40:25.807,9.19,108.81,READY,1.24,0.65,104.34,0.56,235.25
2026-02-03 13:40:25.921,9.18,108.89,READY,2.46,0.57,103.31,0.60,235.25
2026-02-03 13:40:26.041,8.65,115.58,READY,7.34,0.56,105.08,0.57,235.25
2026-02-03 13:40:26.155,9.16,109.16,READY,1.49,0.57,104.56,0.56,235.25
2026-02-03 13:40:26.375,4.64,215.55,READY,1.75,108.91,102.28,0.56,235.25
2026-02-03 13:40:26.491,9.22,108.41,READY,1.45,0.68,103.88,0.57,235.25
2026-02-03 13:40:26.605,9.20,108.65,READY,1.79,0.63,103.67,0.58,235.25
2026-02-03 13:40:26.717,9.25,108.09,READY,1.51,0.61,103.57,0.56,235.25
2026-02-03 13:40:26.839,8.55,116.95,READY,10.33,0.58,103.55,0.57,235.25
2026-02-03 13:40:27.062,4.59,217.70,READY,1.75,109.71,103.72,0.57,235.25
2026-02-03 13:40:27.178,9.21,108.53,READY,1.34,0.63,104.04,0.56,235.25
2026-02-03 13:40:27.308,7.98,125.29,READY,18.21,0.56,103.89,0.58,235.25
2026-02-03 13:40:27.447,7.48,133.69,READY,20.01,0.79,110.16,0.60,235.25
2026-02-03 13:40:27.560,9.23,108.36,READY,1.80,0.57,103.36,0.57,235.25
2026-02-03 13:40:27.778,4.68,213.57,READY,1.47,105.26,104.18,0.61,235.25
2026-02-03 13:40:27.894,9.21,108.52,READY,1.32,0.67,104.01,0.58,235.25
2026-02-03 13:40:28.011,8.97,111.50,READY,1.25,0.66,105.63,0.60,235.25
2026-02-03 13:40:28.124,9.24,108.20,READY,1.52,0.59,103.51,0.58,235.25
2026-02-03 13:40:28.240,8.99,111.21,READY,4.43,0.59,103.54,0.58,235.25
2026-02-03 13:40:28.467,4.49,222.62,READY,1.48,111.40,107.24,0.56,235.25
2026-02-03 13:40:28.583,9.28,107.72,READY,1.27,0.64,103.27,0.57,235.25
2026-02-03 13:40:28.708,8.30,120.53,READY,14.55,0.61,102.88,0.56,235.25
2026-02-03 13:40:28.855,7.06,141.65,READY,20.14,0.56,118.15,0.69,235.25
2026-02-03 13:40:28.972,8.94,111.84,READY,1.22,0.57,107.49,0.63,235.25
2026-02-03 13:40:29.193,4.65,215.25,READY,2.16,106.39,104.11,0.60,235.25
2026-02-03 13:40:29.308,9.26,108.01,READY,1.26,0.65,103.55,0.57,235.25
2026-02-03 13:40:29.449,7.35,136.02,READY,20.35,0.86,111.97,0.58,235.25
2026-02-03 13:40:29.564,9.11,109.76,READY,2.37,0.63,104.17,0.61,235.25
2026-02-03 13:40:29.677,9.18,108.89,READY,1.52,0.61,104.23,0.55,235.25
2026-02-03 13:40:29.895,4.69,213.07,READY,1.51,105.46,102.69,0.59,235.25
2026-02-03 13:40:30.011,9.25,108.14,READY,1.24,0.63,103.71,0.60,235.25
2026-02-03 13:40:30.123,9.25,108.06,READY,1.53,0.56,103.38,0.57,235.25
2026-02-03 13:40:30.242,8.80,113.61,READY,4.93,0.56,105.44,0.58,235.25
2026-02-03 13:40:30.355,9.24,108.28,READY,1.46,0.60,103.72,0.57,235.25
2026-02-03 13:40:30.580,4.54,220.44,READY,1.46,104.96,111.32,0.70,235.25
2026-02-03 13:40:30.702,8.77,114.08,READY,1.29,0.66,109.57,0.55,235.25
2026-02-03 13:40:30.820,8.87,112.79,READY,1.61,0.60,108.02,0.56,235.25
2026-02-03 13:40:30.938,8.85,112.99,READY,1.52,0.71,108.26,0.55,235.25
2026-02-03 13:40:31.057,8.75,114.31,READY,1.63,0.64,109.36,0.58,235.25
2026-02-03 13:40:31.285,4.48,223.41,READY,3.40,113.87,103.50,0.62,235.25
2026-02-03 13:40:31.403,9.05,110.45,READY,1.60,0.59,105.28,0.60,235.25
2026-02-03 13:40:31.518,9.07,110.23,READY,1.25,0.57,105.32,0.63,235.25
2026-02-03 13:40:31.642,8.58,116.51,READY,8.33,0.57,104.95,0.64,235.25
2026-02-03 13:40:31.756,9.10,109.85,READY,1.23,0.60,104.92,0.62,235.25
2026-02-03 13:40:31.981,4.59,217.95,READY,1.30,109.44,104.57,0.59,235.25
2026-02-03 13:40:32.098,9.20,108.75,READY,1.34,0.66,104.15,0.61,235.25
2026-02-03 13:40:32.212,9.20,108.66,READY,1.59,0.59,103.93,0.58,235.25
2026-02-03 13:40:32.326,9.15,109.32,READY,1.55,0.61,104.62,0.57,235.25
2026-02-03 13:40:32.447,8.72,114.63,READY,1.75,0.61,109.62,0.64,235.25
2026-02-03 13:40:32.674,4.49,222.66,READY,1.60,111.38,107.07,0.56,235.25
2026-02-03 13:40:32.795,8.78,113.89,READY,1.32,0.75,109.29,0.57,235.25
2026-02-03 13:40:32.914,8.82,113.33,READY,1.32,0.57,108.81,0.57,235.25
2026-02-03 13:40:33.045,7.92,126.21,READY,14.98,0.57,108.05,0.59,235.25
2026-02-03 13:40:33.163,8.82,113.43,READY,1.34,0.56,108.84,0.59,235.25
2026-02-03 13:40:33.391,4.50,222.37,READY,1.35,111.67,106.82,0.56,235.25
2026-02-03 13:40:33.515,8.58,116.56,READY,1.45,0.69,111.83,0.56,235.25
2026-02-03 13:40:33.636,8.61,116.13,READY,2.46,0.78,110.55,0.52,235.25
2026-02-03 13:40:33.768,7.93,126.16,READY,1.42,1.04,118.65,0.61,235.25
2026-02-03 13:40:33.883,9.10,109.88,READY,1.47,0.61,105.24,0.62,235.25
2026-02-03 13:40:34.108,4.53,220.51,READY,1.58,111.91,104.46,0.62,235.25
2026-02-03 13:40:34.224,9.16,109.19,READY,1.24,0.68,104.71,0.57,235.25
2026-02-03 13:40:34.340,9.02,110.86,READY,1.82,0.59,105.89,0.56,235.25
2026-02-03 13:40:34.454,9.21,108.62,READY,1.53,0.57,103.95,0.59,235.25
2026-02-03 13:40:34.577,8.44,118.42,READY,11.39,0.57,103.85,0.56,235.25
2026-02-03 13:40:34.822,4.16,240.29,READY,20.16,112.97,104.20,0.57,235.25
2026-02-03 13:40:34.938,9.23,108.37,READY,1.35,0.68,103.84,0.57,235.25
2026-02-03 13:40:35.053,9.18,108.90,READY,1.36,0.60,104.42,0.58,235.25
2026-02-03 13:40:35.178,8.31,120.30,READY,12.70,0.61,104.44,0.59,235.25
2026-02-03 13:40:35.316,7.48,133.71,READY,19.58,0.68,110.92,0.60,235.25
2026-02-03 13:40:35.554,4.29,232.93,READY,12.96,112.84,104.55,0.59,235.25
2026-02-03 13:40:35.671,9.04,110.62,READY,2.27,0.66,105.16,0.58,235.25
2026-02-03 13:40:35.788,9.13,109.58,READY,1.23,0.62,105.16,0.61,235.25
2026-02-03 13:40:35.909,8.60,116.29,READY,9.22,0.58,103.90,0.60,235.25
2026-02-03 13:40:36.047,7.53,132.73,READY,20.16,0.83,108.89,0.64,235.25
2026-02-03 13:40:36.267,4.64,215.67,READY,1.49,105.29,106.30,0.61,235.25
2026-02-03 13:40:36.385,9.10,109.92,READY,1.25,0.70,105.43,0.60,235.25
2026-02-03 13:40:36.509,8.36,119.64,READY,12.68,0.61,103.94,0.58,235.25
2026-02-03 13:40:36.653,7.27,137.64,READY,19.02,0.87,115.03,0.57,235.25
2026-02-03 13:40:36.767,9.19,108.81,READY,1.63,0.63,104.01,0.64,235.25
2026-02-03 13:40:36.986,4.65,214.92,READY,1.56,107.34,103.40,0.62,235.25
2026-02-03 13:40:37.102,9.22,108.42,READY,1.78,0.60,103.57,0.65,235.25
2026-02-03 13:40:37.216,9.16,109.21,READY,2.00,0.57,104.02,0.59,235.25
2026-02-03 13:40:37.335,8.79,113.79,READY,1.49,0.56,108.92,0.67,235.25
2026-02-03 13:40:37.450,9.09,110.05,READY,2.45,0.59,104.45,0.63,235.25
2026-02-03 13:40:37.688,4.31,231.80,READY,13.74,107.16,108.14,0.58,235.25
2026-02-03 13:40:37.808,9.03,110.72,READY,1.34,0.61,105.56,0.57,235.25
2026-02-03 13:40:37.924,9.03,110.71,READY,1.53,0.61,106.03,0.58,235.25
2026-02-03 13:40:38.043,8.73,114.58,READY,6.15,0.61,105.30,0.57,235.25
2026-02-03 13:40:38.158,9.09,110.02,READY,1.62,0.57,105.18,0.59,235.25
2026-02-03 13:40:38.379,4.62,216.22,READY,2.41,105.42,105.49,0.56,235.25
2026-02-03 13:40:38.501,8.86,112.83,READY,1.30,0.57,107.52,0.62,235.25
2026-02-03 13:40:38.615,9.15,109.32,READY,2.06,0.58,104.13,0.60,235.25
2026-02-03 13:40:38.729,9.17,109.08,READY,1.72,0.57,104.17,0.58,235.25
2026-02-03 13:40:38.842,9.22,108.46,READY,1.57,0.63,103.34,0.63,235.25
2026-02-03 13:40:39.066,4.57,218.65,READY,1.97,105.06,109.03,0.60,235.25
2026-02-03 13:40:39.185,8.97,111.54,READY,2.96,0.60,104.61,0.61,235.25
2026-02-03 13:40:39.310,8.38,119.34,READY,12.23,0.61,103.93,0.62,235.25
2026-02-03 13:40:39.424,9.10,109.95,READY,2.27,0.60,104.49,0.62,235.25
2026-02-03 13:40:39.538,9.23,108.35,READY,1.47,0.61,103.64,0.66,235.25
2026-02-03 13:40:39.755,4.70,212.70,READY,1.58,105.35,103.19,0.60,235.25
2026-02-03 13:40:39.903,7.11,140.72,READY,1.26,0.69,136.21,0.61,235.25
2026-02-03 13:40:40.018,9.11,109.72,READY,1.26,0.57,104.64,0.58,235.25
2026-02-03 13:40:40.132,9.17,109.08,READY,1.58,0.60,104.17,0.58,235.25
2026-02-03 13:40:40.245,9.22,108.46,READY,1.57,0.57,103.81,0.56,235.25
2026-02-03 13:40:40.485,4.25,235.28,READY,20.82,107.21,104.51,0.58,235.25
2026-02-03 13:40:40.602,9.11,109.79,READY,1.30,0.61,105.13,0.64,235.25
2026-02-03 13:40:40.718,9.02,110.88,READY,1.68,0.61,104.86,1.61,235.25
2026-02-03 13:40:40.844,8.27,120.85,READY,11.42,0.61,106.24,0.58,235.25
2026-02-03 13:40:40.961,8.99,111.18,READY,1.48,0.61,106.50,0.58,235.25
2026-02-03 13:40:41.180,4.66,214.44,READY,1.52,106.25,104.05,0.60,235.25
2026-02-03 13:40:41.298,9.04,110.67,READY,1.26,0.62,106.12,0.62,235.25
2026-02-03 13:40:41.414,8.98,111.30,READY,2.51,0.58,105.57,0.57,235.25
2026-02-03 13:40:41.528,9.15,109.27,READY,2.11,0.56,103.94,0.60,235.25
2026-02-03 13:40:41.652,8.48,117.89,READY,2.39,0.59,110.62,0.56,235.22
2026-02-03 13:40:41.879,4.51,221.91,READY,1.61,109.78,107.58,0.60,235.22
2026-02-03 13:40:42.000,8.82,113.33,READY,1.27,0.66,108.72,0.59,235.22
2026-02-03 13:40:42.119,8.80,113.58,READY,1.56,0.61,108.87,0.60,235.22
2026-02-03 13:40:42.248,8.07,123.92,READY,11.23,0.60,109.38,0.75,235.22
2026-02-03 13:40:42.367,8.73,114.58,READY,1.65,0.61,109.80,0.56,235.22
2026-02-03 13:40:42.598,4.44,225.42,READY,1.67,109.13,112.02,0.68,235.22
2026-02-03 13:40:42.719,8.82,113.33,READY,1.37,0.63,108.58,0.62,235.22
2026-02-03 13:40:42.847,8.09,123.55,READY,11.36,0.57,109.00,0.61,235.22
2026-02-03 13:40:42.966,8.79,113.81,READY,1.73,0.71,108.70,0.71,235.22
2026-02-03 13:40:43.085,8.84,113.19,READY,1.33,0.56,108.51,0.62,235.22
2026-02-03 13:40:43.305,4.65,215.18,READY,1.57,104.92,106.02,0.58,235.22
2026-02-03 13:40:43.426,8.79,113.70,READY,1.26,0.64,108.97,0.58,235.22
2026-02-03 13:40:43.544,8.85,112.93,READY,1.29,0.58,108.34,0.59,235.22
2026-02-03 13:40:43.663,8.84,113.14,READY,1.56,0.61,108.25,0.75,235.22
2026-02-03 13:40:43.785,8.54,117.11,READY,3.45,0.68,110.45,0.60,235.22
2026-02-03 13:40:44.022,4.30,232.32,READY,13.52,109.87,106.22,0.56,235.22
2026-02-03 13:40:44.142,8.84,113.10,READY,2.08,0.56,106.88,0.63,235.25
2026-02-03 13:40:44.256,9.18,108.92,READY,1.66,0.55,104.07,0.59,235.25
2026-02-03 13:40:44.380,8.40,119.10,READY,10.30,0.57,105.63,0.59,235.25
2026-02-03 13:40:44.512,7.88,126.83,READY,18.25,0.56,105.40,0.59,235.25
2026-02-03 13:40:44.731,4.68,213.89,READY,1.54,105.37,104.28,0.63,235.25
2026-02-03 13:40:44.849,9.11,109.83,READY,1.55,0.59,105.09,0.58,235.25
2026-02-03 13:40:45.012,6.34,157.64,READY,17.10,0.61,137.36,0.63,235.25
2026-02-03 13:40:45.127,9.12,109.68,READY,1.56,1.11,104.43,0.65,235.25
2026-02-03 13:40:45.243,8.96,111.55,READY,3.61,0.61,104.85,0.57,235.25
2026-02-03 13:40:45.462,4.67,214.28,READY,1.51,106.34,103.80,0.62,235.25
2026-02-03 13:40:45.579,9.14,109.36,READY,1.36,0.63,104.73,0.61,235.25
2026-02-03 13:40:45.718,7.45,134.28,READY,19.57,0.63,111.39,0.60,235.25
2026-02-03 13:40:45.834,9.03,110.75,READY,1.56,0.59,105.95,0.61,235.25
2026-02-03 13:40:45.960,8.24,121.36,READY,1.65,0.55,113.94,1.04,235.22
2026-02-03 13:40:46.179,4.68,213.84,READY,1.53,105.47,104.29,0.58,235.22
2026-02-03 13:40:46.296,9.14,109.44,READY,1.23,0.71,104.94,0.58,235.22
2026-02-03 13:40:46.410,9.18,108.96,READY,1.56,0.61,104.22,0.58,235.22
2026-02-03 13:40:46.525,9.10,109.85,READY,1.51,0.62,105.12,0.57,235.22
2026-02-03 13:40:46.643,8.81,113.50,READY,5.78,0.60,104.55,0.58,235.22
2026-02-03 13:40:46.869,4.53,220.70,READY,1.73,111.40,105.01,0.60,235.22
2026-02-03 13:40:46.987,9.07,110.26,READY,1.26,0.62,105.72,0.60,235.22
2026-02-03 13:40:47.113,8.20,121.95,READY,13.01,0.66,105.70,0.59,235.22
2026-02-03 13:40:47.228,9.09,110.05,READY,1.53,0.57,105.38,0.58,235.22
2026-02-03 13:40:47.343,9.13,109.57,READY,1.56,0.57,104.85,0.58,235.22
2026-02-03 13:40:47.560,4.71,212.17,READY,1.54,105.03,102.97,0.60,235.22
2026-02-03 13:40:47.679,8.99,111.21,READY,1.33,0.66,104.91,2.37,235.22
2026-02-03 13:40:47.792,9.17,109.05,READY,1.57,0.63,104.22,0.62,235.22
2026-02-03 13:40:47.912,8.75,114.26,READY,6.36,0.62,104.71,0.57,235.22
2026-02-03 13:40:48.025,9.20,108.74,READY,1.55,0.61,104.04,0.57,235.22
2026-02-03 13:40:48.245,4.66,214.79,READY,1.53,107.41,103.42,0.53,235.22
2026-02-03 13:40:48.368,8.67,115.37,READY,2.34,0.59,110.05,0.54,235.22
2026-02-03 13:40:48.487,8.78,113.93,READY,1.65,0.55,109.02,0.71,235.22
2026-02-03 13:40:48.607,8.68,115.15,READY,1.64,0.59,109.72,0.71,235.22
2026-02-03 13:40:48.729,8.53,117.18,READY,1.46,0.57,112.38,0.59,235.22
2026-02-03 13:40:48.957,4.51,221.97,READY,1.39,109.38,108.50,0.59,235.22
2026-02-03 13:40:49.084,8.32,120.16,READY,1.27,0.64,115.50,0.63,235.22
2026-02-03 13:40:49.215,7.97,125.42,READY,1.60,0.83,118.35,0.92,235.25
2026-02-03 13:40:49.332,8.99,111.29,READY,1.70,0.61,104.99,0.58,235.25
2026-02-03 13:40:49.448,9.01,110.98,READY,3.20,0.71,104.49,0.62,235.25
2026-02-03 13:40:49.688,4.25,235.36,READY,19.34,106.61,106.84,0.58,235.28
2026-02-03 13:40:49.804,9.17,109.00,READY,1.27,0.66,104.46,0.59,235.28
2026-02-03 13:40:49.920,9.05,110.54,READY,1.57,0.59,105.78,0.60,235.28
2026-02-03 13:40:50.047,8.16,122.52,READY,15.15,0.62,104.17,0.59,235.28
2026-02-03 13:40:50.185,7.52,132.94,READY,19.80,0.68,109.91,0.58,235.28
2026-02-03 13:40:50.421,4.33,231.18,READY,13.96,110.67,103.97,0.58,235.28
2026-02-03 13:40:50.537,9.19,108.81,READY,1.26,0.68,104.37,0.57,235.28
2026-02-03 13:40:50.652,9.14,109.36,READY,2.55,0.60,103.61,0.59,235.28
2026-02-03 13:40:50.779,8.17,122.34,READY,15.26,0.66,103.85,0.59,235.28
2026-02-03 13:40:50.917,7.52,133.06,READY,20.20,0.90,109.18,0.55,235.28
2026-02-03 13:40:51.134,4.72,211.97,READY,1.49,104.98,102.84,0.61,235.28
2026-02-03 13:40:51.249,9.24,108.24,READY,1.34,0.63,103.73,0.57,235.28
2026-02-03 13:40:51.379,8.06,124.07,READY,17.65,0.61,103.25,0.59,235.28
2026-02-03 13:40:51.517,7.49,133.56,READY,20.74,0.79,109.23,0.55,235.28
2026-02-03 13:40:51.631,9.20,108.74,READY,1.49,0.56,104.21,0.62,235.28
2026-02-03 13:40:51.849,4.69,213.24,READY,1.54,105.61,103.48,0.58,235.28
2026-02-03 13:40:51.965,9.13,109.50,READY,1.24,0.69,104.97,0.62,235.28
2026-02-03 13:40:52.081,9.03,110.77,READY,1.52,0.73,105.97,0.60,235.28
2026-02-03 13:40:52.197,8.99,111.21,READY,1.69,0.70,104.89,0.58,235.28
2026-02-03 13:40:52.312,9.10,109.86,READY,1.84,0.64,104.83,0.62,235.28
2026-02-03 13:40:52.534,4.62,216.39,READY,1.57,108.23,103.82,0.57,235.28
2026-02-03 13:40:52.654,8.88,112.67,READY,1.34,0.55,107.36,0.63,235.28
2026-02-03 13:40:52.781,8.17,122.46,READY,13.85,0.62,105.46,0.59,235.28
2026-02-03 13:40:52.912,7.96,125.56,READY,17.55,0.62,104.85,0.57,235.28
2026-02-03 13:40:53.028,9.05,110.51,READY,1.55,0.57,105.80,0.58,235.28
2026-02-03 13:40:53.256,4.47,223.50,READY,1.92,110.48,107.92,0.59,235.22
2026-02-03 13:40:53.381,8.65,115.65,READY,1.95,0.61,110.57,0.60,235.22
2026-02-03 13:40:53.502,8.61,116.18,READY,1.62,0.61,111.21,0.64,235.22
2026-02-03 13:40:53.623,8.68,115.23,READY,1.30,0.70,110.11,0.62,235.22
2026-02-03 13:40:53.743,8.69,115.06,READY,1.57,0.70,110.03,0.57,235.22
2026-02-03 13:40:53.973,4.45,224.91,READY,1.55,112.57,108.13,0.55,235.22
2026-02-03 13:40:54.093,8.82,113.34,READY,1.25,0.63,108.86,0.56,235.22
2026-02-03 13:40:54.207,9.19,108.84,READY,1.55,0.57,104.14,0.56,235.22
2026-02-03 13:40:54.321,9.16,109.17,READY,1.61,0.59,104.33,0.58,235.22
2026-02-03 13:40:54.449,8.13,122.95,READY,14.33,0.58,105.42,0.56,235.22
2026-02-03 13:40:54.689,4.26,234.67,READY,18.42,109.69,103.94,0.56,235.22
2026-02-03 13:40:54.805,9.16,109.21,READY,1.27,0.68,104.71,0.57,235.22
2026-02-03 13:40:54.920,9.15,109.26,READY,1.45,0.61,104.68,0.56,235.22
2026-02-03 13:40:55.049,8.04,124.32,READY,16.22,0.66,104.87,0.64,235.22
2026-02-03 13:40:55.188,7.46,134.09,READY,19.10,0.86,109.86,0.65,235.22
2026-02-03 13:40:55.417,4.46,224.04,READY,1.64,110.60,107.92,0.55,235.22
2026-02-03 13:40:55.533,9.17,109.09,READY,1.42,0.59,104.51,0.57,235.22
2026-02-03 13:40:55.651,8.88,112.64,READY,3.90,0.56,104.02,1.45,235.22
2026-02-03 13:40:55.780,8.05,124.20,READY,16.75,0.54,104.31,0.58,235.22
2026-02-03 13:40:55.895,9.10,109.85,READY,1.56,0.57,105.17,0.56,235.22
2026-02-03 13:40:56.120,4.55,219.71,READY,1.47,107.04,107.58,0.65,235.22
2026-02-03 13:40:56.241,8.80,113.65,READY,1.32,0.57,109.18,0.60,235.22
2026-02-03 13:40:56.364,8.52,117.43,READY,1.54,0.61,112.57,0.57,235.22
2026-02-03 13:40:56.487,8.46,118.22,READY,1.38,0.60,113.56,0.61,235.22
2026-02-03 13:40:56.608,8.68,115.21,READY,1.47,0.70,110.41,0.57,235.22
2026-02-03 13:40:56.832,4.55,219.81,READY,1.50,109.53,106.16,0.58,235.22
2026-02-03 13:40:56.949,9.16,109.23,READY,1.27,0.61,104.71,0.59,235.22
2026-02-03 13:40:57.063,9.12,109.60,READY,1.50,0.57,104.88,0.62,235.22
2026-02-03 13:40:57.182,8.76,114.12,READY,4.57,0.57,106.28,0.60,235.22
2026-02-03 13:40:57.298,9.01,110.97,READY,1.53,0.56,106.23,0.61,235.22
2026-02-03 13:40:57.521,4.59,217.78,READY,2.11,107.67,105.32,0.60,235.22
2026-02-03 13:40:57.639,9.07,110.21,READY,1.27,0.67,105.66,0.61,235.22
2026-02-03 13:40:57.753,9.16,109.12,READY,1.56,0.59,104.37,0.57,235.22
2026-02-03 13:40:57.867,9.10,109.90,READY,1.49,0.60,105.37,0.57,235.22
2026-02-03 13:40:57.982,9.13,109.47,READY,1.48,0.70,104.70,0.57,235.22
2026-02-03 13:40:58.201,4.66,214.47,READY,1.48,105.74,104.69,0.60,235.22
2026-02-03 13:40:58.318,9.14,109.41,READY,1.36,0.65,104.81,0.57,235.22
2026-02-03 13:40:58.450,7.89,126.73,READY,18.19,0.57,105.27,0.61,235.22
2026-02-03 13:40:58.581,7.88,126.94,READY,18.60,0.57,105.07,0.62,235.22
2026-02-03 13:40:58.696,9.12,109.65,READY,1.49,0.61,104.96,0.57,235.22
2026-02-03 13:40:58.918,4.60,217.29,READY,1.50,109.27,103.92,0.64,235.22
2026-02-03 13:40:59.033,9.07,110.20,READY,1.66,0.61,105.32,0.57,235.22
2026-02-03 13:40:59.149,9.04,110.58,READY,1.68,0.65,105.65,0.60,235.22
2026-02-03 13:40:59.263,9.20,108.72,READY,1.57,0.59,103.89,0.60,235.22
2026-02-03 13:40:59.381,8.83,113.28,READY,5.71,0.62,104.36,0.71,235.22
2026-02-03 13:40:59.599,4.69,213.24,READY,1.78,105.32,103.59,0.58,235.22
2026-02-03 13:40:59.715,9.20,108.74,READY,1.28,0.57,104.38,0.65,235.22
2026-02-03 13:40:59.829,9.16,109.18,READY,1.82,0.57,104.15,0.57,235.22
2026-02-03 13:40:59.943,9.17,109.11,READY,1.58,0.57,104.32,0.60,235.22
2026-02-03 13:41:00.059,9.01,110.97,READY,1.84,0.57,105.91,0.57,235.22
2026-02-03 13:41:00.291,4.40,227.22,READY,10.70,107.56,106.14,0.64,235.22
2026-02-03 13:41:00.410,8.99,111.21,READY,1.28,0.64,106.55,0.62,235.22
2026-02-03 13:41:00.525,9.07,110.29,READY,1.96,0.60,105.28,0.59,235.22
2026-02-03 13:41:00.650,8.34,119.90,READY,11.41,0.61,105.22,0.59,235.22
2026-02-03 13:41:00.782,7.88,126.90,READY,18.62,0.59,105.06,0.61,235.22
2026-02-03 13:41:01.009,4.49,222.71,READY,1.89,108.36,109.93,0.62,235.18
2026-02-03 13:41:01.136,8.37,119.50,READY,1.54,0.56,114.05,0.57,235.22
2026-02-03 13:41:01.254,8.90,112.39,READY,1.34,0.56,107.69,0.66,235.22
2026-02-03 13:41:01.387,7.86,127.27,READY,14.23,0.57,109.87,0.63,235.22
2026-02-03 13:41:01.507,8.62,116.00,READY,2.05,0.58,110.43,0.61,235.22
2026-02-03 13:41:01.734,4.52,221.13,READY,1.65,106.42,110.51,0.55,235.22
2026-02-03 13:41:01.860,8.40,119.03,READY,1.49,0.62,114.13,0.57,235.22
2026-02-03 13:41:01.995,7.76,128.80,READY,7.79,0.60,117.78,0.59,235.22
2026-02-03 13:41:02.125,7.98,125.36,READY,1.56,0.61,119.99,1.18,235.22
2026-02-03 13:41:02.241,8.98,111.33,READY,1.53,1.11,105.03,0.60,235.25
2026-02-03 13:41:02.469,4.50,222.29,READY,1.28,112.97,104.98,0.58,235.25
2026-02-03 13:41:02.586,9.18,108.97,READY,1.38,0.59,104.39,0.61,235.25
2026-02-03 13:41:02.716,8.04,124.44,READY,14.59,0.57,106.61,0.62,235.25
2026-02-03 13:41:02.830,9.11,109.80,READY,1.79,0.58,104.90,0.65,235.25
2026-02-03 13:41:02.944,9.15,109.24,READY,1.73,0.56,104.44,0.63,235.25
2026-02-03 13:41:03.163,4.67,214.02,READY,1.60,105.42,104.08,0.59,235.25
2026-02-03 13:41:03.283,8.85,112.98,READY,1.25,0.62,107.73,0.57,235.25
2026-02-03 13:41:03.397,9.18,108.93,READY,1.45,0.61,104.33,0.57,235.25
2026-02-03 13:41:03.513,9.01,111.04,READY,3.37,0.66,104.40,0.59,235.25
2026-02-03 13:41:03.627,9.18,108.91,READY,1.49,0.61,104.22,0.66,235.25
2026-02-03 13:41:03.844,4.71,212.13,READY,1.51,104.45,103.59,0.57,235.25
2026-02-03 13:41:03.961,9.11,109.80,READY,1.50,0.59,105.04,0.64,235.25
2026-02-03 13:41:04.077,9.06,110.32,READY,2.20,0.57,104.86,0.60,235.25
2026-02-03 13:41:04.192,9.11,109.75,READY,1.49,0.57,105.20,0.58,235.25
2026-02-03 13:41:04.316,8.39,119.18,READY,9.29,0.57,106.70,0.56,235.25
2026-02-03 13:41:04.535,4.66,214.67,READY,1.46,105.41,105.19,0.62,235.25
2026-02-03 13:41:04.652,9.16,109.16,READY,1.27,0.71,104.62,0.59,235.25
2026-02-03 13:41:04.783,7.95,125.73,READY,17.48,0.57,105.08,0.64,235.25
2026-02-03 13:41:04.898,9.06,110.35,READY,1.93,0.61,105.21,0.58,235.25
2026-02-03 13:41:05.013,9.04,110.60,READY,1.50,0.64,105.92,0.60,235.25
2026-02-03 13:41:05.231,4.70,212.61,READY,1.45,105.06,103.58,0.61,235.25
2026-02-03 13:41:05.348,9.11,109.74,READY,1.28,0.64,105.25,0.57,235.25
2026-02-03 13:41:05.463,9.10,109.87,READY,1.51,0.57,105.18,0.63,235.25
2026-02-03 13:41:05.584,8.58,116.56,READY,6.59,0.57,106.86,0.59,235.25
2026-02-03 13:41:05.699,9.15,109.33,READY,1.55,0.68,104.54,0.66,235.25
2026-02-03 13:41:05.922,4.58,218.23,READY,1.68,105.99,107.89,0.58,235.25
2026-02-03 13:41:06.040,9.10,109.90,READY,1.98,0.66,104.68,0.62,235.25
2026-02-03 13:41:06.154,9.19,108.86,READY,1.53,0.61,104.12,0.62,235.25
2026-02-03 13:41:06.268,9.17,109.04,READY,1.49,0.64,104.28,0.63,235.25
2026-02-03 13:41:06.382,9.13,109.52,READY,1.62,0.61,104.74,0.61,235.25
2026-02-03 13:41:06.602,4.67,214.30,READY,1.65,104.43,105.61,0.59,235.25
2026-02-03 13:41:06.720,8.98,111.31,READY,1.39,0.63,106.72,0.64,235.25
2026-02-03 13:41:06.854,7.80,128.20,READY,16.84,0.59,107.64,0.61,235.25
2026-02-03 13:41:06.982,8.09,123.59,READY,15.76,0.56,104.28,0.55,235.25
2026-02-03 13:41:07.097,9.12,109.60,READY,1.67,0.57,104.75,0.55,235.25
2026-02-03 13:41:07.314,4.70,212.55,READY,1.60,105.01,103.33,0.57,235.25
2026-02-03 13:41:07.432,9.04,110.58,READY,1.94,0.63,105.64,0.56,235.25
2026-02-03 13:41:07.548,9.02,110.90,READY,2.20,0.67,105.46,0.58,235.25
2026-02-03 13:41:07.662,9.15,109.32,READY,1.78,0.61,104.36,0.59,235.25
2026-02-03 13:41:07.784,8.51,117.49,READY,7.46,0.62,106.90,0.58,235.25
2026-02-03 13:41:08.004,4.66,214.53,READY,1.89,106.16,103.93,0.57,235.25
2026-02-03 13:41:08.121,9.14,109.42,READY,1.29,0.60,104.89,0.60,235.25
2026-02-03 13:41:08.251,7.96,125.70,READY,16.88,0.56,105.65,0.60,235.25
2026-02-03 13:41:08.383,7.91,126.46,READY,18.26,0.57,105.15,0.56,235.25
2026-02-03 13:41:08.497,9.10,109.87,READY,2.03,0.57,104.56,0.70,235.25
2026-02-03 13:41:08.719,4.61,217.07,READY,1.65,109.76,103.08,0.58,235.25
2026-02-03 13:41:08.836,9.15,109.30,READY,1.27,0.73,104.55,0.59,235.25
2026-02-03 13:41:08.952,9.03,110.71,READY,1.55,0.60,105.51,0.55,235.25
2026-02-03 13:41:09.070,8.85,112.99,READY,1.93,0.59,106.97,0.60,235.25
2026-02-03 13:41:09.185,9.06,110.41,READY,2.02,0.55,104.85,0.63,235.25
2026-02-03 13:41:09.405,4.66,214.61,READY,1.69,106.80,103.39,0.58,235.25
2026-02-03 13:41:09.521,9.19,108.86,READY,1.25,0.61,104.40,0.55,235.25
2026-02-03 13:41:09.650,8.04,124.45,READY,16.91,0.57,104.32,0.64,235.25
2026-02-03 13:41:09.790,7.44,134.46,READY,19.66,0.64,111.58,0.58,235.25
2026-02-03 13:41:09.905,9.04,110.61,READY,2.33,0.55,105.12,0.56,235.25
2026-02-03 13:41:10.124,4.66,214.38,READY,1.50,106.43,103.88,0.57,235.25
2026-02-03 13:41:10.241,9.17,109.04,READY,1.28,0.63,104.30,0.59,235.25
2026-02-03 13:41:10.359,8.84,113.15,READY,1.52,0.61,108.12,0.61,235.25
2026-02-03 13:41:10.473,9.15,109.29,READY,1.52,0.60,104.54,0.60,235.25
2026-02-03 13:41:10.586,9.24,108.18,READY,1.50,0.61,103.49,0.60,235.25
2026-02-03 13:41:10.832,4.14,241.52,READY,20.11,113.75,105.32,0.53,235.25
2026-02-03 13:41:10.949,9.15,109.33,READY,1.40,0.56,104.75,0.55,235.25
2026-02-03 13:41:11.066,9.11,109.81,READY,1.89,0.60,104.55,0.66,235.25
2026-02-03 13:41:11.184,8.83,113.21,READY,4.00,0.64,105.98,0.57,235.25
2026-02-03 13:41:11.298,9.15,109.29,READY,1.59,0.57,104.49,0.63,235.25
2026-02-03 13:41:11.528,4.45,224.53,READY,1.54,114.11,106.30,0.57,235.25
2026-02-03 13:41:11.645,9.15,109.28,READY,1.47,0.58,104.62,0.57,235.25
2026-02-03 13:41:11.760,9.04,110.57,READY,1.45,0.61,105.92,0.57,235.25
2026-02-03 13:41:11.875,9.08,110.17,READY,1.63,0.61,105.37,0.57,235.25
2026-02-03 13:41:11.990,9.11,109.79,READY,1.57,0.61,104.90,0.63,235.25
2026-02-03 13:41:12.228,4.30,232.79,READY,15.92,109.36,104.89,0.62,235.25
2026-02-03 13:41:12.344,9.15,109.27,READY,1.35,0.68,104.63,0.63,235.25
2026-02-03 13:41:12.459,9.15,109.27,READY,1.60,0.57,104.35,0.63,235.25
2026-02-03 13:41:12.583,8.39,119.19,READY,11.67,0.56,104.40,0.60,235.25
2026-02-03 13:41:12.696,9.19,108.85,READY,1.55,0.57,104.07,0.59,235.25
2026-02-03 13:41:12.917,4.64,215.61,READY,1.53,107.64,103.84,0.60,235.25
2026-02-03 13:41:13.033,9.16,109.22,READY,1.29,0.66,104.67,0.61,235.25
2026-02-03 13:41:13.149,9.07,110.20,READY,1.47,0.62,105.63,0.59,235.25
2026-02-03 13:41:13.263,9.17,109.08,READY,1.78,0.62,104.07,0.66,235.25
2026-02-03 13:41:13.384,8.60,116.23,READY,7.98,0.59,105.03,0.63,235.25
2026-02-03 13:41:13.603,4.67,214.17,READY,1.49,105.14,104.97,0.62,235.25
2026-02-03 13:41:13.720,9.05,110.45,READY,1.26,0.63,105.92,0.63,235.25
2026-02-03 13:41:13.852,7.90,126.57,READY,17.78,0.57,105.62,0.58,235.25
2026-02-03 13:41:13.970,8.86,112.81,READY,2.62,0.68,106.52,0.60,235.25
2026-02-03 13:41:14.086,8.97,111.45,READY,1.53,0.63,106.21,0.62,235.25
2026-02-03 13:41:14.310,4.57,219.05,READY,1.93,105.55,108.74,0.59,235.25
2026-02-03 13:41:14.430,8.87,112.70,READY,1.42,0.58,107.26,0.62,235.25
2026-02-03 13:41:14.545,9.12,109.68,READY,1.55,0.62,105.05,0.61,235.25
2026-02-03 13:41:14.660,9.08,110.16,READY,1.55,0.61,105.42,0.59,235.25
2026-02-03 13:41:14.785,8.34,119.94,READY,10.54,0.60,105.98,0.83,235.25
2026-02-03 13:41:15.008,4.59,218.00,READY,1.64,108.41,105.40,0.57,235.25
2026-02-03 13:41:15.124,9.13,109.55,READY,1.26,0.69,104.97,0.61,235.25
2026-02-03 13:41:15.251,8.25,121.28,READY,13.78,0.57,104.27,0.59,235.25
2026-02-03 13:41:15.365,9.14,109.36,READY,1.57,0.57,104.57,0.58,235.25
2026-02-03 13:41:15.480,9.11,109.74,READY,1.55,0.56,105.02,0.60,235.25
2026-02-03 13:41:15.707,4.50,222.44,READY,1.55,111.82,106.50,0.58,235.25
2026-02-03 13:41:15.827,8.88,112.55,READY,1.28,0.67,108.00,0.62,235.25
2026-02-03 13:41:15.942,9.06,110.32,READY,1.85,0.62,105.21,0.66,235.25
2026-02-03 13:41:16.059,9.05,110.47,READY,1.24,0.60,105.92,0.68,235.25
2026-02-03 13:41:16.185,8.41,118.84,READY,9.59,0.61,105.82,0.87,235.25
2026-02-03 13:41:16.405,4.65,214.97,READY,1.76,107.41,103.33,0.57,235.25
2026-02-03 13:41:16.522,9.17,109.10,READY,1.39,0.58,104.56,0.60,235.25
2026-02-03 13:41:16.651,8.05,124.20,READY,16.44,0.57,104.61,0.57,235.25
2026-02-03 13:41:16.766,9.14,109.42,READY,2.11,0.58,104.20,0.58,235.25
2026-02-03 13:41:16.879,9.19,108.77,READY,1.49,0.63,104.12,0.57,235.25
2026-02-03 13:41:17.097,4.70,212.94,READY,1.56,105.63,103.14,0.56,235.25
2026-02-03 13:41:17.213,9.18,108.91,READY,1.29,0.69,104.37,0.57,235.25
2026-02-03 13:41:17.327,9.19,108.85,READY,1.48,0.65,104.14,0.61,235.25
2026-02-03 13:41:17.452,8.31,120.34,READY,11.47,0.61,105.70,0.58,235.25
2026-02-03 13:41:17.567,9.16,109.20,READY,1.63,0.62,104.37,0.62,235.25
2026-02-03 13:41:17.891,3.13,319.76,READY,1.52,210.49,104.89,0.61,235.25
2026-02-03 13:41:18.014,8.67,115.36,READY,1.44,0.58,108.25,0.57,235.25
2026-02-03 13:41:18.127,9.22,108.47,READY,1.47,0.58,103.46,0.59,235.25
2026-02-03 13:41:18.253,8.26,121.06,READY,11.50,0.61,106.06,0.56,235.25
2026-02-03 13:41:18.370,9.11,109.72,READY,1.25,0.60,105.26,0.58,235.25
2026-02-03 13:41:18.596,4.52,221.28,READY,1.58,112.52,104.63,0.60,235.25
2026-02-03 13:41:18.713,9.10,109.85,READY,1.29,0.66,105.29,0.61,235.25
2026-02-03 13:41:18.828,9.15,109.33,READY,1.48,0.61,104.66,0.58,235.25
2026-02-03 13:41:18.942,9.12,109.60,READY,1.60,0.61,104.81,0.64,235.25
2026-02-03 13:41:19.055,9.24,108.23,READY,1.52,0.62,103.45,0.64,235.25
2026-02-03 13:41:19.295,4.26,234.76,READY,15.63,112.00,104.50,0.67,235.25
2026-02-03 13:41:19.411,9.18,108.88,READY,1.41,0.63,104.30,0.61,235.25
2026-02-03 13:41:19.525,9.14,109.44,READY,2.00,0.56,104.24,0.57,235.25
2026-02-03 13:41:19.652,8.24,121.42,READY,13.66,0.61,104.57,0.59,235.25
2026-02-03 13:41:19.766,9.11,109.72,READY,1.55,0.57,105.03,0.61,235.25
2026-02-03 13:41:19.986,4.66,214.47,READY,1.52,106.47,103.81,0.61,235.25
2026-02-03 13:41:20.102,9.19,108.83,READY,1.37,0.67,104.28,0.59,235.25
2026-02-03 13:41:20.220,8.86,112.83,READY,1.52,0.61,107.19,0.55,235.25
2026-02-03 13:41:20.335,9.07,110.21,READY,2.04,0.61,105.01,0.57,235.25
2026-02-03 13:41:20.453,8.81,113.51,READY,4.72,0.62,105.61,0.57,235.25
2026-02-03 13:41:20.679,4.53,220.86,READY,1.57,111.11,105.60,0.57,235.25
2026-02-03 13:41:20.795,9.19,108.83,READY,1.30,0.58,104.46,0.59,235.25
2026-02-03 13:41:20.919,8.39,119.21,READY,12.14,0.63,103.95,0.65,235.25
2026-02-03 13:41:21.061,7.31,136.80,READY,20.23,0.69,113.28,0.60,235.25
2026-02-03 13:41:21.176,9.09,110.04,READY,1.83,0.57,105.05,0.57,235.25
2026-02-03 13:41:21.496,3.17,315.42,READY,1.96,205.57,105.25,0.55,235.25
2026-02-03 13:41:21.612,9.21,108.60,READY,1.44,0.65,103.98,0.56,235.25
2026-02-03 13:41:21.726,9.15,109.34,READY,2.39,0.61,103.77,0.62,235.25
2026-02-03 13:41:21.853,8.22,121.69,READY,12.83,0.63,105.03,0.56,235.25
2026-02-03 13:41:21.969,9.05,110.44,READY,2.33,0.58,105.01,0.59,235.25
2026-02-03 13:41:22.300,3.06,326.83,READY,1.57,210.69,111.92,0.58,235.22
2026-02-03 13:41:22.419,9.00,111.07,READY,1.27,0.73,106.43,0.58,235.25
2026-02-03 13:41:22.533,9.15,109.24,READY,1.96,0.56,104.08,0.61,235.25
2026-02-03 13:41:22.652,8.80,113.69,READY,6.26,0.63,104.22,0.57,235.25
2026-02-03 13:41:22.766,9.19,108.83,READY,1.51,0.57,104.15,0.60,235.25
2026-02-03 13:41:22.992,4.51,221.74,READY,1.96,110.83,106.25,0.61,235.25
2026-02-03 13:41:23.107,9.28,107.80,READY,1.26,0.65,103.37,0.60,235.25
2026-02-03 13:41:23.221,9.20,108.68,READY,1.59,0.60,103.89,0.58,235.25
2026-02-03 13:41:23.334,9.22,108.49,READY,1.62,0.61,103.69,0.60,235.25
2026-02-03 13:41:23.451,8.95,111.75,READY,5.24,0.63,103.34,0.57,235.25
2026-02-03 13:41:23.677,4.53,220.86,READY,1.93,108.72,107.61,0.61,235.25
2026-02-03 13:41:23.795,9.00,111.09,READY,1.28,0.56,106.61,0.57,235.25
2026-02-03 13:41:23.927,7.86,127.15,READY,12.66,0.56,109.86,0.60,235.25
2026-02-03 13:41:24.053,8.27,120.96,READY,12.58,0.56,105.15,0.57,235.25
2026-02-03 13:41:24.167,9.16,109.12,READY,1.55,0.57,104.44,0.57,235.25
2026-02-03 13:41:24.385,4.70,212.77,READY,1.50,105.30,103.31,0.58,235.25
2026-02-03 13:41:24.500,9.21,108.56,READY,1.23,0.64,104.11,0.57,235.25
2026-02-03 13:41:24.615,9.09,109.97,READY,1.54,0.61,105.26,0.57,235.25
2026-02-03 13:41:24.729,9.21,108.61,READY,1.49,0.63,103.90,0.59,235.25
2026-02-03 13:41:24.852,8.44,118.42,READY,10.93,0.60,104.27,0.58,235.25
2026-02-03 13:41:25.071,4.67,214.03,READY,1.57,105.45,104.64,0.56,235.25
2026-02-03 13:41:25.187,9.20,108.66,READY,1.31,0.57,104.25,0.57,235.25
2026-02-03 13:41:25.301,9.17,109.07,READY,1.51,0.60,104.34,0.57,235.25
2026-02-03 13:41:25.416,9.10,109.91,READY,1.54,0.57,105.17,0.61,235.25
2026-02-03 13:41:25.530,9.18,108.94,READY,1.49,0.58,104.31,0.56,235.25
2026-02-03 13:41:25.766,4.33,231.19,READY,10.07,112.08,106.44,0.56,235.25
2026-02-03 13:41:25.884,9.01,111.03,READY,1.68,0.62,106.19,0.58,235.25
2026-02-03 13:41:25.999,9.11,109.75,READY,1.95,0.61,104.65,0.60,235.25
2026-02-03 13:41:26.121,8.56,116.82,READY,8.96,0.60,104.73,0.58,235.25
2026-02-03 13:41:26.258,7.55,132.52,READY,19.38,0.66,109.89,0.57,235.25
2026-02-03 13:41:26.487,4.47,223.94,READY,1.56,114.26,105.42,0.62,235.25
2026-02-03 13:41:26.604,9.09,109.96,READY,1.57,0.64,105.13,0.61,235.25
2026-02-03 13:41:26.722,8.84,113.16,READY,4.63,0.59,104.45,0.63,235.25
2026-02-03 13:41:26.853,7.93,126.11,READY,17.66,0.56,105.30,0.56,235.25
2026-02-03 13:41:26.968,9.12,109.70,READY,1.58,0.56,104.85,0.70,235.25
2026-02-03 13:41:27.197,4.46,224.18,READY,2.22,111.29,108.11,0.58,235.25
2026-02-03 13:41:27.313,9.19,108.87,READY,1.26,0.67,104.40,0.56,235.25
2026-02-03 13:41:27.428,9.08,110.13,READY,1.78,0.64,105.19,0.56,235.25
2026-02-03 13:41:27.542,9.17,109.05,READY,1.58,0.60,104.36,0.64,235.25
2026-02-03 13:41:27.656,9.23,108.35,READY,1.75,0.60,103.41,0.58,235.25
2026-02-03 13:41:27.901,4.17,239.85,READY,20.34,113.48,103.19,0.60,235.25
2026-02-03 13:41:28.017,9.19,108.76,READY,1.31,0.61,104.21,0.61,235.25
2026-02-03 13:41:28.131,9.15,109.25,READY,1.53,0.57,104.59,0.55,235.25
2026-02-03 13:41:28.264,7.80,128.18,READY,9.37,0.78,114.39,0.53,235.22
2026-02-03 13:41:28.386,8.56,116.79,READY,1.29,0.56,111.79,0.62,235.25
2026-02-03 13:41:28.612,4.56,219.31,READY,1.29,106.48,108.99,0.59,235.25
2026-02-03 13:41:28.729,9.15,109.29,READY,1.30,0.60,104.85,0.69,235.25
2026-02-03 13:41:28.855,8.26,121.01,READY,11.74,0.56,106.07,0.61,235.25
2026-02-03 13:41:28.970,9.02,110.82,READY,1.54,0.59,106.09,0.62,235.25
2026-02-03 13:41:29.085,9.09,110.04,READY,1.46,0.59,105.39,0.59,235.25
2026-02-03 13:41:29.313,4.50,222.46,READY,1.52,110.63,107.55,0.63,235.25
2026-02-03 13:41:29.429,9.17,109.05,READY,1.26,0.61,104.41,0.60,235.25
2026-02-03 13:41:29.544,9.09,110.01,READY,1.52,0.56,105.33,0.57,235.25
2026-02-03 13:41:29.658,9.16,109.22,READY,1.63,0.61,104.23,0.59,235.25
2026-02-03 13:41:29.795,7.59,131.77,READY,18.11,0.56,107.95,0.60,235.25
2026-02-03 13:41:30.031,4.33,230.93,READY,13.13,109.84,105.23,0.58,235.25
2026-02-03 13:41:30.149,9.04,110.57,READY,1.45,0.59,104.64,0.59,235.25
2026-02-03 13:41:30.263,9.18,108.98,READY,1.61,0.64,104.14,0.62,235.25
2026-02-03 13:41:30.389,8.22,121.63,READY,13.56,0.61,104.83,0.59,235.25
2026-02-03 13:41:30.527,7.57,132.18,READY,18.98,0.66,109.83,0.66,235.25
2026-02-03 13:41:30.745,4.69,213.32,READY,1.46,105.62,103.58,0.62,235.25
2026-02-03 13:41:30.861,9.19,108.77,READY,1.26,0.63,104.23,0.60,235.25
2026-02-03 13:41:30.992,7.98,125.29,READY,14.90,0.61,106.94,0.82,235.25
2026-02-03 13:41:31.125,7.80,128.15,READY,16.51,0.56,107.05,0.57,235.25
2026-02-03 13:41:31.240,9.07,110.28,READY,1.53,0.57,105.58,0.58,235.25
2026-02-03 13:41:31.467,4.51,221.54,READY,1.57,110.91,106.46,0.57,235.25
2026-02-03 13:41:31.584,9.08,110.16,READY,1.25,0.69,105.63,0.61,235.25
2026-02-03 13:41:31.700,9.00,111.09,READY,2.10,0.61,105.77,0.61,235.25
2026-02-03 13:41:31.817,8.93,112.02,READY,2.09,0.58,106.70,0.58,235.25
2026-02-03 13:41:31.932,9.12,109.61,READY,1.56,0.59,104.82,0.60,235.25
2026-02-03 13:41:32.167,4.34,230.59,READY,8.85,114.11,104.81,0.63,235.25
2026-02-03 13:41:32.290,8.82,113.44,READY,1.33,0.57,108.27,0.57,235.25
2026-02-03 13:41:32.409,8.71,114.87,READY,1.47,0.61,110.13,0.56,235.25
2026-02-03 13:41:32.535,8.31,120.30,READY,1.53,0.61,115.36,0.56,235.25
2026-02-03 13:41:32.656,8.64,115.75,READY,1.52,0.57,111.03,0.58,235.25
2026-02-03 13:41:32.882,4.52,221.45,READY,1.59,109.10,108.15,0.60,235.25
2026-02-03 13:41:33.005,8.68,115.22,READY,1.35,0.63,110.43,0.74,235.25
2026-02-03 13:41:33.129,8.43,118.57,READY,3.56,0.66,111.20,1.17,235.25
2026-02-03 13:41:33.248,8.76,114.20,READY,1.46,0.79,109.19,0.62,235.25
2026-02-03 13:41:33.368,8.74,114.46,READY,1.57,0.70,109.62,0.58,235.25
2026-02-03 13:41:33.593,4.54,220.37,READY,1.63,111.18,105.03,0.58,235.25
2026-02-03 13:41:33.712,8.94,111.86,READY,1.34,0.64,107.31,0.57,235.25
2026-02-03 13:41:33.827,9.10,109.90,READY,1.54,0.60,105.16,0.56,235.25
2026-02-03 13:41:33.944,8.94,111.84,READY,1.57,0.60,107.08,0.61,235.25
2026-02-03 13:41:34.059,9.08,110.08,READY,1.57,0.57,105.36,0.57,235.25
2026-02-03 13:41:34.301,4.23,236.66,READY,18.52,110.81,104.75,0.57,235.25
2026-02-03 13:41:34.417,9.16,109.13,READY,1.29,0.66,104.56,0.61,235.25
2026-02-03 13:41:34.532,9.10,109.89,READY,1.52,0.60,105.11,0.62,235.25
2026-02-03 13:41:34.654,8.54,117.13,READY,8.93,0.61,105.03,0.61,235.25
2026-02-03 13:41:34.770,9.05,110.52,READY,1.50,0.58,105.91,0.57,235.25
2026-02-03 13:41:34.989,4.65,214.91,READY,1.50,105.23,105.53,0.60,235.25
2026-02-03 13:41:35.135,7.22,138.56,READY,1.59,0.71,133.28,0.56,235.25
2026-02-03 13:41:35.249,9.18,108.92,READY,1.31,0.57,104.16,0.58,235.25
2026-02-03 13:41:35.364,9.07,110.31,READY,1.46,0.57,105.69,0.57,235.25
2026-02-03 13:41:35.478,9.15,109.29,READY,1.50,0.57,104.66,0.58,235.25
2026-02-03 13:41:35.697,4.69,213.31,READY,1.60,106.04,103.07,0.57,235.25
2026-02-03 13:41:35.814,9.14,109.43,READY,1.31,0.66,104.70,0.66,235.25
2026-02-03 13:41:35.928,9.17,109.07,READY,1.50,0.64,104.27,0.56,235.25
2026-02-03 13:41:36.054,8.25,121.25,READY,13.61,0.61,104.51,0.56,235.25
2026-02-03 13:41:36.168,9.14,109.43,READY,1.49,0.64,104.75,0.57,235.25
2026-02-03 13:41:36.388,4.65,215.17,READY,1.54,107.07,104.00,0.58,235.25
2026-02-03 13:41:36.504,9.21,108.53,READY,1.36,0.63,104.06,0.56,235.25
2026-02-03 13:41:36.617,9.24,108.21,READY,1.59,0.57,103.43,0.65,235.25
2026-02-03 13:41:36.730,9.25,108.16,READY,1.45,0.57,103.52,0.63,235.25
2026-02-03 13:41:36.854,8.42,118.79,READY,11.14,0.57,104.51,0.58,235.25
2026-02-03 13:41:37.071,4.71,212.49,READY,1.47,105.16,103.30,0.58,235.25
2026-02-03 13:41:37.188,9.14,109.38,READY,1.29,0.65,104.88,0.60,235.25
2026-02-03 13:41:37.302,9.15,109.32,READY,1.53,0.61,104.64,0.61,235.25
2026-02-03 13:41:37.417,9.10,109.89,READY,1.47,0.59,105.19,0.61,235.25
2026-02-03 13:41:37.531,9.15,109.25,READY,1.47,0.63,104.61,0.64,235.25
2026-02-03 13:41:37.773,4.22,236.88,READY,10.54,119.20,104.46,0.57,235.25
2026-02-03 13:41:37.889,9.18,108.93,READY,1.39,0.62,104.29,0.58,235.25
2026-02-03 13:41:38.004,9.11,109.76,READY,2.43,0.60,104.18,0.57,235.25
2026-02-03 13:41:38.122,9.00,111.17,READY,3.74,0.58,104.30,0.57,235.25
2026-02-03 13:41:38.236,9.19,108.78,READY,1.25,0.60,103.92,0.58,235.25
2026-02-03 13:41:38.462,4.55,219.93,READY,1.25,109.79,106.27,0.64,235.25
2026-02-03 13:41:38.580,9.08,110.19,READY,1.77,0.68,105.23,0.56,235.25
2026-02-03 13:41:38.693,9.18,108.92,READY,1.59,0.61,104.16,0.57,235.25
2026-02-03 13:41:38.810,9.00,111.13,READY,1.70,0.68,104.79,0.58,235.25
2026-02-03 13:41:38.924,9.09,109.96,READY,1.52,0.64,105.23,0.59,235.25
2026-02-03 13:41:39.157,4.39,227.74,READY,1.55,113.16,110.42,0.57,235.25
2026-02-03 13:41:39.274,9.15,109.30,READY,1.29,0.63,104.78,0.62,235.25
2026-02-03 13:41:39.391,8.86,112.86,READY,5.16,0.57,104.38,0.60,235.25
2026-02-03 13:41:39.527,7.68,130.26,READY,18.22,0.57,104.60,0.60,235.25
2026-02-03 13:41:39.644,8.99,111.24,READY,1.29,0.56,106.85,0.54,235.25
2026-02-03 13:41:39.862,4.69,213.25,READY,1.55,105.45,103.68,0.58,235.25
2026-02-03 13:41:39.979,9.13,109.56,READY,1.39,0.67,104.96,0.58,235.25
2026-02-03 13:41:40.093,9.14,109.41,READY,1.57,0.62,104.64,0.59,235.25
2026-02-03 13:41:40.208,9.13,109.56,READY,1.57,0.62,104.85,0.57,235.25
2026-02-03 13:41:40.322,9.17,109.07,READY,2.06,0.61,103.79,0.66,235.25
2026-02-03 13:41:40.539,4.71,212.35,READY,1.46,105.37,102.99,0.57,235.25
2026-02-03 13:41:40.655,9.22,108.50,READY,1.25,0.64,104.05,0.63,235.25
2026-02-03 13:41:40.769,9.13,109.57,READY,1.50,0.56,104.86,0.59,235.25
2026-02-03 13:41:40.882,9.23,108.33,READY,1.44,0.58,103.70,0.61,235.25
2026-02-03 13:41:40.997,9.15,109.32,READY,1.47,0.56,104.62,0.61,235.25
2026-02-03 13:41:41.235,4.28,233.67,READY,13.21,112.28,105.59,0.63,235.25
2026-02-03 13:41:41.355,8.86,112.88,READY,1.27,0.69,108.17,0.56,235.22
2026-02-03 13:41:41.474,8.91,112.18,READY,1.44,0.59,107.63,0.64,235.22
2026-02-03 13:41:41.590,8.95,111.71,READY,4.24,0.60,104.19,0.68,235.22
2026-02-03 13:41:41.728,7.52,132.99,READY,19.74,0.80,109.82,0.57,235.22
2026-02-03 13:41:41.952,4.56,219.19,READY,1.58,104.82,110.20,0.59,235.22
2026-02-03 13:41:42.070,9.07,110.23,READY,1.37,0.62,105.61,0.58,235.22
2026-02-03 13:41:42.190,8.85,113.00,READY,5.77,0.57,104.02,0.66,235.22
2026-02-03 13:41:42.333,7.33,136.49,READY,18.51,0.63,114.77,0.57,235.25
2026-02-03 13:41:42.447,9.16,109.21,READY,1.51,0.57,104.52,0.60,235.25
2026-02-03 13:41:42.668,4.62,216.43,READY,1.51,105.07,107.26,0.59,235.25
2026-02-03 13:41:42.787,9.02,110.92,READY,1.41,0.60,105.74,0.59,235.25
2026-02-03 13:41:42.902,9.13,109.54,READY,1.53,0.61,104.79,0.58,235.25
2026-02-03 13:41:43.016,9.11,109.74,READY,2.00,0.58,104.56,0.57,235.25
2026-02-03 13:41:43.132,9.07,110.26,READY,1.55,0.61,105.56,0.57,235.25
2026-02-03 13:41:43.367,4.34,230.16,READY,14.58,107.36,105.64,0.64,235.25
2026-02-03 13:41:43.485,9.01,110.96,READY,1.39,0.62,106.36,0.64,235.25
2026-02-03 13:41:43.601,9.11,109.78,READY,1.78,0.54,104.70,0.57,235.25
2026-02-03 13:41:43.723,8.51,117.51,READY,9.70,0.57,104.67,0.57,235.25
2026-02-03 13:41:43.837,9.16,109.22,READY,1.51,0.57,104.53,0.58,235.25
2026-02-03 13:41:44.057,4.66,214.74,READY,1.45,106.70,103.95,0.58,235.25
2026-02-03 13:41:44.173,9.17,109.00,READY,1.29,0.65,104.47,0.58,235.25
2026-02-03 13:41:44.287,9.17,108.99,READY,1.44,0.61,104.37,0.57,235.25
2026-02-03 13:41:44.402,9.09,110.05,READY,1.57,0.61,105.24,0.61,235.25
2026-02-03 13:41:44.524,8.55,116.96,READY,8.34,0.60,105.46,0.56,235.25
2026-02-03 13:41:44.741,4.71,212.54,READY,1.53,105.38,103.10,0.56,235.25
2026-02-03 13:41:44.858,9.12,109.60,READY,2.20,0.58,103.97,0.61,235.25
2026-02-03 13:41:44.998,7.41,135.04,READY,20.07,0.58,108.95,0.65,235.25
2026-02-03 13:41:45.123,8.33,120.04,READY,12.25,0.59,104.30,0.57,235.25
2026-02-03 13:41:45.237,9.17,109.10,READY,1.46,0.57,104.11,0.58,235.25
2026-02-03 13:41:45.455,4.71,212.46,READY,1.41,105.07,103.29,0.62,235.25
2026-02-03 13:41:45.571,9.16,109.15,READY,1.35,0.67,104.60,0.58,235.25
2026-02-03 13:41:45.684,9.23,108.29,READY,1.48,0.60,103.60,0.58,235.25
2026-02-03 13:41:45.798,9.21,108.53,READY,1.50,0.61,103.91,0.58,235.25
2026-02-03 13:41:45.923,8.29,120.68,READY,13.01,0.62,104.55,0.56,235.25
2026-02-03 13:41:46.143,4.64,215.45,READY,1.48,108.63,102.39,0.97,235.25
2026-02-03 13:41:46.259,9.21,108.55,READY,1.27,0.63,104.09,0.59,235.25
2026-02-03 13:41:46.399,7.43,134.60,READY,19.56,0.63,111.71,0.68,235.25
2026-02-03 13:41:46.523,8.37,119.47,READY,12.13,0.56,104.13,0.60,235.25
2026-02-03 13:41:46.639,9.00,111.07,READY,1.47,0.56,106.43,0.64,235.25
2026-02-03 13:41:46.855,4.72,211.67,READY,1.77,104.65,102.63,0.59,235.25
2026-02-03 13:41:46.972,9.13,109.51,READY,1.47,0.71,104.82,0.59,235.25
2026-02-03 13:41:47.087,9.14,109.41,READY,1.52,0.60,104.73,0.64,235.25
2026-02-03 13:41:47.200,9.21,108.54,READY,1.47,0.59,103.87,0.62,235.25
2026-02-03 13:41:47.324,8.39,119.18,READY,10.74,0.60,105.27,0.60,235.25
2026-02-03 13:41:47.549,4.55,219.77,READY,1.51,110.92,104.84,0.60,235.25
2026-02-03 13:41:47.666,9.11,109.79,READY,1.33,0.64,105.25,0.58,235.25
2026-02-03 13:41:47.792,8.23,121.51,READY,13.02,0.56,105.31,0.56,235.25
2026-02-03 13:41:47.906,9.17,109.03,READY,1.54,0.57,104.33,0.62,235.25
2026-02-03 13:41:48.022,9.18,108.93,READY,1.51,0.64,104.24,0.57,235.25
2026-02-03 13:41:48.239,4.71,212.39,READY,1.44,105.54,102.77,0.61,235.25
2026-02-03 13:41:48.359,8.83,113.22,READY,1.31,0.62,108.89,0.60,235.25
2026-02-03 13:41:48.479,8.70,114.95,READY,1.47,0.61,110.03,0.75,235.25
2026-02-03 13:41:48.604,8.37,119.48,READY,1.46,0.65,114.29,0.63,235.25
2026-02-03 13:41:48.727,8.52,117.36,READY,2.12,0.73,111.82,0.60,235.25
2026-02-03 13:41:48.950,4.60,217.50,READY,1.31,105.78,107.69,0.61,235.25
2026-02-03 13:41:49.071,8.79,113.71,READY,1.43,0.63,108.93,0.78,235.25
2026-02-03 13:41:49.200,8.09,123.61,READY,7.81,0.56,112.88,0.56,235.25
2026-02-03 13:41:49.321,8.62,116.03,READY,1.46,0.56,111.09,0.62,235.25
2026-02-03 13:41:49.439,8.84,113.15,READY,1.71,0.54,107.59,0.56,235.25
2026-02-03 13:41:49.662,4.62,216.55,READY,1.45,106.79,105.74,0.62,235.25
2026-02-03 13:41:49.778,9.20,108.73,READY,1.35,0.67,104.08,0.62,235.25
2026-02-03 13:41:49.893,9.11,109.75,READY,1.51,0.61,105.09,0.55,235.25
2026-02-03 13:41:50.007,9.13,109.51,READY,1.56,0.60,104.78,0.62,235.25
2026-02-03 13:41:50.125,8.90,112.36,READY,3.86,0.70,105.24,0.62,235.25
2026-02-03 13:41:50.343,4.69,213.38,READY,1.57,105.70,103.14,1.06,235.25
2026-02-03 13:41:50.461,9.09,110.01,READY,1.54,0.63,104.92,0.62,235.25
2026-02-03 13:41:50.593,7.88,126.86,READY,18.35,0.60,105.22,0.65,235.25
2026-02-03 13:41:50.708,9.06,110.42,READY,1.46,0.60,104.38,0.61,235.25
2026-02-03 13:41:50.822,9.17,109.06,READY,1.59,0.56,104.34,0.58,235.25
2026-02-03 13:41:51.040,4.68,213.73,READY,1.45,105.40,104.20,0.57,235.25
2026-02-03 13:41:51.158,9.10,109.92,READY,1.24,0.65,105.24,0.59,235.25
2026-02-03 13:41:51.272,9.13,109.56,READY,1.80,0.62,104.26,0.57,235.25
2026-02-03 13:41:51.399,8.22,121.70,READY,7.14,0.64,110.77,0.91,235.25
2026-02-03 13:41:51.515,8.99,111.18,READY,2.59,0.59,104.24,0.59,235.25
2026-02-03 13:41:51.733,4.68,213.57,READY,1.54,106.56,102.84,0.61,235.25
2026-02-03 13:41:51.850,9.16,109.19,READY,1.26,0.61,104.70,0.59,235.25
2026-02-03 13:41:51.963,9.25,108.10,READY,1.54,0.60,103.38,0.64,235.25
2026-02-03 13:41:52.077,9.10,109.91,READY,1.53,0.57,105.18,0.59,235.25
2026-02-03 13:41:52.191,9.17,108.99,READY,1.93,0.60,103.84,0.67,235.25
2026-02-03 13:41:52.411,4.66,214.50,READY,2.07,106.78,103.02,0.64,235.25
2026-02-03 13:41:52.526,9.23,108.38,READY,1.36,0.68,103.82,0.58,235.25
2026-02-03 13:41:52.640,9.21,108.60,READY,1.47,0.65,103.88,0.63,235.25
2026-02-03 13:41:52.753,9.17,109.06,READY,1.50,0.60,104.35,0.61,235.25
2026-02-03 13:41:52.867,9.24,108.27,READY,1.53,0.61,103.54,0.61,235.25
2026-02-03 13:41:53.103,4.33,231.10,READY,12.98,112.04,103.53,0.61,235.25
2026-02-03 13:41:53.218,9.25,108.10,READY,1.32,0.56,103.72,0.59,235.25
2026-02-03 13:41:53.330,9.29,107.66,READY,1.52,0.62,102.97,0.61,235.25
2026-02-03 13:41:53.459,8.12,123.18,READY,17.12,0.61,102.86,0.59,235.25
2026-02-03 13:41:53.598,7.43,134.67,READY,21.24,0.87,109.71,0.56,235.25
2026-02-03 13:41:53.823,4.55,219.63,READY,1.54,109.95,105.52,0.66,235.25
2026-02-03 13:41:53.939,9.22,108.48,READY,1.46,0.60,103.72,0.71,235.25
2026-02-03 13:41:54.059,8.63,115.83,READY,9.06,0.63,103.61,0.57,235.25
2026-02-03 13:41:54.199,7.42,134.75,READY,20.42,0.87,110.63,0.58,235.25
2026-02-03 13:41:54.313,9.18,108.99,READY,1.54,0.64,104.30,0.56,235.25
2026-02-03 13:41:54.529,4.73,211.50,READY,1.51,104.88,102.55,0.58,235.25
2026-02-03 13:41:54.645,9.22,108.44,READY,1.27,0.67,103.94,0.57,235.25
2026-02-03 13:41:54.759,9.19,108.78,READY,1.48,0.57,104.08,0.65,235.25
2026-02-03 13:41:54.871,9.26,107.97,READY,1.50,0.56,103.30,0.58,235.25
2026-02-03 13:41:54.991,8.68,115.15,READY,8.32,0.56,103.63,0.58,235.25
2026-02-03 13:41:55.209,4.69,213.04,READY,1.90,104.87,103.78,0.57,235.25
2026-02-03 13:41:55.326,9.17,108.99,READY,1.26,0.72,104.51,0.55,235.25
2026-02-03 13:41:55.440,9.15,109.31,READY,1.48,0.67,104.66,0.57,235.25
2026-02-03 13:41:55.555,9.11,109.73,READY,2.12,0.61,104.36,0.69,235.25
2026-02-03 13:41:55.669,9.12,109.62,READY,1.85,0.60,104.56,0.62,235.25
2026-02-03 13:41:55.901,4.43,225.96,READY,9.64,107.05,105.00,0.62,235.25
2026-02-03 13:41:56.017,9.18,108.92,READY,1.27,0.68,104.34,0.61,235.25
2026-02-03 13:41:56.132,9.16,109.17,READY,1.49,0.57,104.51,0.56,235.25
2026-02-03 13:41:56.261,8.00,124.99,READY,16.32,0.55,105.51,0.59,235.25
2026-02-03 13:41:56.394,7.86,127.26,READY,18.49,0.57,105.63,0.61,235.25
2026-02-03 13:41:56.621,4.51,221.92,READY,1.76,113.17,104.39,0.60,235.25
2026-02-03 13:41:56.739,9.05,110.55,READY,1.26,0.66,106.05,0.60,235.25
2026-02-03 13:41:56.862,8.49,117.74,READY,8.84,0.59,105.69,0.61,235.25
2026-02-03 13:41:56.993,7.92,126.24,READY,18.25,0.60,104.74,0.63,235.25
2026-02-03 13:41:57.108,9.04,110.56,READY,1.65,0.58,105.72,0.62,235.25
2026-02-03 13:41:57.334,4.54,220.20,READY,1.61,111.49,104.53,0.56,235.25
2026-02-03 13:41:57.453,8.99,111.27,READY,1.33,0.62,106.66,0.66,235.25
2026-02-03 13:41:57.570,8.94,111.87,READY,2.36,0.62,106.16,0.63,235.25
2026-02-03 13:41:57.684,9.18,108.90,READY,2.13,0.57,103.55,0.60,235.25
2026-02-03 13:41:57.800,9.01,110.95,READY,2.19,0.58,105.61,0.61,235.25
2026-02-03 13:41:58.039,4.28,233.89,READY,12.21,110.30,106.63,1.22,235.25
2026-02-03 13:41:58.153,9.14,109.36,READY,1.50,0.66,104.61,0.60,235.25
2026-02-03 13:41:58.268,9.11,109.78,READY,1.58,0.63,105.07,0.55,235.25
2026-02-03 13:41:58.393,8.33,120.05,READY,12.26,0.60,104.67,0.58,235.25
2026-02-03 13:41:58.508,9.04,110.56,READY,1.53,0.61,105.85,0.59,235.25
2026-02-03 13:41:58.726,4.70,212.63,READY,1.55,105.40,103.13,0.57,235.25
2026-02-03 13:41:58.843,9.10,109.89,READY,2.00,0.57,104.74,0.57,235.25
2026-02-03 13:41:58.958,9.08,110.16,READY,1.45,0.57,105.48,0.62,235.25
2026-02-03 13:41:59.072,9.15,109.24,READY,1.55,0.56,104.48,0.61,235.25
2026-02-03 13:41:59.193,8.68,115.17,READY,7.76,0.57,104.13,0.60,235.25
2026-02-03 13:41:59.410,4.71,212.50,READY,1.48,104.94,103.24,0.56,235.25
2026-02-03 13:41:59.527,9.12,109.63,READY,1.98,0.61,104.09,0.56,235.25
2026-02-03 13:41:59.641,9.15,109.34,READY,1.49,0.63,104.30,0.58,235.25
2026-02-03 13:41:59.755,9.17,109.09,READY,1.58,0.58,104.14,0.61,235.25
2026-02-03 13:41:59.869,9.20,108.72,READY,1.53,0.60,103.98,0.58,235.25
2026-02-03 13:42:00.099,4.45,224.84,READY,11.58,106.41,104.24,0.60,235.25
2026-02-03 13:42:00.215,9.19,108.79,READY,1.31,0.62,104.32,0.61,235.25
2026-02-03 13:42:00.329,9.16,109.18,READY,1.67,0.57,104.25,0.60,235.25
2026-02-03 13:42:00.467,7.53,132.81,READY,19.58,0.61,109.90,0.61,235.25
2026-02-03 13:42:00.594,8.14,122.85,READY,15.15,0.60,104.40,0.68,235.25
2026-02-03 13:42:00.814,4.65,214.86,READY,1.58,105.57,104.97,0.55,235.25
2026-02-03 13:42:00.932,9.00,111.06,READY,1.33,0.65,106.48,0.66,235.25
2026-02-03 13:42:01.061,8.08,123.82,READY,15.94,0.61,104.67,0.57,235.25
2026-02-03 13:42:01.199,7.53,132.75,READY,19.39,0.64,110.05,0.62,235.25
2026-02-03 13:42:01.314,9.11,109.81,READY,1.50,0.61,105.11,0.56,235.25
2026-02-03 13:42:01.543,4.45,224.69,READY,1.47,116.16,104.49,0.59,235.25
2026-02-03 13:42:01.660,9.15,109.28,READY,1.27,0.63,104.76,0.58,235.25
2026-02-03 13:42:01.775,9.08,110.08,READY,1.50,0.57,105.38,0.57,235.25
2026-02-03 13:42:01.889,9.13,109.56,READY,1.56,0.57,104.82,0.59,235.25
2026-02-03 13:42:02.004,9.06,110.42,READY,1.47,0.57,105.74,0.59,235.25
2026-02-03 13:42:02.242,4.30,232.72,READY,12.15,112.46,105.43,0.58,235.25
2026-02-03 13:42:02.358,9.21,108.57,READY,1.36,0.66,103.98,0.61,235.25
2026-02-03 13:42:02.471,9.24,108.25,READY,1.59,0.64,103.49,0.57,235.25
2026-02-03 13:42:02.593,8.54,117.11,READY,9.71,0.61,104.15,0.62,235.25
2026-02-03 13:42:02.707,9.19,108.84,READY,1.50,0.61,104.06,0.61,235.25
2026-02-03 13:42:02.935,4.48,223.25,READY,1.58,111.58,107.53,0.58,235.25
2026-02-03 13:42:03.052,9.15,109.27,READY,1.91,0.61,104.15,0.58,235.25
2026-02-03 13:42:03.166,9.18,108.88,READY,1.55,0.57,104.21,0.57,235.25
2026-02-03 13:42:03.280,9.13,109.48,READY,1.56,0.63,104.71,0.59,235.25
2026-02-03 13:42:03.395,9.12,109.71,READY,1.54,0.57,104.97,0.62,235.25
2026-02-03 13:42:03.620,4.54,220.30,READY,1.58,110.43,105.54,0.60,235.25
2026-02-03 13:42:03.735,9.23,108.40,READY,1.25,0.69,103.93,0.58,235.25
2026-02-03 13:42:03.867,7.89,126.79,READY,14.29,0.74,109.40,0.63,235.25
2026-02-03 13:42:03.998,7.95,125.75,READY,13.69,0.61,108.93,0.58,235.25
2026-02-03 13:42:04.125,8.18,122.29,READY,1.57,0.60,117.41,0.61,235.25
2026-02-03 13:42:04.351,4.53,220.93,READY,1.39,110.02,106.89,0.55,235.25
2026-02-03 13:42:04.479,8.29,120.66,READY,1.26,0.64,116.08,0.57,235.25
2026-02-03 13:42:04.599,8.72,114.63,READY,1.41,0.57,109.89,0.59,235.25
2026-02-03 13:42:04.718,8.76,114.20,READY,1.56,0.57,109.42,0.61,235.25
2026-02-03 13:42:04.837,8.78,113.87,READY,1.64,0.56,109.00,0.64,235.25
2026-02-03 13:42:05.060,4.59,217.84,READY,1.32,106.25,107.59,0.62,235.25
2026-02-03 13:42:05.181,8.83,113.19,READY,1.39,0.65,108.52,0.66,235.25
2026-02-03 13:42:05.301,8.75,114.27,READY,1.36,0.61,109.18,0.57,235.25
2026-02-03 13:42:05.420,8.74,114.37,READY,1.84,0.60,109.21,0.62,235.25
2026-02-03 13:42:05.538,8.86,112.86,READY,1.62,0.61,107.97,0.59,235.25
2026-02-03 13:42:05.770,4.39,227.73,READY,11.38,106.48,107.32,0.63,235.25
2026-02-03 13:42:05.892,8.76,114.21,READY,1.30,0.75,109.60,0.59,235.25
2026-02-03 13:42:06.007,9.13,109.50,READY,1.64,0.57,104.66,0.64,235.25
2026-02-03 13:42:06.131,8.37,119.43,READY,10.80,0.59,105.47,0.58,235.25
2026-02-03 13:42:06.263,7.87,126.99,READY,18.46,0.57,105.36,0.61,235.25
2026-02-03 13:42:06.480,4.71,212.13,READY,1.50,104.61,103.16,0.60,235.25
2026-02-03 13:42:06.596,9.19,108.78,READY,1.26,0.56,103.71,0.56,235.25
2026-02-03 13:42:06.710,9.18,108.91,READY,1.47,0.62,104.36,0.55,235.25
2026-02-03 13:42:06.823,9.22,108.47,READY,1.60,0.65,103.68,0.63,235.25
2026-02-03 13:42:06.937,9.17,109.06,READY,1.52,0.61,104.37,0.54,235.25
2026-02-03 13:42:07.168,4.43,225.93,READY,12.55,106.56,104.28,0.59,235.25
2026-02-03 13:42:07.283,9.22,108.47,READY,1.27,0.67,104.01,0.57,235.25
2026-02-03 13:42:07.397,9.21,108.53,READY,1.51,0.56,103.93,0.60,235.25
2026-02-03 13:42:07.534,7.57,132.12,READY,20.61,0.76,107.85,0.66,235.25
2026-02-03 13:42:07.663,8.06,124.12,READY,15.62,0.57,105.29,0.63,235.25
2026-02-03 13:42:07.881,4.70,212.81,READY,2.22,104.78,103.28,0.56,235.25
2026-02-03 13:42:07.997,9.19,108.77,READY,1.33,0.66,104.24,0.56,235.25
2026-02-03 13:42:08.110,9.22,108.45,READY,1.49,0.64,103.75,0.61,235.25
2026-02-03 13:42:08.225,9.13,109.51,READY,1.50,0.60,104.80,0.59,235.25
2026-02-03 13:42:08.338,9.18,108.98,READY,1.51,0.61,104.29,0.63,235.25
2026-02-03 13:42:08.567,4.46,224.17,READY,11.24,106.51,103.78,0.56,235.25
2026-02-03 13:42:08.685,9.08,110.11,READY,1.35,0.68,105.54,0.58,235.25
2026-02-03 13:42:08.798,9.21,108.60,READY,1.46,0.59,103.94,0.62,235.25
2026-02-03 13:42:08.935,7.56,132.22,READY,19.31,0.64,109.67,0.58,235.25
2026-02-03 13:42:09.062,8.23,121.45,READY,14.20,0.57,104.12,0.57,235.25
2026-02-03 13:42:09.288,4.52,221.22,READY,1.50,113.05,104.04,0.61,235.25
2026-02-03 13:42:09.404,9.19,108.87,READY,1.27,0.65,104.41,0.61,235.25
2026-02-03 13:42:09.530,8.30,120.42,READY,13.52,0.60,103.69,0.64,235.25
2026-02-03 13:42:09.669,7.44,134.37,READY,20.22,0.86,110.50,0.57,235.25
2026-02-03 13:42:09.782,9.23,108.38,READY,1.46,0.61,103.72,0.62,235.25
2026-02-03 13:42:10.003,4.64,215.68,READY,1.43,108.28,103.38,0.63,235.25
2026-02-03 13:42:10.120,9.06,110.37,READY,1.34,0.61,105.68,0.62,235.25
2026-02-03 13:42:10.235,9.14,109.39,READY,1.49,0.57,104.31,1.04,235.25
2026-02-03 13:42:10.349,9.17,109.05,READY,1.50,0.56,104.34,0.58,235.25
2026-02-03 13:42:10.465,9.01,111.01,READY,1.48,0.57,106.38,0.58,235.25
2026-02-03 13:42:10.690,4.54,220.02,READY,1.47,110.98,104.97,0.59,235.25
2026-02-03 13:42:10.806,9.12,109.60,READY,1.36,0.61,105.14,0.59,235.25
2026-02-03 13:42:10.930,8.43,118.57,READY,11.61,0.64,103.78,0.58,235.25
2026-02-03 13:42:11.069,7.44,134.34,READY,20.08,0.86,110.59,0.56,235.25
2026-02-03 13:42:11.183,9.16,109.23,READY,1.51,0.62,104.55,0.58,235.25
2026-02-03 13:42:11.411,4.48,223.22,READY,1.56,115.41,103.70,0.57,235.25
2026-02-03 13:42:11.528,9.13,109.55,READY,1.26,0.69,105.00,0.61,235.25
2026-02-03 13:42:11.643,9.12,109.70,READY,1.57,0.56,104.96,0.57,235.25
2026-02-03 13:42:11.757,9.16,109.13,READY,1.50,0.57,104.42,0.58,235.25
2026-02-03 13:42:11.871,9.18,108.94,READY,1.52,0.57,104.22,0.62,235.25
2026-02-03 13:42:12.104,4.38,228.45,READY,11.53,110.64,103.71,0.54,235.25
2026-02-03 13:42:12.220,9.20,108.70,READY,1.24,0.67,104.21,0.58,235.25
2026-02-03 13:42:12.335,9.09,110.06,READY,1.55,0.62,105.35,0.61,235.25
2026-02-03 13:42:12.462,8.18,122.24,READY,15.16,0.61,103.89,0.62,235.25
2026-02-03 13:42:12.576,9.21,108.61,READY,1.47,0.59,103.97,0.62,235.25
2026-02-03 13:42:12.799,4.59,217.95,READY,1.57,109.76,104.05,0.63,235.25
2026-02-03 13:42:12.916,9.06,110.39,READY,1.30,0.66,105.85,0.60,235.25
2026-02-03 13:42:13.030,9.18,108.88,READY,1.52,0.56,104.22,0.57,235.25
2026-02-03 13:42:13.144,9.17,109.10,READY,1.50,0.56,104.43,0.60,235.25
2026-02-03 13:42:13.264,8.70,114.94,READY,6.07,0.58,105.70,0.59,235.25
2026-02-03 13:42:13.481,4.72,212.00,READY,1.53,104.88,103.03,0.60,235.25
2026-02-03 13:42:13.597,9.18,108.93,READY,1.47,0.65,104.29,0.60,235.25
2026-02-03 13:42:13.712,9.18,108.97,READY,1.47,0.68,104.31,0.57,235.25
2026-02-03 13:42:13.825,9.19,108.84,READY,1.35,0.61,104.31,0.57,235.25
2026-02-03 13:42:13.938,9.24,108.22,READY,1.41,0.61,103.69,0.68,235.25
2026-02-03 13:42:14.171,4.40,227.37,READY,11.84,108.20,104.75,0.62,235.25
2026-02-03 13:42:14.287,9.20,108.74,READY,1.31,0.66,104.17,0.66,235.25
2026-02-03 13:42:14.404,8.90,112.38,READY,1.57,0.55,107.84,0.58,235.25
2026-02-03 13:42:14.535,7.93,126.18,READY,14.33,0.55,107.31,0.58,235.25
2026-02-03 13:42:14.663,8.15,122.63,READY,15.33,0.57,104.10,0.60,235.25
2026-02-03 13:42:14.882,4.65,214.99,READY,1.52,106.09,104.57,0.70,235.25
2026-02-03 13:42:15.003,8.81,113.49,READY,1.38,0.59,107.65,1.14,235.25
2026-02-03 13:42:15.131,8.12,123.10,READY,15.43,0.70,104.36,0.61,235.25
2026-02-03 13:42:15.269,7.51,133.17,READY,19.51,0.66,110.43,0.57,235.25
2026-02-03 13:42:15.385,9.04,110.65,READY,1.51,0.61,105.99,0.57,235.25
2026-02-03 13:42:15.606,4.61,216.85,READY,1.53,109.19,103.58,0.60,235.25
2026-02-03 13:42:15.724,9.09,110.05,READY,1.50,0.62,104.02,0.56,235.25
2026-02-03 13:42:15.843,8.86,112.81,READY,1.99,0.55,105.91,0.64,235.25
2026-02-03 13:42:15.957,9.10,109.93,READY,1.58,0.55,105.27,0.63,235.25
2026-02-03 13:42:16.071,9.18,108.96,READY,1.50,0.56,104.32,0.60,235.25
2026-02-03 13:42:16.307,4.33,230.79,READY,15.43,106.78,106.03,0.53,235.25
2026-02-03 13:42:16.424,9.07,110.25,READY,2.12,0.65,104.78,0.53,235.25
2026-02-03 13:42:16.542,8.89,112.44,READY,1.84,0.58,106.90,0.54,235.25
2026-02-03 13:42:16.664,8.53,117.28,READY,9.55,0.65,104.75,0.55,235.25
2026-02-03 13:42:16.778,9.20,108.65,READY,1.55,0.61,104.01,0.55,235.25
2026-02-03 13:42:17.002,4.56,219.20,READY,1.48,109.59,105.61,0.58,235.25
2026-02-03 13:42:17.118,9.19,108.77,READY,1.38,0.64,104.24,0.56,235.25
2026-02-03 13:42:17.232,9.15,109.24,READY,1.71,0.58,104.36,0.56,235.25
2026-02-03 13:42:17.346,9.18,108.98,READY,1.72,0.57,104.11,0.56,235.25
2026-02-03 13:42:17.465,8.77,113.99,READY,5.66,0.62,105.12,0.57,235.25
2026-02-03 13:42:17.684,4.67,214.08,READY,1.49,104.76,105.23,0.61,235.25
2026-02-03 13:42:17.799,9.26,108.01,READY,1.25,0.71,103.52,0.59,235.25
2026-02-03 13:42:17.943,7.18,139.30,READY,21.36,0.62,111.40,0.60,235.25
2026-02-03 13:42:18.068,8.34,119.93,READY,7.41,0.61,109.36,0.55,235.25
2026-02-03 13:42:18.187,8.76,114.13,READY,1.64,0.61,109.24,0.59,235.25
2026-02-03 13:42:18.413,4.54,220.36,READY,1.50,110.00,105.93,0.57,235.25
2026-02-03 13:42:18.533,8.83,113.22,READY,1.30,0.60,108.56,0.59,235.25
2026-02-03 13:42:18.653,8.74,114.35,READY,1.62,0.57,109.53,0.56,235.25
2026-02-03 13:42:18.776,8.42,118.74,READY,1.55,0.57,113.75,0.58,235.25
2026-02-03 13:42:18.901,8.37,119.51,READY,1.59,0.57,114.77,0.59,235.25
2026-02-03 13:42:19.125,4.56,219.27,READY,1.68,104.75,110.34,0.55,235.25
2026-02-03 13:42:19.244,8.99,111.22,READY,1.40,0.60,106.43,0.58,235.25
2026-02-03 13:42:19.364,8.64,115.68,READY,1.57,1.14,108.92,0.60,235.22
2026-02-03 13:42:19.479,9.15,109.28,READY,1.48,0.61,104.61,0.62,235.22
2026-02-03 13:42:19.599,8.65,115.58,READY,8.54,0.66,103.76,0.67,235.22
2026-02-03 13:42:19.841,4.21,237.48,READY,20.12,108.76,105.68,0.57,235.22
2026-02-03 13:42:19.962,8.83,113.31,READY,1.28,0.63,108.81,0.60,235.22
2026-02-03 13:42:20.077,9.07,110.31,READY,1.42,0.61,105.73,0.57,235.22
2026-02-03 13:42:20.201,8.41,118.96,READY,9.85,0.63,105.92,0.59,235.22
2026-02-03 13:42:20.337,7.65,130.77,READY,17.94,0.62,109.70,0.56,235.22
2026-02-03 13:42:20.559,4.59,217.88,READY,1.67,109.29,104.31,0.60,235.22
2026-02-03 13:42:20.685,8.93,112.02,READY,1.27,0.61,107.65,0.60,235.22
2026-02-03 13:42:20.799,9.15,109.28,READY,2.36,0.66,103.74,0.59,235.22
2026-02-03 13:42:20.937,7.52,133.04,READY,20.33,0.90,109.02,0.61,235.22
2026-02-03 13:42:21.050,9.20,108.69,READY,1.47,0.61,104.08,0.60,235.22
2026-02-03 13:42:21.273,4.59,218.09,READY,1.57,108.88,104.94,0.59,235.22
2026-02-03 13:42:21.390,9.12,109.64,READY,1.24,0.62,105.16,0.60,235.22
2026-02-03 13:42:21.504,9.23,108.30,READY,1.39,0.55,103.71,0.62,235.22
2026-02-03 13:42:21.617,9.19,108.85,READY,1.43,0.57,104.27,0.56,235.22
2026-02-03 13:42:21.732,9.12,109.60,READY,2.06,0.61,104.37,0.62,235.22
2026-02-03 13:42:21.952,4.64,215.33,READY,1.48,105.00,106.25,0.60,235.22
2026-02-03 13:42:22.069,9.13,109.55,READY,1.32,0.70,105.08,0.56,235.22
2026-02-03 13:42:22.210,7.33,136.35,READY,18.75,0.69,114.31,0.57,235.22
2026-02-03 13:42:22.333,8.50,117.67,READY,9.39,0.63,105.10,0.61,235.22
2026-02-03 13:42:22.447,9.10,109.89,READY,1.50,0.61,105.16,0.67,235.22
2026-02-03 13:42:22.667,4.65,214.94,READY,1.48,106.53,104.33,0.59,235.22
2026-02-03 13:42:22.785,9.00,111.05,READY,1.29,0.63,106.58,0.60,235.22
2026-02-03 13:42:22.903,8.91,112.18,READY,1.65,0.63,107.18,0.79,235.22
2026-02-03 13:42:23.020,8.91,112.18,READY,2.79,0.63,106.20,0.58,235.22
2026-02-03 13:42:23.134,9.15,109.34,READY,1.50,0.57,104.70,0.57,235.22
2026-02-03 13:42:23.354,4.66,214.79,READY,1.49,105.15,105.54,0.59,235.22
2026-02-03 13:42:23.470,9.17,109.05,READY,1.31,0.61,104.79,0.56,235.22
2026-02-03 13:42:23.602,7.88,126.84,READY,17.67,0.65,105.92,0.63,235.22
2026-02-03 13:42:23.732,7.97,125.44,READY,18.14,0.57,104.17,0.58,235.22
2026-02-03 13:42:23.847,9.08,110.19,READY,1.55,0.61,105.48,0.59,235.22
2026-02-03 13:42:24.066,4.68,213.66,READY,1.51,105.81,103.56,0.62,235.22
2026-02-03 13:42:24.181,9.21,108.53,READY,1.34,0.63,104.05,0.56,235.22
2026-02-03 13:42:24.295,9.19,108.77,READY,1.55,0.62,104.09,0.57,235.22
2026-02-03 13:42:24.408,9.23,108.33,READY,1.44,0.59,103.69,0.58,235.22
2026-02-03 13:42:24.533,8.36,119.62,READY,11.37,0.57,105.09,0.57,235.22
2026-02-03 13:42:24.755,4.60,217.42,READY,1.48,108.77,104.63,0.54,235.22
2026-02-03 13:42:24.872,9.13,109.55,READY,2.16,0.60,104.19,0.60,235.22
2026-02-03 13:42:25.001,8.08,123.75,READY,15.76,0.60,104.84,0.58,235.22
2026-02-03 13:42:25.140,7.44,134.49,READY,19.21,0.68,112.05,0.56,235.22
2026-02-03 13:42:25.254,9.19,108.82,READY,1.48,0.60,104.16,0.61,235.22
2026-02-03 13:42:25.471,4.71,212.34,READY,1.97,104.80,103.01,0.59,235.22
2026-02-03 13:42:25.592,8.76,114.10,READY,1.27,0.59,108.85,0.61,235.25
2026-02-03 13:42:25.708,9.05,110.55,READY,1.59,0.57,105.76,0.64,235.25
2026-02-03 13:42:25.822,9.14,109.41,READY,1.47,0.57,104.82,0.62,235.25
2026-02-03 13:42:25.936,9.22,108.44,READY,1.70,0.56,103.56,0.62,235.25
2026-02-03 13:42:26.170,4.35,229.67,READY,16.26,106.32,104.48,0.61,235.25
2026-02-03 13:42:26.287,9.17,109.08,READY,1.36,0.67,104.51,0.62,235.25
2026-02-03 13:42:26.401,9.19,108.86,READY,2.22,0.64,103.49,0.63,235.25
2026-02-03 13:42:26.539,7.52,133.04,READY,19.36,0.65,110.23,0.77,235.25
2026-02-03 13:42:26.652,9.18,108.88,READY,1.51,0.60,104.18,0.60,235.25
2026-02-03 13:42:26.878,4.53,220.87,READY,1.50,110.53,106.27,0.56,235.25
2026-02-03 13:42:26.996,9.00,111.12,READY,1.35,0.63,106.62,0.57,235.25
2026-02-03 13:42:27.113,8.94,111.83,READY,1.86,0.57,106.74,0.61,235.25
2026-02-03 13:42:27.233,8.67,115.33,READY,2.55,0.57,109.32,0.54,235.25
2026-02-03 13:42:27.349,9.07,110.31,READY,1.86,0.61,105.33,0.55,235.25
2026-02-03 13:42:27.569,4.65,214.98,READY,3.43,105.65,103.28,0.56,235.25
2026-02-03 13:42:27.685,9.15,109.31,READY,1.40,0.66,104.73,0.55,235.25
2026-02-03 13:42:27.801,8.98,111.33,READY,3.00,0.67,105.08,0.56,235.25
2026-02-03 13:42:27.940,7.47,133.81,READY,18.78,0.67,111.71,0.63,235.25
2026-02-03 13:42:28.056,9.06,110.39,READY,1.52,0.60,105.72,0.57,235.25
2026-02-03 13:42:28.286,4.43,225.95,READY,1.43,114.36,107.57,0.61,235.25
2026-02-03 13:42:28.404,9.08,110.09,READY,1.37,0.60,105.49,0.60,235.25
2026-02-03 13:42:28.536,7.87,127.05,READY,16.48,0.57,107.37,0.59,235.25
2026-02-03 13:42:28.655,8.77,114.02,READY,2.42,0.65,107.42,0.93,235.25
2026-02-03 13:42:28.770,9.06,110.32,READY,2.30,0.58,104.90,0.53,235.25
2026-02-03 13:42:28.991,4.63,216.19,READY,2.13,105.64,105.83,0.56,235.25
2026-02-03 13:42:29.108,9.18,108.91,READY,1.29,0.64,104.39,0.60,235.25
2026-02-03 13:42:29.224,9.04,110.62,READY,1.96,0.61,104.67,0.57,235.25
2026-02-03 13:42:29.338,9.17,109.07,READY,1.45,0.64,104.09,0.60,235.25
2026-02-03 13:42:29.469,7.91,126.47,READY,14.86,0.60,108.47,0.57,235.25
2026-02-03 13:42:29.696,4.49,222.53,READY,1.49,113.65,104.77,0.62,235.25
2026-02-03 13:42:29.812,9.20,108.75,READY,1.34,0.62,104.16,0.62,235.25
2026-02-03 13:42:29.933,8.65,115.64,READY,7.98,0.57,104.43,0.57,235.25
2026-02-03 13:42:30.048,9.08,110.13,READY,1.48,0.57,105.48,0.57,235.25
2026-02-03 13:42:30.162,9.15,109.28,READY,1.47,0.60,104.62,0.62,235.25
2026-02-03 13:42:30.382,4.65,214.91,READY,1.53,106.28,104.48,0.59,235.25
2026-02-03 13:42:30.499,9.09,110.00,READY,1.48,0.65,105.21,0.61,235.25
2026-02-03 13:42:30.614,9.11,109.75,READY,1.57,0.61,104.96,0.63,235.25
2026-02-03 13:42:30.734,8.73,114.50,READY,6.28,0.62,105.00,0.58,235.25
2026-02-03 13:42:30.848,9.14,109.36,READY,1.55,0.65,104.62,0.57,235.25
2026-02-03 13:42:31.073,4.55,219.80,READY,1.52,105.62,110.04,0.61,235.25
2026-02-03 13:42:31.191,9.02,110.90,READY,1.27,0.65,106.36,0.59,235.25
2026-02-03 13:42:31.306,9.09,110.01,READY,1.58,0.57,105.17,0.62,235.25
2026-02-03 13:42:31.422,9.03,110.73,READY,1.63,0.64,104.46,0.58,235.25
2026-02-03 13:42:31.536,9.16,109.22,READY,1.50,0.62,104.47,0.60,235.25
2026-02-03 13:42:31.856,3.17,315.84,READY,1.46,208.00,103.74,0.66,235.25
2026-02-03 13:42:31.973,9.18,108.94,READY,1.36,0.66,104.27,0.68,235.25
2026-02-03 13:42:32.087,9.11,109.81,READY,1.48,0.60,105.22,0.55,235.25
2026-02-03 13:42:32.202,9.10,109.93,READY,1.48,0.60,105.44,0.60,235.25
2026-02-03 13:42:32.334,7.88,126.86,READY,18.56,0.57,105.13,0.57,235.25
2026-02-03 13:42:32.562,4.54,220.20,READY,1.83,110.35,105.30,0.66,235.25
2026-02-03 13:42:32.681,8.98,111.32,READY,1.31,0.65,106.81,0.61,235.25
2026-02-03 13:42:32.803,8.58,116.56,READY,7.39,0.57,105.90,0.63,235.25
2026-02-03 13:42:32.935,7.83,127.78,READY,18.08,0.60,106.53,0.62,235.25
2026-02-03 13:42:33.052,8.96,111.58,READY,1.66,0.57,106.74,0.61,235.25
2026-02-03 13:42:33.274,4.61,216.81,READY,1.63,108.55,103.97,0.60,235.25
2026-02-03 13:42:33.392,9.08,110.18,READY,1.33,0.71,105.61,0.58,235.25
2026-02-03 13:42:33.507,9.10,109.86,READY,1.93,0.61,104.80,0.58,235.25
2026-02-03 13:42:33.621,9.18,108.99,READY,1.58,0.60,104.15,0.68,235.25
2026-02-03 13:42:33.736,9.11,109.81,READY,1.58,0.60,105.07,0.59,235.25
2026-02-03 13:42:33.954,4.69,213.28,READY,1.57,105.72,103.55,0.58,235.25
2026-02-03 13:42:34.070,9.18,108.96,READY,1.36,0.64,104.14,0.78,235.25
2026-02-03 13:42:34.209,7.48,133.68,READY,18.94,0.63,111.44,0.61,235.25
2026-02-03 13:42:34.333,8.36,119.57,READY,12.01,0.57,104.39,0.57,235.25
2026-02-03 13:42:34.447,9.18,108.89,READY,1.49,0.57,104.20,0.61,235.25
2026-02-03 13:42:34.669,4.62,216.56,READY,1.56,106.09,106.20,0.56,235.25
2026-02-03 13:42:34.785,9.19,108.79,READY,1.31,0.66,104.23,0.59,235.25
2026-02-03 13:42:34.898,9.23,108.36,READY,1.55,0.61,103.63,0.57,235.25
2026-02-03 13:42:35.013,9.08,110.09,READY,1.57,0.64,105.26,0.66,235.25
2026-02-03 13:42:35.135,8.57,116.73,READY,8.14,0.61,105.40,0.61,235.25
2026-02-03 13:42:35.352,4.71,212.46,READY,1.57,104.92,103.37,0.59,235.25
2026-02-03 13:42:35.468,9.16,109.21,READY,1.29,0.62,104.66,0.61,235.25
2026-02-03 13:42:35.584,9.02,110.82,READY,1.56,0.60,106.10,0.57,235.25
2026-02-03 13:42:35.700,9.05,110.53,READY,1.55,0.58,105.80,0.60,235.25
2026-02-03 13:42:35.815,9.09,109.99,READY,1.71,0.56,105.10,0.65,235.25
2026-02-03 13:42:36.045,4.44,225.29,READY,6.72,108.22,107.63,0.60,235.25
2026-02-03 13:42:36.161,9.16,109.12,READY,1.38,0.59,104.60,0.63,235.25
2026-02-03 13:42:36.276,9.15,109.28,READY,1.49,0.61,104.60,0.59,235.25
2026-02-03 13:42:36.403,8.15,122.73,READY,13.77,0.61,105.87,0.55,235.25
2026-02-03 13:42:36.541,7.50,133.27,READY,18.17,0.61,111.96,0.61,235.25
2026-02-03 13:42:36.761,4.67,214.28,READY,1.56,106.23,103.99,0.57,235.25
2026-02-03 13:42:36.877,9.20,108.68,READY,1.27,0.60,104.18,0.57,235.25
2026-02-03 13:42:37.004,8.14,122.83,READY,12.79,0.57,106.88,0.58,235.25
2026-02-03 13:42:37.135,7.93,126.05,READY,17.05,0.57,105.88,0.58,235.25
2026-02-03 13:42:37.250,9.13,109.56,READY,1.73,0.57,104.65,0.60,235.25
2026-02-03 13:42:37.471,4.63,216.11,READY,1.53,106.36,105.27,0.57,235.25
2026-02-03 13:42:37.592,8.82,113.43,READY,1.28,0.62,107.98,0.57,235.25
2026-02-03 13:42:37.707,9.05,110.52,READY,1.54,0.61,105.36,0.56,235.25
2026-02-03 13:42:37.825,8.82,113.33,READY,1.70,0.62,108.14,0.58,235.25
2026-02-03 13:42:37.940,9.07,110.21,READY,1.80,0.71,105.24,0.57,235.25
2026-02-03 13:42:38.178,4.31,232.22,READY,17.19,106.59,105.86,0.64,235.25
2026-02-03 13:42:38.295,9.12,109.65,READY,1.41,0.59,104.59,0.58,235.25
2026-02-03 13:42:38.410,9.14,109.42,READY,1.49,0.57,104.72,0.60,235.25
2026-02-03 13:42:38.535,8.31,120.32,READY,12.10,0.57,105.10,0.57,235.25
2026-02-03 13:42:38.649,9.15,109.29,READY,1.51,0.57,104.58,0.56,235.25
2026-02-03 13:42:38.872,4.58,218.38,READY,1.48,105.37,108.95,0.57,235.25
2026-02-03 13:42:38.990,9.10,109.84,READY,2.02,0.61,104.56,0.66,235.25
2026-02-03 13:42:39.105,9.07,110.28,READY,1.54,0.64,105.55,0.57,235.25
2026-02-03 13:42:39.220,9.04,110.67,READY,1.54,0.63,105.91,0.60,235.25
2026-02-03 13:42:39.335,9.12,109.62,READY,1.64,0.61,104.83,0.57,235.25
2026-02-03 13:42:39.659,3.14,318.83,READY,1.49,210.82,103.69,0.61,235.25
2026-02-03 13:42:39.778,8.94,111.86,READY,1.29,0.59,106.56,0.63,235.25
2026-02-03 13:42:39.895,9.07,110.30,READY,1.38,0.64,105.77,0.59,235.25
2026-02-03 13:42:40.012,8.91,112.27,READY,1.90,0.61,107.15,0.58,235.25
2026-02-03 13:42:40.136,8.56,116.78,READY,7.53,0.57,106.10,0.58,235.25
2026-02-03 13:42:40.361,4.54,220.07,READY,2.58,109.88,105.12,0.53,235.25
2026-02-03 13:42:40.485,8.64,115.77,READY,1.58,0.62,111.03,0.56,235.25
2026-02-03 13:42:40.605,8.68,115.26,READY,5.36,0.65,106.67,0.63,235.25
2026-02-03 13:42:40.719,9.11,109.81,READY,1.73,0.61,104.81,0.58,235.25
2026-02-03 13:42:40.835,9.20,108.65,READY,1.26,0.62,104.33,0.62,235.25
2026-02-03 13:42:41.053,4.68,213.66,READY,1.95,105.38,103.77,0.63,235.25
2026-02-03 13:42:41.170,9.17,109.10,READY,1.45,0.64,104.40,0.64,235.25
2026-02-03 13:42:41.286,9.04,110.57,READY,1.73,0.62,103.98,0.67,235.25
2026-02-03 13:42:41.405,8.77,114.05,READY,4.16,0.65,106.16,1.09,235.25
2026-02-03 13:42:41.519,9.14,109.38,READY,1.47,0.57,104.77,0.58,235.25
2026-02-03 13:42:41.736,4.73,211.29,READY,2.28,103.18,103.26,0.58,235.25
2026-02-03 13:42:41.852,9.12,109.64,READY,1.29,0.73,105.10,0.57,235.25
2026-02-03 13:42:41.971,8.85,113.01,READY,1.60,0.62,108.18,0.64,235.25
2026-02-03 13:42:42.087,8.95,111.78,READY,2.60,0.56,106.06,0.57,235.25
2026-02-03 13:42:42.202,9.07,110.19,READY,2.85,0.61,104.19,0.63,235.25
2026-02-03 13:42:42.420,4.71,212.32,READY,1.44,104.82,103.44,0.58,235.25
2026-02-03 13:42:42.536,9.14,109.40,READY,1.24,0.72,104.89,0.56,235.25
2026-02-03 13:42:42.651,9.14,109.37,READY,1.62,0.57,104.57,0.61,235.25
2026-02-03 13:42:42.765,9.13,109.54,READY,1.48,0.57,104.85,0.57,235.25
2026-02-03 13:42:42.881,9.03,110.72,READY,2.77,0.57,104.76,0.59,235.25
2026-02-03 13:42:43.110,4.45,224.73,READY,9.56,107.18,105.30,0.67,235.25
2026-02-03 13:42:43.228,9.05,110.52,READY,2.06,0.68,105.25,0.58,235.25
2026-02-03 13:42:43.343,9.10,109.84,READY,2.41,0.63,104.44,0.61,235.25
2026-02-03 13:42:43.471,8.11,123.24,READY,15.17,0.60,104.91,0.64,235.25
2026-02-03 13:42:43.611,7.43,134.50,READY,19.12,0.66,112.10,0.64,235.25
2026-02-03 13:42:43.933,3.15,317.19,READY,1.61,207.92,105.13,0.57,235.25
2026-02-03 13:42:44.050,9.14,109.39,READY,1.27,0.61,104.89,0.59,235.25
2026-02-03 13:42:44.165,9.06,110.43,READY,1.77,0.56,105.46,0.57,235.25
2026-02-03 13:42:44.280,9.12,109.70,READY,1.48,0.58,104.99,0.58,235.25
2026-02-03 13:42:44.403,8.47,118.09,READY,10.33,0.57,104.48,0.59,235.25
2026-02-03 13:42:44.624,4.63,216.02,READY,1.92,107.83,103.68,0.57,235.25
2026-02-03 13:42:44.741,9.13,109.51,READY,1.26,0.67,105.01,0.55,235.25
2026-02-03 13:42:44.871,8.01,124.77,READY,17.52,0.61,103.94,0.70,235.25
2026-02-03 13:42:45.011,7.39,135.40,READY,19.94,0.69,112.20,0.60,235.25
2026-02-03 13:42:45.125,9.16,109.15,READY,1.51,0.63,104.41,0.60,235.25
2026-02-03 13:42:45.345,4.65,215.11,READY,1.48,106.98,103.76,0.57,235.25
2026-02-03 13:42:45.461,9.16,109.13,READY,1.25,0.60,104.32,0.58,235.25
2026-02-03 13:42:45.576,9.08,110.11,READY,1.45,0.60,105.30,0.54,235.25
2026-02-03 13:42:45.691,9.15,109.30,READY,1.52,0.57,104.53,0.70,235.25
2026-02-03 13:42:45.805,9.15,109.28,READY,1.81,0.56,104.21,0.58,235.25
2026-02-03 13:42:46.022,4.71,212.32,READY,1.50,105.78,102.44,0.57,235.25
2026-02-03 13:42:46.139,9.13,109.56,READY,1.40,0.67,104.75,0.65,235.25
2026-02-03 13:42:46.253,9.15,109.30,READY,1.62,0.59,104.18,0.56,235.25
2026-02-03 13:42:46.371,8.87,112.77,READY,1.56,0.60,107.18,0.61,235.25
2026-02-03 13:42:46.484,9.19,108.77,READY,1.60,0.61,103.99,0.66,235.25
2026-02-03 13:42:46.709,4.55,219.63,READY,6.29,107.88,102.92,0.61,235.25
2026-02-03 13:42:46.825,9.22,108.44,READY,1.26,0.62,103.97,0.58,235.25
2026-02-03 13:42:46.938,9.25,108.17,READY,1.46,0.57,103.55,0.59,235.25
2026-02-03 13:42:47.076,7.49,133.47,READY,20.91,0.81,108.96,0.60,235.25
2026-02-03 13:42:47.206,8.06,124.08,READY,15.77,0.57,104.50,0.57,235.25
2026-02-03 13:42:47.427,4.62,216.37,READY,1.46,108.04,104.25,0.65,235.25
2026-02-03 13:42:47.543,9.15,109.32,READY,1.30,0.67,104.79,0.60,235.25
2026-02-03 13:42:47.671,8.12,123.23,READY,15.52,0.63,104.52,0.59,235.25
2026-02-03 13:42:47.809,7.51,133.23,READY,19.52,0.63,110.50,0.57,235.25
2026-02-03 13:42:47.924,9.13,109.54,READY,1.42,0.61,104.99,0.61,235.25
2026-02-03 13:42:48.142,4.69,213.20,READY,1.53,105.70,103.41,0.57,235.25
2026-02-03 13:42:48.258,9.18,108.96,READY,1.34,0.64,104.42,0.60,235.25
2026-02-03 13:42:48.371,9.23,108.35,READY,1.52,0.58,103.63,0.59,235.25
2026-02-03 13:42:48.485,9.20,108.72,READY,1.57,0.59,104.00,0.57,235.25
2026-02-03 13:42:48.603,8.81,113.54,READY,6.04,0.56,104.35,0.57,235.25
2026-02-03 13:42:48.826,4.59,217.68,READY,1.85,107.08,106.23,0.56,235.25
2026-02-03 13:42:48.943,9.08,110.09,READY,1.81,0.67,105.12,0.60,235.25
2026-02-03 13:42:49.073,8.15,122.77,READY,13.78,0.61,105.84,0.57,235.25
2026-02-03 13:42:49.205,7.86,127.21,READY,18.17,0.65,105.87,0.60,235.25
2026-02-03 13:42:49.320,9.13,109.56,READY,1.47,0.60,104.86,0.63,235.25
2026-02-03 13:42:49.543,4.57,219.06,READY,1.86,108.98,105.67,0.63,235.25
2026-02-03 13:42:49.661,9.06,110.37,READY,1.28,0.64,105.91,0.56,235.25
2026-02-03 13:42:49.775,9.19,108.79,READY,1.57,0.57,104.06,0.60,235.25
2026-02-03 13:42:49.889,9.14,109.38,READY,1.51,0.58,104.60,0.62,235.25
2026-02-03 13:42:50.004,9.11,109.78,READY,2.08,0.62,104.46,0.62,235.25
2026-02-03 13:42:50.226,4.60,217.36,READY,1.50,109.06,104.08,0.61,235.25
2026-02-03 13:42:50.342,9.20,108.73,READY,1.39,0.59,104.28,0.60,235.25
2026-02-03 13:42:50.471,8.05,124.17,READY,17.11,0.64,103.86,0.61,235.25
2026-02-03 13:42:50.610,7.44,134.41,READY,20.05,0.90,110.68,0.63,235.25
2026-02-03 13:42:50.725,9.14,109.43,READY,1.43,0.60,104.83,0.59,235.25
2026-02-03 13:42:50.945,4.65,214.88,READY,1.45,107.41,103.53,0.55,235.25
2026-02-03 13:42:51.060,9.04,110.63,READY,1.50,0.56,105.80,0.60,235.25
2026-02-03 13:42:51.178,8.84,113.13,READY,1.71,0.55,107.46,0.61,235.25
2026-02-03 13:42:51.293,9.08,110.18,READY,1.51,0.57,105.46,0.62,235.25
2026-02-03 13:42:51.408,9.13,109.48,READY,1.56,0.57,104.95,0.62,235.25
2026-02-03 13:42:51.652,4.17,239.76,READY,19.64,112.32,105.17,0.64,235.25
2026-02-03 13:42:51.770,9.06,110.33,READY,1.25,0.65,105.82,0.64,235.25
2026-02-03 13:42:51.885,9.05,110.48,READY,1.53,0.63,105.80,0.57,235.25
2026-02-03 13:42:52.005,8.74,114.41,READY,5.93,0.64,105.32,0.58,235.25
2026-02-03 13:42:52.121,8.98,111.35,READY,1.50,0.61,106.64,0.64,235.25
2026-02-03 13:42:52.342,4.63,215.90,READY,1.46,107.63,104.22,0.67,235.25
2026-02-03 13:42:52.456,9.19,108.79,READY,1.54,0.61,104.08,0.58,235.25
2026-02-03 13:42:52.569,9.20,108.73,READY,1.46,0.57,104.14,0.58,235.25
2026-02-03 13:42:52.683,9.21,108.58,READY,1.52,0.58,103.85,0.61,235.25
2026-02-03 13:42:52.805,8.52,117.44,READY,8.74,0.60,105.01,1.24,235.25
2026-02-03 13:42:53.026,4.63,215.76,READY,2.03,107.22,104.00,0.52,235.25
2026-02-03 13:42:53.145,8.96,111.65,READY,3.32,0.65,104.91,0.89,235.25
2026-02-03 13:42:53.273,8.15,122.70,READY,14.77,0.60,104.79,0.58,235.25
2026-02-03 13:42:53.411,7.47,133.79,READY,19.06,0.72,111.47,0.58,235.25
2026-02-03 13:42:53.526,9.07,110.21,READY,1.47,0.64,105.51,0.63,235.25
2026-02-03 13:42:53.753,4.57,218.73,READY,1.65,109.24,105.26,0.60,235.25
2026-02-03 13:42:53.871,9.03,110.77,READY,1.24,0.62,106.33,0.61,235.25
2026-02-03 13:42:53.987,9.03,110.75,READY,2.71,0.59,104.87,0.62,235.25
2026-02-03 13:42:54.101,9.11,109.75,READY,1.51,0.57,105.02,0.60,235.25
2026-02-03 13:42:54.217,9.05,110.55,READY,1.83,0.61,105.57,0.59,235.25
2026-02-03 13:42:54.446,4.46,224.11,READY,10.82,106.20,104.23,0.86,235.25
2026-02-03 13:42:54.563,9.14,109.39,READY,1.52,0.64,104.75,0.55,235.25
2026-02-03 13:42:54.680,8.93,111.93,READY,2.75,0.68,105.61,0.59,235.25
2026-02-03 13:42:54.807,8.24,121.35,READY,11.46,0.60,106.83,0.60,235.25
2026-02-03 13:42:54.921,9.10,109.86,READY,1.50,0.59,105.20,0.56,235.25
2026-02-03 13:42:55.141,4.65,215.08,READY,1.56,105.62,105.19,0.55,235.25
2026-02-03 13:42:55.258,9.13,109.52,READY,1.32,0.59,105.10,0.56,235.25
2026-02-03 13:42:55.374,9.02,110.83,READY,3.03,0.63,104.58,0.56,235.25
2026-02-03 13:42:55.488,9.15,109.30,READY,1.60,0.61,104.56,0.58,235.25
2026-02-03 13:42:55.604,8.96,111.57,READY,3.89,0.61,104.51,0.56,235.25
2026-02-03 13:42:55.929,3.13,319.35,READY,1.60,211.46,103.66,0.62,235.25
2026-02-03 13:42:56.045,9.18,108.96,READY,1.25,0.65,104.44,0.62,235.25
2026-02-03 13:42:56.158,9.22,108.49,READY,1.55,0.61,103.77,0.61,235.25
2026-02-03 13:42:56.272,9.18,108.97,READY,1.64,0.59,104.12,0.61,235.25
2026-02-03 13:42:56.387,9.10,109.86,READY,1.61,0.60,105.12,0.58,235.25
2026-02-03 13:42:56.610,4.59,218.03,READY,1.84,108.87,104.75,0.63,235.25
2026-02-03 13:42:56.727,9.12,109.60,READY,1.34,0.65,105.10,0.57,235.25
2026-02-03 13:42:56.842,9.11,109.74,READY,1.62,0.57,104.92,0.57,235.25
2026-02-03 13:42:56.955,9.17,109.01,READY,1.49,0.56,104.41,0.57,235.25
2026-02-03 13:42:57.073,8.89,112.53,READY,4.64,0.57,104.67,0.57,235.25
2026-02-03 13:42:57.298,4.54,220.28,READY,1.58,111.76,104.34,0.57,235.25
2026-02-03 13:42:57.415,9.16,109.19,READY,1.38,0.65,104.63,0.62,235.25
2026-02-03 13:42:57.541,8.26,121.05,READY,13.49,0.59,104.31,0.64,235.25
2026-02-03 13:42:57.678,7.52,133.01,READY,19.65,0.66,110.04,0.62,235.25
2026-02-03 13:42:57.793,9.11,109.76,READY,1.50,0.61,105.09,0.58,235.25
2026-02-03 13:42:58.018,4.55,220.02,READY,1.48,111.70,104.20,0.62,235.25
2026-02-03 13:42:58.134,9.18,108.89,READY,1.34,0.72,104.32,0.59,235.25
2026-02-03 13:42:58.252,8.90,112.38,READY,1.49,0.61,106.08,0.58,235.25
2026-02-03 13:42:58.366,9.11,109.77,READY,1.55,0.59,105.06,0.62,235.25
2026-02-03 13:42:58.480,9.21,108.58,READY,1.44,0.55,103.95,0.60,235.25
2026-02-03 13:42:58.713,4.38,228.41,READY,12.38,108.66,104.70,0.61,235.25
2026-02-03 13:42:58.830,9.15,109.34,READY,1.27,0.69,104.82,0.60,235.25
2026-02-03 13:42:58.945,9.12,109.67,READY,1.51,0.64,104.79,0.80,235.25
2026-02-03 13:42:59.074,8.04,124.33,READY,15.76,0.60,105.41,0.55,235.25
2026-02-03 13:42:59.188,9.16,109.17,READY,1.49,0.68,104.51,0.58,235.25
2026-02-03 13:42:59.408,4.65,214.83,READY,1.57,107.53,103.17,0.59,235.25
2026-02-03 13:42:59.524,9.17,109.00,READY,1.25,0.68,104.54,0.57,235.25
2026-02-03 13:42:59.638,9.19,108.78,READY,1.52,0.60,104.20,0.55,235.25
2026-02-03 13:42:59.752,9.18,108.96,READY,1.55,0.63,104.45,0.61,235.25
2026-02-03 13:42:59.872,8.64,115.68,READY,8.72,0.57,103.79,0.56,235.25
2026-02-03 13:43:00.091,4.68,213.79,READY,1.57,106.66,102.99,0.58,235.25
2026-02-03 13:43:00.207,9.22,108.40,READY,1.24,0.66,103.90,0.58,235.25
2026-02-03 13:43:00.322,9.15,109.26,READY,1.93,0.63,104.18,0.58,235.25
2026-02-03 13:43:00.436,9.13,109.48,READY,1.53,0.65,104.78,0.56,235.25
2026-02-03 13:43:00.550,9.13,109.51,READY,1.53,0.64,104.79,0.62,235.25
2026-02-03 13:43:00.788,4.29,233.02,READY,10.09,114.62,105.68,0.63,235.25
2026-02-03 13:43:00.908,8.95,111.76,READY,1.55,0.55,106.95,0.61,235.25
2026-02-03 13:43:01.023,9.08,110.08,READY,1.85,0.57,105.09,0.57,235.25
2026-02-03 13:43:01.142,8.76,114.09,READY,5.19,0.58,105.64,0.62,235.25
2026-02-03 13:43:01.275,7.84,127.52,READY,18.21,0.57,106.08,0.59,235.25
2026-02-03 13:43:01.507,4.39,227.67,READY,1.54,115.33,108.01,0.56,235.25
2026-02-03 13:43:01.626,9.07,110.25,READY,1.35,0.61,104.98,0.58,235.25
2026-02-03 13:43:01.742,9.07,110.26,READY,2.12,0.67,104.55,0.57,235.25
2026-02-03 13:43:01.880,7.50,133.26,READY,18.81,0.68,110.86,0.57,235.25
2026-02-03 13:43:01.996,8.99,111.26,READY,1.98,0.59,105.92,0.62,235.25
2026-02-03 13:43:02.217,4.63,216.08,READY,2.15,108.39,102.95,0.61,235.25
2026-02-03 13:43:02.334,9.14,109.44,READY,1.40,0.70,104.79,0.63,235.25
2026-02-03 13:43:02.448,9.20,108.72,READY,1.48,0.56,104.13,0.54,235.25
2026-02-03 13:43:02.562,9.20,108.68,READY,1.56,0.59,103.96,0.59,235.25
2026-02-03 13:43:02.676,9.17,109.06,READY,1.54,0.60,104.33,0.57,235.25
2026-02-03 13:43:02.896,4.65,215.05,READY,1.39,107.92,103.12,0.58,235.25
2026-02-03 13:43:03.012,9.21,108.53,READY,1.28,0.69,104.07,0.57,235.25
2026-02-03 13:43:03.144,7.89,126.73,READY,16.78,0.61,106.74,0.56,235.25
2026-02-03 13:43:03.275,7.94,126.01,READY,17.10,0.61,105.70,0.58,235.25
2026-02-03 13:43:03.389,9.12,109.64,READY,1.50,0.60,104.97,0.57,235.25
2026-02-03 13:43:03.616,4.50,222.32,READY,1.47,112.06,106.28,0.57,235.25
2026-02-03 13:43:03.734,9.09,109.96,READY,1.32,0.61,105.44,0.57,235.25
2026-02-03 13:43:03.851,8.98,111.34,READY,1.82,0.57,106.35,0.61,235.25
2026-02-03 13:43:03.982,7.87,127.08,READY,1.57,0.56,122.30,0.61,235.25
2026-02-03 13:43:04.107,8.37,119.50,READY,1.61,0.57,114.67,0.58,235.25
2026-02-03 13:43:04.343,4.33,230.88,READY,1.59,116.22,110.43,0.57,235.25
2026-02-03 13:43:04.466,8.60,116.25,READY,1.25,0.60,111.74,0.59,235.25
2026-02-03 13:43:04.589,8.54,117.05,READY,1.47,0.60,111.42,0.62,235.25
2026-02-03 13:43:04.709,8.72,114.63,READY,1.39,0.60,109.88,0.57,235.25
2026-02-03 13:43:04.831,8.52,117.43,READY,1.63,0.58,112.54,0.61,235.25
2026-02-03 13:43:05.061,4.46,224.34,READY,1.66,112.33,107.78,0.57,235.25
2026-02-03 13:43:05.181,8.85,112.95,READY,1.32,0.61,108.45,0.61,235.25
2026-02-03 13:43:05.302,8.67,115.27,READY,1.85,0.56,110.02,0.73,235.25
2026-02-03 13:43:05.421,8.80,113.62,READY,1.55,0.57,108.63,0.56,235.25
2026-02-03 13:43:05.547,8.29,120.63,READY,7.76,0.57,109.71,0.62,235.25
2026-02-03 13:43:05.789,4.23,236.61,READY,14.05,109.93,110.08,0.55,235.25
2026-02-03 13:43:05.905,9.16,109.17,READY,1.36,0.66,104.57,0.63,235.25
2026-02-03 13:43:06.026,8.72,114.68,READY,2.71,0.60,108.03,0.89,235.25
2026-02-03 13:43:06.143,8.87,112.79,READY,3.63,0.67,105.90,0.64,235.25
2026-02-03 13:43:06.277,7.78,128.48,READY,17.92,0.61,107.38,0.60,235.25
2026-02-03 13:43:06.501,4.57,218.85,READY,2.19,108.98,105.21,0.60,235.25
2026-02-03 13:43:06.618,9.10,109.89,READY,1.27,0.62,105.36,0.59,235.25
2026-02-03 13:43:06.745,8.24,121.35,READY,11.02,0.58,107.08,0.65,235.25
2026-02-03 13:43:06.875,7.98,125.29,READY,17.43,0.63,104.74,0.62,235.25
2026-02-03 13:43:06.990,9.13,109.54,READY,1.71,0.58,104.57,0.63,235.25
2026-02-03 13:43:07.211,4.62,216.34,READY,1.52,108.19,104.00,0.57,235.25
2026-02-03 13:43:07.328,9.16,109.22,READY,1.25,0.68,104.74,0.58,235.25
2026-02-03 13:43:07.443,9.09,110.02,READY,1.99,0.61,104.88,0.58,235.25
2026-02-03 13:43:07.557,9.14,109.37,READY,1.66,0.60,104.48,0.63,235.25
2026-02-03 13:43:07.675,8.90,112.34,READY,4.18,0.61,104.93,0.61,235.25
2026-02-03 13:43:07.895,4.64,215.39,READY,1.49,107.90,103.41,0.58,235.25
2026-02-03 13:43:08.011,9.21,108.63,READY,1.26,0.64,104.12,0.59,235.25
2026-02-03 13:43:08.149,7.51,133.08,READY,18.27,0.64,111.55,0.58,235.25
2026-02-03 13:43:08.274,8.35,119.79,READY,12.35,0.58,104.21,0.57,235.25
2026-02-03 13:43:08.388,9.18,108.92,READY,1.48,0.61,104.24,0.57,235.25
2026-02-03 13:43:08.609,4.63,216.02,READY,1.59,108.12,103.71,0.62,235.25
2026-02-03 13:43:08.726,9.12,109.63,READY,1.29,0.68,105.04,0.64,235.25
2026-02-03 13:43:08.841,9.09,110.00,READY,2.65,0.61,104.16,0.60,235.25
2026-02-03 13:43:08.957,9.03,110.80,READY,2.15,0.64,105.45,0.56,235.25
2026-02-03 13:43:09.075,8.82,113.42,READY,4.78,0.60,105.46,0.60,235.25
2026-02-03 13:43:09.298,4.58,218.31,READY,1.90,109.50,104.37,0.62,235.25
2026-02-03 13:43:09.417,8.96,111.61,READY,1.32,0.63,107.12,0.56,235.25
2026-02-03 13:43:09.545,8.15,122.63,READY,12.52,0.57,106.98,0.56,235.25
2026-02-03 13:43:09.676,7.92,126.20,READY,16.84,0.57,106.15,0.66,235.25
2026-02-03 13:43:09.797,8.61,116.08,READY,1.56,0.57,111.35,0.60,235.25
2026-02-03 13:43:10.029,4.41,226.56,READY,1.53,110.59,111.56,0.57,235.25
2026-02-03 13:43:10.146,9.07,110.22,READY,1.27,0.65,105.63,0.68,235.25
2026-02-03 13:43:10.275,8.11,123.38,READY,15.59,0.60,104.59,0.61,235.25
2026-02-03 13:43:10.389,9.09,110.04,READY,1.61,0.61,105.23,0.57,235.25
2026-02-03 13:43:10.504,9.12,109.63,READY,1.57,0.66,104.84,0.59,235.25
2026-02-03 13:43:10.725,4.63,215.91,READY,1.57,108.19,103.57,0.63,235.25
2026-02-03 13:43:10.842,9.18,108.95,READY,1.42,0.56,104.40,0.56,235.25
2026-02-03 13:43:10.956,9.15,109.27,READY,1.53,0.61,104.54,0.60,235.25
2026-02-03 13:43:11.074,8.83,113.28,READY,6.11,0.58,103.98,0.59,235.25
2026-02-03 13:43:11.188,9.19,108.82,READY,1.57,0.56,104.13,0.58,235.25
2026-02-03 13:43:11.414,4.52,221.33,READY,1.56,111.72,105.43,0.66,235.25
2026-02-03 13:43:11.531,9.13,109.52,READY,1.35,0.65,104.99,0.61,235.25
2026-02-03 13:43:11.645,9.18,108.98,READY,1.56,0.61,104.22,0.63,235.25
2026-02-03 13:43:11.763,9.18,108.89,READY,1.34,0.70,104.42,0.58,235.25
2026-02-03 13:43:11.878,9.09,109.99,READY,1.98,0.61,104.86,0.58,235.25
2026-02-03 13:43:12.096,4.68,213.80,READY,1.26,105.39,104.15,0.58,235.25
2026-02-03 13:43:12.214,9.18,108.97,READY,1.40,0.58,104.24,0.60,235.25
2026-02-03 13:43:12.353,7.55,132.50,READY,14.56,0.56,114.97,0.58,235.25
2026-02-03 13:43:12.477,8.41,118.97,READY,9.23,0.56,106.12,0.67,235.25
2026-02-03 13:43:12.593,9.15,109.29,READY,1.24,0.57,104.74,0.62,235.25
2026-02-03 13:43:12.816,4.61,217.10,READY,1.25,105.34,107.62,0.60,235.22
2026-02-03 13:43:12.934,9.09,110.03,READY,1.30,0.64,105.51,0.58,235.22
2026-02-03 13:43:13.048,9.13,109.54,READY,1.49,0.68,104.84,0.58,235.22
2026-02-03 13:43:13.162,9.16,109.14,READY,1.54,0.61,104.38,0.61,235.22
2026-02-03 13:43:13.277,9.13,109.53,READY,1.47,0.58,104.84,0.58,235.22
2026-02-03 13:43:13.493,4.72,211.76,READY,1.56,104.46,103.13,0.63,235.22
2026-02-03 13:43:13.609,9.18,108.93,READY,1.27,0.65,104.37,0.62,235.22
2026-02-03 13:43:13.724,9.15,109.24,READY,1.48,0.58,104.65,0.60,235.22
2026-02-03 13:43:13.838,9.11,109.77,READY,1.52,0.57,105.10,0.62,235.22
2026-02-03 13:43:13.952,9.18,108.88,READY,1.51,0.56,104.20,0.57,235.22
2026-02-03 13:43:14.186,4.37,228.57,READY,10.08,110.16,105.75,0.57,235.22
2026-02-03 13:43:14.307,8.75,114.29,READY,1.38,0.66,109.49,0.65,235.22
2026-02-03 13:43:14.428,8.60,116.25,READY,2.58,0.56,109.71,0.64,235.22
2026-02-03 13:43:14.545,8.99,111.18,READY,1.88,0.58,106.06,0.62,235.22
2026-02-03 13:43:14.677,7.88,126.89,READY,17.62,0.60,106.07,0.63,235.22
2026-02-03 13:43:14.898,4.62,216.66,READY,1.55,107.01,105.26,0.63,235.22
2026-02-03 13:43:15.016,9.00,111.13,READY,2.06,0.63,105.05,0.64,235.22
2026-02-03 13:43:15.144,8.15,122.70,READY,14.04,0.56,105.06,0.69,235.22
2026-02-03 13:43:15.277,7.85,127.38,READY,18.07,0.57,106.13,0.58,235.22
2026-02-03 13:43:15.393,8.98,111.38,READY,1.56,0.57,106.66,0.58,235.22
2026-02-03 13:43:15.718,3.13,319.76,READY,1.51,210.50,105.14,0.57,235.22
2026-02-03 13:43:15.838,8.89,112.54,READY,1.39,0.60,108.07,0.58,235.22
2026-02-03 13:43:15.952,9.12,109.70,READY,1.55,0.69,104.92,0.61,235.22
2026-02-03 13:43:16.076,8.42,118.70,READY,10.15,0.61,105.37,0.57,235.22
2026-02-03 13:43:16.191,9.10,109.85,READY,1.69,0.61,105.01,0.56,235.22
2026-02-03 13:43:16.417,4.52,221.44,READY,1.92,111.73,104.91,0.64,235.22
2026-02-03 13:43:16.534,9.13,109.57,READY,1.26,0.60,104.94,0.57,235.22
2026-02-03 13:43:16.650,9.00,111.10,READY,1.56,0.59,106.05,0.62,235.22
2026-02-03 13:43:16.765,9.10,109.87,READY,1.61,0.66,105.02,0.65,235.22
2026-02-03 13:43:16.884,8.75,114.24,READY,1.58,0.56,109.26,0.66,235.22
2026-02-03 13:43:17.126,4.22,237.05,READY,14.46,112.09,107.89,0.61,235.22
2026-02-03 13:43:17.244,9.08,110.15,READY,1.69,0.67,105.28,0.57,235.22
2026-02-03 13:43:17.359,9.07,110.31,READY,1.48,0.61,105.62,0.61,235.22
2026-02-03 13:43:17.477,8.82,113.42,READY,3.95,0.67,106.28,0.59,235.22
2026-02-03 13:43:17.592,9.08,110.18,READY,1.54,0.58,105.40,0.58,235.22
2026-02-03 13:43:17.824,4.41,227.01,READY,1.52,118.05,104.88,0.61,235.22
2026-02-03 13:43:17.943,8.97,111.51,READY,1.27,0.61,107.01,0.60,235.22
2026-02-03 13:43:18.059,9.11,109.74,READY,1.87,0.57,104.72,0.59,235.22
2026-02-03 13:43:18.174,9.05,110.44,READY,1.51,0.58,105.68,0.61,235.22
2026-02-03 13:43:18.289,9.09,110.01,READY,1.50,0.61,105.29,0.61,235.22
2026-02-03 13:43:18.530,4.24,236.05,READY,10.32,113.73,108.95,0.62,235.16
2026-02-03 13:43:18.650,8.90,112.36,READY,1.39,0.60,106.94,0.58,235.16
2026-02-03 13:43:18.766,9.03,110.71,READY,1.77,0.60,105.55,0.62,235.16
2026-02-03 13:43:18.881,9.08,110.13,READY,1.50,0.64,105.46,0.56,235.16
2026-02-03 13:43:19.013,7.86,127.23,READY,17.84,0.61,106.19,0.61,235.16
2026-02-03 13:43:19.262,4.11,243.47,READY,17.80,119.13,103.96,0.61,235.16
2026-02-03 13:43:19.378,9.18,108.88,READY,1.32,0.64,104.40,0.57,235.16
2026-02-03 13:43:19.491,9.21,108.53,READY,1.46,0.61,103.94,0.58,235.16
2026-02-03 13:43:19.611,8.70,114.88,READY,7.67,0.57,104.04,0.62,235.16
2026-02-03 13:43:19.749,7.52,132.91,READY,20.22,0.89,108.96,0.56,235.16
2026-02-03 13:43:19.976,4.51,221.97,READY,1.76,111.84,105.77,0.62,235.16
2026-02-03 13:43:20.092,9.19,108.76,READY,1.28,0.72,104.02,0.61,235.16
2026-02-03 13:43:20.211,8.76,114.11,READY,7.35,0.64,103.46,0.57,235.16
2026-02-03 13:43:20.350,7.46,134.08,READY,20.46,0.70,110.10,0.62,235.16
2026-02-03 13:43:20.464,9.13,109.55,READY,1.45,0.66,104.94,0.57,235.16
2026-02-03 13:43:20.683,4.68,213.71,READY,1.50,106.84,102.76,0.65,235.16
2026-02-03 13:43:20.799,9.15,109.26,READY,1.31,0.65,104.75,0.62,235.16
2026-02-03 13:43:20.914,9.14,109.39,READY,1.43,0.56,104.77,0.60,235.16
2026-02-03 13:43:21.028,9.16,109.21,READY,1.44,0.60,104.39,0.57,235.16
2026-02-03 13:43:21.149,8.65,115.58,READY,3.17,0.54,108.53,0.57,235.16
2026-02-03 13:43:21.373,4.56,219.24,READY,2.20,109.69,104.77,0.58,235.16
2026-02-03 13:43:21.491,9.15,109.34,READY,1.42,0.64,104.79,0.57,235.16
2026-02-03 13:43:21.612,8.62,116.02,READY,8.49,0.64,104.36,0.59,235.16
2026-02-03 13:43:21.750,7.47,133.87,READY,19.62,0.69,110.91,0.65,235.16
2026-02-03 13:43:21.865,9.07,110.26,READY,1.65,0.60,105.39,0.62,235.16
2026-02-03 13:43:22.087,4.65,215.00,READY,1.25,108.46,102.70,0.59,235.16
2026-02-03 13:43:22.204,9.13,109.49,READY,1.36,0.63,104.86,0.64,235.16
2026-02-03 13:43:22.318,9.14,109.41,READY,1.75,0.57,104.46,0.64,235.16
2026-02-03 13:43:22.434,9.16,109.12,READY,1.31,0.63,104.55,0.67,235.16
2026-02-03 13:43:22.547,9.22,108.43,READY,1.76,0.57,103.48,0.61,235.16
2026-02-03 13:43:22.787,4.30,232.67,READY,14.07,108.24,107.81,0.59,235.16
2026-02-03 13:43:22.904,9.10,109.83,READY,1.80,0.67,104.75,0.62,235.16
2026-02-03 13:43:23.020,8.98,111.34,READY,2.37,0.61,105.75,0.67,235.16
2026-02-03 13:43:23.144,8.57,116.73,READY,9.29,0.64,104.20,0.64,235.16
2026-02-03 13:43:23.259,9.10,109.87,READY,2.29,0.62,104.37,0.65,235.16
2026-02-03 13:43:23.481,4.64,215.33,READY,1.74,107.33,103.76,0.56,235.16
2026-02-03 13:43:23.599,9.09,109.98,READY,2.95,0.64,103.93,0.56,235.16
2026-02-03 13:43:23.714,9.07,110.21,READY,3.04,0.65,103.86,0.56,235.16
2026-02-03 13:43:23.830,9.16,109.14,READY,1.50,0.61,104.24,0.57,235.16
2026-02-03 13:43:23.948,9.06,110.40,READY,2.76,0.56,103.87,0.58,235.16
2026-02-03 13:43:24.186,4.27,233.93,READY,16.24,109.32,105.81,0.62,235.16
2026-02-03 13:43:24.301,9.08,110.11,READY,2.96,0.60,104.08,0.54,235.16
2026-02-03 13:43:24.417,9.19,108.84,READY,1.38,0.70,104.21,0.55,235.16
2026-02-03 13:43:24.545,8.13,123.02,READY,14.79,0.60,105.10,0.56,235.16
2026-02-03 13:43:24.660,9.07,110.20,READY,1.40,0.91,104.95,0.60,235.16
2026-02-03 13:43:24.886,4.55,220.00,READY,1.38,111.17,104.43,0.65,235.16
2026-02-03 13:43:25.005,9.14,109.47,READY,1.27,0.59,104.65,0.96,235.16
2026-02-03 13:43:25.120,9.08,110.18,READY,1.71,0.57,105.28,0.62,235.16
2026-02-03 13:43:25.237,9.06,110.35,READY,1.28,0.68,105.85,0.59,235.16
2026-02-03 13:43:25.351,9.13,109.50,READY,1.70,0.57,104.67,0.56,235.16
2026-02-03 13:43:25.586,4.39,227.66,READY,10.67,110.27,104.02,0.61,235.16
2026-02-03 13:43:25.704,8.95,111.77,READY,2.30,0.62,106.29,0.59,235.16
2026-02-03 13:43:25.822,9.07,110.24,READY,1.29,0.66,105.73,0.62,235.16
2026-02-03 13:43:25.945,8.40,119.03,READY,10.40,0.59,105.40,0.64,235.16
2026-02-03 13:43:26.060,9.13,109.56,READY,1.52,0.65,104.80,0.64,235.16
2026-02-03 13:43:26.281,4.63,216.11,READY,1.70,108.32,103.55,0.59,235.16
2026-02-03 13:43:26.398,9.10,109.85,READY,1.97,0.58,104.72,0.63,235.16
2026-02-03 13:43:26.512,9.20,108.64,READY,1.56,0.56,103.90,0.59,235.16
2026-02-03 13:43:26.626,9.17,109.05,READY,1.49,0.57,104.37,0.62,235.16
2026-02-03 13:43:26.745,8.76,114.13,READY,6.61,0.58,104.51,0.57,235.16
2026-02-03 13:43:26.972,4.49,222.50,READY,1.49,112.99,105.26,0.60,235.16
2026-02-03 13:43:27.090,9.05,110.47,READY,1.32,0.63,105.87,0.63,235.16
2026-02-03 13:43:27.213,8.46,118.22,READY,9.95,0.60,105.11,0.56,235.16
2026-02-03 13:43:27.353,7.45,134.15,READY,18.65,0.66,112.21,0.60,235.16
2026-02-03 13:43:27.469,8.96,111.67,READY,1.68,0.59,106.69,0.62,235.16
2026-02-03 13:43:27.693,4.61,217.05,READY,1.25,109.21,104.02,0.57,235.16
2026-02-03 13:43:27.811,9.15,109.30,READY,1.36,0.56,104.78,0.63,235.16
2026-02-03 13:43:27.927,9.03,110.78,READY,1.40,0.56,106.20,0.61,235.16
2026-02-03 13:43:28.042,9.13,109.48,READY,1.36,0.58,104.86,0.63,235.16
2026-02-03 13:43:28.156,9.14,109.37,READY,1.74,0.57,104.31,0.72,235.16
2026-02-03 13:43:28.394,4.32,231.26,READY,9.92,113.69,104.99,0.62,235.16
2026-02-03 13:43:28.513,9.00,111.16,READY,1.76,0.66,105.97,0.57,235.16
2026-02-03 13:43:28.631,9.00,111.13,READY,1.30,0.65,106.69,0.56,235.22
2026-02-03 13:43:28.745,9.13,109.51,READY,1.69,0.61,104.62,0.57,235.22
2026-02-03 13:43:28.864,9.13,109.49,READY,1.37,0.59,105.09,0.60,235.22
2026-02-03 13:43:29.085,4.62,216.59,READY,1.41,109.77,102.81,0.60,235.22
2026-02-03 13:43:29.201,9.18,108.93,READY,1.25,0.63,104.46,0.60,235.22
2026-02-03 13:43:29.315,9.19,108.76,READY,1.75,0.61,103.88,0.57,235.22
2026-02-03 13:43:29.429,9.16,109.22,READY,1.61,0.56,104.41,0.59,235.22
2026-02-03 13:43:29.546,8.88,112.58,READY,3.39,0.61,105.91,0.62,235.22
2026-02-03 13:43:29.773,4.51,221.90,READY,1.82,108.39,107.96,1.00,235.25
2026-02-03 13:43:29.892,8.85,112.98,READY,3.13,0.68,105.76,0.55,235.25
2026-02-03 13:43:30.015,8.65,115.59,READY,6.41,0.59,105.67,0.62,235.25
2026-02-03 13:43:30.145,8.01,124.91,READY,17.86,0.61,103.88,0.58,235.25
2026-02-03 13:43:30.261,8.98,111.31,READY,2.45,0.61,105.72,0.54,235.25
2026-02-03 13:43:30.489,4.47,223.85,READY,2.49,114.99,103.78,0.59,235.25
2026-02-03 13:43:30.609,8.96,111.63,READY,3.58,0.57,104.84,0.58,235.25
2026-02-03 13:43:30.723,9.10,109.90,READY,1.65,0.57,105.14,0.53,235.25
2026-02-03 13:43:30.838,9.11,109.72,READY,1.45,0.57,105.15,0.55,235.25
2026-02-03 13:43:30.952,9.18,108.88,READY,1.53,0.68,104.47,0.52,235.25
2026-02-03 13:43:31.194,4.21,237.69,READY,16.85,109.70,107.60,0.94,235.25
2026-02-03 13:43:31.312,9.13,109.54,READY,1.33,0.69,104.96,0.60,235.25
2026-02-03 13:43:31.426,9.17,109.07,READY,1.63,0.63,104.27,0.63,235.25
2026-02-03 13:43:31.546,8.70,114.97,READY,6.67,0.61,105.07,0.58,235.25
2026-02-03 13:43:31.660,9.16,109.21,READY,1.70,0.60,104.29,0.61,235.25
2026-02-03 13:43:31.883,4.62,216.45,READY,1.22,109.26,103.44,0.56,235.25
2026-02-03 13:43:32.007,8.53,117.27,READY,1.72,0.56,111.35,0.61,235.25
2026-02-03 13:43:32.122,9.10,109.92,READY,1.49,0.58,105.21,0.62,235.25
2026-02-03 13:43:32.237,9.12,109.60,READY,1.37,0.57,104.99,0.59,235.25
2026-02-03 13:43:32.351,9.16,109.13,READY,1.58,0.57,104.35,0.62,235.25
2026-02-03 13:43:32.591,4.25,235.57,READY,18.10,109.14,105.73,0.57,235.25
2026-02-03 13:43:32.709,9.01,110.93,READY,1.24,0.66,106.52,0.57,235.25
2026-02-03 13:43:32.825,9.05,110.49,READY,1.51,0.61,105.79,0.57,235.25
2026-02-03 13:43:32.951,8.26,121.01,READY,8.21,0.60,109.55,0.63,235.25
2026-02-03 13:43:33.067,9.00,111.09,READY,2.68,0.59,105.23,0.59,235.25
2026-02-03 13:43:33.287,4.65,215.26,READY,1.53,106.75,104.45,0.60,235.25
2026-02-03 13:43:33.403,9.14,109.37,READY,1.34,0.66,104.86,0.56,235.25
2026-02-03 13:43:33.517,9.17,109.02,READY,1.48,0.58,104.36,0.56,235.25
2026-02-03 13:43:33.630,9.21,108.61,READY,1.58,0.57,103.86,0.59,235.25
2026-02-03 13:43:33.745,9.14,109.35,READY,2.51,0.56,103.77,0.57,235.25
2026-02-03 13:43:33.965,4.65,215.23,READY,1.50,107.01,104.12,0.60,235.25
2026-02-03 13:43:34.081,9.20,108.68,READY,1.45,0.66,103.77,0.55,235.25
2026-02-03 13:43:34.220,7.46,134.10,READY,20.21,0.59,106.64,0.56,235.25
2026-02-03 13:43:34.334,9.12,109.62,READY,1.45,0.61,105.04,0.60,235.25
2026-02-03 13:43:34.448,9.18,108.93,READY,1.47,0.59,104.32,0.55,235.25
2026-02-03 13:43:34.673,4.55,219.90,READY,1.55,112.20,103.62,0.55,235.25
2026-02-03 13:43:34.789,9.18,108.87,READY,2.20,0.57,103.45,0.64,235.25
2026-02-03 13:43:34.904,9.10,109.85,READY,2.14,0.57,104.29,0.60,235.25
2026-02-03 13:43:35.023,8.82,113.40,READY,2.44,0.59,107.02,0.62,235.25
2026-02-03 13:43:35.146,8.42,118.76,READY,10.68,0.57,105.00,0.59,235.25
2026-02-03 13:43:35.373,4.50,222.06,READY,1.43,109.40,108.28,0.60,235.25
2026-02-03 13:43:35.489,9.22,108.43,READY,1.31,0.68,103.82,0.61,235.25
2026-02-03 13:43:35.614,8.32,120.15,READY,12.22,0.59,104.45,0.63,235.25
2026-02-03 13:43:35.731,9.19,108.85,READY,1.53,0.64,104.10,0.58,235.25
2026-02-03 13:43:35.845,9.19,108.86,READY,1.56,0.62,104.13,0.57,235.25
2026-02-03 13:43:36.066,4.62,216.48,READY,1.56,109.01,103.31,0.61,235.25
2026-02-03 13:43:36.183,9.14,109.37,READY,1.34,0.67,104.78,0.61,235.25
2026-02-03 13:43:36.297,9.18,108.96,READY,1.55,0.57,104.24,0.56,235.25
2026-02-03 13:43:36.415,8.84,113.10,READY,4.57,0.57,105.35,0.58,235.25
2026-02-03 13:43:36.531,8.99,111.28,READY,1.90,0.57,106.13,0.61,235.25
2026-02-03 13:43:36.759,4.52,221.11,READY,1.45,111.55,105.54,0.59,235.25
2026-02-03 13:43:36.876,9.09,110.03,READY,1.83,0.70,104.97,0.60,235.25
2026-02-03 13:43:36.993,9.08,110.17,READY,1.24,0.67,105.68,0.60,235.25
2026-02-03 13:43:37.108,9.04,110.57,READY,2.33,0.61,105.14,0.61,235.25
2026-02-03 13:43:37.225,9.08,110.08,READY,1.24,0.64,105.64,0.61,235.25
2026-02-03 13:43:37.455,4.45,224.74,READY,8.44,108.70,104.98,0.65,235.25
2026-02-03 13:43:37.571,9.17,109.04,READY,1.26,0.60,104.57,0.61,235.25
2026-02-03 13:43:37.686,9.13,109.54,READY,1.49,0.57,104.86,0.60,235.25
2026-02-03 13:43:37.814,8.08,123.73,READY,15.98,0.59,104.58,0.62,235.25
2026-02-03 13:43:37.928,9.18,108.90,READY,1.60,0.57,104.11,0.57,235.25
2026-02-03 13:43:38.149,4.62,216.24,READY,1.52,107.56,104.60,0.59,235.25
2026-02-03 13:43:38.266,9.16,109.23,READY,1.32,0.68,104.66,0.59,235.25
2026-02-03 13:43:38.382,8.98,111.35,READY,2.18,0.61,105.97,0.58,235.25
2026-02-03 13:43:38.497,9.10,109.89,READY,1.23,0.66,105.02,0.62,235.25
2026-02-03 13:43:38.614,9.06,110.43,READY,2.91,0.62,104.07,0.64,235.25
2026-02-03 13:43:38.839,4.57,218.67,READY,1.29,107.97,106.91,0.56,235.25
2026-02-03 13:43:38.955,9.16,109.16,READY,1.27,0.65,104.47,0.59,235.25
2026-02-03 13:43:39.082,8.25,121.27,READY,14.16,0.57,103.52,0.72,235.25
2026-02-03 13:43:39.221,7.46,134.11,READY,20.12,0.80,107.23,0.59,235.25
2026-02-03 13:43:39.335,9.12,109.69,READY,2.08,0.60,104.43,0.58,235.25
2026-02-03 13:43:39.554,4.67,213.97,READY,1.47,106.93,102.99,0.61,235.25
2026-02-03 13:43:39.670,9.22,108.51,READY,1.31,0.66,104.02,0.58,235.25
2026-02-03 13:43:39.785,9.10,109.85,READY,2.67,0.68,103.61,0.56,235.25
2026-02-03 13:43:39.899,9.11,109.73,READY,2.18,0.74,104.24,0.58,235.25
2026-02-03 13:43:40.014,9.12,109.64,READY,2.68,0.61,103.75,0.63,235.25
2026-02-03 13:43:40.235,4.61,216.72,READY,1.52,109.86,102.83,0.53,235.25
2026-02-03 13:43:40.351,9.24,108.24,READY,1.38,0.68,103.61,0.61,235.25
2026-02-03 13:43:40.488,7.70,129.94,READY,17.30,0.61,109.45,0.54,235.25
2026-02-03 13:43:40.615,8.14,122.85,READY,14.33,0.58,105.58,0.53,235.25
2026-02-03 13:43:40.730,9.15,109.30,READY,1.50,0.56,104.59,0.61,235.25
2026-02-03 13:43:40.951,4.62,216.36,READY,1.70,106.67,103.77,0.62,235.25
2026-02-03 13:43:41.067,9.20,108.65,READY,1.24,0.67,104.19,0.59,235.25
2026-02-03 13:43:41.180,9.18,108.88,READY,1.57,0.61,104.09,0.57,235.25
2026-02-03 13:43:41.294,9.23,108.37,READY,1.54,0.61,103.64,0.60,235.25
2026-02-03 13:43:41.414,8.67,115.29,READY,8.34,0.61,103.73,0.63,235.25
2026-02-03 13:43:41.639,4.54,220.03,READY,1.51,110.01,105.98,0.57,235.25
2026-02-03 13:43:41.755,9.19,108.79,READY,1.25,0.63,104.24,0.66,235.25
2026-02-03 13:43:41.883,8.12,123.17,READY,15.75,0.61,104.24,0.57,235.25
2026-02-03 13:43:42.023,7.42,134.79,READY,19.00,0.64,112.51,0.64,235.25
2026-02-03 13:43:42.137,9.18,108.98,READY,1.54,0.57,104.21,0.60,235.25
2026-02-03 13:43:42.355,4.69,213.02,READY,1.45,105.91,103.06,0.58,235.25
2026-02-03 13:43:42.471,9.20,108.69,READY,1.28,0.69,104.17,0.62,235.25
2026-02-03 13:43:42.585,9.16,109.22,READY,1.48,0.59,104.73,0.57,235.25
2026-02-03 13:43:42.699,9.15,109.31,READY,1.40,0.60,104.88,0.58,235.25
2026-02-03 13:43:42.816,8.89,112.52,READY,3.18,0.67,106.13,0.56,235.25
2026-02-03 13:43:43.037,4.63,216.04,READY,1.55,107.50,104.44,0.57,235.25
2026-02-03 13:43:43.154,9.15,109.28,READY,1.24,0.63,104.81,0.56,235.25
2026-02-03 13:43:43.284,7.98,125.27,READY,16.41,0.60,105.65,0.58,235.25
2026-02-03 13:43:43.416,7.86,127.28,READY,18.18,0.57,105.93,0.57,235.25
2026-02-03 13:43:43.532,9.03,110.74,READY,1.66,0.57,105.93,0.58,235.25
2026-02-03 13:43:43.762,4.44,225.13,READY,1.54,112.54,108.55,0.55,235.25
2026-02-03 13:43:43.880,9.00,111.09,READY,1.34,0.69,106.58,0.57,235.25
2026-02-03 13:43:43.995,9.09,110.00,READY,1.70,0.61,105.13,0.56,235.25
2026-02-03 13:43:44.113,8.84,113.17,READY,1.50,0.61,108.45,0.57,235.25
2026-02-03 13:43:44.228,9.10,109.90,READY,1.51,0.61,105.19,0.59,235.25
2026-02-03 13:43:44.468,4.26,234.78,READY,10.27,113.86,107.97,0.57,235.25
2026-02-03 13:43:44.591,8.61,116.14,READY,1.25,0.69,111.67,0.60,235.25
2026-02-03 13:43:44.706,9.08,110.11,READY,1.51,0.57,105.37,0.58,235.25
2026-02-03 13:43:44.821,9.09,110.03,READY,1.50,0.59,105.33,0.58,235.25
2026-02-03 13:43:44.952,7.93,126.11,READY,17.46,0.57,105.50,0.57,235.25
2026-02-03 13:43:45.196,4.19,238.76,READY,18.30,111.47,106.33,0.56,235.25
2026-02-03 13:43:45.313,9.09,110.02,READY,1.29,0.73,105.49,0.58,235.25
2026-02-03 13:43:45.436,8.44,118.54,READY,1.43,0.63,113.67,0.56,235.25
2026-02-03 13:43:45.557,8.69,115.11,READY,2.09,0.64,105.29,0.63,235.25
2026-02-03 13:43:45.683,8.21,121.77,READY,13.93,0.61,104.67,0.60,235.25
2026-02-03 13:43:45.934,4.07,245.77,READY,19.40,115.27,108.52,0.61,235.25
2026-02-03 13:43:46.052,9.12,109.59,READY,1.25,0.61,105.11,0.64,235.25
2026-02-03 13:43:46.172,8.76,114.21,READY,2.95,0.68,107.97,0.57,235.25
2026-02-03 13:43:46.287,9.04,110.58,READY,2.21,0.58,105.25,0.56,235.25
2026-02-03 13:43:46.419,7.89,126.68,READY,15.58,0.57,107.79,0.66,235.25
2026-02-03 13:43:46.647,4.49,222.94,READY,2.26,114.04,104.05,0.63,235.25
2026-02-03 13:43:46.764,9.14,109.39,READY,1.26,0.70,104.87,0.60,235.25
2026-02-03 13:43:46.884,8.79,113.80,READY,5.84,0.62,104.81,0.58,235.25
2026-02-03 13:43:47.025,7.35,136.13,READY,19.03,0.68,113.38,1.01,235.25
2026-02-03 13:43:47.140,9.10,109.94,READY,1.72,0.61,105.07,0.57,235.25
2026-02-03 13:43:47.368,4.47,223.95,READY,1.91,114.46,104.94,0.60,235.25
2026-02-03 13:43:47.485,9.16,109.18,READY,1.26,0.59,104.70,0.59,235.25
2026-02-03 13:43:47.617,7.89,126.82,READY,18.36,0.62,105.24,0.61,235.25
2026-02-03 13:43:47.731,9.14,109.45,READY,1.57,0.58,104.64,0.63,235.25
2026-02-03 13:43:47.845,9.16,109.18,READY,1.34,1.06,104.06,0.59,235.25
2026-02-03 13:43:48.071,4.52,221.38,READY,1.46,114.06,103.23,0.58,235.25
2026-02-03 13:43:48.188,9.18,108.91,READY,1.25,0.70,104.45,0.59,235.25
2026-02-03 13:43:48.302,9.16,109.17,READY,1.63,0.59,104.40,0.62,235.25
2026-02-03 13:43:48.415,9.20,108.74,READY,1.51,0.64,104.05,0.58,235.25
2026-02-03 13:43:48.530,9.11,109.72,READY,1.51,0.60,105.12,0.57,235.25
2026-02-03 13:43:48.755,4.55,219.75,READY,2.10,112.17,102.83,0.60,235.25
2026-02-03 13:43:48.871,9.18,108.98,READY,1.30,0.63,104.43,0.62,235.25
2026-02-03 13:43:48.985,9.16,109.19,READY,2.18,0.57,103.85,0.58,235.25
2026-02-03 13:43:49.100,9.10,109.84,READY,1.47,0.56,105.25,0.58,235.25
2026-02-03 13:43:49.216,9.01,110.93,READY,3.29,0.68,104.44,0.57,235.25
2026-02-03 13:43:49.448,4.40,227.19,READY,1.80,116.87,105.97,0.60,235.25
2026-02-03 13:43:49.566,9.06,110.41,READY,2.16,0.60,104.45,0.57,235.25
2026-02-03 13:43:49.687,8.62,116.07,READY,5.76,0.57,105.77,0.62,235.25
2026-02-03 13:43:49.801,9.12,109.64,READY,1.56,0.61,104.89,0.59,235.25
2026-02-03 13:43:49.917,9.02,110.90,READY,1.59,0.61,106.18,0.57,235.25
2026-02-03 13:43:50.138,4.63,215.94,READY,1.50,108.41,103.50,0.58,235.25
2026-02-03 13:43:50.254,9.19,108.86,READY,1.39,0.66,104.26,0.62,235.25
2026-02-03 13:43:50.369,9.11,109.73,READY,1.42,0.61,105.14,0.58,235.25
2026-02-03 13:43:50.484,9.05,110.54,READY,2.71,0.61,104.52,0.56,235.25
2026-02-03 13:43:50.599,9.05,110.46,READY,1.58,0.57,105.37,0.63,235.25
2026-02-03 13:43:50.827,4.49,222.78,READY,1.56,112.68,105.62,0.55,235.25
2026-02-03 13:43:50.945,9.04,110.63,READY,1.43,0.67,105.91,0.70,235.25
2026-02-03 13:43:51.061,8.95,111.70,READY,1.77,0.61,106.81,0.55,235.25
2026-02-03 13:43:51.176,9.08,110.18,READY,1.98,0.63,104.87,0.57,235.25
2026-02-03 13:43:51.298,8.55,116.96,READY,2.06,0.55,109.73,0.53,235.25
2026-02-03 13:43:51.528,4.46,224.32,READY,5.21,110.09,105.50,0.58,235.25
2026-02-03 13:43:51.646,9.05,110.56,READY,1.26,0.67,106.06,0.61,235.25
2026-02-03 13:43:51.760,9.17,109.09,READY,1.48,0.61,104.41,0.63,235.25
2026-02-03 13:43:51.885,8.33,120.12,READY,11.60,0.64,105.26,0.59,235.25
2026-02-03 13:43:52.002,9.07,110.23,READY,1.55,0.60,105.05,0.64,235.25
2026-02-03 13:43:52.227,4.55,219.85,READY,1.49,109.06,106.56,0.72,235.25
2026-02-03 13:43:52.346,8.89,112.48,READY,1.38,0.67,107.91,0.60,235.25
2026-02-03 13:43:52.463,8.95,111.71,READY,1.47,0.59,106.94,0.63,235.25
2026-02-03 13:43:52.578,9.06,110.36,READY,1.48,0.64,105.63,0.61,235.25
2026-02-03 13:43:52.693,9.06,110.36,READY,1.51,0.60,105.67,0.57,235.25
2026-02-03 13:43:52.935,4.23,236.63,READY,10.12,110.95,112.74,0.58,235.25
2026-02-03 13:43:53.064,8.31,120.40,READY,1.35,0.67,115.83,0.62,235.25
2026-02-03 13:43:53.190,8.31,120.30,READY,1.47,0.57,115.57,0.58,235.25
2026-02-03 13:43:53.306,8.94,111.91,READY,1.77,0.64,106.99,0.62,235.25
2026-02-03 13:43:53.424,9.03,110.79,READY,1.39,0.60,105.84,1.13,235.25
2026-02-03 13:43:53.662,4.29,233.12,READY,15.36,110.83,104.34,0.59,235.25
2026-02-03 13:43:53.779,9.16,109.17,READY,1.32,0.66,104.65,0.60,235.25
2026-02-03 13:43:53.894,9.06,110.40,READY,1.57,0.62,105.58,0.62,235.25
2026-02-03 13:43:54.017,8.49,117.81,READY,9.68,0.59,105.20,0.55,235.25
2026-02-03 13:43:54.132,9.09,109.99,READY,1.50,0.61,105.27,0.64,235.25
2026-02-03 13:43:54.355,4.57,218.61,READY,1.61,106.74,107.78,0.58,235.25
2026-02-03 13:43:54.476,8.79,113.80,READY,2.16,0.56,106.33,0.62,235.25
2026-02-03 13:43:54.591,9.08,110.14,READY,1.68,0.57,105.00,0.57,235.25
2026-02-03 13:43:54.707,9.03,110.71,READY,1.50,0.56,105.75,0.56,235.25
2026-02-03 13:43:54.820,9.20,108.64,READY,1.22,0.58,103.79,0.60,235.25
2026-02-03 13:43:55.063,4.24,235.69,READY,17.39,111.27,104.44,0.58,235.25
2026-02-03 13:43:55.179,9.20,108.64,READY,1.44,0.67,104.04,0.56,235.25
2026-02-03 13:43:55.292,9.23,108.33,READY,1.51,0.62,103.58,0.60,235.25
2026-02-03 13:43:55.417,8.36,119.67,READY,11.64,0.58,104.79,0.61,235.25
2026-02-03 13:43:55.530,9.22,108.52,READY,1.55,0.60,103.77,0.64,235.25
2026-02-03 13:43:55.750,4.66,214.67,READY,1.53,107.10,103.45,0.59,235.25
2026-02-03 13:43:55.866,9.16,109.18,READY,1.38,0.62,104.61,0.65,235.25
2026-02-03 13:43:55.982,9.05,110.44,READY,1.44,0.55,105.83,0.58,235.25
2026-02-03 13:43:56.097,9.08,110.10,READY,1.98,0.61,104.85,0.62,235.25
2026-02-03 13:43:56.216,8.70,114.91,READY,7.45,0.56,104.24,0.61,235.25
2026-02-03 13:43:56.445,4.46,223.98,READY,1.90,113.78,105.84,0.56,235.25
2026-02-03 13:43:56.562,9.15,109.24,READY,1.52,0.70,104.58,0.57,235.25
2026-02-03 13:43:56.684,8.52,117.41,READY,10.05,0.59,104.20,0.58,235.25
2026-02-03 13:43:56.798,9.15,109.26,READY,1.58,0.63,104.47,0.62,235.25
2026-02-03 13:43:56.912,9.17,109.07,READY,1.66,0.56,104.22,0.62,235.25
2026-02-03 13:43:57.136,4.57,218.67,READY,1.70,109.78,104.53,0.63,235.25
2026-02-03 13:43:57.255,8.96,111.61,READY,1.29,0.62,107.11,0.60,235.25
2026-02-03 13:43:57.369,9.16,109.22,READY,1.49,0.57,104.52,0.60,235.25
2026-02-03 13:43:57.485,9.16,109.20,READY,1.76,0.56,104.29,0.58,235.25
2026-02-03 13:43:57.600,9.00,111.06,READY,1.72,0.57,106.15,0.61,235.25
2026-02-03 13:43:57.824,4.61,216.99,READY,1.25,108.63,104.56,0.56,235.25
2026-02-03 13:43:57.945,8.83,113.26,READY,1.71,0.58,106.97,0.97,235.25
2026-02-03 13:43:58.064,8.75,114.31,READY,3.34,0.62,104.93,0.58,235.25
2026-02-03 13:43:58.179,9.12,109.60,READY,1.62,0.61,104.80,0.62,235.25
2026-02-03 13:43:58.293,9.13,109.52,READY,1.56,0.60,104.77,0.60,235.25
2026-02-03 13:43:58.528,4.35,229.87,READY,11.22,112.83,103.17,0.57,235.25
2026-02-03 13:43:58.642,9.18,108.94,READY,1.57,0.58,104.16,0.65,235.25
2026-02-03 13:43:58.756,9.17,109.07,READY,1.59,0.62,104.32,0.57,235.25
2026-02-03 13:43:58.885,8.03,124.47,READY,16.69,0.57,104.59,0.57,235.25
2026-02-03 13:43:59.001,9.03,110.79,READY,1.96,0.57,105.43,0.62,235.25
2026-02-03 13:43:59.221,4.65,215.18,READY,2.02,107.53,102.84,0.56,235.25
2026-02-03 13:43:59.338,9.10,109.88,READY,1.24,0.66,105.41,0.57,235.25
2026-02-03 13:43:59.452,9.21,108.60,READY,1.56,0.64,103.87,0.58,235.25
2026-02-03 13:43:59.565,9.24,108.27,READY,1.54,0.62,103.54,0.62,235.25
2026-02-03 13:43:59.689,8.36,119.58,READY,7.85,0.58,108.50,0.60,235.25
2026-02-03 13:43:59.909,4.65,215.28,READY,1.62,108.00,103.07,0.61,235.25
2026-02-03 13:44:00.027,9.03,110.77,READY,1.29,0.63,106.10,0.60,235.25
2026-02-03 13:44:00.161,7.80,128.23,READY,12.77,0.56,111.93,0.62,235.25
2026-02-03 13:44:00.288,8.20,121.98,READY,11.67,0.56,107.12,0.60,235.25
2026-02-03 13:44:00.410,8.70,114.92,READY,2.21,0.58,108.77,0.62,235.25
2026-02-03 13:44:00.634,4.57,218.93,READY,1.48,110.25,104.64,0.56,235.25
2026-02-03 13:44:00.752,9.02,110.91,READY,2.17,0.60,105.59,0.54,235.25
2026-02-03 13:44:00.866,9.20,108.74,READY,1.65,0.62,103.97,0.53,235.25
2026-02-03 13:44:00.984,8.82,113.43,READY,2.49,0.61,107.79,0.55,235.25
2026-02-03 13:44:01.102,8.86,112.89,READY,2.44,0.59,107.47,0.58,235.25
2026-02-03 13:44:01.330,4.49,222.75,READY,6.38,108.30,105.47,0.56,235.25
2026-02-03 13:44:01.447,9.12,109.68,READY,1.92,0.58,104.61,0.57,235.25
2026-02-03 13:44:01.561,9.12,109.60,READY,1.73,0.57,104.70,0.58,235.25
2026-02-03 13:44:01.685,8.44,118.47,READY,11.33,0.57,103.96,0.59,235.25
2026-02-03 13:44:01.799,9.14,109.38,READY,1.42,0.56,104.82,0.61,235.25
2026-02-03 13:44:02.019,4.65,215.20,READY,1.50,107.05,104.01,0.63,235.25
2026-02-03 13:44:02.135,9.16,109.22,READY,1.33,0.65,104.66,0.59,235.25
2026-02-03 13:44:02.250,9.15,109.33,READY,1.64,0.61,104.48,0.60,235.25
2026-02-03 13:44:02.364,9.13,109.58,READY,1.42,0.64,104.98,0.58,235.25
2026-02-03 13:44:02.485,8.65,115.60,READY,8.44,0.61,103.92,0.62,235.25
2026-02-03 13:44:02.703,4.68,213.61,READY,1.43,106.05,103.60,0.56,235.25
2026-02-03 13:44:02.820,9.15,109.35,READY,1.22,0.61,104.96,0.58,235.25
2026-02-03 13:44:02.935,9.09,110.07,READY,2.07,0.59,104.84,0.58,235.25
2026-02-03 13:44:03.049,9.14,109.37,READY,2.41,0.57,103.88,0.60,235.25
2026-02-03 13:44:03.163,9.17,109.01,READY,1.63,0.56,104.23,0.58,235.25
2026-02-03 13:44:03.392,4.46,224.35,READY,9.98,107.76,104.02,0.58,235.25
2026-02-03 13:44:03.508,9.19,108.87,READY,1.27,0.63,104.40,0.57,235.25
2026-02-03 13:44:03.623,9.16,109.15,READY,1.49,0.63,104.43,0.62,235.25
2026-02-03 13:44:03.755,7.83,127.76,READY,18.42,0.61,106.25,0.58,235.25
2026-02-03 13:44:03.888,7.85,127.39,READY,18.04,0.59,106.23,0.58,235.25
2026-02-03 13:44:04.110,4.60,217.56,READY,2.12,108.00,104.88,0.59,235.25
2026-02-03 13:44:04.230,8.94,111.84,READY,1.23,0.56,107.32,0.65,235.25
2026-02-03 13:44:04.354,8.46,118.17,READY,10.65,0.56,104.36,0.65,235.25
2026-02-03 13:44:04.493,7.43,134.52,READY,19.71,0.65,111.59,0.58,235.25
2026-02-03 13:44:04.608,9.08,110.12,READY,1.39,0.57,105.12,0.62,235.25
2026-02-03 13:44:04.833,4.58,218.57,READY,1.26,109.49,105.26,0.58,235.25
2026-02-03 13:44:04.967,7.94,125.90,READY,1.96,0.59,120.35,0.59,235.25
2026-02-03 13:44:05.087,8.75,114.31,READY,1.49,0.65,109.58,0.60,235.25
2026-02-03 13:44:05.208,8.56,116.83,READY,1.71,0.60,111.96,0.56,235.25
2026-02-03 13:44:05.329,8.69,115.12,READY,1.72,0.73,110.11,0.60,235.25
2026-02-03 13:44:05.552,4.58,218.17,READY,1.59,107.32,106.81,0.61,235.25
2026-02-03 13:44:05.678,8.46,118.23,READY,1.26,0.60,113.66,0.59,235.25
2026-02-03 13:44:05.798,8.67,115.32,READY,1.43,0.61,110.65,0.58,235.25
2026-02-03 13:44:05.924,8.28,120.78,READY,1.64,0.57,115.97,0.59,235.25
2026-02-03 13:44:06.044,8.81,113.45,READY,1.26,0.59,106.47,0.64,235.25
2026-02-03 13:44:06.273,4.45,224.49,READY,1.73,115.02,105.15,0.57,235.25
2026-02-03 13:44:06.392,8.93,112.02,READY,1.43,0.70,107.35,0.56,235.25
2026-02-03 13:44:06.507,9.08,110.18,READY,2.25,0.64,104.81,0.57,235.25
2026-02-03 13:44:06.623,9.04,110.58,READY,2.20,0.62,105.10,0.59,235.25
2026-02-03 13:44:06.756,7.80,128.27,READY,18.56,0.61,106.59,0.55,235.25
2026-02-03 13:44:06.977,4.64,215.69,READY,1.57,108.25,103.31,0.57,235.25
2026-02-03 13:44:07.092,9.22,108.51,READY,1.30,0.58,104.22,0.55,235.25
2026-02-03 13:44:07.222,8.06,124.11,READY,16.98,0.57,104.00,0.60,235.25
2026-02-03 13:44:07.361,7.45,134.16,READY,19.94,0.64,111.03,0.55,235.25
2026-02-03 13:44:07.476,9.04,110.57,READY,2.52,0.61,104.86,0.56,235.25
2026-02-03 13:44:07.695,4.68,213.81,READY,1.54,106.65,103.09,0.56,235.25
2026-02-03 13:44:07.812,9.12,109.69,READY,2.16,0.63,104.35,0.58,235.25
2026-02-03 13:44:07.926,9.17,109.03,READY,1.55,0.61,104.37,0.56,235.25
2026-02-03 13:44:08.040,9.16,109.15,READY,1.46,0.63,104.28,0.59,235.25
2026-02-03 13:44:08.156,8.99,111.22,READY,1.61,0.60,106.52,0.59,235.25
2026-02-03 13:44:08.387,4.43,225.93,READY,1.51,116.33,105.58,0.57,235.25
2026-02-03 13:44:08.506,8.98,111.37,READY,1.34,0.67,106.33,0.79,235.25
2026-02-03 13:44:08.624,8.85,112.98,READY,3.99,0.56,105.98,0.55,235.25
2026-02-03 13:44:08.755,7.93,126.02,READY,17.61,0.57,105.32,0.57,235.25
2026-02-03 13:44:08.871,8.99,111.25,READY,1.49,0.57,106.61,0.55,235.25
2026-02-03 13:44:09.101,4.46,224.44,READY,1.58,112.10,107.67,0.87,235.25
2026-02-03 13:44:09.220,9.05,110.54,READY,1.57,0.61,105.62,0.59,235.25
2026-02-03 13:44:09.336,8.99,111.29,READY,1.51,0.61,106.35,0.56,235.25
2026-02-03 13:44:09.452,9.03,110.76,READY,1.48,0.60,106.13,0.59,235.25
2026-02-03 13:44:09.566,9.19,108.82,READY,1.50,0.61,104.12,0.64,235.25
2026-02-03 13:44:09.800,4.36,229.37,READY,8.16,114.86,103.82,0.55,235.25
2026-02-03 13:44:09.918,9.05,110.51,READY,1.27,0.69,105.99,0.61,235.25
2026-02-03 13:44:10.033,9.07,110.27,READY,1.50,0.64,105.55,0.62,235.25
2026-02-03 13:44:10.156,8.47,118.05,READY,9.08,0.57,105.79,0.61,235.25
2026-02-03 13:44:10.271,9.03,110.80,READY,1.54,0.58,106.09,0.63,235.25
2026-02-03 13:44:10.502,4.43,225.54,READY,1.49,109.07,112.31,0.57,235.25
2026-02-03 13:44:10.620,9.04,110.59,READY,1.40,0.68,105.97,0.60,235.25
2026-02-03 13:44:10.743,8.45,118.37,READY,2.03,0.75,113.23,0.58,235.25
2026-02-03 13:44:10.864,8.60,116.26,READY,1.57,0.61,111.51,0.56,235.25
2026-02-03 13:44:11.004,7.46,134.11,READY,1.42,0.61,128.25,1.05,235.22
2026-02-03 13:44:11.238,4.36,229.20,READY,1.74,116.93,107.31,0.63,235.16
2026-02-03 13:44:11.359,8.97,111.45,READY,1.31,0.56,106.92,0.59,235.16
2026-02-03 13:44:11.476,8.87,112.80,READY,1.53,0.56,107.91,0.78,235.12
2026-02-03 13:44:11.595,8.96,111.62,READY,1.28,0.63,106.96,0.67,235.18
2026-02-03 13:44:11.709,9.19,108.76,READY,1.54,0.57,104.00,0.58,235.18
2026-02-03 13:44:11.929,4.64,215.45,READY,1.60,107.14,103.93,0.56,235.18
2026-02-03 13:44:12.043,9.16,109.16,READY,1.52,0.60,104.26,0.59,235.18
2026-02-03 13:44:12.157,9.21,108.54,READY,1.53,0.62,103.78,0.59,235.18
2026-02-03 13:44:12.271,9.13,109.48,READY,1.53,0.60,104.23,1.17,235.18
2026-02-03 13:44:12.386,9.11,109.74,READY,1.91,0.58,104.61,0.60,235.18
2026-02-03 13:44:12.606,4.64,215.62,READY,1.51,107.13,103.95,0.57,235.18
2026-02-03 13:44:12.724,9.02,110.85,READY,2.19,0.66,104.90,0.56,235.18
2026-02-03 13:44:12.839,9.11,109.79,READY,2.51,0.58,103.73,1.03,235.18
2026-02-03 13:44:12.955,8.98,111.40,READY,3.48,0.63,104.76,0.57,235.18
2026-02-03 13:44:13.069,9.17,109.08,READY,1.56,0.57,104.28,0.61,235.18
2026-02-03 13:44:13.290,4.63,215.84,READY,1.59,106.73,104.97,0.57,235.18
2026-02-03 13:44:13.410,9.19,108.76,READY,1.42,0.60,104.22,0.56,235.22
2026-02-03 13:44:13.525,9.08,110.08,READY,1.71,0.67,105.21,0.59,235.22
2026-02-03 13:44:13.640,9.18,108.95,READY,1.23,0.59,104.53,0.61,235.22
2026-02-03 13:44:13.755,9.10,109.83,READY,1.94,0.61,104.72,0.61,235.22
2026-02-03 13:44:13.987,4.40,227.14,READY,1.88,117.05,105.71,0.58,235.22
2026-02-03 13:44:14.105,9.16,109.13,READY,1.52,0.56,104.44,0.57,235.22
2026-02-03 13:44:14.231,8.40,119.10,READY,4.51,0.58,111.11,0.61,235.22
2026-02-03 13:44:14.356,8.30,120.49,READY,11.60,0.57,105.78,0.56,235.22
2026-02-03 13:44:14.471,9.12,109.66,READY,1.57,0.57,104.90,0.61,235.22
2026-02-03 13:44:14.696,4.54,220.15,READY,1.50,111.86,104.12,0.59,235.22
2026-02-03 13:44:14.812,9.20,108.67,READY,1.29,0.74,104.15,0.59,235.22
2026-02-03 13:44:14.926,9.11,109.82,READY,2.34,0.61,104.36,0.65,235.22
2026-02-03 13:44:15.041,9.08,110.19,READY,1.57,0.56,105.43,0.57,235.22
2026-02-03 13:44:15.183,7.30,136.92,READY,1.44,0.61,132.21,0.63,235.22
2026-02-03 13:44:15.415,4.43,225.83,READY,2.46,111.20,109.01,0.62,235.22
2026-02-03 13:44:15.532,9.14,109.42,READY,1.25,0.61,104.68,0.55,235.22
2026-02-03 13:44:15.646,9.16,109.19,READY,1.46,0.57,104.24,1.07,235.22
2026-02-03 13:44:15.759,9.26,107.97,READY,1.56,0.56,103.20,0.59,235.22
2026-02-03 13:44:15.888,8.06,124.05,READY,15.59,0.57,105.43,0.56,235.22
2026-02-03 13:44:16.110,4.60,217.52,READY,1.52,107.12,106.27,0.61,235.25
2026-02-03 13:44:16.231,8.84,113.13,READY,1.40,0.69,108.41,0.75,235.25
2026-02-03 13:44:16.359,8.13,123.06,READY,13.18,0.60,106.02,0.59,235.25
2026-02-03 13:44:16.473,9.15,109.28,READY,1.78,0.61,104.32,0.58,235.25
2026-02-03 13:44:16.587,9.21,108.52,READY,1.45,0.61,103.89,0.59,235.25
2026-02-03 13:44:16.805,4.67,213.98,READY,1.62,106.65,103.10,0.58,235.25
2026-02-03 13:44:16.921,9.20,108.69,READY,1.25,0.66,104.19,0.57,235.25
2026-02-03 13:44:17.037,9.05,110.51,READY,1.50,0.57,105.84,0.56,235.25
2026-02-03 13:44:17.155,8.81,113.45,READY,6.80,0.63,103.63,0.57,235.25
2026-02-03 13:44:17.269,9.20,108.69,READY,1.57,0.56,103.93,0.58,235.25
2026-02-03 13:44:17.488,4.66,214.53,READY,1.54,106.95,103.49,0.57,235.25
2026-02-03 13:44:17.605,9.14,109.37,READY,1.27,0.70,104.90,0.55,235.25
2026-02-03 13:44:17.720,9.08,110.16,READY,1.48,0.61,105.55,0.55,235.25
2026-02-03 13:44:17.835,9.08,110.13,READY,1.47,0.61,105.52,0.60,235.25
2026-02-03 13:44:17.956,8.61,116.21,READY,7.66,0.60,105.37,0.55,235.25
2026-02-03 13:44:18.177,4.63,215.80,READY,1.50,108.39,103.38,0.57,235.25
2026-02-03 13:44:18.296,8.97,111.44,READY,1.46,0.56,105.40,0.57,235.25
2026-02-03 13:44:18.424,8.13,122.98,READY,15.33,0.62,104.33,0.63,235.25
2026-02-03 13:44:18.569,7.20,138.95,READY,18.52,0.68,115.23,0.61,235.25
2026-02-03 13:44:18.694,8.36,119.64,READY,1.63,0.57,114.83,0.57,235.25
2026-02-03 13:44:18.940,4.15,240.84,READY,1.75,122.62,113.73,0.59,235.25
2026-02-03 13:44:19.065,8.45,118.39,READY,1.26,0.65,113.96,0.58,235.25
2026-02-03 13:44:19.186,8.66,115.45,READY,1.55,0.65,110.71,0.57,235.25
2026-02-03 13:44:19.307,8.65,115.64,READY,1.57,0.65,110.73,0.61,235.25
2026-02-03 13:44:19.430,8.46,118.25,READY,4.47,0.68,110.48,0.66,235.25
2026-02-03 13:44:19.673,4.21,237.39,READY,12.95,114.78,107.01,0.59,235.25
2026-02-03 13:44:19.794,8.76,114.13,READY,1.26,0.59,109.53,0.60,235.25
2026-02-03 13:44:19.913,8.76,114.16,READY,1.69,0.68,109.15,0.59,235.25
2026-02-03 13:44:20.035,8.61,116.16,READY,1.70,0.65,110.84,1.13,235.25
2026-02-03 13:44:20.164,8.04,124.35,READY,8.64,0.83,111.79,0.63,235.22
2026-02-03 13:44:20.387,4.59,218.08,READY,1.95,109.12,104.49,0.59,235.22
2026-02-03 13:44:20.503,9.20,108.65,READY,1.32,0.73,104.08,0.61,235.22
2026-02-03 13:44:20.623,8.68,115.16,READY,8.04,0.65,103.90,0.63,235.22
2026-02-03 13:44:20.761,7.51,133.10,READY,20.14,0.90,109.32,0.57,235.22
2026-02-03 13:44:20.875,9.20,108.70,READY,1.69,0.57,103.81,0.60,235.22
2026-02-03 13:44:21.099,4.57,218.98,READY,1.60,108.00,106.77,0.61,235.25
2026-02-03 13:44:21.223,8.69,115.11,READY,1.37,0.68,110.38,0.63,235.25
2026-02-03 13:44:21.345,8.72,114.73,READY,1.39,0.63,110.12,0.62,235.25
2026-02-03 13:44:21.465,8.69,115.12,READY,1.63,0.57,110.35,0.58,235.25
2026-02-03 13:44:21.586,8.60,116.29,READY,1.57,0.57,111.31,0.66,235.25
2026-02-03 13:44:21.818,4.43,225.85,READY,2.04,117.25,103.25,0.59,235.25
2026-02-03 13:44:21.937,9.08,110.16,READY,1.30,0.65,105.64,0.60,235.25
2026-02-03 13:44:22.052,9.24,108.28,READY,1.27,0.65,103.78,0.59,235.25
2026-02-03 13:44:22.166,9.19,108.81,READY,1.74,0.61,103.91,0.59,235.25
2026-02-03 13:44:22.293,8.18,122.25,READY,13.61,0.65,105.45,0.59,235.25
2026-02-03 13:44:22.533,4.25,235.28,READY,18.39,109.10,105.00,0.60,235.25
2026-02-03 13:44:22.653,8.87,112.73,READY,1.28,0.54,107.48,0.58,235.25
2026-02-03 13:44:22.767,9.19,108.77,READY,1.76,0.62,103.85,0.58,235.25
2026-02-03 13:44:22.892,8.36,119.58,READY,12.50,0.56,103.87,0.61,235.25
2026-02-03 13:44:23.034,7.30,137.05,READY,19.93,0.76,113.67,0.62,235.25
2026-02-03 13:44:23.274,4.26,234.96,READY,9.93,115.75,106.42,0.61,235.25
2026-02-03 13:44:23.390,9.17,109.04,READY,1.35,0.68,104.51,0.59,235.25
2026-02-03 13:44:23.505,9.08,110.10,READY,1.76,0.59,105.17,0.58,235.25
2026-02-03 13:44:23.625,8.71,114.81,READY,6.98,0.59,104.45,0.79,235.25
2026-02-03 13:44:23.763,7.48,133.72,READY,19.06,0.65,111.40,0.59,235.25
2026-02-03 13:44:23.993,4.44,225.23,READY,1.77,114.90,106.01,0.57,235.25
2026-02-03 13:44:24.111,9.10,109.93,READY,1.45,0.65,105.28,0.61,235.25
2026-02-03 13:44:24.225,9.16,109.15,READY,2.14,0.59,103.81,0.57,235.25
2026-02-03 13:44:24.366,7.35,136.00,READY,18.99,0.61,113.65,0.58,235.25
2026-02-03 13:44:24.481,9.05,110.44,READY,1.94,0.56,105.35,0.58,235.25
2026-02-03 13:44:24.710,4.46,224.03,READY,1.96,114.79,104.61,0.55,235.25
2026-02-03 13:44:24.828,9.00,111.12,READY,2.42,0.61,105.52,0.56,235.25
2026-02-03 13:44:24.959,7.95,125.75,READY,15.34,0.62,107.22,0.57,235.25
2026-02-03 13:44:25.077,8.89,112.55,READY,3.29,0.58,106.15,0.58,235.25
2026-02-03 13:44:25.193,8.95,111.78,READY,1.43,0.59,106.77,0.59,235.25
2026-02-03 13:44:25.426,4.44,225.40,READY,1.27,116.18,105.21,0.55,235.25
2026-02-03 13:44:25.546,8.93,111.94,READY,1.41,0.57,107.31,0.58,235.25
2026-02-03 13:44:25.662,9.07,110.31,READY,1.48,0.59,105.16,0.61,235.25
2026-02-03 13:44:25.776,9.14,109.45,READY,1.73,0.61,104.51,0.61,235.25
2026-02-03 13:44:25.894,8.89,112.53,READY,3.94,0.60,105.30,0.58,235.25
2026-02-03 13:44:26.141,4.12,242.65,READY,18.46,115.99,105.68,0.56,235.25
2026-02-03 13:44:26.257,9.22,108.49,READY,1.26,0.62,104.01,0.60,235.25
2026-02-03 13:44:26.371,9.18,108.98,READY,1.61,0.61,104.19,0.57,235.25
2026-02-03 13:44:26.492,8.58,116.61,READY,9.29,0.60,104.03,0.63,235.25
2026-02-03 13:44:26.631,7.47,133.81,READY,19.70,0.64,110.84,0.58,235.25
2026-02-03 13:44:26.856,4.54,220.27,READY,1.93,112.64,103.13,0.58,235.25
2026-02-03 13:44:26.972,9.19,108.86,READY,1.32,0.61,104.33,0.62,235.25
2026-02-03 13:44:27.091,8.78,113.93,READY,7.74,0.56,103.01,0.58,235.25
2026-02-03 13:44:27.235,7.20,138.80,READY,21.86,0.79,112.17,1.79,235.25
2026-02-03 13:44:27.353,8.86,112.84,READY,1.66,0.60,108.03,0.62,235.25
2026-02-03 13:44:27.583,4.43,225.52,READY,2.19,112.96,107.82,0.59,235.25
2026-02-03 13:44:27.700,9.11,109.81,READY,1.26,0.67,105.32,0.60,235.25
2026-02-03 13:44:27.825,8.36,119.57,READY,11.97,0.61,104.34,0.62,235.25
2026-02-03 13:44:27.939,9.18,108.90,READY,1.50,0.59,104.09,0.73,235.25
2026-02-03 13:44:28.054,9.08,110.12,READY,2.65,0.64,104.34,0.56,235.25
2026-02-03 13:44:28.275,4.63,216.21,READY,1.49,108.17,103.91,0.65,235.25
2026-02-03 13:44:28.391,9.18,108.90,READY,1.26,0.62,104.45,0.57,235.25
2026-02-03 13:44:28.505,9.18,108.94,READY,1.56,0.57,104.10,0.66,235.25
2026-02-03 13:44:28.625,8.64,115.78,READY,7.66,0.58,104.91,0.56,235.25
2026-02-03 13:44:28.739,9.19,108.79,READY,1.46,0.57,104.19,0.57,235.25
2026-02-03 13:44:28.970,4.42,226.39,READY,1.53,115.18,106.86,0.59,235.25
2026-02-03 13:44:29.090,8.85,113.02,READY,1.39,0.58,107.69,0.60,235.25
2026-02-03 13:44:29.208,8.89,112.51,READY,3.17,0.59,105.01,0.60,235.25
2026-02-03 13:44:29.323,9.11,109.76,READY,1.48,0.63,104.74,0.64,235.25
2026-02-03 13:44:29.438,9.04,110.68,READY,1.54,0.60,105.79,0.61,235.25
2026-02-03 13:44:29.668,4.44,225.22,READY,6.54,109.19,106.84,0.56,235.25
2026-02-03 13:44:29.791,8.64,115.70,READY,6.94,0.62,105.64,0.57,235.25
2026-02-03 13:44:29.906,9.11,109.72,READY,1.46,0.57,105.05,0.60,235.25
2026-02-03 13:44:30.026,8.69,115.08,READY,6.86,0.56,105.01,0.62,235.25
2026-02-03 13:44:30.140,9.18,108.97,READY,1.45,0.61,104.48,0.60,235.25
2026-02-03 13:44:30.359,4.67,214.32,READY,1.45,106.55,103.60,0.65,235.25
2026-02-03 13:44:30.475,9.17,108.99,READY,1.30,0.67,104.52,0.56,235.25
2026-02-03 13:44:30.588,9.20,108.64,READY,1.51,0.62,104.03,0.59,235.25
2026-02-03 13:44:30.703,9.13,109.51,READY,1.64,0.61,104.68,0.59,235.25
2026-02-03 13:44:30.826,8.46,118.22,READY,9.72,0.61,105.32,0.55,235.25
2026-02-03 13:44:31.050,4.57,218.92,READY,1.43,110.30,104.66,0.59,235.25
2026-02-03 13:44:31.166,9.16,109.14,READY,1.32,0.66,104.65,0.57,235.25
2026-02-03 13:44:31.293,8.18,122.21,READY,14.67,0.58,104.33,0.57,235.25
2026-02-03 13:44:31.431,7.55,132.52,READY,19.51,0.63,109.73,0.63,235.25
2026-02-03 13:44:31.545,9.14,109.37,READY,1.59,0.58,104.57,0.60,235.25
2026-02-03 13:44:31.768,4.59,217.88,READY,1.43,109.81,104.06,0.59,235.25
2026-02-03 13:44:31.886,9.04,110.67,READY,1.26,0.71,106.18,0.59,235.25
2026-02-03 13:44:31.999,9.20,108.65,READY,1.46,0.64,104.03,0.58,235.25
2026-02-03 13:44:32.114,9.12,109.67,READY,1.49,0.61,105.02,0.56,235.25
2026-02-03 13:44:32.228,9.16,109.15,READY,1.48,0.66,104.49,0.57,235.25
2026-02-03 13:44:32.451,4.58,218.14,READY,1.49,109.60,104.52,0.65,235.25
2026-02-03 13:44:32.570,8.95,111.78,READY,1.43,0.56,105.75,0.60,235.25
2026-02-03 13:44:32.694,8.43,118.58,READY,10.76,0.57,104.73,0.60,235.25
2026-02-03 13:44:32.831,7.54,132.60,READY,19.35,0.64,109.98,0.60,235.25
2026-02-03 13:44:32.945,9.16,109.18,READY,1.55,0.57,104.38,0.67,235.25
2026-02-03 13:44:33.173,4.49,222.69,READY,1.49,109.69,108.83,0.56,235.25
2026-02-03 13:44:33.291,9.02,110.85,READY,1.36,0.68,106.24,0.57,235.25
2026-02-03 13:44:33.406,9.08,110.12,READY,1.53,0.61,105.42,0.57,235.25
2026-02-03 13:44:33.521,9.04,110.58,READY,1.47,0.66,105.90,0.62,235.25
2026-02-03 13:44:33.635,9.16,109.16,READY,1.44,0.61,104.52,0.63,235.25
2026-02-03 13:44:33.869,4.37,229.09,READY,9.96,110.53,106.14,0.57,235.25
2026-02-03 13:44:34.000,8.13,122.97,READY,5.06,0.57,114.11,1.00,235.25
2026-02-03 13:44:34.124,8.41,118.96,READY,2.01,0.54,113.14,0.59,235.25
2026-02-03 13:44:34.239,9.09,110.05,READY,1.55,0.56,105.30,0.61,235.25
2026-02-03 13:44:34.358,8.74,114.43,READY,6.33,0.57,104.93,0.62,235.25
2026-02-03 13:44:34.582,4.57,218.78,READY,1.52,109.47,105.17,0.60,235.25
2026-02-03 13:44:34.702,8.90,112.30,READY,4.18,0.61,104.76,0.57,235.25
2026-02-03 13:44:34.828,8.25,121.19,READY,11.44,0.61,106.28,0.57,235.25
2026-02-03 13:44:34.946,8.83,113.24,READY,1.50,0.61,108.27,0.68,235.25
2026-02-03 13:44:35.060,9.14,109.36,READY,1.51,0.65,104.62,0.60,235.25
2026-02-03 13:44:35.282,4.61,216.82,READY,1.55,108.59,104.13,0.59,235.25
2026-02-03 13:44:35.400,9.08,110.17,READY,1.37,0.58,105.67,0.58,235.25
2026-02-03 13:44:35.518,8.90,112.35,READY,2.12,0.59,106.86,0.83,235.25
2026-02-03 13:44:35.633,9.15,109.27,READY,1.55,0.57,104.52,0.61,235.25
2026-02-03 13:44:35.761,8.14,122.88,READY,12.56,0.57,107.16,0.60,235.25
2026-02-03 13:44:35.989,4.47,223.55,READY,1.50,114.70,104.76,0.58,235.25
2026-02-03 13:44:36.106,9.15,109.29,READY,1.34,0.67,104.75,0.59,235.25
2026-02-03 13:44:36.228,8.56,116.81,READY,8.53,0.62,104.28,0.61,235.25
2026-02-03 13:44:36.345,8.98,111.41,READY,2.80,0.71,105.03,0.61,235.25
2026-02-03 13:44:36.460,9.03,110.70,READY,2.25,0.62,105.33,0.61,235.25
2026-02-03 13:44:36.685,4.55,220.01,READY,1.56,111.39,104.55,0.55,235.25
2026-02-03 13:44:36.809,8.59,116.41,READY,2.21,0.56,108.91,0.56,235.25
2026-02-03 13:44:36.926,8.95,111.72,READY,1.79,0.57,106.46,0.64,235.25
2026-02-03 13:44:37.040,9.16,109.14,READY,1.44,0.56,104.51,0.59,235.25
2026-02-03 13:44:37.163,8.49,117.75,READY,9.92,0.60,104.66,0.58,235.25
2026-02-03 13:44:37.404,4.25,235.40,READY,18.38,109.82,104.61,0.56,235.25
2026-02-03 13:44:37.521,9.05,110.55,READY,1.25,0.72,105.84,0.57,235.25
2026-02-03 13:44:37.637,9.01,110.99,READY,1.49,0.65,106.05,0.61,235.25
2026-02-03 13:44:37.763,8.27,120.97,READY,12.39,0.61,105.41,0.61,235.25
2026-02-03 13:44:37.897,7.75,129.07,READY,18.67,0.61,107.23,0.58,235.25
2026-02-03 13:44:38.137,4.25,235.04,READY,16.64,109.80,105.99,0.58,235.25
2026-02-03 13:44:38.254,9.08,110.14,READY,1.29,0.62,105.63,0.61,235.25
2026-02-03 13:44:38.369,9.11,109.79,READY,1.47,0.56,105.14,0.58,235.25
2026-02-03 13:44:38.494,8.33,120.09,READY,12.71,0.63,104.25,0.62,235.25
2026-02-03 13:44:38.633,7.49,133.47,READY,20.27,0.88,109.59,0.60,235.25
2026-02-03 13:44:38.859,4.51,221.86,READY,1.48,109.33,108.09,0.56,235.25
2026-02-03 13:44:38.987,8.27,120.91,READY,1.24,0.63,115.63,0.86,235.25
2026-02-03 13:44:39.117,8.04,124.33,READY,1.75,0.63,119.41,0.60,235.25
2026-02-03 13:44:39.237,8.68,115.22,READY,1.42,0.73,110.47,0.58,235.25
2026-02-03 13:44:39.371,7.79,128.33,READY,12.37,0.61,112.74,0.62,235.25
2026-02-03 13:44:39.618,4.13,242.24,READY,11.23,111.13,117.20,0.69,235.25
2026-02-03 13:44:39.739,8.75,114.25,READY,1.42,0.66,109.61,0.61,235.25
2026-02-03 13:44:39.859,8.71,114.85,READY,1.60,0.57,110.07,0.61,235.25
2026-02-03 13:44:39.979,8.73,114.58,READY,1.64,0.57,109.83,0.57,235.25
2026-02-03 13:44:40.099,8.68,115.19,READY,3.29,0.64,108.71,0.60,235.25
2026-02-03 13:44:40.370,3.76,266.27,READY,15.27,125.74,122.56,0.64,235.25
2026-02-03 13:44:40.491,8.81,113.50,READY,1.37,0.61,109.07,0.60,235.25
2026-02-03 13:44:40.612,8.68,115.19,READY,1.90,0.61,110.17,0.57,235.25
2026-02-03 13:44:40.732,8.67,115.31,READY,1.59,0.61,110.41,0.77,235.25
2026-02-03 13:44:40.853,8.82,113.44,READY,1.26,0.59,108.37,0.56,235.25
2026-02-03 13:44:41.075,4.60,217.48,READY,1.52,109.63,103.75,0.58,235.25
2026-02-03 13:44:41.192,9.16,109.16,READY,1.27,0.69,104.65,0.57,235.25
2026-02-03 13:44:41.309,8.95,111.74,READY,1.52,0.57,107.09,0.57,235.25
2026-02-03 13:44:41.427,8.85,113.04,READY,5.42,0.60,104.09,0.94,235.25
2026-02-03 13:44:41.542,9.02,110.85,READY,1.57,0.56,106.04,0.63,235.25
2026-02-03 13:44:41.769,4.51,221.81,READY,1.51,109.73,107.48,0.63,235.25
2026-02-03 13:44:41.887,9.09,110.07,READY,1.64,0.71,105.20,0.59,235.25
2026-02-03 13:44:42.004,9.03,110.80,READY,2.16,0.67,105.48,0.57,235.25
2026-02-03 13:44:42.119,9.14,109.39,READY,1.26,0.61,104.98,0.58,235.25
2026-02-03 13:44:42.234,9.13,109.52,READY,1.49,0.61,104.85,0.56,235.25
2026-02-03 13:44:42.473,4.28,233.73,READY,16.36,110.24,104.57,0.57,235.25
2026-02-03 13:44:42.589,9.14,109.47,READY,1.34,0.62,104.91,0.59,235.25
2026-02-03 13:44:42.706,8.97,111.52,READY,1.64,0.70,106.56,0.57,235.25
2026-02-03 13:44:42.827,8.62,116.04,READY,8.27,0.57,104.63,0.58,235.25
2026-02-03 13:44:42.942,9.08,110.18,READY,1.55,0.58,105.44,0.56,235.25
2026-02-03 13:44:43.164,4.60,217.53,READY,1.57,109.01,104.37,0.58,235.25
2026-02-03 13:44:43.280,9.19,108.83,READY,1.25,0.62,104.39,0.56,235.25
2026-02-03 13:44:43.395,9.14,109.41,READY,1.59,0.61,104.63,0.59,235.25
2026-02-03 13:44:43.510,9.08,110.13,READY,1.67,0.61,105.21,0.59,235.25
2026-02-03 13:44:43.627,8.92,112.12,READY,4.28,0.60,104.65,0.57,235.25
2026-02-03 13:44:43.848,4.63,216.16,READY,1.50,107.90,104.15,0.56,235.25
2026-02-03 13:44:43.964,9.19,108.77,READY,1.25,0.63,104.29,0.58,235.25
2026-02-03 13:44:44.095,7.92,126.34,READY,18.19,0.56,105.03,0.57,235.25
2026-02-03 13:44:44.210,9.12,109.70,READY,1.42,0.56,105.12,0.57,235.25
2026-02-03 13:44:44.324,9.12,109.60,READY,1.42,0.62,104.93,0.61,235.25
2026-02-03 13:44:44.545,4.64,215.34,READY,1.56,107.87,103.01,0.91,235.25
2026-02-03 13:44:44.662,9.14,109.43,READY,1.41,0.60,104.94,0.55,235.25
2026-02-03 13:44:44.776,9.15,109.30,READY,1.92,0.59,104.25,0.55,235.25
2026-02-03 13:44:44.895,8.78,113.87,READY,6.25,0.61,104.55,0.54,235.25
2026-02-03 13:44:45.009,9.18,108.92,READY,1.48,0.61,104.27,0.55,235.25
2026-02-03 13:44:45.228,4.67,214.09,READY,1.55,106.68,103.34,0.60,235.25
2026-02-03 13:44:45.342,9.20,108.74,READY,1.56,0.56,104.07,0.57,235.25
2026-02-03 13:44:45.455,9.22,108.50,READY,1.47,0.61,103.87,0.60,235.25
2026-02-03 13:44:45.568,9.23,108.37,READY,1.46,0.56,103.66,0.65,235.25
2026-02-03 13:44:45.694,8.30,120.55,READY,14.11,0.56,103.43,0.59,235.25
2026-02-03 13:44:45.912,4.69,213.39,READY,1.43,106.17,103.21,0.57,235.25
2026-02-03 13:44:46.028,9.22,108.48,READY,1.27,0.65,104.06,0.60,235.25
2026-02-03 13:44:46.142,9.20,108.73,READY,2.25,0.65,103.32,0.58,235.25
2026-02-03 13:44:46.256,9.18,108.93,READY,1.46,0.62,104.31,0.54,235.25
2026-02-03 13:44:46.369,9.25,108.08,READY,1.55,0.63,103.40,0.58,235.25
2026-02-03 13:44:46.604,4.35,229.83,READY,14.18,108.98,103.93,0.58,235.25
2026-02-03 13:44:46.725,8.78,113.96,READY,1.24,0.53,108.52,0.61,235.25
2026-02-03 13:44:46.843,8.88,112.61,READY,2.14,1.34,105.27,0.63,235.25
2026-02-03 13:44:46.966,8.43,118.61,READY,7.99,0.57,107.57,0.63,235.25
2026-02-03 13:44:47.095,8.09,123.59,READY,16.48,0.57,103.85,0.72,235.25
2026-02-03 13:44:47.314,4.66,214.58,READY,1.52,106.23,104.17,0.63,235.25
2026-02-03 13:44:47.430,9.07,110.26,READY,2.15,0.61,104.94,0.57,235.25
2026-02-03 13:44:47.545,9.05,110.44,READY,2.22,0.63,104.40,1.29,235.25
2026-02-03 13:44:47.658,9.25,108.15,READY,1.52,0.61,103.46,0.56,235.25
2026-02-03 13:44:47.773,9.09,109.96,READY,2.13,0.62,104.64,0.58,235.25
2026-02-03 13:44:48.003,4.46,224.40,READY,10.34,108.04,103.48,0.60,235.25
2026-02-03 13:44:48.119,9.18,108.99,READY,1.42,0.65,104.39,0.58,235.25
2026-02-03 13:44:48.231,9.28,107.76,READY,1.48,0.58,103.08,0.59,235.25
2026-02-03 13:44:48.371,7.44,134.41,READY,19.57,0.71,111.53,0.61,235.25
2026-02-03 13:44:48.495,8.35,119.70,READY,12.35,0.57,104.22,0.57,235.25
2026-02-03 13:44:48.713,4.69,213.38,READY,1.44,106.75,102.59,0.61,235.25
2026-02-03 13:44:48.830,9.16,109.21,READY,1.40,0.69,104.41,0.60,235.25
2026-02-03 13:44:48.946,9.01,110.97,READY,1.42,0.64,106.01,0.62,235.25
2026-02-03 13:44:49.060,9.15,109.27,READY,1.47,0.64,104.64,0.56,235.25
2026-02-03 13:44:49.173,9.24,108.19,READY,1.47,0.61,103.64,0.65,235.25
2026-02-03 13:44:49.403,4.44,225.26,READY,9.97,108.77,103.74,0.65,235.25
2026-02-03 13:44:49.522,8.98,111.34,READY,1.31,0.59,106.03,0.62,235.25
2026-02-03 13:44:49.636,9.18,108.99,READY,1.43,0.61,104.39,0.57,235.25
2026-02-03 13:44:49.764,8.12,123.21,READY,15.54,0.64,104.52,0.57,235.25
2026-02-03 13:44:49.902,7.48,133.76,READY,19.43,0.68,111.03,0.61,235.25
2026-02-03 13:44:50.130,4.49,222.78,READY,1.42,114.71,104.01,0.58,235.25
2026-02-03 13:44:50.246,9.21,108.55,READY,1.33,0.67,104.05,0.57,235.25
2026-02-03 13:44:50.405,6.53,153.04,READY,6.09,0.58,142.52,0.58,235.25
2026-02-03 13:44:50.523,8.79,113.74,READY,1.61,0.61,108.80,0.61,235.25
2026-02-03 13:44:50.642,8.82,113.32,READY,1.42,0.60,108.63,0.60,235.25
2026-02-03 13:44:50.881,4.28,233.90,READY,9.28,111.56,110.13,0.88,235.25
2026-02-03 13:44:51.025,7.73,129.42,READY,5.14,0.72,120.35,0.72,235.25
2026-02-03 13:44:51.165,7.65,130.77,READY,2.92,1.11,123.48,0.58,235.25
2026-02-03 13:44:51.284,8.79,113.72,READY,1.48,0.57,109.11,0.58,235.25
2026-02-03 13:44:51.404,8.70,114.89,READY,2.07,0.57,107.71,0.61,235.25
2026-02-03 13:44:51.640,4.33,231.18,READY,2.40,117.99,108.23,0.57,235.25
2026-02-03 13:44:51.763,8.70,114.96,READY,1.24,0.64,110.48,0.63,235.25
2026-02-03 13:44:51.910,7.03,142.20,READY,1.59,0.73,136.78,1.03,235.25
2026-02-03 13:44:52.063,6.80,147.04,READY,4.57,1.13,136.84,0.71,235.25
2026-02-03 13:44:52.210,7.19,139.00,READY,3.63,1.19,130.00,0.69,235.25
2026-02-03 13:44:52.443,4.47,223.49,READY,1.51,111.96,106.21,0.62,235.25
2026-02-03 13:44:52.560,9.08,110.17,READY,1.28,0.66,105.64,0.61,235.25
2026-02-03 13:44:52.676,9.06,110.40,READY,1.56,0.57,105.60,0.67,235.25
2026-02-03 13:44:52.790,9.09,110.00,READY,1.48,0.57,105.30,0.63,235.25
2026-02-03 13:44:52.905,9.07,110.22,READY,1.52,0.56,105.49,0.62,235.25
2026-02-03 13:44:53.140,4.36,229.51,READY,10.29,110.04,106.57,0.58,235.25
2026-02-03 13:44:53.257,9.09,109.99,READY,1.30,0.66,105.49,0.59,235.25
2026-02-03 13:44:53.372,9.09,109.99,READY,1.52,0.61,105.30,0.59,235.25
2026-02-03 13:44:53.497,8.36,119.64,READY,11.53,0.62,104.91,0.59,235.25
2026-02-03 13:44:53.612,9.08,110.15,READY,1.51,0.60,105.42,0.63,235.25
2026-02-03 13:44:53.838,4.51,221.58,READY,1.52,111.24,106.00,0.69,235.25
2026-02-03 13:44:53.956,9.04,110.64,READY,1.43,0.63,105.94,0.57,235.25
2026-02-03 13:44:54.073,8.98,111.41,READY,1.54,0.57,106.72,0.57,235.25
2026-02-03 13:44:54.188,9.03,110.71,READY,1.55,0.57,105.98,0.57,235.25
2026-02-03 13:44:54.303,9.07,110.22,READY,1.54,0.57,105.51,0.57,235.25
2026-02-03 13:44:54.544,4.24,235.96,READY,16.43,109.28,107.54,0.67,235.25
2026-02-03 13:44:54.663,9.00,111.07,READY,1.26,0.64,106.57,0.61,235.25
2026-02-03 13:44:54.780,8.93,112.02,READY,1.66,0.67,105.71,0.60,235.25
2026-02-03 13:44:54.905,8.27,120.97,READY,4.45,0.57,111.82,1.97,235.25
2026-02-03 13:44:55.043,7.55,132.38,READY,2.91,2.05,124.16,0.88,235.25
2026-02-03 13:44:55.344,3.39,295.40,READY,2.33,144.10,143.19,1.52,235.25
2026-02-03 13:44:55.492,7.24,138.12,READY,1.89,1.19,129.23,0.64,235.25
2026-02-03 13:44:55.613,8.62,116.07,READY,1.48,0.60,109.34,0.58,235.25
2026-02-03 13:44:55.728,9.05,110.53,READY,2.23,0.63,105.13,0.56,235.25
2026-02-03 13:44:55.844,9.04,110.62,READY,1.53,0.57,105.89,0.58,235.25
2026-02-03 13:44:56.079,4.33,230.68,READY,8.11,114.64,105.04,0.61,235.25
2026-02-03 13:44:56.201,8.78,113.90,READY,1.30,0.57,108.41,0.58,235.25
2026-02-03 13:44:56.322,8.62,116.05,READY,1.61,0.61,110.42,0.66,235.25
2026-02-03 13:44:56.438,8.98,111.35,READY,1.49,0.65,106.63,0.61,235.25
2026-02-03 13:44:56.565,8.17,122.45,READY,14.24,0.60,105.00,0.60,235.25
2026-02-03 13:44:56.812,4.13,242.07,READY,18.94,111.97,108.53,0.62,235.22
2026-02-03 13:44:56.935,8.82,113.36,READY,2.71,0.62,107.19,0.60,235.25
2026-02-03 13:44:57.052,8.86,112.84,READY,1.53,0.57,108.11,0.60,235.25
2026-02-03 13:44:57.169,8.99,111.28,READY,1.48,0.57,106.60,0.62,235.25
2026-02-03 13:44:57.299,7.99,125.14,READY,15.63,0.57,106.28,0.61,235.25
2026-02-03 13:44:57.524,4.53,220.66,READY,1.54,110.39,106.08,0.62,235.25
2026-02-03 13:44:57.642,9.06,110.37,READY,1.39,0.64,105.73,0.61,235.25
2026-02-03 13:44:57.765,8.48,117.98,READY,10.23,0.60,104.63,0.57,235.25
2026-02-03 13:44:57.906,7.33,136.44,READY,19.39,0.64,113.71,0.64,235.25
2026-02-03 13:44:58.028,8.58,116.59,READY,1.59,0.60,111.81,0.61,235.25
2026-02-03 13:44:58.297,3.89,257.38,READY,2.14,127.35,124.37,0.81,235.25
2026-02-03 13:44:58.436,7.61,131.44,READY,3.03,0.64,124.63,0.66,235.25
2026-02-03 13:44:58.572,7.64,130.92,READY,3.92,0.60,122.34,0.60,235.25
2026-02-03 13:44:58.723,6.88,145.37,READY,7.10,1.07,133.70,0.61,235.25
2026-02-03 13:44:58.865,7.52,132.89,READY,3.23,1.19,123.88,1.46,235.25
2026-02-03 13:44:59.121,4.03,248.21,READY,3.32,132.69,109.52,0.61,235.25
2026-02-03 13:44:59.239,9.01,111.04,READY,2.04,0.60,105.74,0.58,235.25
2026-02-03 13:44:59.367,8.14,122.86,READY,13.48,0.61,106.13,0.61,235.25
2026-02-03 13:44:59.484,8.86,112.84,READY,1.66,0.63,107.90,0.62,235.25
2026-02-03 13:44:59.611,8.27,120.97,READY,1.75,0.57,114.24,1.10,235.25
2026-02-03 13:44:59.915,3.37,296.84,READY,3.24,137.72,151.16,1.14,235.25
2026-02-03 13:45:00.077,6.47,154.56,READY,2.89,2.69,145.22,0.64,235.25
2026-02-03 13:45:00.199,8.53,117.22,READY,2.42,0.68,111.03,0.62,235.25
2026-02-03 13:45:00.320,8.64,115.75,READY,1.64,0.56,110.86,0.62,235.25
2026-02-03 13:45:00.439,8.73,114.52,READY,1.61,0.68,109.64,0.60,235.25
2026-02-03 13:45:00.688,4.10,243.82,READY,13.06,112.86,115.33,0.57,235.25
2026-02-03 13:45:00.808,8.88,112.67,READY,1.57,0.64,107.23,1.24,235.25
2026-02-03 13:45:00.943,7.98,125.39,READY,1.45,0.62,120.41,0.57,235.22
2026-02-03 13:45:01.070,8.25,121.28,READY,1.26,0.72,116.30,0.57,235.22
2026-02-03 13:45:01.195,8.50,117.63,READY,1.33,0.81,112.95,0.61,235.22
2026-02-03 13:45:01.451,3.98,251.02,READY,2.26,125.81,120.40,0.71,235.18
2026-02-03 13:45:01.578,8.39,119.17,READY,1.78,0.67,113.29,0.56,235.18
2026-02-03 13:45:01.692,9.12,109.70,READY,1.58,0.61,104.93,0.58,235.18
2026-02-03 13:45:01.809,8.99,111.23,READY,1.60,0.58,106.42,0.60,235.18
2026-02-03 13:45:01.935,8.25,121.16,READY,1.56,0.56,116.36,0.62,235.18
2026-02-03 13:45:02.220,3.57,280.35,READY,1.84,121.24,154.46,0.57,235.22
2026-02-03 13:45:02.385,6.51,153.54,READY,2.91,1.45,144.12,0.56,235.22
2026-02-03 13:45:02.540,6.66,150.13,READY,1.41,2.02,142.04,1.51,235.22
2026-02-03 13:45:02.707,6.22,160.78,READY,5.70,1.12,147.47,1.18,235.22
2026-02-03 13:45:02.871,6.37,157.00,READY,3.03,0.64,150.52,0.68,235.22
2026-02-03 13:45:03.134,3.89,257.05,READY,1.42,127.31,125.04,0.98,235.22
2026-02-03 13:45:03.272,7.76,128.90,READY,4.08,1.21,120.25,0.58,235.22
2026-02-03 13:45:03.403,8.05,124.28,READY,3.98,1.21,115.18,0.64,235.22
2026-02-03 13:45:03.536,7.78,128.55,READY,1.54,2.05,121.33,0.60,235.22
2026-02-03 13:45:03.652,9.00,111.06,READY,1.61,0.58,106.28,0.57,235.22
2026-02-03 13:45:03.889,4.31,231.84,READY,1.61,106.45,119.56,1.88,235.22
2026-02-03 13:45:04.028,7.85,127.44,READY,1.43,0.60,121.54,1.31,235.22
2026-02-03 13:45:04.167,7.63,131.14,READY,2.30,0.58,124.23,1.15,235.22
2026-02-03 13:45:04.295,8.25,121.22,READY,1.86,0.66,116.06,0.66,235.22
2026-02-03 13:45:04.425,8.00,124.94,READY,3.09,0.59,117.29,1.11,235.22
2026-02-03 13:45:04.816,2.61,383.47,READY,4.71,268.25,107.06,0.61,235.22
2026-02-03 13:45:04.946,8.18,122.23,READY,1.28,0.56,117.82,0.65,235.22
2026-02-03 13:45:05.115,6.52,153.28,READY,2.96,0.71,145.29,0.67,235.22
2026-02-03 13:45:05.276,6.64,150.69,READY,2.27,0.60,141.35,3.25,235.22
2026-02-03 13:45:05.424,7.23,138.31,READY,2.20,0.62,131.18,0.58,235.22
2026-02-03 13:45:05.765,2.98,335.81,READY,1.90,166.51,164.35,0.76,235.22
2026-02-03 13:45:05.901,7.95,125.85,READY,1.51,0.63,121.07,0.61,235.22
2026-02-03 13:45:06.022,8.60,116.22,READY,1.58,0.73,111.25,0.69,235.22
2026-02-03 13:45:06.147,8.29,120.58,READY,1.49,0.67,114.87,0.61,235.22
2026-02-03 13:45:06.275,8.17,122.41,READY,1.55,0.61,117.66,0.63,235.22
2026-02-03 13:45:06.537,3.90,256.69,READY,1.62,117.33,134.02,1.40,235.22
2026-02-03 13:45:06.696,6.86,145.75,READY,1.75,1.46,137.74,1.05,235.22
2026-02-03 13:45:06.851,6.68,149.71,READY,4.59,2.33,138.97,0.73,235.22
2026-02-03 13:45:07.010,6.51,153.53,READY,5.96,1.15,138.11,1.47,235.18
2026-02-03 13:45:07.141,8.13,123.07,READY,1.83,0.92,116.99,0.64,235.22
2026-02-03 13:45:07.410,3.79,263.99,READY,1.51,119.98,139.95,0.61,235.22
2026-02-03 13:45:07.560,7.08,141.17,READY,3.56,1.20,133.02,0.68,235.22
2026-02-03 13:45:07.707,7.12,140.51,READY,4.75,1.38,129.50,1.16,235.22
2026-02-03 13:45:07.847,7.43,134.53,READY,1.69,1.59,127.35,1.12,235.22
2026-02-03 13:45:07.992,7.20,138.98,READY,2.44,1.38,127.96,2.14,235.23
2026-02-03 13:45:08.250,3.95,252.86,READY,2.16,126.55,121.35,0.62,235.22
2026-02-03 13:45:08.393,7.65,130.65,READY,2.24,0.67,125.11,0.56,235.22
2026-02-03 13:45:08.535,7.27,137.48,READY,1.53,0.59,130.55,1.09,235.18
2026-02-03 13:45:08.704,6.26,159.86,READY,2.40,0.65,153.12,0.80,235.18
2026-02-03 13:45:08.838,7.80,128.23,READY,1.77,1.81,120.28,0.59,235.18
2026-02-03 13:45:09.111,3.73,268.01,READY,1.49,122.21,140.99,0.57,235.18
2026-02-03 13:45:09.265,7.02,142.51,READY,3.43,0.74,132.33,0.71,235.18
2026-02-03 13:45:09.421,6.63,150.88,READY,3.86,1.26,139.93,2.10,235.18
2026-02-03 13:45:09.549,8.28,120.82,READY,1.70,0.63,115.49,0.62,235.18
2026-02-03 13:45:09.683,7.76,128.79,READY,2.00,0.99,122.97,0.68,235.18
2026-02-03 13:45:09.949,3.84,260.52,READY,3.16,129.47,124.27,0.82,235.18
2026-02-03 13:45:10.084,7.94,125.98,READY,1.91,0.56,120.86,0.69,235.18
2026-02-03 13:45:10.215,7.92,126.24,READY,3.84,0.60,118.67,0.97,235.18
2026-02-03 13:45:10.356,7.36,135.82,READY,3.36,0.64,128.64,0.65,235.18
2026-02-03 13:45:10.498,7.36,135.91,READY,2.01,0.61,130.34,0.63,235.18
2026-02-03 13:45:10.769,3.77,265.17,READY,2.03,131.59,126.67,0.56,235.22
2026-02-03 13:45:10.909,7.67,130.38,READY,1.45,0.69,125.54,0.56,235.22
2026-02-03 13:45:11.052,7.25,138.02,READY,2.30,0.58,130.89,0.65,235.22
2026-02-03 13:45:11.191,7.62,131.27,READY,1.24,0.61,126.55,0.65,235.25
2026-02-03 13:45:11.347,6.63,150.84,READY,3.29,1.48,141.13,0.66,235.25
2026-02-03 13:45:11.610,3.94,253.67,READY,2.72,126.58,121.19,0.68,235.25
2026-02-03 13:45:11.758,7.56,132.29,READY,2.48,0.90,126.06,0.62,235.25
2026-02-03 13:45:11.875,9.21,108.59,READY,1.35,0.57,103.98,0.61,235.25
2026-02-03 13:45:11.986,9.38,106.60,READY,1.24,0.56,101.79,0.62,235.25
2026-02-03 13:45:12.101,9.11,109.80,READY,4.16,0.57,102.43,0.62,235.25
2026-02-03 13:45:12.365,3.86,258.96,READY,21.59,115.39,119.30,0.60,235.25
2026-02-03 13:45:12.499,8.02,124.65,READY,2.80,1.14,116.46,1.25,235.25
2026-02-03 13:45:12.626,8.22,121.59,READY,4.20,1.18,112.11,0.57,235.25
2026-02-03 13:45:12.737,9.39,106.44,READY,1.58,0.66,101.64,0.61,235.25
2026-02-03 13:45:12.848,9.39,106.53,READY,1.28,0.61,101.79,0.58,235.25
2026-02-03 13:45:13.068,4.65,214.89,READY,5.91,102.19,104.27,0.58,235.25
2026-02-03 13:45:13.195,8.39,119.20,READY,1.49,0.58,114.21,0.55,235.25
2026-02-03 13:45:13.313,8.88,112.63,READY,2.40,0.63,106.36,0.56,235.25
2026-02-03 13:45:13.437,8.46,118.20,READY,8.91,0.57,106.16,0.57,235.25
2026-02-03 13:45:13.569,7.88,126.94,READY,17.64,0.57,106.18,0.56,235.25
2026-02-03 13:45:13.785,4.74,211.13,READY,1.43,102.09,104.77,0.57,235.25
2026-02-03 13:45:13.906,8.82,113.38,READY,1.38,0.65,108.60,0.61,235.25
2026-02-03 13:45:14.057,6.85,145.95,READY,1.96,1.31,139.72,0.69,235.22
2026-02-03 13:45:14.206,7.14,140.13,READY,3.68,1.05,132.38,0.68,235.22
2026-02-03 13:45:14.352,7.22,138.54,READY,4.12,0.78,129.34,1.06,235.22
2026-02-03 13:45:14.642,3.53,283.65,READY,6.81,132.21,140.75,0.73,235.25
2026-02-03 13:45:14.806,6.56,152.54,READY,2.84,1.08,144.31,1.05,235.25
2026-02-03 13:45:14.975,6.15,162.51,READY,3.68,1.31,152.08,0.68,235.25
2026-02-03 13:45:15.135,6.49,154.04,READY,5.48,1.11,142.68,1.77,235.25
2026-02-03 13:45:15.289,6.83,146.32,READY,1.53,2.13,136.83,1.04,235.25
2026-02-03 13:45:15.679,2.60,384.93,READY,2.93,247.78,129.32,0.57,235.25
2026-02-03 13:45:15.802,8.72,114.69,READY,1.25,0.84,110.09,0.58,235.25
2026-02-03 13:45:15.932,8.02,124.70,READY,1.45,0.70,118.26,1.93,235.25
2026-02-03 13:45:16.060,8.31,120.34,READY,3.60,1.07,112.19,0.60,235.25
2026-02-03 13:45:16.173,9.25,108.11,READY,1.96,0.61,103.01,0.56,235.25
2026-02-03 13:45:16.464,3.50,285.63,READY,17.78,138.29,124.39,1.51,235.25
2026-02-03 13:45:16.590,8.90,112.42,READY,1.75,0.55,107.65,0.66,235.25
2026-02-03 13:45:16.708,8.91,112.18,READY,1.65,0.60,107.25,0.66,235.25
2026-02-03 13:45:16.837,8.05,124.20,READY,15.85,0.60,105.10,0.57,235.25
2026-02-03 13:45:16.955,8.86,112.88,READY,1.50,0.57,107.89,0.90,235.25
2026-02-03 13:45:17.375,2.41,414.88,READY,1.63,242.88,166.33,1.37,235.25
2026-02-03 13:45:17.525,7.44,134.43,READY,3.67,0.90,126.37,0.70,235.25
2026-02-03 13:45:17.663,7.52,132.99,READY,1.73,0.65,128.04,0.55,235.25
2026-02-03 13:45:17.800,7.65,130.75,READY,1.88,0.61,125.19,1.03,235.25
2026-02-03 13:45:17.943,7.31,136.82,READY,2.76,0.91,129.19,0.89,235.25
2026-02-03 13:45:18.246,3.38,295.66,READY,2.18,143.89,144.92,0.94,235.25
2026-02-03 13:45:18.401,6.94,144.18,READY,2.83,0.97,136.17,0.58,235.25
2026-02-03 13:45:18.525,8.45,118.32,READY,3.26,0.58,109.86,0.57,235.25
2026-02-03 13:45:18.643,8.81,113.47,READY,1.55,0.56,107.42,0.61,235.25
2026-02-03 13:45:18.762,8.76,114.13,READY,2.27,0.61,108.25,0.61,235.25
2026-02-03 13:45:19.089,3.10,322.25,READY,1.45,207.67,110.47,0.60,235.25
2026-02-03 13:45:19.206,9.12,109.59,READY,1.43,0.67,104.81,0.60,235.25
2026-02-03 13:45:19.324,8.87,112.74,READY,1.49,0.61,107.53,0.58,235.25
2026-02-03 13:45:19.440,8.98,111.32,READY,1.59,0.61,106.23,0.60,235.25
2026-02-03 13:45:19.560,8.78,113.85,READY,4.59,0.59,106.11,0.56,235.25
2026-02-03 13:45:19.784,4.57,218.63,READY,1.66,109.29,105.10,0.59,235.25
2026-02-03 13:45:19.902,9.08,110.09,READY,1.37,0.59,105.46,0.63,235.25
2026-02-03 13:45:20.020,9.06,110.36,READY,1.32,0.64,105.86,0.57,235.25
2026-02-03 13:45:20.137,8.90,112.31,READY,1.75,0.57,107.40,0.57,235.25
2026-02-03 13:45:20.253,9.13,109.50,READY,1.25,0.63,105.01,0.58,235.25
2026-02-03 13:45:20.475,4.61,217.14,READY,2.04,108.11,104.40,0.57,235.25
2026-02-03 13:45:20.598,8.63,115.90,READY,2.11,0.71,110.55,0.57,235.25
2026-02-03 13:45:20.718,8.71,114.75,READY,1.55,0.65,110.00,0.57,235.25
2026-02-03 13:45:20.842,8.40,119.04,READY,5.69,0.65,110.18,0.57,235.25
2026-02-03 13:45:20.962,8.71,114.83,READY,1.34,0.65,109.96,0.77,235.25
2026-02-03 13:45:21.191,4.47,223.78,READY,1.58,111.18,108.12,0.62,235.25
2026-02-03 13:45:21.306,9.23,108.29,READY,1.29,0.63,103.78,0.58,235.25
2026-02-03 13:45:21.436,7.98,125.34,READY,17.41,0.62,104.73,0.59,235.25
2026-02-03 13:45:21.551,9.14,109.39,READY,1.53,0.57,104.65,0.62,235.25
2026-02-03 13:45:21.665,9.13,109.55,READY,1.52,0.56,104.86,0.56,235.25
2026-02-03 13:45:21.888,4.58,218.18,READY,1.48,108.47,105.64,0.57,235.25
2026-02-03 13:45:22.005,9.15,109.35,READY,1.24,0.66,104.86,0.60,235.25
2026-02-03 13:45:22.119,9.13,109.57,READY,1.46,0.61,104.93,0.57,235.25
2026-02-03 13:45:22.236,8.93,111.96,READY,4.23,0.65,104.45,0.57,235.25
2026-02-03 13:45:22.351,9.12,109.71,READY,1.51,0.61,104.98,0.58,235.25
2026-02-03 13:45:22.572,4.61,216.77,READY,1.54,108.40,104.19,0.60,235.25
2026-02-03 13:45:22.689,9.13,109.50,READY,1.25,0.62,105.04,0.58,235.25
2026-02-03 13:45:22.804,9.12,109.59,READY,1.47,0.57,104.89,0.66,235.25
2026-02-03 13:45:22.918,9.15,109.24,READY,1.51,0.56,104.62,0.57,235.25
2026-02-03 13:45:23.038,8.68,115.18,READY,5.79,0.57,106.18,0.57,235.25
2026-02-03 13:45:23.265,4.50,222.09,READY,1.48,110.07,107.95,0.61,235.25
2026-02-03 13:45:23.381,9.22,108.48,READY,1.25,0.69,103.99,0.58,235.25
2026-02-03 13:45:23.504,8.50,117.59,READY,10.10,0.59,104.27,0.62,235.25
2026-02-03 13:45:23.645,7.38,135.59,READY,19.55,0.66,112.59,0.85,235.25
2026-02-03 13:45:23.760,9.08,110.14,READY,1.49,0.61,105.47,0.60,235.25
2026-02-03 13:45:23.986,4.52,221.10,READY,1.46,112.19,104.92,0.57,235.25
2026-02-03 13:45:24.103,9.12,109.64,READY,1.37,0.63,105.10,0.57,235.25
2026-02-03 13:45:24.218,9.11,109.73,READY,1.79,0.56,104.80,0.60,235.25
2026-02-03 13:45:24.333,9.09,109.96,READY,1.47,0.56,105.38,0.57,235.25
2026-02-03 13:45:24.447,9.18,108.89,READY,1.44,0.57,104.34,0.57,235.25
2026-02-03 13:45:24.678,4.43,225.84,READY,8.83,109.49,104.89,0.58,235.25
2026-02-03 13:45:24.795,9.11,109.76,READY,1.36,0.67,105.26,0.59,235.25
2026-02-03 13:45:24.910,9.09,110.02,READY,1.51,0.62,105.25,0.61,235.25
2026-02-03 13:45:25.038,8.11,123.33,READY,14.05,0.60,106.05,0.59,235.25
2026-02-03 13:45:25.153,9.09,110.06,READY,1.54,0.60,105.34,0.58,235.25
2026-02-03 13:45:25.378,4.55,220.01,READY,1.43,108.68,107.37,0.59,235.25
2026-02-03 13:45:25.494,9.15,109.29,READY,1.36,0.62,104.76,0.58,235.25
2026-02-03 13:45:25.609,9.14,109.37,READY,1.52,0.56,104.68,0.58,235.25
2026-02-03 13:45:25.723,9.14,109.43,READY,1.51,0.57,104.74,0.60,235.25
2026-02-03 13:45:25.837,9.13,109.50,READY,1.52,0.57,104.77,0.57,235.25
2026-02-03 13:45:26.007,6.08,164.43,PRE_ADJUST,1.46,109.10,51.31,0.63,235.25
2026-02-03 13:45:26.206,5.21,191.93,PRE_ADJUST,1.54,0.06,187.72,0.66,235.25
2026-02-03 13:45:26.401,5.33,187.79,PRE_ADJUST,1.35,0.09,183.50,0.64,235.25
2026-02-03 13:45:26.596,5.33,187.65,PRE_ADJUST,1.65,0.07,183.37,0.61,235.25
2026-02-03 13:45:26.791,5.32,187.80,PRE_ADJUST,1.76,0.06,183.46,0.59,235.25
2026-02-03 13:45:26.986,5.33,187.77,PRE_ADJUST,1.52,0.07,183.71,0.60,235.25
2026-02-03 13:45:27.181,5.32,187.86,PRE_ADJUST,2.41,0.06,182.90,0.58,235.25
2026-02-03 13:45:27.375,5.36,186.63,PRE_ADJUST,1.41,0.07,182.60,0.61,235.25
2026-02-03 13:45:27.569,5.36,186.70,PRE_ADJUST,1.46,0.07,182.67,0.62,235.25
2026-02-03 13:45:27.763,5.35,187.01,PRE_ADJUST,1.49,0.07,182.97,0.63,235.25
2026-02-03 13:45:27.974,4.92,203.44,PRE_ADJUST,1.51,0.07,198.49,1.28,235.25
2026-02-03 13:45:28.205,4.56,219.24,PRE_ADJUST,3.90,0.11,211.34,0.97,235.25
2026-02-03 13:45:28.421,4.92,203.29,PRE_ADJUST,2.67,0.08,197.59,0.60,235.25
2026-02-03 13:45:28.620,5.24,191.00,PRE_ADJUST,1.75,0.06,186.79,0.60,235.25
2026-02-03 13:45:28.815,5.33,187.68,PRE_ADJUST,1.28,0.07,183.91,0.60,235.25
2026-02-03 13:45:29.015,5.16,193.62,PRE_ADJUST,1.77,0.07,189.32,0.62,235.25
2026-02-03 13:45:29.210,5.34,187.38,PRE_ADJUST,1.74,0.07,183.18,0.56,235.25
2026-02-03 13:45:29.404,5.34,187.32,PRE_ADJUST,1.73,0.07,183.06,0.62,235.25
2026-02-03 13:45:29.599,5.34,187.22,PRE_ADJUST,1.69,0.06,183.10,0.61,235.25
2026-02-03 13:45:29.815,4.80,208.49,PRE_ADJUST,1.70,0.06,203.62,1.13,235.25
2026-02-03 13:45:30.036,4.69,213.07,PRE_ADJUST,4.58,0.09,204.52,1.10,235.25
2026-02-03 13:45:30.251,4.86,205.56,PRE_ADJUST,3.12,0.12,198.76,0.59,235.25
2026-02-03 13:45:30.485,4.48,223.12,PRE_ADJUST,2.41,0.09,217.37,0.59,235.25
2026-02-03 13:45:30.748,3.99,250.31,PRE_ADJUST,2.52,0.06,244.62,0.65,235.25
2026-02-03 13:45:30.973,4.91,203.75,PRE_ADJUST,2.92,0.06,197.66,0.62,235.25
2026-02-03 13:45:31.197,4.63,216.03,PRE_ADJUST,1.79,0.06,211.72,0.62,235.25
2026-02-03 13:45:31.462,3.94,254.11,PRE_ADJUST,2.51,0.07,248.20,1.11,235.25
2026-02-03 13:45:31.699,4.37,228.69,PRE_ADJUST,5.30,0.09,220.04,0.57,235.25
2026-02-03 13:45:31.919,4.74,210.93,PRE_ADJUST,3.84,0.12,202.78,0.55,235.22
2026-02-03 13:45:32.121,5.13,195.02,PRE_ADJUST,2.00,0.06,189.99,0.61,235.22
2026-02-03 13:45:32.189,16.62,60.18,ADJUST,2.27,0.40,54.61,0.61,235.22
2026-02-03 13:45:32.464,3.83,260.85,ADJUST,3.49,122.97,130.37,0.55,235.25
2026-02-03 13:45:32.607,7.44,134.43,ADJUST,3.19,0.50,127.12,0.58,235.25
2026-02-03 13:45:32.741,7.90,126.66,ADJUST,3.14,0.35,119.20,0.75,235.25
2026-02-03 13:45:32.882,7.62,131.25,ADJUST,4.79,0.45,121.59,0.58,235.25
2026-02-03 13:45:33.023,7.67,130.33,ADJUST,3.93,0.45,121.84,0.64,235.25
2026-02-03 13:45:33.384,2.84,352.33,ADJUST,3.30,235.00,110.46,0.57,235.25
2026-02-03 13:45:33.524,7.57,132.06,ADJUST,3.25,2.26,122.87,0.62,235.25
2026-02-03 13:45:33.652,8.16,122.59,ADJUST,2.65,1.72,114.54,0.56,235.25
2026-02-03 13:45:33.778,8.25,121.20,ADJUST,2.59,1.82,113.17,0.57,235.25
2026-02-03 13:45:33.905,8.18,122.24,ADJUST,2.63,1.91,113.93,0.66,235.25
2026-02-03 13:45:34.142,4.31,231.86,ADJUST,2.61,116.93,108.38,0.58,235.25
2026-02-03 13:45:34.281,7.65,130.76,ADJUST,3.23,2.26,121.06,0.56,235.25
2026-02-03 13:45:34.410,8.04,124.32,ADJUST,3.60,1.65,116.15,0.60,235.25
2026-02-03 13:45:34.539,8.04,124.37,ADJUST,1.23,1.97,115.55,0.59,235.25
2026-02-03 13:45:34.668,8.07,123.94,ADJUST,3.58,2.30,113.16,0.64,235.25
2026-02-03 13:45:34.908,4.25,235.43,ADJUST,2.89,117.89,110.99,0.61,235.25
2026-02-03 13:45:35.053,7.30,137.08,ADJUST,3.26,1.99,128.30,0.59,235.25
2026-02-03 13:45:35.184,7.95,125.82,ADJUST,2.67,1.58,116.81,0.59,235.25
2026-02-03 13:45:35.311,8.16,122.52,ADJUST,2.76,1.66,114.42,0.58,235.25
2026-02-03 13:45:35.439,8.14,122.91,ADJUST,3.15,1.60,114.50,0.57,235.25
2026-02-03 13:45:35.661,4.61,216.70,ADJUST,3.18,113.46,96.48,0.57,235.25
2026-02-03 13:45:35.787,8.46,118.26,ADJUST,4.26,2.08,107.67,0.55,235.25
2026-02-03 13:45:35.906,8.80,113.60,ADJUST,9.52,1.71,98.92,0.57,235.25
2026-02-03 13:45:36.019,9.18,108.93,ADJUST,3.27,1.89,100.17,0.59,235.25
2026-02-03 13:45:36.132,9.24,108.21,ADJUST,2.55,2.22,100.92,0.60,235.25
2026-02-03 13:45:36.365,4.39,227.84,ADJUST,2.56,112.48,108.99,0.57,235.25
2026-02-03 13:45:36.504,7.65,130.78,ADJUST,3.12,2.18,121.81,0.60,235.25
2026-02-03 13:45:36.630,8.29,120.60,ADJUST,2.58,0.96,114.17,0.61,235.25
2026-02-03 13:45:36.757,8.18,122.18,ADJUST,3.39,1.61,113.87,0.57,235.25
2026-02-03 13:45:36.880,8.45,118.35,ADJUST,2.38,0.93,112.12,0.57,235.25
2026-02-03 13:45:37.116,4.33,231.17,ADJUST,2.73,117.03,108.52,0.57,235.25
2026-02-03 13:45:37.254,7.70,129.90,ADJUST,3.16,2.24,121.01,0.59,235.25
2026-02-03 13:45:37.384,8.03,124.58,ADJUST,4.62,2.13,113.15,0.59,235.25
2026-02-03 13:45:37.509,8.31,120.27,ADJUST,2.48,0.96,113.93,0.56,235.25
2026-02-03 13:45:37.633,8.36,119.59,ADJUST,2.38,1.03,113.21,0.56,235.25
2026-02-03 13:45:37.869,4.35,230.13,ADJUST,2.40,116.06,108.75,0.56,235.25
2026-02-03 13:45:38.008,7.59,131.75,ADJUST,3.37,2.31,121.91,0.60,235.25
2026-02-03 13:45:38.137,8.11,123.28,ADJUST,2.75,1.65,115.16,0.62,235.25
2026-02-03 13:45:38.261,8.36,119.61,ADJUST,2.57,0.95,113.30,0.56,235.25
2026-02-03 13:45:38.388,8.19,122.08,ADJUST,2.62,1.68,114.12,0.56,235.25
2026-02-03 13:45:38.631,4.21,237.65,ADJUST,7.39,117.49,108.87,0.57,235.25
2026-02-03 13:45:38.767,7.82,127.91,ADJUST,3.33,2.22,118.47,0.62,235.25
2026-02-03 13:45:38.896,8.05,124.20,ADJUST,4.41,1.93,113.96,0.59,235.25
2026-02-03 13:45:39.022,8.25,121.19,ADJUST,2.65,1.68,113.10,0.66,235.25
2026-02-03 13:45:39.147,8.29,120.56,ADJUST,2.61,1.67,112.62,0.57,235.25
2026-02-03 13:45:39.383,4.32,231.32,ADJUST,2.64,116.47,108.68,0.57,235.25
2026-02-03 13:45:39.520,7.74,129.25,ADJUST,3.13,2.45,120.02,0.57,235.25
2026-02-03 13:45:39.645,8.33,120.12,ADJUST,2.47,1.02,113.64,0.58,235.25
2026-02-03 13:45:39.769,8.39,119.23,ADJUST,2.48,0.89,113.29,0.59,235.25
2026-02-03 13:45:39.893,8.39,119.23,ADJUST,2.35,1.06,113.11,0.57,235.25
2026-02-03 13:45:40.123,4.44,225.18,ADJUST,2.47,109.56,110.66,0.57,235.25
2026-02-03 13:45:40.261,7.71,129.64,ADJUST,3.08,1.20,121.34,0.57,235.25
2026-02-03 13:45:40.390,8.05,124.29,ADJUST,4.56,2.59,113.06,0.57,235.25
2026-02-03 13:45:40.518,8.09,123.62,ADJUST,5.70,1.84,112.09,0.62,235.25
2026-02-03 13:45:40.644,8.26,121.07,ADJUST,2.65,1.82,112.81,0.61,235.25
2026-02-03 13:45:40.876,4.41,226.62,ADJUST,2.71,110.69,109.35,0.60,235.25
2026-02-03 13:45:41.014,7.71,129.67,ADJUST,4.21,1.79,119.34,0.59,235.25
2026-02-03 13:45:41.140,8.21,121.77,ADJUST,2.59,1.63,113.62,0.62,235.25
2026-02-03 13:45:41.269,8.09,123.54,ADJUST,2.60,1.55,115.49,0.58,235.25
2026-02-03 13:45:41.395,8.24,121.39,ADJUST,2.60,1.52,113.34,0.60,235.25
2026-02-03 13:45:41.627,4.40,227.04,ADJUST,2.57,111.42,109.24,0.60,235.25
2026-02-03 13:45:41.765,7.68,130.17,ADJUST,2.84,2.41,121.32,0.63,235.25
2026-02-03 13:45:41.893,8.14,122.88,ADJUST,2.82,1.50,114.63,0.56,235.25
2026-02-03 13:45:42.020,8.18,122.30,ADJUST,3.10,1.75,113.56,0.57,235.25
2026-02-03 13:45:42.147,8.24,121.29,ADJUST,1.63,1.79,113.79,0.64,235.25
2026-02-03 13:45:42.378,4.41,226.71,ADJUST,1.67,112.52,108.98,0.55,235.25
2026-02-03 13:45:42.516,7.73,129.30,ADJUST,2.92,2.48,119.69,0.58,235.25
2026-02-03 13:45:42.644,8.12,123.14,ADJUST,2.78,1.71,114.85,0.59,235.25
2026-02-03 13:45:42.771,8.19,122.04,ADJUST,2.55,1.77,113.99,0.65,235.25
2026-02-03 13:45:42.899,8.11,123.30,ADJUST,2.67,1.74,115.10,0.57,235.25
2026-02-03 13:45:43.136,4.31,232.22,ADJUST,2.70,113.37,110.92,1.15,235.22
2026-02-03 13:45:43.275,7.65,130.71,ADJUST,3.33,2.16,121.04,0.58,235.22
2026-02-03 13:45:43.403,8.11,123.25,ADJUST,2.72,1.57,114.03,0.62,235.22
2026-02-03 13:45:43.531,8.15,122.71,ADJUST,2.59,1.80,114.10,0.75,235.22
2026-02-03 13:45:43.658,8.19,122.07,ADJUST,2.64,1.90,113.82,0.58,235.22
2026-02-03 13:45:43.873,4.75,210.45,TAKE_PICTURE,6.16,110.75,89.80,0.57,235.22
2026-02-03 13:45:44.073,5.21,191.76,TAKE_PICTURE,2.94,3.17,181.59,0.56,235.22
2026-02-03 13:45:44.275,5.17,193.47,TAKE_PICTURE,3.37,3.41,182.12,0.72,235.22
2026-02-03 13:45:44.469,5.37,186.34,TAKE_PICTURE,3.58,3.37,175.42,0.58,235.22
2026-02-03 13:45:44.663,5.36,186.43,TAKE_PICTURE,3.74,3.37,175.24,0.71,235.22
2026-02-03 13:45:44.960,3.45,289.60,TAKE_PICTURE,3.15,113.43,169.05,0.64,235.22
2026-02-03 13:45:45.145,5.63,177.50,TAKE_PICTURE,1.66,0.61,172.38,0.70,235.22
2026-02-03 13:45:45.325,5.72,174.86,TAKE_PICTURE,1.63,1.26,168.18,0.66,235.22
2026-02-03 13:45:45.506,5.68,176.18,TAKE_PICTURE,3.20,1.87,166.79,0.60,235.22
2026-02-03 13:45:45.682,5.85,170.90,TAKE_PICTURE,1.24,0.63,165.71,0.57,235.22
2026-02-03 13:45:45.963,3.62,276.43,TAKE_PICTURE,1.25,110.05,161.86,0.56,235.22
2026-02-03 13:45:46.154,5.44,183.77,TAKE_PICTURE,3.64,1.32,174.94,0.59,235.22
2026-02-03 13:45:46.332,5.79,172.74,TAKE_PICTURE,1.25,0.92,167.15,0.57,235.22
2026-02-03 13:45:46.510,5.79,172.71,TAKE_PICTURE,1.37,0.73,167.04,0.58,235.22
2026-02-03 13:45:46.685,5.85,170.93,TAKE_PICTURE,1.24,0.97,165.39,0.59,235.22
2026-02-03 13:45:46.973,3.53,283.15,TAKE_PICTURE,1.35,111.60,166.84,0.58,235.22
2026-02-03 13:45:47.164,5.45,183.32,TAKE_PICTURE,2.57,1.45,175.57,0.58,235.22
2026-02-03 13:45:47.347,5.62,177.80,TAKE_PICTURE,1.37,0.98,172.09,0.61,235.22
2026-02-03 13:45:47.559,4.90,204.12,TAKE_PICTURE,3.79,1.24,194.42,1.81,235.22
2026-02-03 13:45:47.769,4.92,203.27,TAKE_PICTURE,2.61,1.35,194.47,0.62,235.22
2026-02-03 13:45:48.099,3.20,312.61,TAKE_PICTURE,1.83,132.48,173.07,0.56,235.22
2026-02-03 13:45:48.298,5.42,184.41,TAKE_PICTURE,4.45,1.60,174.63,0.61,235.22
2026-02-03 13:45:48.477,5.82,171.68,TAKE_PICTURE,1.66,0.66,165.87,0.60,235.22
2026-02-03 13:45:48.655,5.78,173.08,TAKE_PICTURE,1.41,0.67,167.54,0.57,235.22
2026-02-03 13:45:48.832,5.80,172.56,TAKE_PICTURE,1.24,1.03,166.71,0.61,235.22
