timestamp,fps,frame_time_ms,state,cap_read_ms,process_state_ms,draw_ui_ms,imshow_ms,memory_mb
2026-02-03 11:42:18.078,0.86,1159.76,READY,451.90,268.32,114.92,321.72,221.74
2026-02-03 11:42:18.282,6.42,155.83,READY,10.14,0.63,142.03,0.61,224.73
2026-02-03 11:42:18.454,6.38,156.85,READY,1.73,1.51,148.07,0.56,225.72
2026-02-03 11:42:18.588,7.80,128.18,READY,5.58,3.37,114.58,0.55,225.85
2026-02-03 11:42:18.719,7.95,125.80,READY,3.14,1.59,116.94,0.58,225.97
2026-02-03 11:42:18.983,3.85,259.74,READY,1.79,129.90,123.73,1.16,227.60
2026-02-03 11:42:19.121,7.83,127.71,READY,4.39,1.16,117.82,0.62,227.60
2026-02-03 11:42:19.255,7.80,128.20,READY,4.49,1.04,117.30,0.62,227.60
2026-02-03 11:42:19.388,7.87,127.00,READY,3.82,1.04,117.55,0.56,227.72
2026-02-03 11:42:19.514,8.20,121.91,READY,2.47,0.57,116.24,0.68,227.72
2026-02-03 11:42:19.778,3.86,259.06,READY,3.44,130.08,117.89,1.18,227.91
2026-02-03 11:42:19.924,7.79,128.42,READY,4.43,1.00,119.75,0.59,227.91
2026-02-03 11:42:20.082,7.08,141.21,READY,2.07,1.73,133.66,0.84,228.10
2026-02-03 11:42:20.225,8.04,124.34,READY,2.55,1.11,117.72,0.57,228.22
2026-02-03 11:42:20.359,8.24,121.39,READY,1.80,0.69,116.14,0.60,228.35
2026-02-03 11:42:20.625,3.94,253.97,READY,7.40,131.26,111.32,0.56,229.72
2026-02-03 11:42:20.773,7.62,131.22,READY,4.00,1.06,122.52,0.54,229.85
2026-02-03 11:42:20.918,7.87,127.11,READY,4.17,0.63,118.44,1.08,229.85
2026-02-03 11:42:21.061,7.84,127.56,READY,4.00,0.73,118.84,1.09,229.85
2026-02-03 11:42:21.195,8.07,123.98,READY,3.02,0.81,116.96,0.68,229.85
2026-02-03 11:42:21.451,4.00,249.76,READY,1.82,126.55,117.94,0.60,229.97
2026-02-03 11:42:21.586,7.87,127.10,READY,1.55,0.74,122.22,0.55,229.97
2026-02-03 11:42:21.714,8.11,123.38,READY,3.24,1.64,114.88,0.59,229.97
2026-02-03 11:42:21.846,7.90,126.51,READY,3.33,1.39,118.44,0.52,229.97
2026-02-03 11:42:21.974,8.16,122.50,READY,2.67,1.50,114.13,1.16,229.97
2026-02-03 11:42:22.326,4.38,228.25,READY,2.69,121.53,100.47,0.59,237.28
2026-02-03 11:42:22.474,7.85,127.34,READY,3.15,0.86,118.37,0.53,237.28
2026-02-03 11:42:22.618,7.87,127.05,READY,2.30,0.92,120.56,0.57,237.28
2026-02-03 11:42:22.755,8.26,121.05,READY,2.33,0.59,113.28,1.06,237.28
2026-02-03 11:42:22.886,8.67,115.33,READY,2.25,1.23,108.01,0.58,237.28
2026-02-03 11:42:23.137,4.23,236.40,READY,3.34,128.87,101.24,0.57,237.28
2026-02-03 11:42:23.281,8.20,122.02,READY,2.02,1.49,114.92,0.61,237.28
2026-02-03 11:42:23.437,7.25,137.95,READY,2.31,0.67,131.27,0.58,237.28
2026-02-03 11:42:23.566,8.88,112.55,READY,2.66,0.63,105.58,0.54,237.28
2026-02-03 11:42:23.693,8.98,111.38,READY,2.16,1.00,105.17,0.56,237.28
2026-02-03 11:42:23.928,4.56,219.16,READY,2.24,112.90,100.99,0.56,237.28
2026-02-03 11:42:24.076,7.92,126.32,READY,1.44,1.36,120.36,0.66,237.28
2026-02-03 11:42:24.217,8.11,123.30,READY,2.55,1.14,116.13,0.57,237.28
2026-02-03 11:42:24.345,8.91,112.24,READY,2.16,0.46,106.59,0.57,237.28
2026-02-03 11:42:24.474,8.87,112.74,READY,2.14,0.49,107.04,0.53,237.28
2026-02-03 11:42:24.710,4.54,220.47,READY,2.47,115.12,100.03,0.58,237.28
2026-02-03 11:42:24.860,7.85,127.47,READY,2.07,1.55,120.19,0.73,237.28
2026-02-03 11:42:25.003,8.10,123.52,READY,1.32,0.94,114.52,0.56,237.28
2026-02-03 11:42:25.135,8.61,116.08,READY,2.05,0.58,110.11,0.65,237.28
2026-02-03 11:42:25.265,8.77,114.00,READY,2.06,1.03,106.83,0.55,237.28
2026-02-03 11:42:25.502,4.52,221.31,READY,2.08,114.12,101.89,0.57,237.28
2026-02-03 11:42:25.649,7.90,126.61,READY,1.31,1.42,120.54,0.66,237.28
2026-02-03 11:42:25.784,8.52,117.42,READY,1.47,0.46,108.14,0.57,237.28
2026-02-03 11:42:25.914,8.77,113.98,READY,2.16,0.98,106.64,0.54,237.28
2026-02-03 11:42:26.042,8.90,112.33,READY,2.10,0.97,105.26,0.55,237.28
2026-02-03 11:42:26.285,4.40,227.20,READY,2.05,121.14,99.75,1.03,237.28
2026-02-03 11:42:26.423,8.53,117.19,READY,1.58,1.44,110.53,0.55,237.28
2026-02-03 11:42:26.553,8.88,112.56,READY,2.20,0.67,105.21,0.53,237.28
2026-02-03 11:42:26.682,8.80,113.64,READY,2.29,0.49,106.37,0.75,237.28
2026-02-03 11:42:26.823,8.04,124.39,READY,2.39,0.81,117.79,0.59,237.28
2026-02-03 11:42:27.070,4.34,230.17,READY,2.21,121.92,101.42,0.53,237.28
2026-02-03 11:42:27.210,8.35,119.79,READY,1.52,0.60,115.12,0.56,237.28
2026-02-03 11:42:27.343,8.67,115.30,READY,2.16,0.70,107.92,0.55,237.28
2026-02-03 11:42:27.477,8.48,117.90,READY,2.18,0.70,110.59,0.54,237.28
2026-02-03 11:42:27.612,8.46,118.23,READY,2.40,0.64,111.01,0.56,237.28
2026-02-03 11:42:27.853,4.45,224.49,READY,2.25,116.52,101.33,0.53,237.28
2026-02-03 11:42:27.994,8.33,120.00,READY,1.48,1.79,113.26,0.54,237.28
2026-02-03 11:42:28.131,8.34,119.92,READY,2.13,1.28,111.74,0.77,237.28
2026-02-03 11:42:28.263,8.65,115.61,READY,2.38,1.16,107.30,0.57,237.28
2026-02-03 11:42:28.391,8.87,112.70,READY,2.24,1.02,105.96,0.54,237.28
2026-02-03 11:42:28.625,4.60,217.40,READY,2.19,110.51,100.30,0.56,237.28
2026-02-03 11:42:28.764,8.46,118.21,READY,1.32,1.44,112.02,0.59,237.28
2026-02-03 11:42:28.893,8.93,111.95,READY,2.15,0.46,105.06,0.57,237.28
2026-02-03 11:42:29.028,8.37,119.46,READY,2.21,0.45,112.41,0.68,237.28
2026-02-03 11:42:29.160,8.62,115.95,READY,2.35,0.56,108.41,0.57,237.28
2026-02-03 11:42:29.351,5.73,174.50,PRE_ADJUST,2.27,117.77,50.15,0.56,237.28
2026-02-03 11:42:29.569,5.09,196.52,PRE_ADJUST,1.30,0.15,190.59,0.56,237.34
2026-02-03 11:42:29.795,4.91,203.71,PRE_ADJUST,1.36,0.09,199.44,0.54,237.34
2026-02-03 11:42:30.019,5.04,198.30,PRE_ADJUST,1.91,0.09,193.48,0.84,237.34
2026-02-03 11:42:30.247,4.87,205.53,PRE_ADJUST,1.40,0.20,200.66,0.55,237.34
2026-02-03 11:42:30.469,5.02,199.22,PRE_ADJUST,1.94,0.08,194.31,0.54,237.34
2026-02-03 11:42:30.692,5.04,198.61,PRE_ADJUST,4.79,0.18,190.07,0.57,237.34
2026-02-03 11:42:30.925,4.77,209.61,PRE_ADJUST,1.32,0.33,204.30,0.54,237.34
2026-02-03 11:42:31.149,4.86,205.73,PRE_ADJUST,2.20,0.19,198.13,0.54,237.34
2026-02-03 11:42:31.394,4.49,222.61,PRE_ADJUST,1.53,0.11,217.70,0.56,237.34
2026-02-03 11:42:31.630,4.76,209.96,PRE_ADJUST,2.55,0.09,203.75,0.59,237.34
2026-02-03 11:42:31.860,4.84,206.49,PRE_ADJUST,1.35,0.09,201.75,0.56,237.34
2026-02-03 11:42:32.093,4.79,208.75,PRE_ADJUST,1.99,0.10,202.75,0.67,237.34
2026-02-03 11:42:32.341,4.52,221.46,PRE_ADJUST,6.82,0.14,209.58,0.97,237.34
2026-02-03 11:42:32.580,4.64,215.44,PRE_ADJUST,1.58,0.09,209.67,0.53,237.34
2026-02-03 11:42:32.815,4.74,210.90,PRE_ADJUST,2.54,0.10,204.62,0.54,237.34
2026-02-03 11:42:33.052,4.73,211.42,PRE_ADJUST,2.79,0.18,204.80,0.53,237.34
2026-02-03 11:42:33.297,4.56,219.07,PRE_ADJUST,1.62,0.10,213.68,0.63,237.34
2026-02-03 11:42:33.515,4.98,200.77,PRE_ADJUST,2.64,0.09,193.25,0.59,237.34
2026-02-03 11:42:33.752,4.64,215.55,PRE_ADJUST,2.67,0.11,208.80,0.80,237.34
2026-02-03 11:42:33.986,4.79,208.86,PRE_ADJUST,2.80,0.11,202.61,0.60,237.34
2026-02-03 11:42:34.215,4.84,206.80,PRE_ADJUST,1.97,0.07,202.22,0.63,237.34
2026-02-03 11:42:34.453,4.68,213.71,PRE_ADJUST,2.12,0.10,207.68,0.65,237.34
2026-02-03 11:42:34.677,5.01,199.68,PRE_ADJUST,1.78,0.10,194.75,0.55,237.34
2026-02-03 11:42:34.894,5.14,194.54,PRE_ADJUST,1.43,0.07,190.44,0.59,237.34
2026-02-03 11:42:35.114,5.08,196.95,PRE_ADJUST,1.83,0.07,192.39,0.54,237.34
2026-02-03 11:42:35.340,4.91,203.60,PRE_ADJUST,1.53,0.07,199.50,0.58,237.34
2026-02-03 11:42:35.558,5.12,195.44,PRE_ADJUST,1.41,0.15,191.39,0.60,237.34
2026-02-03 11:42:35.777,5.09,196.28,PRE_ADJUST,1.37,0.16,190.66,0.93,237.34
2026-02-03 11:42:36.008,4.80,208.31,PRE_ADJUST,1.47,0.10,204.21,0.58,237.34
2026-02-03 11:42:36.097,15.24,65.63,ADJUST,2.01,0.35,59.64,1.40,237.34
2026-02-03 11:42:36.349,4.39,228.03,ADJUST,1.61,117.69,105.83,0.60,237.46
2026-02-03 11:42:36.483,8.55,116.98,ADJUST,2.24,0.74,110.58,0.57,237.46
2026-02-03 11:42:36.626,7.84,127.50,ADJUST,1.71,0.75,121.55,1.06,237.46
2026-02-03 11:42:36.762,8.35,119.79,ADJUST,2.42,0.77,113.47,0.60,237.46
2026-02-03 11:42:36.898,8.38,119.34,ADJUST,2.38,0.71,111.66,0.59,237.46
2026-02-03 11:42:37.145,4.33,231.09,ADJUST,2.36,119.21,105.05,0.72,237.46
2026-02-03 11:42:37.290,8.08,123.82,ADJUST,1.56,1.43,117.52,0.72,237.46
2026-02-03 11:42:37.428,8.57,116.71,ADJUST,1.32,0.70,111.01,0.55,237.46
2026-02-03 11:42:37.562,8.50,117.60,ADJUST,1.94,1.30,110.46,0.68,237.46
2026-02-03 11:42:37.697,8.44,118.47,ADJUST,2.07,0.74,111.88,0.56,237.46
2026-02-03 11:42:37.951,4.22,237.20,ADJUST,5.44,120.29,107.36,0.60,237.46
2026-02-03 11:42:38.095,8.09,123.59,ADJUST,2.26,0.84,117.55,0.90,237.46
2026-02-03 11:42:38.235,8.16,122.54,ADJUST,1.97,1.50,113.18,0.52,237.46
2026-02-03 11:42:38.374,8.21,121.82,ADJUST,4.15,0.72,112.63,0.59,237.46
2026-02-03 11:42:38.510,8.34,119.85,ADJUST,2.23,0.71,112.94,0.57,237.46
2026-02-03 11:42:38.752,4.43,225.78,ADJUST,2.17,114.63,105.56,0.58,237.46
2026-02-03 11:42:38.894,7.91,126.43,ADJUST,1.89,0.69,119.54,0.72,237.46
2026-02-03 11:42:39.030,8.37,119.52,ADJUST,2.23,0.72,113.29,0.56,237.46
2026-02-03 11:42:39.163,8.51,117.56,ADJUST,1.98,0.60,111.22,0.58,237.46
2026-02-03 11:42:39.295,8.58,116.58,ADJUST,1.69,0.82,111.14,0.55,237.46
2026-02-03 11:42:39.549,4.22,237.18,ADJUST,1.78,119.55,111.81,0.57,237.46
2026-02-03 11:42:39.699,7.46,133.99,ADJUST,1.93,1.32,125.58,0.69,237.46
2026-02-03 11:42:39.841,7.95,125.82,ADJUST,2.83,0.92,117.51,0.67,237.46
2026-02-03 11:42:39.976,8.40,119.00,ADJUST,2.28,1.15,111.59,0.61,237.46
2026-02-03 11:42:40.109,8.54,117.07,ADJUST,2.04,0.75,110.67,0.63,237.46
2026-02-03 11:42:40.352,4.40,227.06,ADJUST,1.98,115.39,105.63,0.59,237.46
2026-02-03 11:42:40.502,7.83,127.76,ADJUST,2.16,1.39,120.30,0.69,237.46
2026-02-03 11:42:40.642,8.19,122.09,ADJUST,1.72,1.25,114.65,0.58,237.46
2026-02-03 11:42:40.775,8.55,116.98,ADJUST,2.20,0.69,110.43,0.61,237.46
2026-02-03 11:42:40.909,8.47,118.01,ADJUST,2.13,0.72,111.98,0.56,237.46
2026-02-03 11:42:41.151,4.42,226.19,ADJUST,1.57,115.47,106.31,0.72,237.46
2026-02-03 11:42:41.299,7.83,127.66,ADJUST,1.36,1.35,121.13,0.68,237.46
2026-02-03 11:42:41.440,8.23,121.54,ADJUST,2.01,0.73,112.98,2.92,237.46
2026-02-03 11:42:41.573,8.50,117.61,ADJUST,2.13,1.20,110.18,0.56,237.46
2026-02-03 11:42:41.707,8.48,117.87,ADJUST,5.03,0.72,109.56,0.57,237.46
2026-02-03 11:42:41.954,4.34,230.46,ADJUST,2.07,118.53,105.53,0.59,237.46
2026-02-03 11:42:42.102,7.91,126.39,ADJUST,1.48,1.52,118.67,0.76,237.46
2026-02-03 11:42:42.244,7.98,125.35,ADJUST,2.16,1.37,117.83,0.56,237.46
2026-02-03 11:42:42.379,8.45,118.34,ADJUST,2.44,1.15,111.64,0.58,237.46
2026-02-03 11:42:42.517,8.16,122.58,ADJUST,2.30,2.01,113.03,0.61,237.46
2026-02-03 11:42:42.761,4.39,227.93,ADJUST,2.24,116.41,106.42,0.59,237.96
2026-02-03 11:42:42.910,7.82,127.95,ADJUST,1.37,1.51,121.23,0.70,237.96
2026-02-03 11:42:43.058,8.05,124.15,ADJUST,1.40,1.20,116.51,0.57,237.96
2026-02-03 11:42:43.198,8.10,123.39,ADJUST,4.88,0.70,113.87,0.59,237.96
2026-02-03 11:42:43.332,8.45,118.39,ADJUST,2.39,1.18,110.81,0.55,237.96
2026-02-03 11:42:43.583,4.26,234.47,ADJUST,2.48,112.46,115.22,0.60,237.96
2026-02-03 11:42:43.726,8.26,121.07,ADJUST,1.80,1.80,114.09,0.66,237.96
2026-02-03 11:42:43.880,8.07,123.97,ADJUST,3.00,2.22,115.42,0.51,237.96
2026-02-03 11:42:44.018,8.26,121.05,ADJUST,2.39,1.57,112.23,0.72,237.96
2026-02-03 11:42:44.163,7.78,128.59,ADJUST,1.74,1.45,121.91,0.53,237.96
2026-02-03 11:42:44.506,3.06,327.21,ADJUST,2.12,215.03,106.32,0.64,237.96
2026-02-03 11:42:44.646,8.36,119.64,ADJUST,1.41,0.77,112.51,0.68,237.96
2026-02-03 11:42:44.794,7.85,127.36,ADJUST,2.04,1.00,120.64,0.70,237.96
2026-02-03 11:42:44.934,8.05,124.29,ADJUST,2.78,1.47,116.24,0.61,237.96
2026-02-03 11:42:45.067,8.57,116.63,ADJUST,2.04,0.72,110.44,0.60,237.96
2026-02-03 11:42:45.308,4.43,225.58,ADJUST,2.03,113.49,105.92,0.60,237.96
2026-02-03 11:42:45.449,8.00,125.01,ADJUST,2.16,0.93,117.56,0.65,237.96
2026-02-03 11:42:45.584,8.44,118.49,ADJUST,3.34,0.76,111.16,0.53,237.96
2026-02-03 11:42:45.719,8.42,118.82,ADJUST,2.24,1.11,111.12,0.60,237.96
2026-02-03 11:42:45.850,8.67,115.34,ADJUST,2.10,0.73,109.17,0.56,237.96
2026-02-03 11:42:46.093,4.40,227.18,ADJUST,2.06,115.75,105.39,0.56,237.96
2026-02-03 11:42:46.245,7.47,133.78,ADJUST,1.34,1.22,125.79,0.74,237.96
2026-02-03 11:42:46.383,8.24,121.43,ADJUST,2.35,0.78,115.67,0.56,237.96
2026-02-03 11:42:46.516,8.54,117.09,ADJUST,2.15,1.17,110.72,0.54,237.96
2026-02-03 11:42:46.652,8.37,119.46,ADJUST,2.32,1.64,112.69,0.57,237.96
2026-02-03 11:42:46.898,4.42,226.39,ADJUST,1.25,116.08,105.83,0.57,237.96
2026-02-03 11:42:47.049,7.70,129.92,ADJUST,1.66,1.60,122.64,0.71,237.96
2026-02-03 11:42:47.187,8.28,120.73,ADJUST,2.39,0.82,114.73,0.60,237.96
2026-02-03 11:42:47.322,8.33,119.99,ADJUST,2.23,1.39,113.17,0.61,237.96
2026-02-03 11:42:47.457,8.44,118.45,ADJUST,2.57,1.78,110.92,0.55,237.96
2026-02-03 11:42:47.705,4.30,232.45,ADJUST,2.21,121.93,105.73,0.59,237.96
2026-02-03 11:42:47.853,7.90,126.66,ADJUST,1.36,1.47,119.95,0.69,237.96
2026-02-03 11:42:47.992,8.24,121.31,ADJUST,2.42,1.03,114.82,0.63,237.96
2026-02-03 11:42:48.125,8.41,118.94,ADJUST,2.68,0.93,112.21,0.58,237.96
2026-02-03 11:42:48.259,8.50,117.70,ADJUST,2.34,0.96,111.21,0.53,237.96
2026-02-03 11:42:48.486,4.73,211.45,TAKE_PICTURE,1.77,122.22,84.34,0.62,237.96
2026-02-03 11:42:48.683,5.54,180.61,TAKE_PICTURE,2.23,2.25,173.12,0.59,237.96
2026-02-03 11:42:48.877,5.80,172.53,TAKE_PICTURE,2.73,1.94,164.41,0.62,237.96
2026-02-03 11:42:49.072,5.80,172.50,TAKE_PICTURE,1.73,1.08,167.13,0.55,237.96
2026-02-03 11:42:49.271,5.67,176.49,TAKE_PICTURE,1.27,2.50,168.98,0.74,237.96
2026-02-03 11:42:49.589,3.40,294.42,TAKE_PICTURE,1.94,128.20,160.40,0.61,237.96
2026-02-03 11:42:49.785,5.76,173.56,TAKE_PICTURE,1.43,1.58,168.07,0.55,237.96
2026-02-03 11:42:49.975,5.79,172.58,TAKE_PICTURE,2.45,1.26,165.02,0.59,237.96
2026-02-03 11:42:50.171,5.55,180.20,TAKE_PICTURE,2.21,1.14,173.41,0.60,237.96
2026-02-03 11:42:50.359,5.82,171.85,TAKE_PICTURE,2.26,0.75,164.28,0.62,237.96
2026-02-03 11:42:50.661,3.50,286.10,TAKE_PICTURE,2.22,121.89,158.68,0.63,237.96
2026-02-03 11:42:50.875,5.16,193.80,TAKE_PICTURE,2.48,1.13,186.33,0.93,237.96
2026-02-03 11:42:51.080,5.42,184.58,TAKE_PICTURE,2.27,1.68,175.61,0.54,237.96
2026-02-03 11:42:51.284,5.37,186.33,TAKE_PICTURE,2.52,0.53,179.47,0.74,237.96
2026-02-03 11:42:51.491,5.32,187.92,TAKE_PICTURE,1.73,0.83,180.53,0.54,237.96
2026-02-03 11:42:51.798,3.45,289.91,TAKE_PICTURE,1.97,116.38,167.05,0.54,237.96
2026-02-03 11:42:51.991,5.81,172.20,TAKE_PICTURE,1.27,1.54,165.50,0.57,237.96
2026-02-03 11:42:52.195,5.35,187.02,TAKE_PICTURE,2.31,1.14,179.48,0.65,237.96
2026-02-03 11:42:52.384,5.77,173.39,TAKE_PICTURE,2.20,1.10,166.13,0.55,237.96
2026-02-03 11:42:52.572,5.81,172.01,TAKE_PICTURE,2.23,1.03,164.87,0.57,237.96
2026-02-03 11:42:52.867,3.59,278.80,TAKE_PICTURE,2.31,113.69,158.92,0.61,237.96
2026-02-03 11:42:53.073,5.39,185.55,TAKE_PICTURE,1.26,1.40,179.03,0.64,237.96
2026-02-03 11:42:53.266,5.72,174.80,TAKE_PICTURE,2.11,0.69,168.42,0.54,237.96
2026-02-03 11:42:53.454,5.81,172.05,TAKE_PICTURE,2.24,0.61,165.54,0.56,237.96
2026-02-03 11:42:53.642,5.79,172.65,TAKE_PICTURE,2.23,0.61,166.07,0.55,237.96
2026-02-03 11:42:53.943,3.51,285.14,TAKE_PICTURE,2.39,119.08,160.13,0.60,237.96
2026-02-03 11:42:54.144,5.62,177.93,TAKE_PICTURE,5.53,1.97,166.42,0.59,237.96
2026-02-03 11:42:54.343,5.48,182.48,TAKE_PICTURE,2.34,1.23,174.30,0.63,237.96
2026-02-03 11:42:54.530,5.87,170.44,TAKE_PICTURE,2.09,1.17,163.00,0.57,237.96
2026-02-03 11:42:54.719,5.77,173.43,TAKE_PICTURE,2.35,0.72,166.65,0.58,237.96
2026-02-03 11:42:55.021,3.50,285.70,TAKE_PICTURE,2.04,120.81,158.66,0.57,237.96
2026-02-03 11:42:55.221,5.62,177.90,TAKE_PICTURE,1.47,1.43,171.63,0.68,237.96
2026-02-03 11:42:55.411,5.79,172.67,TAKE_PICTURE,2.33,0.67,166.02,0.59,237.96
2026-02-03 11:42:55.595,5.94,168.22,TAKE_PICTURE,2.05,0.67,161.99,0.62,237.96
2026-02-03 11:42:55.780,5.91,169.25,TAKE_PICTURE,2.21,0.92,162.45,0.63,237.96
2026-02-03 11:42:56.072,3.62,276.42,TAKE_PICTURE,2.03,113.12,157.06,0.56,237.96
2026-02-03 11:42:56.275,5.51,181.51,TAKE_PICTURE,1.70,2.09,174.38,0.57,237.96
2026-02-03 11:42:56.465,5.95,168.20,TAKE_PICTURE,1.38,1.12,162.17,0.60,237.96
2026-02-03 11:42:56.649,5.94,168.24,TAKE_PICTURE,2.23,0.86,161.24,0.55,237.96
2026-02-03 11:42:56.835,5.88,170.08,TAKE_PICTURE,2.15,1.07,162.84,0.61,237.96
2026-02-03 11:42:57.140,3.46,289.14,TAKE_PICTURE,2.06,124.26,159.06,0.54,237.96
2026-02-03 11:42:57.336,5.53,180.67,TAKE_PICTURE,2.23,0.99,173.38,0.55,237.96
2026-02-03 11:42:57.521,5.92,168.86,TAKE_PICTURE,2.31,1.05,161.53,0.57,237.96
2026-02-03 11:42:57.706,5.90,169.46,TAKE_PICTURE,1.91,0.64,163.01,0.58,237.96
2026-02-03 11:42:57.891,5.94,168.35,TAKE_PICTURE,1.97,0.60,162.35,0.57,237.96
2026-02-03 11:42:58.187,3.56,280.70,TAKE_PICTURE,2.12,119.21,156.29,0.53,237.96
2026-02-03 11:42:58.397,5.34,187.16,TAKE_PICTURE,2.72,2.29,177.18,0.53,237.96
2026-02-03 11:42:58.587,5.81,172.14,TAKE_PICTURE,2.44,0.54,166.06,0.58,237.96
2026-02-03 11:42:58.774,5.85,171.08,TAKE_PICTURE,2.00,0.57,165.16,0.70,237.96
2026-02-03 11:42:58.960,5.90,169.62,TAKE_PICTURE,2.26,1.08,163.19,0.60,237.96
2026-02-03 11:42:59.260,3.52,284.45,TAKE_PICTURE,1.98,114.73,164.76,0.60,237.96
2026-02-03 11:42:59.467,5.33,187.65,TAKE_PICTURE,3.57,1.21,179.67,0.64,237.96
2026-02-03 11:42:59.655,5.83,171.42,TAKE_PICTURE,2.09,1.23,163.69,0.55,237.96
2026-02-03 11:42:59.843,5.80,172.27,TAKE_PICTURE,4.02,0.83,164.24,0.54,237.96
2026-02-03 11:43:00.033,5.75,174.02,TAKE_PICTURE,2.12,1.07,166.76,0.58,237.96
2026-02-03 11:43:00.296,4.04,247.49,TAKE_PICTURE,2.30,124.18,117.07,0.57,237.96
2026-02-03 11:43:00.473,6.49,154.11,TAKE_PICTURE,4.06,0.14,145.97,0.68,238.00
2026-02-03 11:43:00.633,7.28,137.30,TAKE_PICTURE,1.41,0.22,131.66,0.54,238.00
2026-02-03 11:43:00.791,7.38,135.50,TAKE_PICTURE,1.36,0.08,131.64,0.54,238.00
2026-02-03 11:43:00.950,7.37,135.71,TAKE_PICTURE,1.33,0.13,131.84,0.54,238.00
2026-02-03 11:43:01.111,7.19,139.17,TAKE_PICTURE,1.95,0.11,133.81,0.54,238.00
2026-02-03 11:43:01.272,7.25,137.94,TAKE_PICTURE,1.31,0.09,133.22,0.76,238.00
2026-02-03 11:43:01.441,6.96,143.59,TAKE_PICTURE,1.70,0.09,138.53,0.55,238.00
2026-02-03 11:43:01.597,7.48,133.62,TAKE_PICTURE,1.36,0.13,129.63,0.56,238.00
2026-02-03 11:43:01.754,7.44,134.41,TAKE_PICTURE,1.30,0.13,129.67,0.58,238.00
2026-02-03 11:43:01.909,7.57,132.14,TAKE_PICTURE,1.41,0.09,128.22,0.56,238.00
2026-02-03 11:43:02.075,7.00,142.95,TAKE_PICTURE,1.32,0.12,137.43,0.80,237.96
2026-02-03 11:43:02.251,6.64,150.62,TAKE_PICTURE,1.99,0.21,144.91,0.57,237.96
2026-02-03 11:43:02.409,7.38,135.53,TAKE_PICTURE,1.39,0.14,131.43,0.53,237.96
2026-02-03 11:43:02.569,7.29,137.12,TAKE_PICTURE,1.49,0.11,131.72,0.82,237.96
2026-02-03 11:43:02.724,7.60,131.66,TAKE_PICTURE,1.30,0.13,127.50,0.61,237.96
2026-02-03 11:43:02.880,7.50,133.29,TAKE_PICTURE,1.62,0.19,128.51,0.57,237.96
2026-02-03 11:43:03.038,7.40,135.15,TAKE_PICTURE,1.40,0.16,131.04,0.69,237.96
2026-02-03 11:43:03.208,6.87,145.66,TAKE_PICTURE,1.89,0.09,141.01,0.56,237.96
2026-02-03 11:43:03.368,7.30,137.05,TAKE_PICTURE,2.97,0.10,130.74,0.56,237.96
2026-02-03 11:43:03.528,7.29,137.12,TAKE_PICTURE,1.29,0.18,132.77,0.64,237.96
2026-02-03 11:43:03.723,6.00,166.79,TAKE_PICTURE,2.21,0.09,160.43,0.85,237.86
2026-02-03 11:43:03.903,6.53,153.20,TAKE_PICTURE,1.99,0.12,147.14,0.58,237.86
2026-02-03 11:43:04.073,6.80,146.99,TAKE_PICTURE,1.44,0.13,141.79,0.56,237.86
2026-02-03 11:43:04.244,6.85,145.94,TAKE_PICTURE,2.54,0.11,139.51,0.55,237.86
2026-02-03 11:43:04.410,6.75,148.16,TAKE_PICTURE,1.99,0.07,143.03,0.70,237.86
2026-02-03 11:43:04.583,6.50,153.93,TAKE_PICTURE,1.73,0.13,147.38,0.72,237.86
2026-02-03 11:43:04.743,7.06,141.66,TAKE_PICTURE,2.41,0.13,136.60,0.53,237.86
2026-02-03 11:43:04.909,6.97,143.45,TAKE_PICTURE,2.42,0.11,137.17,0.57,237.86
2026-02-03 11:43:05.076,6.96,143.64,TAKE_PICTURE,1.35,0.12,138.07,0.67,237.86
2026-02-03 11:43:05.229,7.80,128.12,TAKE_PICTURE,1.85,0.07,123.74,0.58,237.86
2026-02-03 11:43:05.381,7.71,129.68,TAKE_PICTURE,1.47,0.22,124.95,0.56,237.86
2026-02-03 11:43:05.540,7.31,136.76,TAKE_PICTURE,1.98,0.08,132.06,0.61,237.86
2026-02-03 11:43:05.702,7.15,139.80,TAKE_PICTURE,1.45,0.07,133.33,0.61,237.90
2026-02-03 11:43:05.857,7.56,132.32,TAKE_PICTURE,2.64,0.12,126.08,0.56,237.90
2026-02-03 11:43:06.007,7.81,128.11,TAKE_PICTURE,1.78,0.14,123.49,0.60,237.90
2026-02-03 11:43:06.160,7.66,130.46,TAKE_PICTURE,1.31,0.14,125.52,0.62,237.90
2026-02-03 11:43:06.315,7.60,131.58,TAKE_PICTURE,1.39,0.15,126.96,0.58,237.90
2026-02-03 11:43:06.482,6.95,143.79,TAKE_PICTURE,2.85,0.13,136.96,0.66,237.90
2026-02-03 11:43:06.651,7.22,138.49,TAKE_PICTURE,2.45,0.12,131.75,1.06,237.90
2026-02-03 11:43:06.818,7.28,137.46,TAKE_PICTURE,2.81,0.12,130.93,0.56,237.90
2026-02-03 11:43:06.987,7.02,142.37,TAKE_PICTURE,4.00,0.11,134.05,0.57,237.90
2026-02-03 11:43:07.153,7.19,139.06,TAKE_PICTURE,3.90,0.11,131.61,0.62,237.90
2026-02-03 11:43:07.316,7.27,137.60,TAKE_PICTURE,2.76,0.13,131.04,0.55,237.90
2026-02-03 11:43:07.496,6.57,152.29,TAKE_PICTURE,4.65,0.13,143.43,0.55,237.90
2026-02-03 11:43:07.627,9.56,104.63,PICTURE_COOLDOWN,2.58,8.39,88.88,0.58,238.96
2026-02-03 11:43:07.850,5.08,196.89,PICTURE_COOLDOWN,2.86,6.64,183.84,0.60,239.17
2026-02-03 11:43:08.072,5.13,194.89,PICTURE_COOLDOWN,2.54,5.75,182.27,0.55,239.17
2026-02-03 11:43:08.309,4.75,210.68,PICTURE_COOLDOWN,2.94,5.19,198.39,0.53,239.17
2026-02-03 11:43:08.532,5.11,195.67,PICTURE_COOLDOWN,3.02,5.19,183.09,0.54,239.17
2026-02-03 11:43:08.761,4.94,202.29,PICTURE_COOLDOWN,3.23,6.36,187.17,0.65,239.17
2026-02-03 11:43:08.992,4.91,203.75,PICTURE_COOLDOWN,2.97,5.56,190.06,0.57,239.17
2026-02-03 11:43:09.216,5.07,197.22,PICTURE_COOLDOWN,3.74,5.03,184.50,0.52,239.17
2026-02-03 11:43:09.448,4.88,204.77,PICTURE_COOLDOWN,2.97,5.55,192.15,0.57,239.17
2026-02-03 11:43:09.675,5.05,198.14,PICTURE_COOLDOWN,2.72,5.84,185.42,0.64,239.17
2026-02-03 11:43:09.923,4.56,219.15,PICTURE_COOLDOWN,4.11,12.43,198.48,0.70,239.17
2026-02-03 11:43:10.173,4.60,217.61,PICTURE_COOLDOWN,3.97,5.98,202.97,0.63,239.17
2026-02-03 11:43:10.415,4.65,214.98,PICTURE_COOLDOWN,6.34,8.36,196.30,0.63,239.17
2026-02-03 11:43:10.655,4.79,208.89,PICTURE_COOLDOWN,2.87,6.22,195.59,0.60,239.17
2026-02-03 11:43:10.901,4.57,218.67,PICTURE_COOLDOWN,2.91,5.72,205.94,0.56,239.17
2026-02-03 11:43:11.139,4.73,211.27,PICTURE_COOLDOWN,3.09,6.51,195.98,0.54,239.17
2026-02-03 11:43:11.375,4.81,207.73,PICTURE_COOLDOWN,2.88,5.80,195.24,0.62,239.17
2026-02-03 11:43:11.606,4.90,203.95,PICTURE_COOLDOWN,3.10,5.55,191.36,0.56,239.17
2026-02-03 11:43:11.856,4.49,222.66,PICTURE_COOLDOWN,2.66,6.88,208.75,0.57,239.17
2026-02-03 11:43:12.084,5.00,199.92,PICTURE_COOLDOWN,3.74,5.11,187.12,0.57,239.17
2026-02-03 11:43:12.312,4.95,201.84,PICTURE_COOLDOWN,3.10,5.41,188.86,0.57,239.17
2026-02-03 11:43:12.534,5.12,195.39,PICTURE_COOLDOWN,2.77,5.46,183.25,0.63,239.17
2026-02-03 11:43:12.763,4.95,201.85,PICTURE_COOLDOWN,5.48,6.40,185.91,0.58,239.17
2026-02-03 11:43:12.997,4.82,207.45,PICTURE_COOLDOWN,2.89,6.19,194.81,0.56,239.17
2026-02-03 11:43:13.220,5.09,196.32,PICTURE_COOLDOWN,2.93,6.13,183.68,0.59,239.17
2026-02-03 11:43:13.439,5.18,192.99,PICTURE_COOLDOWN,3.06,5.26,180.64,0.54,239.17
2026-02-03 11:43:13.663,5.07,197.27,PICTURE_COOLDOWN,2.84,5.50,185.13,0.54,239.17
2026-02-03 11:43:13.883,5.17,193.28,PICTURE_COOLDOWN,2.62,5.69,181.20,0.63,239.17
2026-02-03 11:43:14.105,5.13,194.88,PICTURE_COOLDOWN,2.98,5.52,182.51,0.55,239.17
2026-02-03 11:43:14.331,5.01,199.61,PICTURE_COOLDOWN,3.03,5.61,183.55,4.50,239.17
2026-02-03 11:43:14.554,5.13,194.82,PICTURE_COOLDOWN,4.15,0.21,186.98,0.57,239.17
2026-02-03 11:43:14.683,9.73,102.73,TAKE_PICTURE,2.56,0.54,95.38,0.53,239.17
2026-02-03 11:43:14.901,5.20,192.47,TAKE_PICTURE,3.17,2.07,183.10,0.58,239.17
2026-02-03 11:43:15.110,5.55,180.11,TAKE_PICTURE,3.04,2.35,170.21,0.89,239.17
2026-02-03 11:43:15.316,5.58,179.15,TAKE_PICTURE,3.59,2.04,169.44,0.54,239.17
2026-02-03 11:43:15.535,5.21,192.10,TAKE_PICTURE,2.99,2.37,182.11,0.56,239.17
2026-02-03 11:43:15.818,3.91,255.78,TAKE_PICTURE,2.79,131.24,117.76,0.60,239.17
2026-02-03 11:43:15.985,7.12,140.52,TAKE_PICTURE,3.00,0.13,133.02,0.56,239.17
2026-02-03 11:43:16.152,7.14,140.00,TAKE_PICTURE,2.89,0.16,133.48,0.61,239.17
2026-02-03 11:43:16.330,6.64,150.54,TAKE_PICTURE,2.67,0.15,143.04,0.77,239.17
2026-02-03 11:43:16.503,6.98,143.34,TAKE_PICTURE,2.96,0.14,135.98,0.55,239.17
2026-02-03 11:43:16.675,7.01,142.66,TAKE_PICTURE,2.69,0.19,135.09,0.88,239.17
2026-02-03 11:43:16.847,7.03,142.18,TAKE_PICTURE,2.62,0.13,134.82,0.61,239.17
2026-02-03 11:43:17.008,6.89,145.13,TAKE_PICTURE,2.03,0.14,139.67,0.68,239.17
2026-02-03 11:43:17.171,6.95,143.79,TAKE_PICTURE,2.19,0.18,136.42,1.11,239.17
2026-02-03 11:43:17.331,7.23,138.41,TAKE_PICTURE,1.77,0.12,133.27,0.54,239.17
2026-02-03 11:43:17.489,7.44,134.34,TAKE_PICTURE,2.02,0.07,129.65,0.55,239.17
2026-02-03 11:43:17.659,6.77,147.64,TAKE_PICTURE,2.01,0.08,142.86,0.67,239.17
2026-02-03 11:43:17.816,7.40,135.09,TAKE_PICTURE,1.76,0.08,130.80,0.55,239.17
2026-02-03 11:43:17.971,7.27,137.62,TAKE_PICTURE,2.18,0.16,130.98,0.57,239.17
2026-02-03 11:43:18.122,7.31,136.77,TAKE_PICTURE,2.25,0.17,129.94,0.58,239.17
2026-02-03 11:43:18.322,6.59,151.72,TAKE_PICTURE,4.10,0.14,143.14,0.70,239.17
2026-02-03 11:43:18.491,6.89,145.05,TAKE_PICTURE,2.36,0.08,139.77,0.55,239.17
2026-02-03 11:43:18.645,7.59,131.83,TAKE_PICTURE,2.24,0.09,126.77,0.62,239.17
2026-02-03 11:43:18.800,7.56,132.24,TAKE_PICTURE,1.51,0.12,127.89,0.54,239.17
2026-02-03 11:43:18.963,7.08,141.34,TAKE_PICTURE,2.00,0.07,136.61,0.69,239.17
2026-02-03 11:43:19.120,7.43,134.62,TAKE_PICTURE,2.00,0.07,128.34,0.57,239.17
2026-02-03 11:43:19.277,7.42,134.80,TAKE_PICTURE,1.35,0.14,130.20,0.66,239.17
2026-02-03 11:43:19.445,6.88,145.37,TAKE_PICTURE,1.34,0.13,140.47,0.66,239.17
2026-02-03 11:43:19.608,7.15,139.85,TAKE_PICTURE,1.30,0.12,135.00,0.54,239.17
2026-02-03 11:43:19.766,7.09,141.06,TAKE_PICTURE,5.31,0.18,132.53,0.65,239.17
2026-02-03 11:43:19.921,7.45,134.18,TAKE_PICTURE,1.54,0.07,130.08,0.58,239.17
2026-02-03 11:43:20.080,7.26,137.76,TAKE_PICTURE,2.40,0.07,132.25,0.62,239.17
2026-02-03 11:43:20.259,6.24,160.33,TAKE_PICTURE,2.31,0.09,154.70,0.57,239.17
2026-02-03 11:43:20.418,7.33,136.49,TAKE_PICTURE,2.50,0.12,129.76,1.21,239.17
2026-02-03 11:43:20.576,7.40,135.11,TAKE_PICTURE,1.45,0.08,131.18,0.57,239.17
2026-02-03 11:43:20.731,7.60,131.63,TAKE_PICTURE,1.49,0.14,127.24,0.60,239.17
2026-02-03 11:43:20.892,7.23,138.32,TAKE_PICTURE,1.42,0.19,132.84,0.75,239.17
2026-02-03 11:43:21.057,6.88,145.29,TAKE_PICTURE,2.62,0.11,139.79,0.55,239.17
2026-02-03 11:43:21.217,7.21,138.71,TAKE_PICTURE,2.51,0.07,133.23,0.54,239.17
2026-02-03 11:43:21.380,7.03,142.18,TAKE_PICTURE,2.39,0.08,136.65,0.74,239.17
2026-02-03 11:43:21.540,7.25,137.98,TAKE_PICTURE,1.46,0.07,130.48,0.56,239.17
2026-02-03 11:43:21.698,7.39,135.38,TAKE_PICTURE,2.37,0.13,129.32,0.54,239.17
2026-02-03 11:43:21.859,7.22,138.52,TAKE_PICTURE,1.37,0.17,133.64,0.75,239.17
2026-02-03 11:43:22.024,7.14,140.04,TAKE_PICTURE,2.00,0.16,133.86,0.56,239.17
2026-02-03 11:43:22.181,7.45,134.28,TAKE_PICTURE,1.71,0.11,128.96,0.60,239.17
2026-02-03 11:43:22.335,7.70,129.93,TAKE_PICTURE,1.48,0.14,125.50,0.59,239.17
2026-02-03 11:43:22.494,7.31,136.80,TAKE_PICTURE,1.44,0.08,132.72,0.68,239.17
2026-02-03 11:43:22.650,7.53,132.72,TAKE_PICTURE,1.50,0.14,127.74,0.58,239.17
2026-02-03 11:43:22.804,7.62,131.25,TAKE_PICTURE,1.45,0.11,127.16,0.61,239.17
2026-02-03 11:43:22.960,7.54,132.66,TAKE_PICTURE,1.85,0.08,127.99,0.55,239.17
2026-02-03 11:43:23.076,10.65,93.87,PICTURE_COOLDOWN,1.37,6.84,82.98,0.54,239.17
2026-02-03 11:43:23.309,4.77,209.85,PICTURE_COOLDOWN,14.01,6.63,185.71,0.56,239.17
2026-02-03 11:43:23.525,5.19,192.68,PICTURE_COOLDOWN,1.67,6.05,181.79,0.54,239.17
2026-02-03 11:43:23.742,5.15,194.17,PICTURE_COOLDOWN,1.30,5.45,184.15,0.77,239.17
2026-02-03 11:43:23.959,5.21,192.01,PICTURE_COOLDOWN,1.76,4.90,182.36,0.60,239.17
2026-02-03 11:43:24.178,5.08,196.70,PICTURE_COOLDOWN,1.59,4.87,187.56,0.57,239.17
2026-02-03 11:43:24.389,5.32,187.95,PICTURE_COOLDOWN,1.38,5.03,178.95,0.54,239.17
2026-02-03 11:43:24.599,5.33,187.73,PICTURE_COOLDOWN,1.39,5.66,178.04,0.66,239.17
2026-02-03 11:43:24.819,5.09,196.46,PICTURE_COOLDOWN,1.82,5.70,186.15,0.59,239.17
2026-02-03 11:43:25.031,5.26,190.06,PICTURE_COOLDOWN,1.72,5.66,179.86,0.61,239.17
2026-02-03 11:43:25.248,5.16,193.62,PICTURE_COOLDOWN,1.51,5.08,184.20,0.72,239.17
2026-02-03 11:43:25.462,5.23,191.24,PICTURE_COOLDOWN,2.24,3.78,181.87,0.53,239.17
2026-02-03 11:43:25.673,5.25,190.41,PICTURE_COOLDOWN,2.09,4.58,181.03,0.59,239.17
2026-02-03 11:43:25.883,5.32,188.00,PICTURE_COOLDOWN,1.39,6.39,177.38,0.56,239.17
2026-02-03 11:43:26.105,5.05,198.05,PICTURE_COOLDOWN,1.97,5.82,187.36,0.54,239.17
2026-02-03 11:43:26.319,5.23,191.36,PICTURE_COOLDOWN,1.37,6.22,180.63,0.71,239.17
2026-02-03 11:43:26.530,5.28,189.41,PICTURE_COOLDOWN,1.42,5.23,180.15,0.61,239.17
2026-02-03 11:43:26.753,5.00,199.90,PICTURE_COOLDOWN,1.43,6.12,189.61,0.58,239.17
2026-02-03 11:43:26.965,5.28,189.37,PICTURE_COOLDOWN,1.38,5.31,180.10,0.54,239.17
2026-02-03 11:43:27.175,5.31,188.49,PICTURE_COOLDOWN,1.82,4.62,179.37,0.60,239.17
2026-02-03 11:43:27.394,5.09,196.63,PICTURE_COOLDOWN,1.62,5.11,187.16,0.64,239.17
2026-02-03 11:43:27.609,5.23,191.35,PICTURE_COOLDOWN,2.67,6.83,177.62,0.55,239.17
2026-02-03 11:43:27.818,5.35,186.94,PICTURE_COOLDOWN,1.94,4.54,177.66,0.63,239.17
2026-02-03 11:43:28.031,5.27,189.77,PICTURE_COOLDOWN,1.42,5.56,179.88,0.66,239.17
2026-02-03 11:43:28.246,5.01,199.67,PICTURE_COOLDOWN,2.42,4.96,187.69,0.56,239.17
2026-02-03 11:43:28.507,4.89,204.61,PICTURE_COOLDOWN,5.39,9.17,183.94,0.59,239.17
2026-02-03 11:43:28.723,5.16,193.82,PICTURE_COOLDOWN,1.45,6.16,182.46,0.63,239.17
2026-02-03 11:43:28.938,5.20,192.40,PICTURE_COOLDOWN,1.64,6.23,180.95,0.73,239.17
2026-02-03 11:43:29.157,5.10,196.08,PICTURE_COOLDOWN,2.17,4.73,186.31,0.70,239.17
2026-02-03 11:43:29.377,5.09,196.48,PICTURE_COOLDOWN,2.32,5.87,184.96,0.56,239.17
2026-02-03 11:43:29.587,5.35,186.97,PICTURE_COOLDOWN,1.49,0.10,182.38,0.56,239.17
2026-02-03 11:43:29.709,10.12,98.78,TAKE_PICTURE,1.41,0.32,93.58,0.56,239.17
2026-02-03 11:43:29.906,5.75,174.06,TAKE_PICTURE,2.62,1.93,166.22,0.55,239.17
2026-02-03 11:43:30.105,5.64,177.26,TAKE_PICTURE,1.39,1.57,171.58,0.61,239.17
2026-02-03 11:43:30.309,5.57,179.64,TAKE_PICTURE,1.91,3.49,168.97,0.57,239.17
2026-02-03 11:43:30.506,5.73,174.42,TAKE_PICTURE,1.34,2.53,166.68,0.59,239.17
2026-02-03 11:43:30.764,4.25,235.39,TAKE_PICTURE,1.44,114.20,117.00,0.65,239.17
2026-02-03 11:43:30.942,6.37,156.94,TAKE_PICTURE,2.16,0.18,149.50,0.55,239.17
2026-02-03 11:43:31.105,7.10,140.87,TAKE_PICTURE,1.63,0.11,134.46,0.56,239.17
2026-02-03 11:43:31.262,7.42,134.72,TAKE_PICTURE,2.17,0.07,129.59,0.55,239.17
2026-02-03 11:43:31.429,6.94,144.10,TAKE_PICTURE,2.03,0.07,138.79,0.71,239.17
2026-02-03 11:43:31.588,7.33,136.37,TAKE_PICTURE,1.80,0.07,131.63,0.61,239.17
2026-02-03 11:43:31.738,7.49,133.54,TAKE_PICTURE,1.71,0.19,127.78,0.59,239.17
2026-02-03 11:43:31.899,6.99,143.01,TAKE_PICTURE,1.96,0.17,136.56,0.57,239.17
2026-02-03 11:43:32.066,6.95,143.92,TAKE_PICTURE,3.83,0.10,136.66,0.70,239.17
2026-02-03 11:43:32.227,7.24,138.21,TAKE_PICTURE,2.38,0.07,133.20,0.54,239.17
2026-02-03 11:43:32.382,7.45,134.32,TAKE_PICTURE,2.54,0.13,129.12,0.56,239.17
2026-02-03 11:43:32.542,7.25,137.84,TAKE_PICTURE,1.93,0.08,133.34,0.59,239.17
2026-02-03 11:43:32.696,7.54,132.59,TAKE_PICTURE,1.92,0.09,128.12,0.59,239.17
2026-02-03 11:43:32.853,7.41,134.94,TAKE_PICTURE,1.68,0.08,130.72,0.55,239.17
2026-02-03 11:43:33.023,6.78,147.47,TAKE_PICTURE,2.01,0.08,142.53,0.60,239.17
2026-02-03 11:43:33.186,7.09,140.98,TAKE_PICTURE,1.69,0.07,136.63,0.54,239.17
2026-02-03 11:43:33.342,7.44,134.44,TAKE_PICTURE,1.93,0.12,128.66,0.53,239.17
2026-02-03 11:43:33.498,7.45,134.27,TAKE_PICTURE,1.99,0.08,129.10,0.55,239.17
2026-02-03 11:43:33.652,7.54,132.61,TAKE_PICTURE,1.77,0.07,128.39,0.59,239.17
2026-02-03 11:43:33.807,7.56,132.30,TAKE_PICTURE,1.69,0.08,128.07,0.54,239.17
2026-02-03 11:43:33.974,6.95,143.88,TAKE_PICTURE,1.48,0.22,139.23,0.58,239.17
2026-02-03 11:43:34.138,7.04,141.97,TAKE_PICTURE,1.67,0.16,136.73,0.59,239.17
2026-02-03 11:43:34.294,7.45,134.23,TAKE_PICTURE,1.82,0.13,129.24,0.59,239.17
2026-02-03 11:43:34.448,7.59,131.75,TAKE_PICTURE,1.72,0.08,127.48,0.58,239.17
2026-02-03 11:43:34.614,6.96,143.63,TAKE_PICTURE,1.83,0.08,139.21,0.61,239.17
2026-02-03 11:43:34.768,7.57,132.13,TAKE_PICTURE,2.07,0.08,127.18,0.60,239.17
2026-02-03 11:43:34.924,7.50,133.33,TAKE_PICTURE,1.70,0.08,129.08,0.61,239.17
2026-02-03 11:43:35.085,7.16,139.74,TAKE_PICTURE,2.46,0.08,133.59,0.56,239.17
2026-02-03 11:43:35.242,7.43,134.56,TAKE_PICTURE,1.70,0.12,129.53,0.58,239.17
2026-02-03 11:43:35.397,7.56,132.26,TAKE_PICTURE,1.88,0.08,127.83,0.56,239.17
2026-02-03 11:43:35.555,7.38,135.59,TAKE_PICTURE,1.56,0.08,131.25,0.76,239.17
2026-02-03 11:43:35.720,7.10,140.80,TAKE_PICTURE,1.75,0.19,135.83,0.61,239.17
2026-02-03 11:43:35.871,7.73,129.40,TAKE_PICTURE,1.89,0.08,125.04,0.58,239.17
2026-02-03 11:43:36.025,7.63,131.04,TAKE_PICTURE,1.38,0.08,127.05,0.56,239.17
2026-02-03 11:43:36.177,7.75,129.10,TAKE_PICTURE,1.61,0.08,124.85,0.63,239.17
2026-02-03 11:43:36.328,7.71,129.64,TAKE_PICTURE,1.60,0.07,125.49,0.63,239.17
2026-02-03 11:43:36.480,7.75,129.00,TAKE_PICTURE,1.63,0.14,124.22,0.58,239.17
2026-02-03 11:43:36.645,7.03,142.22,TAKE_PICTURE,1.75,0.15,137.00,0.57,239.17
2026-02-03 11:43:36.797,7.72,129.60,TAKE_PICTURE,1.43,0.08,125.63,0.59,239.17
2026-02-03 11:43:36.950,7.66,130.50,TAKE_PICTURE,1.42,0.16,125.97,0.61,239.17
2026-02-03 11:43:37.101,7.80,128.28,TAKE_PICTURE,1.80,0.08,123.94,0.55,239.17
2026-02-03 11:43:37.268,6.87,145.56,TAKE_PICTURE,1.88,0.08,140.47,0.71,239.17
2026-02-03 11:43:37.424,7.58,131.87,TAKE_PICTURE,2.19,0.10,126.57,0.57,239.17
2026-02-03 11:43:37.587,7.12,140.54,TAKE_PICTURE,2.73,0.08,134.79,0.61,239.17
2026-02-03 11:43:37.739,7.66,130.58,TAKE_PICTURE,2.00,0.13,124.82,0.59,239.17
2026-02-03 11:43:37.818,17.49,57.16,RESULT,2.05,6.70,45.69,0.57,239.17
2026-02-03 11:43:38.059,4.82,207.28,RESULT,1.81,62.90,138.65,0.91,239.89
2026-02-03 11:43:38.231,6.42,155.70,RESULT,2.40,0.05,150.03,0.57,239.89
2026-02-03 11:43:38.460,5.85,170.87,RESULT,5.19,0.10,161.35,0.62,239.89
2026-02-03 11:43:38.626,6.94,144.07,RESULT,1.63,0.05,139.87,0.60,239.89
2026-02-03 11:43:38.797,6.76,147.86,RESULT,1.43,0.06,143.74,0.75,239.89
2026-02-03 11:43:38.966,6.86,145.76,RESULT,1.59,0.04,141.66,0.55,239.89
2026-02-03 11:43:39.141,6.58,152.00,RESULT,1.64,0.04,147.86,0.60,239.89
2026-02-03 11:43:39.309,6.85,146.08,RESULT,1.61,0.07,141.03,0.60,239.89
2026-02-03 11:43:39.490,6.31,158.59,RESULT,1.84,0.03,153.63,0.65,239.89
2026-02-03 11:43:39.656,6.93,144.30,RESULT,2.22,0.03,139.55,0.59,239.89
2026-02-03 11:43:39.827,6.74,148.36,RESULT,1.39,0.03,144.52,0.60,239.89
2026-02-03 11:43:39.994,6.66,150.05,RESULT,2.02,0.03,145.46,0.55,239.89
2026-02-03 11:43:40.155,6.88,145.26,RESULT,2.19,0.03,139.40,0.63,239.89
2026-02-03 11:43:40.336,6.26,159.62,RESULT,1.47,0.06,154.63,0.60,239.89
2026-02-03 11:43:40.505,6.85,146.03,RESULT,1.41,0.03,141.44,1.33,239.89
2026-02-03 11:43:40.675,6.81,146.86,RESULT,1.56,0.04,142.29,0.77,239.89
2026-02-03 11:43:40.846,6.75,148.14,RESULT,1.30,0.11,143.30,0.58,239.89
2026-02-03 11:43:41.015,6.82,146.65,RESULT,1.40,0.06,142.61,0.56,239.89
2026-02-03 11:43:41.199,6.24,160.35,RESULT,1.28,0.06,155.90,0.97,239.89
2026-02-03 11:43:41.369,6.76,148.04,RESULT,1.59,0.06,143.81,0.58,239.89
2026-02-03 11:43:41.539,6.83,146.42,RESULT,1.37,0.05,141.76,0.60,239.89
2026-02-03 11:43:41.715,6.55,152.69,RESULT,1.70,0.05,147.52,0.73,239.89
2026-02-03 11:43:41.904,6.42,155.71,RESULT,2.68,0.06,149.77,0.62,239.89
2026-02-03 11:43:42.084,6.60,151.49,RESULT,2.91,0.04,145.04,0.58,239.89
2026-02-03 11:43:42.266,6.57,152.31,RESULT,2.69,0.03,146.06,0.61,239.89
2026-02-03 11:43:42.448,6.49,154.03,RESULT,2.96,0.05,147.26,0.74,239.89
2026-02-03 11:43:42.635,6.33,157.90,RESULT,4.55,0.06,149.15,0.58,239.89
2026-02-03 11:43:42.816,6.43,155.46,RESULT,4.89,0.04,147.22,0.56,239.89
2026-02-03 11:43:42.999,6.44,155.39,RESULT,2.86,0.08,148.67,0.58,239.89
2026-02-03 11:43:43.185,6.40,156.24,RESULT,3.94,0.04,148.84,0.73,239.89
2026-02-03 11:43:43.370,6.44,155.28,RESULT,5.38,0.06,145.63,0.57,239.89
2026-02-03 11:43:43.549,6.52,153.41,RESULT,2.77,0.05,146.42,0.60,239.89
2026-02-03 11:43:43.728,6.57,152.16,RESULT,2.99,0.05,145.36,0.61,239.89
2026-02-03 11:43:43.907,6.58,151.90,RESULT,2.76,0.07,145.23,0.61,239.89
2026-02-03 11:43:44.090,6.40,156.13,RESULT,2.85,0.05,149.07,0.77,239.89
2026-02-03 11:43:44.275,6.43,155.61,RESULT,3.92,0.05,147.36,0.58,239.89
2026-02-03 11:43:44.458,6.40,156.15,RESULT,2.88,0.06,149.21,0.62,239.89
2026-02-03 11:43:44.640,6.43,155.42,RESULT,3.66,0.05,147.99,0.57,239.89
2026-02-03 11:43:44.820,6.55,152.75,RESULT,2.87,0.06,146.01,0.57,239.89
2026-02-03 11:43:45.009,6.19,161.68,RESULT,3.23,0.09,154.05,0.76,239.89
2026-02-03 11:43:45.197,6.41,156.09,RESULT,3.01,0.06,148.82,0.59,239.89
2026-02-03 11:43:45.380,6.40,156.23,RESULT,3.20,0.05,148.91,0.62,239.89
2026-02-03 11:43:45.559,6.62,151.17,RESULT,2.63,0.06,144.77,0.55,239.89
2026-02-03 11:43:45.751,6.14,162.85,RESULT,2.91,0.06,156.11,0.62,239.89
2026-02-03 11:43:45.933,6.46,154.83,RESULT,2.81,0.06,148.32,0.56,239.89
2026-02-03 11:43:46.113,6.55,152.58,RESULT,2.61,0.06,146.25,0.55,239.89
2026-02-03 11:43:46.299,6.31,158.56,RESULT,2.83,0.06,151.97,0.68,239.89
2026-02-03 11:43:46.488,6.17,161.95,RESULT,2.86,0.06,155.28,0.57,239.89
2026-02-03 11:43:46.669,6.52,153.45,RESULT,3.07,0.06,146.10,0.65,239.89
2026-02-03 11:43:46.852,6.45,154.93,RESULT,2.92,0.04,148.25,0.64,239.89
2026-02-03 11:43:47.049,5.97,167.53,RESULT,2.88,0.05,160.89,0.58,239.79
2026-02-03 11:43:47.236,6.26,159.74,RESULT,3.36,0.04,152.64,0.59,239.79
2026-02-03 11:43:47.405,6.59,151.64,RESULT,2.14,0.03,145.85,0.59,239.79
2026-02-03 11:43:47.587,6.11,163.63,RESULT,1.69,0.03,158.73,0.81,239.79
2026-02-03 11:43:47.763,6.55,152.70,RESULT,1.38,0.04,148.19,1.02,239.79
2026-02-03 11:43:47.930,6.91,144.66,RESULT,1.50,0.03,140.61,0.60,239.79
2026-02-03 11:43:48.097,6.92,144.51,RESULT,1.50,0.03,140.42,0.60,239.79
2026-02-03 11:43:48.267,6.76,147.86,RESULT,1.62,0.05,143.09,0.89,239.79
2026-02-03 11:43:48.450,6.26,159.68,RESULT,2.24,0.03,154.54,0.69,239.79
2026-02-03 11:43:48.623,6.65,150.38,RESULT,3.08,0.10,143.50,0.62,239.79
2026-02-03 11:43:48.803,6.34,157.82,RESULT,1.42,0.03,153.41,0.64,239.85
2026-02-03 11:43:48.975,6.76,147.94,RESULT,2.04,0.03,142.82,0.63,239.85
2026-02-03 11:43:49.142,6.64,150.51,RESULT,2.02,0.08,143.83,0.69,239.85
2026-02-03 11:43:49.329,6.19,161.53,RESULT,5.59,0.11,151.24,0.58,239.95
2026-02-03 11:43:49.505,6.53,153.13,RESULT,1.28,0.08,148.10,0.63,239.95
2026-02-03 11:43:49.717,5.23,191.17,RESULT,2.06,0.03,185.33,0.81,240.45
2026-02-03 11:43:49.905,6.09,164.16,RESULT,2.11,0.03,154.80,0.65,240.45
2026-02-03 11:43:50.076,6.77,147.76,RESULT,1.57,0.08,142.87,0.58,240.45
2026-02-03 11:43:50.247,6.48,154.30,RESULT,2.20,0.03,147.68,0.71,240.45
2026-02-03 11:43:50.412,6.94,144.09,RESULT,1.56,0.03,140.02,0.58,240.45
2026-02-03 11:43:50.596,6.48,154.41,RESULT,2.84,0.05,147.99,0.63,240.45
2026-02-03 11:43:50.777,6.57,152.14,RESULT,3.77,0.06,144.87,0.58,240.45
2026-02-03 11:43:50.959,6.44,155.39,RESULT,2.93,0.06,148.30,0.63,240.45
2026-02-03 11:43:51.153,6.10,163.97,RESULT,4.80,0.08,154.69,0.54,240.45
2026-02-03 11:43:51.335,6.60,151.61,RESULT,2.88,0.06,145.21,0.53,240.45
2026-02-03 11:43:51.516,6.53,153.07,RESULT,3.11,0.05,145.51,0.54,240.45
2026-02-03 11:43:51.700,6.42,155.69,RESULT,2.92,0.05,148.66,0.69,240.45
2026-02-03 11:43:51.896,6.17,162.05,RESULT,3.90,0.06,153.36,0.60,240.45
2026-02-03 11:43:52.078,6.39,156.47,RESULT,3.52,0.05,149.15,0.57,240.45
2026-02-03 11:43:52.264,6.39,156.45,RESULT,2.56,0.05,150.21,0.59,240.45
2026-02-03 11:43:52.448,6.34,157.85,RESULT,3.16,0.05,150.37,0.75,240.45
2026-02-03 11:43:52.645,5.97,167.51,RESULT,4.12,0.05,158.63,0.68,240.45
2026-02-03 11:43:52.826,6.50,153.75,RESULT,2.86,0.06,147.07,0.55,240.45
2026-02-03 11:43:52.993,6.62,151.16,RESULT,2.37,0.03,145.49,0.55,240.45
2026-02-03 11:43:53.173,6.31,158.55,RESULT,1.49,0.05,154.26,0.61,240.45
2026-02-03 11:43:53.344,6.71,149.11,RESULT,2.06,0.04,144.53,0.56,240.45
2026-02-03 11:43:53.513,6.80,147.15,RESULT,1.74,0.04,142.81,0.57,240.45
2026-02-03 11:43:53.682,6.82,146.65,RESULT,1.62,0.09,141.74,0.76,240.45
2026-02-03 11:43:53.857,6.57,152.19,RESULT,2.32,0.03,146.98,0.63,240.45
2026-02-03 11:43:54.023,6.98,143.18,RESULT,2.24,0.05,138.48,0.55,240.45
2026-02-03 11:43:54.193,6.78,147.42,RESULT,1.92,0.06,142.63,0.57,240.45
2026-02-03 11:43:54.360,6.86,145.79,RESULT,1.85,0.04,141.33,0.56,240.45
2026-02-03 11:43:54.537,6.48,154.29,RESULT,1.87,0.04,149.90,0.57,240.45
2026-02-03 11:43:54.703,6.91,144.72,RESULT,2.05,0.03,140.08,0.62,240.45
2026-02-03 11:43:54.873,6.81,146.88,RESULT,1.48,0.05,142.79,0.56,240.45
2026-02-03 11:43:55.058,6.17,162.04,RESULT,2.33,0.03,156.75,0.55,240.45
2026-02-03 11:43:55.227,6.85,146.02,RESULT,1.74,0.09,141.35,0.60,240.45
2026-02-03 11:43:55.396,6.78,147.57,RESULT,1.95,0.03,142.60,0.56,240.45
2026-02-03 11:43:55.569,6.62,151.01,RESULT,1.62,0.03,146.76,0.72,240.45
2026-02-03 11:43:55.736,6.91,144.64,RESULT,2.43,0.03,139.58,0.63,240.45
2026-02-03 11:43:55.905,6.80,146.95,RESULT,2.15,0.03,142.01,0.76,240.45
2026-02-03 11:43:56.086,6.35,157.51,RESULT,2.20,0.03,152.13,0.68,240.45
2026-02-03 11:43:56.255,6.81,146.89,RESULT,1.88,0.03,142.40,0.65,240.45
2026-02-03 11:43:56.425,6.76,147.82,RESULT,2.03,0.09,142.53,0.84,240.45
2026-02-03 11:43:56.609,6.21,161.10,RESULT,2.38,0.08,155.75,0.58,240.45
2026-02-03 11:43:56.778,6.79,147.28,RESULT,2.28,0.05,141.89,0.58,240.45
2026-02-03 11:43:56.955,6.40,156.27,RESULT,2.25,0.03,150.85,0.89,240.45
2026-02-03 11:43:57.136,6.35,157.40,RESULT,2.85,0.06,151.29,0.65,240.45
2026-02-03 11:43:57.316,6.63,150.73,RESULT,2.85,0.06,144.28,0.58,240.45
2026-02-03 11:43:57.495,6.64,150.65,RESULT,2.75,0.05,144.44,0.61,240.45
2026-02-03 11:43:57.681,6.40,156.26,RESULT,3.86,0.06,148.66,0.56,240.45
2026-02-03 11:43:57.877,5.98,167.33,RESULT,2.89,0.05,160.70,0.55,240.35
2026-02-03 11:43:58.062,6.42,155.88,RESULT,3.03,0.05,149.39,0.54,240.35
2026-02-03 11:43:58.225,6.78,147.43,RESULT,2.35,0.03,141.31,0.58,240.35
2026-02-03 11:43:58.463,5.55,180.17,RESULT,4.86,0.09,169.15,1.29,240.35
2026-02-03 11:43:58.630,6.92,144.54,RESULT,1.83,0.03,140.16,0.55,240.35
2026-02-03 11:43:58.797,6.86,145.88,RESULT,2.43,0.03,140.75,0.55,240.35
2026-02-03 11:43:58.976,6.16,162.35,RESULT,4.41,0.03,155.30,0.56,240.35
2026-02-03 11:43:59.143,6.85,145.93,RESULT,1.34,0.03,141.83,0.64,240.35
2026-02-03 11:43:59.314,6.75,148.15,RESULT,1.50,0.03,143.89,0.73,240.35
2026-02-03 11:43:59.499,6.19,161.45,RESULT,1.91,0.04,156.55,0.59,240.35
2026-02-03 11:43:59.669,6.78,147.58,RESULT,1.77,0.06,141.90,0.75,240.35
2026-02-03 11:43:59.842,6.60,151.56,RESULT,1.92,0.06,146.93,0.66,240.35
2026-02-03 11:44:00.009,6.92,144.44,RESULT,2.15,0.04,139.56,0.66,240.35
2026-02-03 11:44:00.175,6.96,143.71,RESULT,1.52,0.03,139.53,0.60,240.35
2026-02-03 11:44:00.355,6.32,158.26,RESULT,1.78,0.04,153.93,0.55,240.35
2026-02-03 11:44:00.521,6.70,149.27,RESULT,6.50,0.03,140.20,0.63,240.35
2026-02-03 11:44:00.690,6.77,147.62,RESULT,1.37,0.05,142.56,0.69,240.35
2026-02-03 11:44:00.871,6.37,157.06,RESULT,2.49,0.03,151.32,0.62,240.35
2026-02-03 11:44:01.047,6.58,151.89,RESULT,2.26,0.03,146.96,0.65,240.35
2026-02-03 11:44:01.227,6.36,157.25,RESULT,2.30,0.03,152.17,0.79,240.35
2026-02-03 11:44:01.407,6.36,157.17,RESULT,2.27,0.03,151.61,0.63,240.35
2026-02-03 11:44:01.578,6.73,148.61,RESULT,3.68,0.06,141.31,0.54,240.35
2026-02-03 11:44:01.748,6.73,148.54,RESULT,1.97,0.03,144.23,0.53,240.35
2026-02-03 11:44:01.924,6.51,153.58,RESULT,3.12,0.03,147.39,1.01,240.35
2026-02-03 11:44:02.101,6.48,154.22,RESULT,1.70,0.08,149.39,0.66,240.35
2026-02-03 11:44:02.273,6.42,155.68,RESULT,1.72,0.03,150.02,0.56,240.35
2026-02-03 11:44:02.437,6.78,147.59,RESULT,1.70,0.03,141.87,0.55,240.35
2026-02-03 11:44:02.598,6.88,145.43,RESULT,2.21,0.03,140.51,0.59,240.35
2026-02-03 11:44:02.765,6.87,145.67,RESULT,1.31,0.13,141.55,0.57,240.35
2026-02-03 11:44:02.950,6.16,162.41,RESULT,2.32,0.06,157.22,0.60,240.35
2026-02-03 11:44:03.118,6.85,146.09,RESULT,2.75,0.03,140.84,0.54,240.35
2026-02-03 11:44:03.285,6.89,145.10,RESULT,1.75,0.03,140.87,0.55,240.35
2026-02-03 11:44:03.451,6.97,143.55,RESULT,1.54,0.03,139.38,0.67,240.35
2026-02-03 11:44:03.616,6.72,148.72,RESULT,6.99,0.04,139.14,0.60,240.35
2026-02-03 11:44:03.781,6.95,143.87,RESULT,1.33,0.03,139.90,0.55,240.35
2026-02-03 11:44:03.968,6.10,163.90,RESULT,2.39,0.03,158.63,0.60,240.35
2026-02-03 11:44:04.142,6.58,152.03,RESULT,2.20,0.03,146.71,0.55,240.35
2026-02-03 11:44:04.316,6.56,152.51,RESULT,2.92,0.04,147.10,0.62,240.35
2026-02-03 11:44:04.482,6.99,143.16,RESULT,1.64,0.03,138.95,0.60,240.35
2026-02-03 11:44:04.651,6.84,146.23,RESULT,1.40,0.04,141.37,1.45,240.35
2026-02-03 11:44:04.845,6.17,162.19,RESULT,3.84,0.06,153.89,0.59,240.35
2026-02-03 11:44:05.023,6.64,150.67,RESULT,2.60,0.05,144.44,0.64,240.35
2026-02-03 11:44:05.203,6.61,151.34,RESULT,2.59,0.05,145.31,0.58,240.35
2026-02-03 11:44:05.383,6.61,151.32,RESULT,2.77,0.05,145.09,0.58,240.35
2026-02-03 11:44:05.564,6.48,154.34,RESULT,2.74,0.06,147.71,0.62,240.35
2026-02-03 11:44:05.741,6.69,149.58,RESULT,2.75,0.06,143.05,0.59,240.35
2026-02-03 11:44:05.919,6.65,150.36,RESULT,2.73,0.06,143.89,0.62,240.35
2026-02-03 11:44:06.121,5.81,172.16,RESULT,3.63,0.04,164.89,1.01,240.45
2026-02-03 11:44:06.312,6.20,161.30,RESULT,3.79,0.06,153.70,0.55,240.45
2026-02-03 11:44:06.496,6.39,156.52,RESULT,2.81,0.05,149.53,0.62,240.45
2026-02-03 11:44:06.695,5.90,169.41,RESULT,5.04,0.05,159.89,0.61,240.45
2026-02-03 11:44:06.885,6.22,160.68,RESULT,2.79,0.06,153.77,0.67,240.45
2026-02-03 11:44:07.081,5.91,169.08,RESULT,2.72,0.05,161.08,0.86,240.45
2026-02-03 11:44:07.282,5.86,170.65,RESULT,2.02,0.07,165.39,0.56,240.45
2026-02-03 11:44:07.480,5.84,171.14,RESULT,2.80,0.05,164.40,0.56,240.45
2026-02-03 11:44:07.674,6.00,166.64,RESULT,2.91,0.05,159.72,0.71,240.45
2026-02-03 11:44:07.880,5.70,175.48,RESULT,4.27,0.06,166.69,0.60,240.45
2026-02-03 11:44:08.071,6.15,162.73,RESULT,2.74,0.06,155.85,0.65,240.45
2026-02-03 11:44:08.251,6.21,161.01,RESULT,2.23,0.04,153.95,1.55,240.45
2026-02-03 11:44:08.487,5.84,171.34,RESULT,7.72,0.07,158.81,0.58,240.45
2026-02-03 11:44:08.656,6.85,145.89,RESULT,1.60,0.04,141.76,0.57,240.45
2026-02-03 11:44:08.820,6.76,147.88,RESULT,2.01,0.03,142.10,0.58,240.45
2026-02-03 11:44:09.003,6.15,162.59,RESULT,1.37,0.09,158.37,0.59,240.45
2026-02-03 11:44:09.180,6.58,152.02,RESULT,5.12,0.06,143.63,0.58,240.45
2026-02-03 11:44:09.354,6.54,152.82,RESULT,2.09,0.04,147.67,0.56,240.45
2026-02-03 11:44:09.530,6.48,154.27,RESULT,2.03,0.03,149.60,0.69,240.45
2026-02-03 11:44:09.697,6.94,143.99,RESULT,1.43,0.04,140.03,0.63,240.45
2026-02-03 11:44:09.871,6.60,151.59,RESULT,1.42,0.09,147.03,0.77,240.45
2026-02-03 11:44:10.049,6.44,155.27,RESULT,2.15,0.03,150.15,0.58,240.45
2026-02-03 11:44:10.216,6.92,144.52,RESULT,1.83,0.04,140.04,0.59,240.45
2026-02-03 11:44:10.384,6.64,150.51,RESULT,2.01,0.03,144.28,0.77,240.45
2026-02-03 11:44:10.561,6.44,155.37,RESULT,1.67,0.03,150.69,0.60,240.45
2026-02-03 11:44:10.731,6.80,147.09,RESULT,1.43,0.03,143.11,0.69,240.45
2026-02-03 11:44:10.906,6.52,153.48,RESULT,2.05,0.04,148.36,0.70,240.45
2026-02-03 11:44:11.094,6.10,163.93,RESULT,1.89,0.07,159.14,0.57,240.45
2026-02-03 11:44:11.265,6.67,149.83,RESULT,2.02,0.05,144.27,0.62,240.45
2026-02-03 11:44:11.430,6.77,147.80,RESULT,1.96,0.03,141.90,0.77,240.45
2026-02-03 11:44:11.622,5.94,168.43,RESULT,1.60,0.05,162.08,0.56,240.45
2026-02-03 11:44:11.790,6.86,145.70,RESULT,1.40,0.04,141.65,0.75,240.45
2026-02-03 11:44:11.958,6.88,145.44,RESULT,1.61,0.03,141.21,0.69,240.45
2026-02-03 11:44:12.142,6.06,165.05,RESULT,1.73,0.09,154.08,0.60,240.45
2026-02-03 11:44:12.314,6.68,149.62,RESULT,2.03,0.05,143.06,0.64,240.45
2026-02-03 11:44:12.487,6.66,150.12,RESULT,1.43,0.09,145.89,0.56,240.45
2026-02-03 11:44:12.664,6.51,153.58,RESULT,1.81,0.04,148.91,0.62,240.45
2026-02-03 11:44:12.832,6.90,144.84,RESULT,1.41,0.04,140.93,0.59,240.45
2026-02-03 11:44:13.004,6.69,149.43,RESULT,1.28,0.04,145.27,0.64,240.45
2026-02-03 11:44:13.184,6.29,159.11,RESULT,2.79,0.04,152.37,0.61,240.45
2026-02-03 11:44:13.353,6.83,146.51,RESULT,1.40,0.06,142.45,0.60,240.45
2026-02-03 11:44:13.526,6.67,149.88,RESULT,1.38,0.07,145.40,0.62,240.45
2026-02-03 11:44:13.701,6.55,152.62,RESULT,1.42,0.06,148.45,0.64,240.45
2026-02-03 11:44:13.870,6.84,146.19,RESULT,1.42,0.07,141.45,0.57,240.45
2026-02-03 11:44:14.036,6.72,148.90,RESULT,2.20,0.08,142.39,0.54,240.45
2026-02-03 11:44:14.212,6.47,154.61,RESULT,1.46,0.06,149.49,0.64,240.45
2026-02-03 11:44:14.380,6.86,145.70,RESULT,1.31,0.04,141.64,0.55,240.45
2026-02-03 11:44:14.551,6.74,148.38,RESULT,1.39,0.11,144.06,0.61,240.45
2026-02-03 11:44:14.725,6.37,156.94,RESULT,1.99,0.03,151.36,1.03,240.45
2026-02-03 11:44:14.899,6.53,153.19,RESULT,2.09,0.06,148.39,0.60,240.45
2026-02-03 11:44:15.072,6.60,151.42,RESULT,1.88,0.03,147.02,0.59,240.45
2026-02-03 11:44:15.242,6.81,146.90,RESULT,1.80,0.04,141.98,1.10,240.45
2026-02-03 11:44:15.411,6.85,145.93,RESULT,1.42,0.04,141.97,0.62,240.45
2026-02-03 11:44:15.599,6.05,165.30,RESULT,1.88,0.06,159.12,0.58,240.45
2026-02-03 11:44:15.773,6.67,149.96,RESULT,1.31,0.05,145.01,0.60,240.45
2026-02-03 11:44:15.943,6.53,153.03,RESULT,4.85,0.08,144.88,0.61,240.45
2026-02-03 11:44:16.124,6.25,160.05,RESULT,2.02,0.06,154.20,0.57,240.45
2026-02-03 11:44:16.301,6.31,158.49,RESULT,2.00,0.07,151.64,0.60,240.45
2026-02-03 11:44:16.464,6.81,146.91,RESULT,2.29,0.06,140.63,0.61,240.45
2026-02-03 11:44:16.638,6.52,153.28,RESULT,1.69,0.03,148.93,0.64,240.45
2026-02-03 11:44:16.809,6.76,147.87,RESULT,1.44,0.10,142.52,0.60,240.45
2026-02-03 11:44:16.976,6.65,150.27,RESULT,2.02,0.07,145.50,0.61,240.55
2026-02-03 11:44:17.152,6.47,154.65,RESULT,1.41,0.08,149.36,0.68,240.45
2026-02-03 11:44:17.324,6.73,148.50,RESULT,2.62,0.05,142.46,0.58,240.45
2026-02-03 11:44:17.507,6.51,153.52,RESULT,2.79,0.07,147.23,0.61,240.45
2026-02-03 11:44:17.691,6.43,155.41,RESULT,3.00,0.07,148.70,0.79,240.45
2026-02-03 11:44:17.871,6.20,161.31,RESULT,3.31,0.08,152.00,1.05,240.45
2026-02-03 11:44:18.047,6.46,154.79,RESULT,1.96,0.07,148.65,0.59,240.45
2026-02-03 11:44:18.217,6.48,154.33,RESULT,2.48,0.03,148.70,0.53,240.45
2026-02-03 11:44:18.428,6.16,162.45,RESULT,3.44,0.05,155.70,0.57,240.45
2026-02-03 11:44:18.600,6.71,148.93,RESULT,1.39,0.04,144.86,0.70,240.45
2026-02-03 11:44:18.774,6.66,150.05,RESULT,1.76,0.07,144.14,0.61,240.45
2026-02-03 11:44:18.940,6.70,149.22,RESULT,2.04,0.08,142.09,0.64,240.45
2026-02-03 11:44:19.116,6.48,154.32,RESULT,1.38,0.05,149.42,0.58,240.45
2026-02-03 11:44:19.286,6.81,146.90,RESULT,1.34,0.05,141.29,0.62,240.45
2026-02-03 11:44:19.461,6.58,152.08,RESULT,1.37,0.06,147.17,0.70,240.45
2026-02-03 11:44:19.634,6.66,150.08,RESULT,2.07,0.05,145.11,0.61,240.45
2026-02-03 11:44:19.809,6.49,154.03,RESULT,2.20,0.03,149.08,0.57,240.45
2026-02-03 11:44:19.981,6.66,150.05,RESULT,1.67,0.05,144.98,0.68,240.45
2026-02-03 11:44:20.159,6.51,153.67,RESULT,1.85,0.04,149.02,0.57,240.45
2026-02-03 11:44:20.327,6.89,145.12,RESULT,1.45,0.03,141.20,0.61,240.45
2026-02-03 11:44:20.499,6.66,150.18,RESULT,2.72,0.07,144.70,0.61,240.45
2026-02-03 11:44:20.675,6.50,153.88,RESULT,1.44,0.06,149.86,0.61,240.45
2026-02-03 11:44:20.848,6.70,149.29,RESULT,1.49,0.05,144.38,0.49,240.45
2026-02-03 11:44:21.022,6.63,150.72,RESULT,1.52,0.05,145.50,0.54,240.45
2026-02-03 11:44:21.193,6.72,148.76,RESULT,1.44,0.03,144.69,0.66,240.45
2026-02-03 11:44:21.371,6.33,158.02,RESULT,2.22,0.03,152.40,1.20,240.45
2026-02-03 11:44:21.546,6.50,153.96,RESULT,1.90,0.03,148.91,0.63,240.45
2026-02-03 11:44:21.716,6.79,147.34,RESULT,1.90,0.04,142.77,0.54,240.45
2026-02-03 11:44:21.897,6.33,158.00,RESULT,1.97,0.04,153.04,0.59,240.45
2026-02-03 11:44:22.065,6.85,146.03,RESULT,1.62,0.08,141.59,0.61,240.45
2026-02-03 11:44:22.249,6.21,161.11,RESULT,1.49,0.06,156.74,0.61,240.45
2026-02-03 11:44:22.416,6.93,144.29,RESULT,1.62,0.04,140.12,0.58,240.45
2026-02-03 11:44:22.595,6.40,156.26,RESULT,1.92,0.03,150.73,1.50,240.45
2026-02-03 11:44:22.783,6.08,164.53,RESULT,1.51,0.09,159.43,0.72,240.45
2026-02-03 11:44:22.951,6.85,146.02,RESULT,1.51,0.03,141.99,0.59,240.45
2026-02-03 11:44:23.121,6.78,147.39,RESULT,1.39,0.08,143.18,0.58,240.45
2026-02-03 11:44:23.297,6.52,153.32,RESULT,1.38,0.05,149.20,0.64,240.45
2026-02-03 11:44:23.467,6.79,147.21,RESULT,1.34,0.05,142.84,0.59,240.45
2026-02-03 11:44:23.638,6.77,147.67,RESULT,1.46,0.03,143.47,0.61,240.45
2026-02-03 11:44:23.812,6.63,150.86,RESULT,1.80,0.05,145.58,0.80,240.45
2026-02-03 11:44:23.990,6.49,154.11,RESULT,1.61,0.03,149.73,0.56,240.45
2026-02-03 11:44:24.160,6.55,152.75,RESULT,2.03,0.08,144.79,0.56,240.45
2026-02-03 11:44:24.345,6.00,166.59,RESULT,2.43,0.03,160.35,0.71,240.45
2026-02-03 11:44:24.517,6.48,154.28,RESULT,2.17,0.08,147.95,0.55,240.45
2026-02-03 11:44:24.692,6.47,154.47,RESULT,1.48,0.06,149.20,0.55,240.45
2026-02-03 11:44:24.870,6.46,154.82,RESULT,1.38,0.03,149.04,1.58,240.50
2026-02-03 11:44:25.045,6.37,157.07,RESULT,2.69,0.07,149.49,0.66,240.50
2026-02-03 11:44:25.219,6.55,152.64,RESULT,1.52,0.06,147.51,0.68,240.50
2026-02-03 11:44:25.392,6.68,149.79,RESULT,1.47,0.03,145.74,0.70,240.50
2026-02-03 11:44:25.564,6.63,150.87,RESULT,2.49,0.03,144.76,0.53,240.50
2026-02-03 11:44:25.735,6.72,148.77,RESULT,1.74,0.08,144.21,0.54,240.50
2026-02-03 11:44:25.916,6.35,157.55,RESULT,1.49,0.03,153.35,0.54,240.50
2026-02-03 11:44:26.088,6.67,149.89,RESULT,1.44,0.05,144.84,0.57,240.50
2026-02-03 11:44:26.264,6.56,152.37,RESULT,1.42,0.05,147.83,0.69,240.50
2026-02-03 11:44:26.443,6.45,155.06,RESULT,1.88,0.06,150.32,0.67,240.50
2026-02-03 11:44:26.611,6.86,145.85,RESULT,1.61,0.04,141.96,0.51,240.50
2026-02-03 11:44:26.797,6.18,161.86,RESULT,2.19,0.05,155.38,0.59,240.50
2026-02-03 11:44:26.979,6.24,160.35,RESULT,3.21,0.03,153.82,0.66,240.50
2026-02-03 11:44:27.156,6.47,154.67,RESULT,1.44,0.10,150.21,0.62,240.50
2026-02-03 11:44:27.326,6.79,147.23,RESULT,1.34,0.10,142.85,0.65,240.50
2026-02-03 11:44:27.501,6.31,158.45,RESULT,2.15,0.09,151.59,0.60,240.50
2026-02-03 11:44:27.672,6.75,148.11,RESULT,2.23,0.06,142.17,0.59,240.50
2026-02-03 11:44:27.842,6.74,148.42,RESULT,1.42,0.03,144.72,0.59,240.50
2026-02-03 11:44:28.014,6.46,154.71,RESULT,2.03,0.08,148.04,0.65,240.50
2026-02-03 11:44:28.177,6.74,148.46,RESULT,3.98,0.08,139.94,0.56,240.50
2026-02-03 11:44:28.395,5.92,168.92,RESULT,4.71,0.08,159.95,0.57,240.50
2026-02-03 11:44:28.566,6.73,148.54,RESULT,1.57,0.06,143.15,0.62,240.50
2026-02-03 11:44:28.739,6.42,155.66,RESULT,2.30,0.08,148.89,0.60,240.50
2026-02-03 11:44:28.910,6.70,149.32,RESULT,2.03,0.07,143.49,0.60,240.50
2026-02-03 11:44:29.081,6.50,153.96,RESULT,2.00,0.03,148.55,0.74,240.50
2026-02-03 11:44:29.249,6.82,146.53,RESULT,1.37,0.03,142.72,0.54,240.50
2026-02-03 11:44:29.419,6.81,146.80,RESULT,1.59,0.04,142.31,0.76,240.50
2026-02-03 11:44:29.607,6.10,163.95,RESULT,2.13,0.06,158.65,0.86,240.50
2026-02-03 11:44:29.778,6.65,150.41,RESULT,2.55,0.03,144.71,0.85,240.50
2026-02-03 11:44:29.953,6.50,153.82,RESULT,2.42,0.03,148.80,0.60,240.50
2026-02-03 11:44:30.143,5.94,168.33,RESULT,2.48,0.04,162.75,0.63,240.50
2026-02-03 11:44:30.315,6.71,149.14,RESULT,2.81,0.06,142.60,0.63,240.50
2026-02-03 11:44:30.484,6.82,146.61,RESULT,1.70,0.03,141.92,0.60,240.50
2026-02-03 11:44:30.651,6.91,144.65,RESULT,1.85,0.03,140.09,0.67,240.50
2026-02-03 11:44:30.824,6.64,150.63,RESULT,1.56,0.03,146.48,0.61,240.50
2026-02-03 11:44:31.005,6.24,160.23,RESULT,2.87,0.03,153.12,0.72,240.50
2026-02-03 11:44:31.080,19.08,52.42,READY,1.50,0.30,47.59,0.61,240.50
2026-02-03 11:44:31.349,4.33,231.12,READY,8.53,110.35,108.46,0.73,240.87
2026-02-03 11:44:31.494,8.00,124.94,READY,2.04,1.09,117.58,0.53,240.87
2026-02-03 11:44:31.627,8.60,116.31,READY,2.37,1.12,107.94,0.58,240.87
2026-02-03 11:44:31.756,8.85,113.06,READY,2.37,1.00,106.75,0.51,240.87
2026-02-03 11:44:31.892,8.35,119.75,READY,2.44,0.83,112.10,0.69,240.87
2026-02-03 11:44:32.147,4.18,239.50,READY,2.92,129.15,102.32,0.55,240.87
2026-02-03 11:44:32.287,8.44,118.44,READY,3.67,1.42,109.01,1.12,240.87
2026-02-03 11:44:32.429,7.97,125.42,READY,2.11,0.59,119.99,0.53,240.87
2026-02-03 11:44:32.561,8.61,116.13,READY,2.10,0.54,109.58,0.57,240.87
2026-02-03 11:44:32.695,8.49,117.79,READY,4.97,1.40,108.77,0.54,240.87
2026-02-03 11:44:32.935,4.48,223.42,READY,1.96,115.01,102.16,0.68,240.87
2026-02-03 11:44:33.078,8.10,123.45,READY,2.24,0.60,117.54,0.72,240.87
2026-02-03 11:44:33.213,8.46,118.25,READY,2.31,1.42,110.01,0.54,241.00
2026-02-03 11:44:33.343,8.93,111.95,READY,1.29,1.13,106.28,0.56,241.00
2026-02-03 11:44:33.475,8.63,115.89,READY,2.22,0.61,109.90,0.60,241.00
2026-02-03 11:44:33.722,4.32,231.52,READY,2.13,124.37,101.83,0.60,241.00
2026-02-03 11:44:33.866,8.10,123.53,READY,3.07,0.61,116.62,0.68,241.00
2026-02-03 11:44:33.999,8.61,116.09,READY,1.98,1.23,108.14,0.57,241.00
2026-02-03 11:44:34.128,8.90,112.34,READY,2.02,0.69,104.84,0.58,241.00
2026-02-03 11:44:34.257,8.80,113.67,READY,2.22,1.02,107.14,0.59,241.00
2026-02-03 11:44:34.504,4.33,230.85,READY,5.09,121.90,101.16,0.57,241.00
2026-02-03 11:44:34.653,7.84,127.51,READY,2.02,3.37,118.49,0.71,241.00
2026-02-03 11:44:34.791,8.59,116.39,READY,2.39,0.79,110.75,0.60,241.00
2026-02-03 11:44:34.919,8.88,112.56,READY,2.08,0.69,106.44,0.61,241.00
2026-02-03 11:44:35.051,8.60,116.33,READY,2.69,1.15,108.08,0.59,241.00
2026-02-03 11:44:35.291,4.47,223.91,READY,2.08,118.00,100.00,0.56,241.00
2026-02-03 11:44:35.435,8.20,121.91,READY,1.62,1.42,114.47,0.74,241.00
2026-02-03 11:44:35.567,8.72,114.74,READY,2.05,1.00,107.47,0.61,241.00
2026-02-03 11:44:35.696,8.84,113.15,READY,2.03,0.59,106.87,0.93,241.00
2026-02-03 11:44:35.825,8.82,113.40,READY,2.11,1.10,106.05,0.55,241.00
2026-02-03 11:44:36.073,4.32,231.71,READY,3.25,123.20,102.70,0.55,241.00
2026-02-03 11:44:36.214,8.31,120.40,READY,1.34,1.44,113.80,0.74,241.00
2026-02-03 11:44:36.350,8.43,118.62,READY,2.53,0.81,112.34,0.80,241.00
2026-02-03 11:44:36.480,8.81,113.47,READY,1.78,1.05,106.87,0.60,241.00
2026-02-03 11:44:36.608,8.92,112.16,READY,2.11,1.05,104.92,0.55,241.00
2026-02-03 11:44:36.848,4.45,224.67,READY,2.06,118.25,100.36,0.68,241.00
2026-02-03 11:44:36.992,8.17,122.38,READY,1.42,1.23,115.53,0.70,241.00
2026-02-03 11:44:37.130,8.29,120.60,READY,5.48,0.69,111.63,0.53,241.00
2026-02-03 11:44:37.261,8.64,115.78,READY,4.90,0.61,107.60,0.62,241.00
2026-02-03 11:44:37.391,8.76,114.13,READY,5.07,0.59,105.94,0.53,241.00
2026-02-03 11:44:37.627,4.56,219.28,READY,2.13,112.12,100.55,0.61,241.00
2026-02-03 11:44:37.773,8.00,124.93,READY,1.27,1.60,117.97,0.75,241.00
2026-02-03 11:44:37.905,8.65,115.58,READY,2.21,0.67,109.11,0.59,241.00
2026-02-03 11:44:38.036,8.69,115.07,READY,5.14,0.70,106.52,0.65,241.00
2026-02-03 11:44:38.165,8.89,112.46,READY,1.88,0.53,107.05,0.63,241.00
2026-02-03 11:44:38.406,4.44,225.01,READY,2.15,118.90,101.22,0.53,241.00
2026-02-03 11:44:38.546,8.38,119.30,READY,1.25,1.52,113.51,0.72,241.00
2026-02-03 11:44:38.680,8.56,116.87,READY,2.16,0.63,110.75,0.58,241.00
2026-02-03 11:44:38.808,8.94,111.86,READY,2.02,0.61,106.43,0.55,241.00
2026-02-03 11:44:38.937,8.84,113.12,READY,2.05,1.09,105.58,0.65,241.00
2026-02-03 11:44:39.174,4.52,221.00,READY,2.07,115.34,100.81,0.59,241.00
2026-02-03 11:44:39.312,8.56,116.80,READY,1.56,0.65,111.67,0.64,241.00
2026-02-03 11:44:39.447,8.47,118.06,READY,2.86,1.30,109.37,0.58,241.00
2026-02-03 11:44:39.582,8.39,119.20,READY,7.13,1.25,107.07,0.64,241.00
2026-02-03 11:44:39.711,8.87,112.77,READY,1.95,1.05,106.59,0.83,241.00
2026-02-03 11:44:39.951,4.55,219.54,READY,1.31,110.37,104.61,0.53,241.00
2026-02-03 11:44:40.096,8.09,123.53,READY,1.42,1.39,116.91,0.66,241.00
2026-02-03 11:44:40.233,8.33,120.00,READY,2.17,0.66,114.52,0.60,241.00
2026-02-03 11:44:40.363,8.75,114.27,READY,2.29,1.10,107.09,0.56,241.00
2026-02-03 11:44:40.497,8.50,117.64,READY,3.99,1.39,108.72,0.64,241.00
2026-02-03 11:44:40.734,4.55,219.86,READY,2.32,113.27,100.15,0.55,241.00
2026-02-03 11:44:40.879,8.06,124.02,READY,1.43,1.50,114.59,0.73,241.00
2026-02-03 11:44:41.017,8.32,120.17,READY,2.22,0.66,111.64,0.59,241.00
2026-02-03 11:44:41.148,8.70,115.00,READY,2.37,0.96,107.37,0.58,241.00
2026-02-03 11:44:41.276,8.92,112.06,READY,2.34,1.00,104.73,0.54,241.00
2026-02-03 11:44:41.509,4.62,216.57,READY,2.33,110.33,99.92,0.55,241.00
2026-02-03 11:44:41.652,8.21,121.86,READY,1.32,1.55,116.08,0.58,241.00
2026-02-03 11:44:41.785,8.64,115.79,READY,2.32,0.64,108.90,0.63,241.00
2026-02-03 11:44:41.914,8.86,112.84,READY,2.07,0.48,106.12,0.63,241.00
2026-02-03 11:44:42.041,8.99,111.22,READY,2.33,0.59,104.59,0.58,241.00
2026-02-03 11:44:42.282,4.45,224.76,READY,5.08,115.33,100.76,0.57,241.00
2026-02-03 11:44:42.423,8.00,124.98,READY,2.31,0.70,118.11,0.81,241.00
2026-02-03 11:44:42.565,7.95,125.73,READY,2.21,1.00,118.12,0.56,241.00
2026-02-03 11:44:42.694,8.89,112.51,READY,1.54,0.83,106.65,0.56,241.00
2026-02-03 11:44:42.824,8.79,113.76,READY,2.14,1.17,106.93,0.54,241.00
2026-02-03 11:44:43.059,4.56,219.22,READY,2.36,113.58,99.80,0.63,241.00
2026-02-03 11:44:43.202,8.20,121.92,READY,1.47,1.30,115.10,0.73,241.00
2026-02-03 11:44:43.336,8.57,116.75,READY,2.59,1.23,108.70,0.56,241.00
2026-02-03 11:44:43.465,8.81,113.50,READY,1.92,1.01,106.37,0.60,241.00
2026-02-03 11:44:43.594,8.85,113.05,READY,1.93,0.58,107.45,0.54,241.00
2026-02-03 11:44:43.828,4.58,218.41,READY,1.88,112.56,100.34,0.55,241.00
2026-02-03 11:44:43.971,8.22,121.58,READY,1.39,1.41,114.99,0.69,241.00
2026-02-03 11:44:44.106,8.50,117.58,READY,2.37,0.71,110.15,0.56,241.00
2026-02-03 11:44:44.236,8.78,113.83,READY,1.99,0.68,107.55,0.58,241.00
2026-02-03 11:44:44.364,8.90,112.32,READY,2.00,0.52,106.07,0.56,241.00
2026-02-03 11:44:44.598,4.58,218.56,READY,2.01,113.55,99.97,0.62,241.00
2026-02-03 11:44:44.743,8.12,123.17,READY,1.34,1.36,116.50,0.76,241.00
2026-02-03 11:44:44.875,8.72,114.73,READY,2.16,1.06,107.53,0.61,241.00
2026-02-03 11:44:45.003,8.92,112.12,READY,1.93,0.59,106.23,0.59,241.00
2026-02-03 11:44:45.132,8.88,112.57,READY,1.94,1.00,105.38,0.56,241.00
2026-02-03 11:44:45.368,4.53,220.86,READY,1.92,112.44,102.41,0.57,241.00
2026-02-03 11:44:45.505,8.29,120.63,READY,1.87,0.76,113.85,1.08,241.00
2026-02-03 11:44:45.638,8.55,116.91,READY,2.28,1.19,109.32,0.54,241.00
2026-02-03 11:44:45.767,8.83,113.30,READY,2.40,1.07,106.83,0.59,241.00
2026-02-03 11:44:45.898,8.71,114.87,READY,2.10,0.53,108.82,0.55,241.00
2026-02-03 11:44:46.135,4.53,220.57,READY,2.39,113.86,101.51,0.60,241.00
2026-02-03 11:44:46.281,7.97,125.41,READY,1.47,1.40,118.34,0.80,241.00
2026-02-03 11:44:46.417,8.47,118.13,READY,2.35,1.28,110.16,0.58,241.00
2026-02-03 11:44:46.547,8.79,113.83,READY,2.07,0.58,107.16,0.58,241.00
2026-02-03 11:44:46.679,8.59,116.48,READY,2.22,0.60,110.37,0.58,241.00
2026-02-03 11:44:46.917,4.50,222.22,READY,2.02,114.46,102.72,0.56,241.00
2026-02-03 11:44:47.055,8.31,120.40,READY,3.20,0.85,111.40,0.71,241.00
2026-02-03 11:44:47.193,8.31,120.40,READY,2.34,0.68,113.02,0.55,241.00
2026-02-03 11:44:47.323,8.76,114.14,READY,1.98,0.72,108.05,0.73,241.00
2026-02-03 11:44:47.453,8.78,113.95,READY,2.00,0.48,107.63,0.54,241.00
2026-02-03 11:44:47.687,4.60,217.23,READY,2.05,111.43,99.92,0.60,241.00
2026-02-03 11:44:47.839,7.62,131.26,READY,1.26,1.54,124.42,0.73,241.00
2026-02-03 11:44:47.978,8.25,121.15,READY,2.28,0.66,114.11,0.55,241.00
2026-02-03 11:44:48.106,8.91,112.24,READY,1.98,0.49,105.95,0.61,241.00
2026-02-03 11:44:48.240,8.64,115.77,READY,2.23,1.06,109.87,0.53,241.00
2026-02-03 11:44:48.476,4.56,219.15,READY,2.91,111.06,100.71,0.52,241.00
2026-02-03 11:44:48.617,8.31,120.34,READY,1.38,1.58,113.64,0.71,241.00
2026-02-03 11:44:48.756,8.30,120.43,READY,2.23,1.02,112.16,0.55,241.00
2026-02-03 11:44:48.885,8.85,113.03,READY,1.81,1.08,106.55,0.60,241.00
2026-02-03 11:44:49.015,8.75,114.23,READY,1.99,0.86,107.46,0.59,241.00
2026-02-03 11:44:49.256,4.44,225.06,READY,2.00,114.74,105.06,0.56,241.00
2026-02-03 11:44:49.400,8.12,123.08,READY,1.53,1.03,115.57,0.67,241.00
2026-02-03 11:44:49.533,8.62,115.94,READY,2.37,0.57,109.26,0.56,241.00
2026-02-03 11:44:49.662,8.89,112.48,READY,2.16,0.59,106.52,0.57,241.00
2026-02-03 11:44:49.789,8.94,111.92,READY,1.99,0.48,106.34,0.58,241.00
2026-02-03 11:44:50.022,4.61,216.81,READY,2.02,111.83,99.81,0.61,241.00
2026-02-03 11:44:50.157,8.41,118.87,READY,2.31,1.00,112.46,0.61,241.00
2026-02-03 11:44:50.289,8.65,115.63,READY,2.45,0.62,108.93,0.55,241.00
2026-02-03 11:44:50.417,8.88,112.59,READY,2.05,0.72,106.67,0.57,241.00
2026-02-03 11:44:50.546,8.89,112.47,READY,2.06,0.54,106.76,0.58,241.00
2026-02-03 11:44:50.780,4.58,218.52,READY,4.85,110.22,100.84,0.54,241.00
2026-02-03 11:44:50.921,8.44,118.42,READY,1.29,0.59,113.79,0.68,241.00
2026-02-03 11:44:51.056,8.47,118.09,READY,2.58,1.17,110.02,0.60,241.00
2026-02-03 11:44:51.184,8.97,111.44,READY,2.03,0.57,106.03,0.57,241.00
2026-02-03 11:44:51.311,8.93,111.97,READY,1.89,0.58,106.65,0.56,241.00
2026-02-03 11:44:51.546,4.58,218.15,READY,4.28,110.77,99.92,0.55,241.00
2026-02-03 11:44:51.688,8.25,121.23,READY,1.27,1.42,114.62,0.69,241.00
2026-02-03 11:44:51.821,8.63,115.84,READY,1.91,0.56,109.31,0.53,241.00
2026-02-03 11:44:51.949,8.91,112.18,READY,2.30,0.56,105.43,0.53,241.00
2026-02-03 11:44:52.079,8.80,113.63,READY,2.34,0.79,107.00,0.53,241.00
2026-02-03 11:44:52.316,4.51,221.53,READY,2.43,114.51,101.25,0.54,241.00
2026-02-03 11:44:52.461,8.14,122.84,READY,2.31,0.94,115.09,0.67,241.00
2026-02-03 11:44:52.595,8.62,115.97,READY,2.08,0.48,108.69,0.95,241.00
2026-02-03 11:44:52.729,8.42,118.76,READY,2.00,0.58,109.82,3.57,241.00
2026-02-03 11:44:52.858,8.91,112.26,READY,1.61,0.59,105.71,0.55,241.00
2026-02-03 11:44:53.093,4.56,219.48,READY,2.03,111.67,101.74,0.53,241.00
2026-02-03 11:44:53.240,7.96,125.70,READY,1.26,0.61,120.60,0.75,241.00
2026-02-03 11:44:53.378,8.28,120.78,READY,5.30,1.03,110.41,0.67,241.00
2026-02-03 11:44:53.510,8.62,115.96,READY,2.03,0.78,110.59,0.55,241.00
2026-02-03 11:44:53.640,8.72,114.70,READY,2.17,0.70,108.20,0.58,241.00
2026-02-03 11:44:53.877,4.53,220.69,READY,1.91,112.22,102.34,0.62,241.00
2026-02-03 11:44:54.015,8.52,117.43,READY,1.87,0.66,112.25,0.59,241.00
2026-02-03 11:44:54.154,8.21,121.74,READY,2.43,0.64,113.25,0.93,241.00
2026-02-03 11:44:54.283,8.89,112.48,READY,2.29,0.57,106.33,0.55,241.00
2026-02-03 11:44:54.414,8.65,115.61,READY,2.11,0.83,108.06,0.65,241.00
2026-02-03 11:44:54.648,4.59,217.70,READY,2.40,111.52,100.42,0.59,241.00
2026-02-03 11:44:54.784,8.31,120.30,READY,2.65,1.03,113.30,0.65,241.00
2026-02-03 11:44:54.917,8.55,116.97,READY,2.38,1.20,108.32,0.78,241.00
2026-02-03 11:44:55.047,8.79,113.79,READY,2.34,0.96,106.53,0.56,241.00
2026-02-03 11:44:55.178,8.70,114.93,READY,2.19,1.05,107.56,0.58,241.00
2026-02-03 11:44:55.411,4.61,216.86,READY,2.25,110.87,99.82,0.54,241.00
2026-02-03 11:44:55.553,8.28,120.81,READY,1.58,1.50,113.71,0.69,241.00
2026-02-03 11:44:55.687,8.57,116.71,READY,2.36,1.25,108.30,0.57,241.00
2026-02-03 11:44:55.819,8.70,114.90,READY,2.44,0.95,106.71,1.32,241.00
2026-02-03 11:44:55.949,8.78,113.90,READY,2.27,0.99,106.55,0.56,241.00
2026-02-03 11:44:56.185,4.54,220.16,READY,2.22,112.06,101.59,0.57,241.00
2026-02-03 11:44:56.332,8.05,124.24,READY,1.41,0.65,118.36,0.68,241.00
2026-02-03 11:44:56.468,8.43,118.68,READY,2.43,0.72,111.49,0.59,241.00
2026-02-03 11:44:56.601,8.53,117.17,READY,2.00,1.05,109.83,0.57,241.00
2026-02-03 11:44:56.730,8.84,113.17,READY,2.02,0.68,107.66,0.57,241.00
2026-02-03 11:44:56.965,4.56,219.32,READY,2.04,112.27,101.45,0.56,241.00
2026-02-03 11:44:57.104,8.22,121.59,READY,2.42,0.66,113.59,0.67,241.00
2026-02-03 11:44:57.240,8.47,118.09,READY,2.38,0.66,110.51,0.56,241.00
2026-02-03 11:44:57.368,8.88,112.58,READY,2.14,0.83,104.74,1.03,241.00
2026-02-03 11:44:57.496,8.89,112.47,READY,2.20,0.66,105.00,0.53,241.00
2026-02-03 11:44:57.759,4.05,246.62,READY,2.31,135.01,104.92,0.57,241.00
2026-02-03 11:44:57.907,7.90,126.63,READY,1.47,1.45,120.16,0.67,241.00
2026-02-03 11:44:58.051,7.95,125.83,READY,5.53,0.71,116.68,0.92,241.00
2026-02-03 11:44:58.185,8.49,117.76,READY,1.98,1.05,110.22,0.63,241.00
2026-02-03 11:44:58.320,8.47,118.07,READY,2.57,1.19,110.60,0.54,241.00
2026-02-03 11:44:58.558,4.52,221.29,READY,2.35,110.84,104.05,0.54,241.00
2026-02-03 11:44:58.707,7.87,127.13,READY,1.52,1.43,120.56,0.73,241.00
2026-02-03 11:44:58.850,8.01,124.87,READY,2.35,0.61,117.78,0.56,241.00
2026-02-03 11:44:58.987,8.26,121.06,READY,2.06,0.56,114.78,0.59,241.00
2026-02-03 11:44:59.116,8.89,112.52,READY,2.11,1.10,106.38,0.59,241.00
2026-02-03 11:44:59.350,4.60,217.51,READY,2.01,111.63,100.61,0.53,241.00
2026-02-03 11:44:59.494,8.13,122.94,READY,1.42,1.44,116.38,1.01,241.00
2026-02-03 11:44:59.634,8.40,119.10,READY,1.50,0.62,113.36,0.70,240.93
2026-02-03 11:44:59.770,8.44,118.43,READY,2.01,1.07,111.01,0.56,240.93
2026-02-03 11:44:59.906,8.32,120.22,READY,2.48,0.88,113.10,0.58,240.93
2026-02-03 11:45:00.155,4.38,228.17,READY,2.29,117.48,104.66,0.59,240.93
2026-02-03 11:45:00.310,7.49,133.59,READY,2.05,1.41,126.53,0.69,240.93
2026-02-03 11:45:00.459,7.98,125.31,READY,2.05,0.60,119.37,0.84,240.93
2026-02-03 11:45:00.598,8.23,121.47,READY,2.32,0.51,114.53,0.57,240.93
2026-02-03 11:45:00.742,7.90,126.52,READY,5.15,0.62,118.18,0.56,240.93
2026-02-03 11:45:00.995,4.23,236.43,READY,2.35,114.83,115.81,0.62,240.93
2026-02-03 11:45:01.149,7.65,130.75,READY,1.69,0.79,125.23,0.67,240.93
2026-02-03 11:45:01.293,8.17,122.46,READY,2.62,1.51,114.37,0.57,240.93
2026-02-03 11:45:01.422,8.82,113.42,READY,2.40,1.09,105.67,0.54,240.93
2026-02-03 11:45:01.552,8.73,114.59,READY,4.84,0.63,106.28,0.60,240.93
2026-02-03 11:45:01.794,4.43,225.48,READY,2.04,119.72,100.74,0.60,240.93
2026-02-03 11:45:01.945,7.68,130.25,READY,2.71,1.27,121.09,0.72,240.90
2026-02-03 11:45:02.079,8.57,116.72,READY,1.41,1.30,108.35,0.53,240.90
2026-02-03 11:45:02.208,8.87,112.78,READY,2.05,1.19,105.42,0.53,240.90
2026-02-03 11:45:02.338,8.71,114.87,READY,2.23,1.07,107.24,0.62,240.90
2026-02-03 11:45:02.593,4.19,238.43,READY,2.04,130.20,103.47,0.55,240.90
2026-02-03 11:45:02.734,8.33,120.00,READY,1.32,1.65,114.10,0.60,240.90
2026-02-03 11:45:02.874,8.13,122.95,READY,2.71,0.77,116.74,0.58,240.90
2026-02-03 11:45:03.005,8.74,114.39,READY,2.30,0.73,108.18,0.56,240.90
2026-02-03 11:45:03.137,8.55,116.95,READY,2.19,0.82,109.97,0.55,240.90
2026-02-03 11:45:03.379,4.44,225.41,READY,1.90,118.25,101.23,0.65,240.90
2026-02-03 11:45:03.524,8.00,124.93,READY,1.96,0.60,119.59,0.78,240.90
2026-02-03 11:45:03.664,8.18,122.27,READY,2.64,0.61,116.01,0.65,240.90
2026-02-03 11:45:03.806,8.00,124.93,READY,3.49,0.91,116.86,0.54,240.90
2026-02-03 11:45:03.942,8.43,118.57,READY,2.11,0.59,113.17,0.58,240.90
2026-02-03 11:45:04.181,4.50,221.99,READY,2.00,111.99,103.65,0.54,240.90
2026-02-03 11:45:04.335,7.66,130.52,READY,2.39,1.49,121.76,1.41,240.90
2026-02-03 11:45:04.476,8.14,122.78,READY,2.07,0.53,115.89,0.62,240.90
2026-02-03 11:45:04.613,8.27,120.88,READY,1.99,1.00,114.61,0.79,240.90
2026-02-03 11:45:04.748,8.45,118.28,READY,4.88,0.69,110.00,0.59,240.90
2026-02-03 11:45:04.990,4.43,225.67,READY,2.28,117.56,101.66,0.56,240.90
2026-02-03 11:45:05.134,7.78,128.46,READY,2.44,0.59,121.52,0.73,240.90
2026-02-03 11:45:05.278,7.89,126.67,READY,2.15,0.92,119.11,0.54,240.90
2026-02-03 11:45:05.413,8.40,119.01,READY,2.53,0.58,112.51,0.55,240.90
2026-02-03 11:45:05.548,8.47,118.05,READY,2.27,0.51,111.53,0.53,240.90
2026-02-03 11:45:05.794,4.35,229.66,READY,1.96,116.24,107.16,0.54,240.90
2026-02-03 11:45:05.942,7.58,131.92,READY,2.66,0.98,124.63,0.56,240.90
2026-02-03 11:45:06.091,7.80,128.23,READY,1.41,1.40,121.70,0.56,240.90
2026-02-03 11:45:06.226,8.51,117.57,READY,2.52,0.98,109.83,0.58,240.90
2026-02-03 11:45:06.355,8.91,112.23,READY,2.31,1.05,104.68,0.56,240.90
2026-02-03 11:45:06.588,4.61,217.13,READY,2.30,110.70,99.90,0.59,240.90
2026-02-03 11:45:06.730,8.28,120.75,READY,1.34,1.28,114.30,0.71,240.90
2026-02-03 11:45:06.870,8.33,120.09,READY,1.96,1.27,113.72,0.53,240.90
2026-02-03 11:45:07.002,8.62,116.03,READY,2.16,0.86,109.57,0.57,240.90
2026-02-03 11:45:07.134,8.75,114.24,READY,2.02,0.90,108.22,0.55,240.90
2026-02-03 11:45:07.373,4.48,223.08,READY,2.02,116.44,100.66,0.56,240.90
2026-02-03 11:45:07.518,8.09,123.65,READY,1.39,1.42,117.01,0.69,240.90
2026-02-03 11:45:07.658,8.11,123.32,READY,2.35,0.59,116.14,0.81,240.90
2026-02-03 11:45:07.797,8.31,120.28,READY,2.31,0.81,110.54,0.53,240.90
2026-02-03 11:45:07.931,8.51,117.53,READY,2.49,1.07,110.28,0.58,241.00
2026-02-03 11:45:08.173,4.47,223.79,READY,3.93,112.36,104.61,0.54,241.00
2026-02-03 11:45:08.317,8.09,123.54,READY,1.64,1.16,116.61,0.70,240.93
2026-02-03 11:45:08.456,8.23,121.50,READY,7.62,0.58,109.95,0.72,240.93
2026-02-03 11:45:08.587,8.78,113.94,READY,2.04,0.47,106.69,0.65,240.93
2026-02-03 11:45:08.716,8.88,112.58,READY,1.93,1.03,106.12,0.55,240.93
2026-02-03 11:45:08.956,4.47,223.67,READY,2.29,116.47,100.67,0.54,240.93
2026-02-03 11:45:09.106,7.73,129.37,READY,1.75,1.59,121.73,0.75,240.93
2026-02-03 11:45:09.250,8.16,122.55,READY,1.42,1.37,116.71,0.57,240.93
2026-02-03 11:45:09.386,8.36,119.66,READY,2.88,0.55,111.80,0.55,240.93
2026-02-03 11:45:09.523,8.34,119.96,READY,2.52,0.61,112.35,0.56,240.93
2026-02-03 11:45:09.761,4.53,220.95,READY,2.67,110.77,103.00,0.58,240.93
2026-02-03 11:45:09.912,7.73,129.41,READY,2.38,1.68,121.02,0.87,240.93
2026-02-03 11:45:10.056,8.24,121.40,READY,1.88,0.82,116.23,0.58,240.93
2026-02-03 11:45:10.192,8.33,120.04,READY,2.47,0.62,112.19,0.56,240.93
2026-02-03 11:45:10.338,7.73,129.35,READY,2.44,0.63,121.28,0.55,240.93
2026-02-03 11:45:10.588,4.31,232.04,READY,1.41,118.44,104.79,0.84,240.93
2026-02-03 11:45:10.751,7.10,140.89,READY,1.97,1.53,132.92,0.58,240.93
2026-02-03 11:45:10.916,6.88,145.39,READY,2.51,1.21,136.19,0.57,240.93
2026-02-03 11:45:11.051,8.49,117.85,READY,2.06,1.17,110.97,0.59,240.93
2026-02-03 11:45:11.181,8.76,114.10,READY,1.98,1.17,107.01,0.54,240.93
2026-02-03 11:45:11.426,4.36,229.29,READY,2.11,121.66,101.25,0.58,240.93
2026-02-03 11:45:11.568,8.32,120.16,READY,1.51,1.51,113.28,0.68,240.93
2026-02-03 11:45:11.707,8.22,121.67,READY,2.58,1.14,113.42,0.60,240.93
2026-02-03 11:45:11.837,8.79,113.73,READY,2.11,0.77,106.33,0.55,240.93
2026-02-03 11:45:11.972,8.44,118.44,READY,2.16,0.48,111.91,0.56,240.93
2026-02-03 11:45:12.218,4.35,230.03,READY,2.14,113.42,110.29,0.56,240.93
2026-02-03 11:45:12.370,7.65,130.73,READY,1.29,1.39,123.68,0.84,240.93
2026-02-03 11:45:12.511,8.47,118.01,READY,2.31,0.69,111.31,0.58,240.93
2026-02-03 11:45:12.640,8.89,112.55,READY,1.99,0.70,106.50,0.56,240.93
2026-02-03 11:45:12.771,8.68,115.27,READY,1.52,0.71,110.02,0.57,240.93
2026-02-03 11:45:13.110,3.10,323.08,READY,2.05,216.45,101.22,0.58,240.93
2026-02-03 11:45:13.250,8.37,119.44,READY,1.44,1.29,113.79,0.64,240.93
2026-02-03 11:45:13.384,8.56,116.85,READY,2.26,1.20,110.02,0.58,240.93
2026-02-03 11:45:13.513,8.81,113.47,READY,2.19,0.73,105.47,0.57,240.93
2026-02-03 11:45:13.647,8.51,117.54,READY,5.08,1.36,107.37,0.62,240.93
2026-02-03 11:45:13.888,4.45,224.87,READY,2.08,115.30,104.28,0.57,240.93
2026-02-03 11:45:14.049,7.16,139.60,READY,1.60,1.15,131.12,0.64,240.93
2026-02-03 11:45:14.189,8.16,122.56,READY,2.68,1.18,115.64,0.64,240.93
2026-02-03 11:45:14.328,8.17,122.45,READY,2.49,0.92,115.14,0.56,240.93
2026-02-03 11:45:14.467,8.26,121.04,READY,2.60,0.90,113.99,0.53,240.93
2026-02-03 11:45:14.711,4.40,227.45,READY,2.26,115.62,105.18,0.54,240.93
2026-02-03 11:45:14.850,8.16,122.53,READY,2.20,0.51,115.17,0.54,240.93
2026-02-03 11:45:14.993,7.90,126.55,READY,1.81,1.08,119.69,0.82,240.93
2026-02-03 11:45:15.131,8.21,121.87,READY,2.20,0.58,115.26,0.59,240.93
2026-02-03 11:45:15.274,7.95,125.76,READY,2.01,0.83,118.49,0.56,240.93
2026-02-03 11:45:15.529,4.19,238.40,READY,1.96,124.07,108.70,0.55,240.93
2026-02-03 11:45:15.681,7.75,129.05,READY,3.19,1.49,120.47,0.68,240.93
2026-02-03 11:45:15.835,7.32,136.61,READY,1.57,1.37,130.51,0.55,240.93
2026-02-03 11:45:15.975,8.11,123.32,READY,2.85,0.98,115.67,0.60,240.93
2026-02-03 11:45:16.113,8.19,122.04,READY,2.67,0.53,114.32,0.56,240.93
2026-02-03 11:45:16.356,4.40,227.06,READY,2.40,114.16,106.10,0.55,240.93
2026-02-03 11:45:16.500,7.90,126.52,READY,2.21,0.55,119.59,0.68,240.93
2026-02-03 11:45:16.640,8.28,120.74,READY,1.28,0.92,114.97,0.57,240.93
2026-02-03 11:45:16.791,7.48,133.63,READY,2.71,0.83,126.55,0.59,240.93
2026-02-03 11:45:16.927,8.41,118.89,READY,2.84,0.60,111.25,0.55,240.93
2026-02-03 11:45:17.169,4.43,225.60,READY,3.47,115.59,102.40,0.54,240.93
2026-02-03 11:45:17.327,7.29,137.16,READY,1.72,1.56,130.92,0.64,240.93
2026-02-03 11:45:17.472,7.83,127.68,READY,2.37,1.01,119.44,0.59,240.93
2026-02-03 11:45:17.612,8.11,123.36,READY,2.55,1.30,114.56,0.74,240.93
2026-02-03 11:45:17.752,8.17,122.44,READY,2.13,0.67,115.77,0.55,240.93
2026-02-03 11:45:17.995,4.41,226.58,READY,2.29,112.95,106.87,0.58,240.93
2026-02-03 11:45:18.152,7.43,134.57,READY,2.52,1.49,126.68,0.71,240.93
2026-02-03 11:45:18.295,8.00,125.00,READY,2.68,1.24,116.58,0.57,240.93
2026-02-03 11:45:18.430,8.41,118.96,READY,2.26,1.08,112.12,0.60,240.93
2026-02-03 11:45:18.569,8.22,121.72,READY,1.95,1.18,114.23,0.56,240.93
2026-02-03 11:45:18.812,4.43,225.81,READY,2.23,113.32,106.35,0.56,240.93
2026-02-03 11:45:18.956,7.81,128.12,READY,2.33,0.95,121.07,0.68,240.93
2026-02-03 11:45:19.097,8.09,123.54,READY,4.93,0.72,114.99,0.54,240.93
2026-02-03 11:45:19.234,8.28,120.74,READY,2.03,0.78,114.24,1.12,240.93
2026-02-03 11:45:19.365,8.72,114.74,READY,1.60,0.81,105.46,0.57,240.93
2026-02-03 11:45:19.609,4.40,227.29,READY,2.47,117.98,101.90,0.55,240.93
2026-02-03 11:45:19.744,8.33,119.98,READY,2.26,0.55,112.71,0.68,240.93
2026-02-03 11:45:19.879,8.48,117.88,READY,5.21,0.51,108.18,0.57,240.93
2026-02-03 11:45:20.009,8.85,113.04,READY,2.17,0.97,105.09,0.56,240.93
2026-02-03 11:45:20.140,8.68,115.21,READY,2.29,0.53,107.58,0.57,240.93
2026-02-03 11:45:20.382,4.44,225.45,READY,1.51,113.32,106.50,0.58,240.93
2026-02-03 11:45:20.537,7.53,132.82,READY,2.10,1.93,125.35,0.59,240.93
2026-02-03 11:45:20.682,7.84,127.56,READY,1.76,0.79,122.11,0.69,240.93
2026-02-03 11:45:20.823,8.06,124.06,READY,3.25,1.68,115.12,0.57,240.93
2026-02-03 11:45:20.962,8.14,122.81,READY,2.73,0.61,114.99,0.62,240.93
2026-02-03 11:45:21.206,4.41,226.76,READY,2.82,111.32,108.21,0.58,240.93
2026-02-03 11:45:21.357,7.72,129.48,READY,1.73,1.38,121.49,0.68,240.93
2026-02-03 11:45:21.503,8.08,123.84,READY,1.40,0.83,117.56,0.55,240.93
2026-02-03 11:45:21.639,8.37,119.45,READY,2.48,1.39,112.01,0.54,240.93
2026-02-03 11:45:21.776,8.29,120.56,READY,2.54,0.88,113.20,0.55,240.93
2026-02-03 11:45:22.017,4.47,223.54,READY,2.52,112.53,104.59,0.71,240.93
2026-02-03 11:45:22.158,8.39,119.25,READY,1.26,0.67,113.65,0.64,240.93
2026-02-03 11:45:22.294,8.37,119.45,READY,2.26,1.14,111.90,0.57,240.93
2026-02-03 11:45:22.430,8.39,119.15,READY,3.62,0.65,110.86,0.53,240.93
2026-02-03 11:45:22.559,8.87,112.68,READY,2.37,0.99,106.12,0.61,240.93
2026-02-03 11:45:22.795,4.54,220.35,READY,2.40,112.26,103.06,0.54,241.00
2026-02-03 11:45:22.936,8.39,119.14,READY,2.87,1.87,106.07,0.55,241.00
2026-02-03 11:45:23.069,8.68,115.21,READY,2.14,0.53,108.43,0.63,241.00
2026-02-03 11:45:23.206,8.23,121.44,READY,3.30,1.10,112.50,0.59,241.00
2026-02-03 11:45:23.335,8.87,112.77,READY,2.24,0.72,105.76,0.65,241.00
2026-02-03 11:45:23.573,4.50,222.07,READY,1.94,115.94,100.89,0.57,241.00
2026-02-03 11:45:23.707,8.45,118.34,READY,1.96,0.78,111.52,0.67,241.00
2026-02-03 11:45:23.842,8.42,118.71,READY,2.65,1.18,109.68,0.61,241.00
2026-02-03 11:45:23.973,8.74,114.35,READY,2.10,0.69,108.05,0.57,241.00
2026-02-03 11:45:24.104,8.68,115.26,READY,2.19,1.11,107.01,0.55,241.00
2026-02-03 11:45:24.356,4.23,236.36,READY,2.47,111.10,118.11,0.56,241.00
2026-02-03 11:45:24.515,7.31,136.74,READY,1.47,1.60,129.11,0.65,241.00
2026-02-03 11:45:24.647,8.67,115.29,READY,2.28,0.96,107.99,0.54,241.00
2026-02-03 11:45:24.776,8.86,112.86,READY,2.22,0.93,105.60,0.70,241.00
2026-02-03 11:45:24.906,8.77,114.03,READY,2.32,0.94,106.89,0.55,241.00
2026-02-03 11:45:25.148,4.42,226.00,READY,2.18,118.36,101.89,0.54,241.00
2026-02-03 11:45:25.292,8.15,122.76,READY,1.53,1.52,116.02,0.60,241.00
2026-02-03 11:45:25.429,8.33,120.11,READY,1.81,0.88,114.56,0.58,241.00
2026-02-03 11:45:25.559,8.79,113.81,READY,2.04,0.90,107.80,0.55,241.00
2026-02-03 11:45:25.690,8.70,115.01,READY,1.99,0.57,109.03,0.79,241.00
2026-02-03 11:45:25.925,4.56,219.30,READY,2.06,113.17,101.11,0.58,241.00
2026-02-03 11:45:26.063,8.56,116.79,READY,1.31,1.43,111.15,0.58,241.00
2026-02-03 11:45:26.203,8.14,122.78,READY,2.11,1.41,115.89,0.58,241.00
2026-02-03 11:45:26.331,8.93,112.01,READY,2.15,0.62,106.22,0.56,241.00
2026-02-03 11:45:26.459,8.90,112.33,READY,2.16,0.76,106.30,0.60,241.00
2026-02-03 11:45:26.695,4.55,219.84,READY,2.13,114.20,100.24,0.60,241.00
2026-02-03 11:45:26.851,7.49,133.51,READY,4.70,1.86,120.82,0.71,241.00
2026-02-03 11:45:26.990,8.40,119.10,READY,1.30,1.13,113.73,0.61,241.00
2026-02-03 11:45:27.123,8.61,116.11,READY,2.28,1.11,108.40,0.62,241.00
2026-02-03 11:45:27.253,8.79,113.76,READY,2.32,1.12,106.33,0.58,241.00
2026-02-03 11:45:27.486,4.61,216.93,READY,3.19,109.84,99.88,0.55,241.00
2026-02-03 11:45:27.627,8.31,120.38,READY,1.25,1.41,113.89,0.71,241.00
2026-02-03 11:45:27.762,8.55,116.94,READY,2.23,0.58,109.98,0.53,241.00
2026-02-03 11:45:27.893,8.71,114.86,READY,2.32,0.83,107.64,0.53,241.00
2026-02-03 11:45:28.022,8.77,113.98,READY,2.32,1.08,106.54,0.58,241.00
2026-02-03 11:45:28.334,3.38,295.74,READY,2.21,188.96,100.55,0.54,241.00
2026-02-03 11:45:28.476,8.12,123.18,READY,4.65,1.71,113.85,0.71,241.00
2026-02-03 11:45:28.611,8.49,117.76,READY,5.06,0.79,109.06,0.59,241.00
2026-02-03 11:45:28.741,8.78,113.86,READY,1.99,1.08,106.46,0.78,241.00
2026-02-03 11:45:28.869,8.93,111.99,READY,2.11,0.56,105.62,0.58,241.00
2026-02-03 11:45:29.104,4.58,218.41,READY,2.01,111.74,100.78,0.56,241.00
2026-02-03 11:45:29.245,8.31,120.40,READY,1.32,1.39,113.87,0.68,241.00
2026-02-03 11:45:29.384,8.21,121.84,READY,5.65,1.26,110.74,0.57,241.00
2026-02-03 11:45:29.514,8.81,113.57,READY,2.03,1.10,106.42,0.56,241.00
2026-02-03 11:45:29.641,8.95,111.78,READY,1.89,0.50,105.39,0.57,241.00
2026-02-03 11:45:29.874,4.61,216.95,READY,1.71,111.29,99.79,0.55,241.00
2026-02-03 11:45:30.014,8.42,118.72,READY,1.36,1.45,112.48,0.69,241.00
2026-02-03 11:45:30.148,8.53,117.25,READY,2.71,1.32,108.22,0.59,241.00
2026-02-03 11:45:30.277,8.88,112.56,READY,2.20,0.61,105.24,0.54,241.00
2026-02-03 11:45:30.405,8.93,111.97,READY,2.28,0.53,104.93,0.56,241.00
2026-02-03 11:45:30.638,4.60,217.38,READY,2.31,110.39,100.50,0.55,241.00
2026-02-03 11:45:30.779,8.36,119.66,READY,1.45,1.13,113.32,1.18,241.00
2026-02-03 11:45:30.912,8.59,116.48,READY,2.37,0.67,108.88,0.55,241.00
2026-02-03 11:45:31.040,8.95,111.75,READY,2.00,0.85,104.95,0.56,241.00
2026-02-03 11:45:31.170,8.81,113.54,READY,2.09,0.85,106.33,0.84,241.00
2026-02-03 11:45:31.408,4.51,221.51,READY,2.24,115.64,100.14,0.56,241.00
2026-02-03 11:45:31.550,8.03,124.60,READY,3.45,0.76,117.39,0.65,241.00
2026-02-03 11:45:31.682,8.63,115.86,READY,2.42,1.23,107.92,0.55,241.00
2026-02-03 11:45:31.811,8.81,113.52,READY,2.12,0.75,107.03,0.55,241.00
2026-02-03 11:45:31.941,8.78,113.89,READY,2.11,1.10,106.05,0.54,241.00
2026-02-03 11:45:32.179,4.51,221.59,READY,5.29,113.28,100.46,0.57,241.00
2026-02-03 11:45:32.320,8.29,120.69,READY,1.33,1.29,114.29,0.65,241.00
2026-02-03 11:45:32.460,8.26,121.04,READY,2.56,1.54,112.19,0.57,241.00
2026-02-03 11:45:32.590,8.76,114.20,READY,2.35,1.07,106.48,0.53,241.00
2026-02-03 11:45:32.721,8.73,114.60,READY,2.13,0.73,107.14,0.54,241.00
2026-02-03 11:45:32.959,4.50,222.22,READY,3.79,113.85,101.14,0.57,241.00
2026-02-03 11:45:33.102,8.23,121.44,READY,1.61,1.34,113.48,0.69,241.00
2026-02-03 11:45:33.237,8.49,117.79,READY,2.34,1.19,110.23,0.56,241.00
2026-02-03 11:45:33.369,8.62,116.01,READY,2.62,1.06,108.01,0.54,241.00
2026-02-03 11:45:33.496,8.98,111.42,READY,2.83,1.10,103.93,0.58,241.00
2026-02-03 11:45:33.730,4.59,217.96,READY,2.26,112.13,99.61,0.59,241.00
2026-02-03 11:45:33.867,8.30,120.45,READY,2.43,0.67,113.67,0.73,241.00
2026-02-03 11:45:34.002,8.37,119.52,READY,2.49,1.12,111.00,0.59,241.00
2026-02-03 11:45:34.132,8.84,113.11,READY,2.09,0.66,106.94,0.62,241.00
2026-02-03 11:45:34.259,8.96,111.55,READY,2.00,1.05,104.25,0.57,241.00
2026-02-03 11:45:34.498,4.49,222.73,READY,2.06,116.15,100.23,0.60,241.00
2026-02-03 11:45:34.639,8.31,120.35,READY,1.32,1.46,113.78,0.68,241.00
2026-02-03 11:45:34.776,8.34,119.97,READY,1.86,1.00,113.70,0.59,241.00
2026-02-03 11:45:34.908,8.67,115.39,READY,2.19,0.70,107.29,0.57,241.00
2026-02-03 11:45:35.039,8.71,114.86,READY,2.37,0.97,107.22,0.77,241.00
2026-02-03 11:45:35.282,4.39,227.77,READY,2.38,122.41,99.76,0.55,241.00
2026-02-03 11:45:35.427,8.12,123.10,READY,1.59,1.41,115.94,0.73,241.00
2026-02-03 11:45:35.563,8.41,118.88,READY,2.19,0.47,111.04,0.63,241.00
2026-02-03 11:45:35.693,8.83,113.27,READY,2.08,0.81,105.50,0.54,241.00
2026-02-03 11:45:35.825,8.63,115.86,READY,5.05,0.60,107.35,0.61,241.00
2026-02-03 11:45:36.062,4.53,220.59,READY,2.44,112.02,102.22,0.71,241.00
2026-02-03 11:45:36.206,8.02,124.62,READY,3.23,0.72,117.94,0.72,241.00
2026-02-03 11:45:36.343,8.35,119.75,READY,2.17,1.43,111.49,0.65,241.00
2026-02-03 11:45:36.471,8.86,112.89,READY,2.42,0.73,106.50,0.56,241.00
2026-02-03 11:45:36.601,8.84,113.16,READY,2.07,0.71,107.66,0.59,241.00
2026-02-03 11:45:36.833,4.62,216.28,READY,2.14,111.46,100.01,0.58,241.00
2026-02-03 11:45:36.974,8.42,118.81,READY,1.69,0.63,113.71,0.69,241.00
2026-02-03 11:45:37.111,8.34,119.92,READY,2.37,0.70,113.68,0.61,241.00
2026-02-03 11:45:37.241,8.74,114.43,READY,2.22,0.60,108.54,0.56,241.00
2026-02-03 11:45:37.370,8.87,112.73,READY,5.34,0.62,104.19,0.59,241.00
2026-02-03 11:45:37.610,4.46,224.05,READY,2.07,116.72,101.44,0.55,241.00
2026-02-03 11:45:37.755,8.07,123.86,READY,1.27,0.61,118.79,0.71,241.00
2026-02-03 11:45:37.894,8.27,120.93,READY,1.93,1.20,112.23,0.54,241.00
2026-02-03 11:45:38.025,8.67,115.28,READY,2.45,0.70,107.71,0.60,241.00
2026-02-03 11:45:38.154,8.85,112.99,READY,2.23,0.54,106.13,0.55,241.00
2026-02-03 11:45:38.390,4.55,219.84,READY,2.40,112.79,101.07,0.55,241.00
2026-02-03 11:45:38.530,8.37,119.54,READY,1.31,1.53,113.49,0.68,241.00
2026-02-03 11:45:38.667,8.44,118.52,READY,2.25,0.55,110.48,0.65,241.00
2026-02-03 11:45:38.797,8.78,113.95,READY,1.98,0.96,106.93,0.57,241.00
2026-02-03 11:45:38.924,8.99,111.22,READY,1.98,0.80,104.69,0.64,241.00
2026-02-03 11:45:39.171,4.33,231.00,READY,2.14,119.37,106.67,0.58,241.00
2026-02-03 11:45:39.319,7.89,126.73,READY,1.30,1.31,120.22,0.71,241.00
2026-02-03 11:45:39.454,8.48,117.98,READY,2.40,0.77,110.43,0.61,241.00
2026-02-03 11:45:39.584,8.78,113.84,READY,2.28,0.72,108.35,0.53,241.00
2026-02-03 11:45:39.714,8.71,114.75,READY,2.09,1.12,107.04,0.90,241.00
2026-02-03 11:45:39.951,4.54,220.43,READY,2.06,113.33,101.81,0.56,241.00
2026-02-03 11:45:40.094,8.21,121.75,READY,1.45,1.31,115.14,0.66,241.00
2026-02-03 11:45:40.231,8.34,119.86,READY,2.12,1.23,112.33,1.21,241.00
2026-02-03 11:45:40.363,8.65,115.67,READY,2.10,0.62,109.02,0.55,241.00
2026-02-03 11:45:40.493,8.76,114.19,READY,2.33,1.17,106.34,0.56,241.00
2026-02-03 11:45:40.727,4.59,217.90,READY,2.38,111.21,100.03,0.59,241.00
2026-02-03 11:45:40.880,7.64,130.91,READY,4.54,2.05,119.91,0.66,241.00
2026-02-03 11:45:41.022,8.19,122.12,READY,6.10,0.70,112.01,0.55,241.00
2026-02-03 11:45:41.154,8.63,115.84,READY,2.38,0.68,107.48,0.56,241.00
2026-02-03 11:45:41.291,8.56,116.82,READY,2.16,1.47,109.51,0.57,241.00
2026-02-03 11:45:41.629,3.10,322.16,READY,2.57,214.90,100.30,0.58,241.00
2026-02-03 11:45:41.772,8.19,122.10,READY,1.49,0.65,117.27,0.68,241.00
2026-02-03 11:45:41.907,8.45,118.30,READY,2.20,0.60,111.50,0.54,241.00
2026-02-03 11:45:42.037,8.83,113.27,READY,2.18,0.49,107.45,0.57,241.00
2026-02-03 11:45:42.168,8.67,115.38,READY,2.36,1.20,108.84,0.61,241.00
2026-02-03 11:45:42.401,4.61,216.86,READY,2.25,111.35,100.43,0.56,241.00
2026-02-03 11:45:42.545,8.13,123.05,READY,1.85,1.48,116.10,0.73,241.00
2026-02-03 11:45:42.681,8.41,118.87,READY,2.41,0.72,112.28,0.60,241.00
2026-02-03 11:45:42.814,8.71,114.83,READY,1.30,1.05,109.18,0.55,241.00
2026-02-03 11:45:42.944,8.80,113.59,READY,2.17,0.64,107.65,0.53,241.00
2026-02-03 11:45:43.178,4.58,218.16,READY,2.06,112.04,100.80,0.57,241.00
2026-02-03 11:45:43.316,8.18,122.28,READY,2.19,0.62,114.19,0.75,241.00
2026-02-03 11:45:43.456,8.25,121.16,READY,1.96,0.63,114.17,0.55,241.00
2026-02-03 11:45:43.587,8.74,114.46,READY,2.33,1.05,106.32,0.60,241.00
2026-02-03 11:45:43.715,8.96,111.56,READY,2.20,0.92,104.28,0.59,241.00
2026-02-03 11:45:43.949,4.65,215.12,READY,2.00,109.67,99.96,0.59,241.00
2026-02-03 11:45:44.088,8.50,117.65,READY,1.42,0.81,112.32,0.70,241.00
2026-02-03 11:45:44.230,8.06,124.10,READY,2.43,0.65,115.86,0.59,241.00
2026-02-03 11:45:44.361,8.68,115.25,READY,2.09,1.07,108.27,0.56,241.00
2026-02-03 11:45:44.494,8.88,112.67,READY,2.42,1.12,105.06,0.57,241.00
2026-02-03 11:45:44.728,4.57,218.70,READY,2.39,110.69,101.38,0.65,241.00
2026-02-03 11:45:44.868,8.52,117.36,READY,1.48,0.53,111.68,0.66,241.00
2026-02-03 11:45:45.008,8.31,120.28,READY,1.74,1.23,111.49,0.65,241.00
2026-02-03 11:45:45.154,7.68,130.24,READY,3.74,1.68,118.16,0.58,241.00
2026-02-03 11:45:45.287,8.60,116.23,READY,2.43,0.81,109.38,0.66,241.00
2026-02-03 11:45:45.526,4.49,222.75,READY,2.39,112.42,104.93,0.55,241.00
2026-02-03 11:45:45.674,7.93,126.18,READY,2.34,0.74,118.76,0.70,241.00
2026-02-03 11:45:45.819,8.05,124.15,READY,1.42,1.11,118.28,0.54,241.00
2026-02-03 11:45:45.962,7.92,126.18,READY,2.86,0.89,119.46,0.63,241.00
2026-02-03 11:45:46.095,8.58,116.50,READY,1.93,0.68,110.82,0.55,241.00
2026-02-03 11:45:46.448,2.97,336.45,READY,2.29,225.22,106.01,0.56,241.00
2026-02-03 11:45:46.596,7.91,126.36,READY,1.29,1.42,119.80,0.69,241.00
2026-02-03 11:45:46.732,8.48,117.95,READY,2.36,0.99,109.09,0.58,241.00
2026-02-03 11:45:46.864,8.63,115.85,READY,2.33,1.03,107.96,0.57,241.00
2026-02-03 11:45:46.993,8.91,112.28,READY,2.18,1.02,104.68,0.56,241.00
2026-02-03 11:45:47.230,4.52,221.01,READY,2.19,114.65,100.17,0.53,241.00
2026-02-03 11:45:47.379,7.81,128.04,READY,1.26,1.42,121.50,0.71,241.00
2026-02-03 11:45:47.525,8.05,124.19,READY,1.54,0.76,118.21,0.61,241.00
2026-02-03 11:45:47.662,8.25,121.19,READY,2.83,0.63,113.68,0.58,241.00
2026-02-03 11:45:47.800,8.31,120.27,READY,2.61,0.53,112.85,0.60,241.00
2026-02-03 11:45:48.039,4.50,222.10,READY,3.66,112.05,102.50,0.75,241.00
2026-02-03 11:45:48.188,7.83,127.69,READY,2.73,1.65,119.34,0.56,241.00
2026-02-03 11:45:48.327,8.24,121.32,READY,2.10,0.59,114.79,0.52,241.00
2026-02-03 11:45:48.463,8.39,119.20,READY,2.48,0.52,111.71,0.53,241.00
2026-02-03 11:45:48.598,8.40,119.03,READY,2.65,0.53,111.42,0.58,241.00
2026-02-03 11:45:48.838,4.51,221.64,READY,2.63,110.64,103.58,0.60,241.00
2026-02-03 11:45:48.987,7.85,127.44,READY,1.60,1.72,120.52,0.61,241.00
2026-02-03 11:45:49.131,7.90,126.51,READY,2.53,0.70,118.69,0.53,241.00
2026-02-03 11:45:49.266,8.49,117.78,READY,1.97,0.80,111.84,0.58,241.00
2026-02-03 11:45:49.401,8.45,118.27,READY,2.55,0.66,110.53,0.54,241.00
2026-02-03 11:45:49.639,4.52,221.27,READY,2.39,111.59,103.55,0.54,241.00
2026-02-03 11:45:49.782,8.27,120.90,READY,1.50,1.29,114.51,0.72,241.00
2026-02-03 11:45:49.915,8.57,116.68,READY,2.32,0.60,110.64,0.54,241.00
2026-02-03 11:45:50.048,8.60,116.28,READY,1.88,1.01,109.20,0.54,241.00
2026-02-03 11:45:50.178,8.90,112.32,READY,2.38,0.58,106.37,0.61,241.00
2026-02-03 11:45:50.410,4.63,215.96,READY,2.07,110.79,99.52,0.59,241.00
2026-02-03 11:45:50.553,8.18,122.18,READY,1.29,1.61,116.20,0.76,241.00
2026-02-03 11:45:50.687,8.57,116.68,READY,2.39,1.18,109.92,0.60,241.00
2026-02-03 11:45:50.817,8.76,114.10,READY,1.65,1.06,106.36,0.55,241.00
2026-02-03 11:45:50.946,8.90,112.42,READY,2.03,0.51,106.01,0.64,241.00
2026-02-03 11:45:51.181,4.56,219.46,READY,4.83,111.02,100.87,0.56,241.00
2026-02-03 11:45:51.334,7.63,131.06,READY,8.68,1.11,117.41,0.69,241.00
2026-02-03 11:45:51.469,8.50,117.67,READY,2.08,0.83,109.48,0.55,241.00
2026-02-03 11:45:51.598,8.84,113.09,READY,2.35,0.48,106.29,0.58,241.00
2026-02-03 11:45:51.730,8.73,114.49,READY,3.27,1.18,106.09,0.67,241.00
2026-02-03 11:45:51.963,4.59,217.72,READY,1.99,112.46,100.22,0.54,241.00
2026-02-03 11:45:52.111,7.86,127.18,READY,1.27,1.57,120.50,0.68,241.00
2026-02-03 11:45:52.245,8.61,116.13,READY,2.35,1.07,107.65,0.57,241.00
2026-02-03 11:45:52.376,8.65,115.55,READY,2.43,0.53,107.74,0.57,241.00
2026-02-03 11:45:52.505,8.86,112.92,READY,2.32,0.87,105.82,0.55,241.00
2026-02-03 11:45:52.744,4.49,222.68,READY,2.35,116.09,100.45,0.53,241.00
2026-02-03 11:45:52.885,8.35,119.83,READY,1.45,1.34,113.80,0.74,241.00
2026-02-03 11:45:53.021,8.40,119.10,READY,2.09,1.01,110.91,0.76,241.00
2026-02-03 11:45:53.152,8.70,114.88,READY,2.28,0.55,107.34,0.56,241.00
2026-02-03 11:45:53.280,8.91,112.24,READY,2.22,0.95,105.36,0.56,241.00
2026-02-03 11:45:53.514,4.59,217.72,READY,2.37,111.42,99.88,0.56,241.00
2026-02-03 11:45:53.659,8.16,122.48,READY,2.20,1.48,115.05,0.74,241.00
2026-02-03 11:45:53.795,8.43,118.67,READY,2.48,1.25,110.26,1.03,241.00
2026-02-03 11:45:53.926,8.70,114.90,READY,2.40,1.31,106.89,0.54,241.00
2026-02-03 11:45:54.057,8.62,115.96,READY,3.77,0.83,106.85,0.58,241.00
2026-02-03 11:45:54.291,4.60,217.49,READY,2.80,110.57,99.86,0.57,241.00
2026-02-03 11:45:54.433,8.29,120.70,READY,1.46,1.27,114.16,0.66,241.00
2026-02-03 11:45:54.568,8.48,117.97,READY,1.96,0.82,112.42,0.58,241.00
2026-02-03 11:45:54.702,8.77,114.07,READY,1.89,1.24,107.26,0.51,241.00
2026-02-03 11:45:54.829,8.96,111.59,READY,2.49,0.81,104.13,0.52,241.00
2026-02-03 11:45:55.064,4.57,218.82,READY,2.45,112.45,99.85,0.56,241.00
2026-02-03 11:45:55.211,7.95,125.73,READY,2.37,1.44,116.48,0.69,241.00
2026-02-03 11:45:55.344,8.60,116.24,READY,2.33,0.75,108.72,0.56,241.00
2026-02-03 11:45:55.473,8.88,112.60,READY,2.37,0.74,106.68,0.60,241.00
2026-02-03 11:45:55.600,8.95,111.77,READY,2.38,0.71,105.95,0.53,241.00
2026-02-03 11:45:55.839,4.49,222.65,READY,2.29,116.85,100.87,0.59,241.00
2026-02-03 11:45:55.985,8.03,124.56,READY,1.64,1.56,117.66,0.68,241.00
2026-02-03 11:45:56.118,8.65,115.55,READY,1.37,0.79,109.89,0.53,241.00
2026-02-03 11:45:56.247,8.84,113.10,READY,2.23,0.56,106.59,0.62,241.00
2026-02-03 11:45:56.375,8.90,112.32,READY,2.06,0.59,106.30,0.54,241.00
2026-02-03 11:45:56.616,4.45,224.76,READY,2.22,113.10,105.40,1.32,241.00
2026-02-03 11:45:56.755,8.54,117.11,READY,1.27,0.69,112.45,0.75,241.00
2026-02-03 11:45:56.892,8.38,119.39,READY,2.46,0.67,111.80,0.56,241.00
2026-02-03 11:45:57.024,8.58,116.55,READY,2.08,0.70,110.89,0.58,241.00
2026-02-03 11:45:57.155,8.70,114.93,READY,2.26,0.65,108.83,0.57,241.00
2026-02-03 11:45:57.390,4.56,219.46,READY,1.98,111.71,102.63,0.70,241.00
2026-02-03 11:45:57.534,8.18,122.24,READY,1.68,1.34,115.31,0.68,241.00
2026-02-03 11:45:57.674,8.37,119.49,READY,2.31,0.53,110.07,0.55,241.00
2026-02-03 11:45:57.806,8.65,115.54,READY,2.34,0.99,108.49,0.56,241.00
2026-02-03 11:45:57.938,8.58,116.49,READY,2.46,0.53,109.04,0.61,241.00
2026-02-03 11:45:58.178,4.50,222.44,READY,1.48,116.15,100.50,0.60,241.00
2026-02-03 11:45:58.320,8.23,121.46,READY,1.28,1.25,115.23,0.62,241.00
2026-02-03 11:45:58.457,8.32,120.20,READY,5.32,0.69,111.49,0.57,241.00
2026-02-03 11:45:58.586,8.87,112.80,READY,2.08,0.58,106.41,0.59,241.00
2026-02-03 11:45:58.715,8.95,111.70,READY,2.39,1.05,105.33,0.54,241.00
2026-02-03 11:45:58.950,4.57,218.77,READY,2.00,112.36,101.26,0.60,241.00
2026-02-03 11:45:59.094,8.19,122.12,READY,2.02,1.51,114.87,0.71,241.00
2026-02-03 11:45:59.232,8.21,121.74,READY,2.28,0.52,114.25,0.51,241.00
2026-02-03 11:45:59.363,8.69,115.05,READY,2.34,0.78,107.92,0.52,241.00
2026-02-03 11:45:59.492,8.85,113.02,READY,2.31,0.86,106.00,0.50,241.00
2026-02-03 11:45:59.727,4.58,218.46,READY,2.35,112.48,99.65,0.59,241.00
2026-02-03 11:45:59.869,8.25,121.17,READY,1.38,1.60,114.40,0.68,241.00
2026-02-03 11:46:00.004,8.54,117.08,READY,2.25,0.70,111.31,0.61,241.00
2026-02-03 11:46:00.134,8.76,114.19,READY,2.47,1.26,107.37,0.58,241.00
2026-02-03 11:46:00.262,8.94,111.81,READY,2.51,0.66,105.14,0.57,241.00
2026-02-03 11:46:00.496,4.58,218.24,READY,2.25,111.33,100.93,0.74,241.00
2026-02-03 11:46:00.631,8.40,119.12,READY,1.96,0.99,111.72,0.75,241.00
2026-02-03 11:46:00.762,8.70,114.93,READY,2.03,0.54,109.12,0.57,241.00
2026-02-03 11:46:00.907,8.17,122.43,READY,2.75,1.91,112.35,1.07,241.00
2026-02-03 11:46:01.036,8.81,113.56,READY,2.30,0.99,106.55,0.55,241.00
2026-02-03 11:46:01.278,4.43,225.58,READY,2.34,116.72,102.49,0.54,241.00
2026-02-03 11:46:01.421,8.17,122.42,READY,2.23,1.38,114.96,0.69,241.00
2026-02-03 11:46:01.556,8.49,117.75,READY,2.34,0.94,111.06,0.56,241.00
2026-02-03 11:46:01.684,8.94,111.82,READY,2.18,1.05,104.69,0.56,241.00
2026-02-03 11:46:01.816,8.58,116.49,READY,2.31,1.14,108.66,1.36,241.00
2026-02-03 11:46:02.052,4.56,219.12,READY,2.10,112.03,100.37,0.53,241.00
2026-02-03 11:46:02.194,8.26,121.08,READY,1.32,1.54,115.26,0.71,241.00
2026-02-03 11:46:02.328,8.55,116.94,READY,1.93,0.86,110.69,0.54,241.00
2026-02-03 11:46:02.457,8.86,112.84,READY,1.95,0.58,107.07,0.56,241.00
2026-02-03 11:46:02.586,8.80,113.64,READY,2.99,0.61,105.40,0.60,241.00
2026-02-03 11:46:02.820,4.58,218.23,READY,2.39,110.55,100.53,0.59,241.00
2026-02-03 11:46:02.964,8.18,122.25,READY,1.63,1.43,114.92,0.71,241.00
2026-02-03 11:46:03.099,8.61,116.12,READY,1.36,1.29,107.70,0.62,241.00
2026-02-03 11:46:03.230,8.78,113.86,READY,1.90,0.62,106.89,0.59,241.00
2026-02-03 11:46:03.359,8.84,113.10,READY,2.32,0.72,106.67,0.60,241.00
2026-02-03 11:46:03.594,4.57,218.90,READY,1.68,113.10,101.18,0.62,241.00
2026-02-03 11:46:03.742,7.98,125.31,READY,1.75,1.41,115.50,0.74,241.00
2026-02-03 11:46:03.877,8.50,117.60,READY,2.30,1.20,108.59,0.75,241.00
2026-02-03 11:46:04.007,8.77,114.06,READY,2.36,0.66,106.78,0.53,241.00
2026-02-03 11:46:04.137,8.76,114.12,READY,2.27,0.84,106.83,0.52,241.00
2026-02-03 11:46:04.371,4.60,217.54,READY,2.36,110.42,100.40,0.60,241.00
2026-02-03 11:46:04.512,8.32,120.21,READY,1.37,1.40,113.97,0.70,241.00
2026-02-03 11:46:04.651,8.21,121.83,READY,8.78,0.65,108.90,0.54,241.00
2026-02-03 11:46:04.783,8.63,115.84,READY,2.29,0.87,108.41,0.60,241.00
2026-02-03 11:46:04.911,8.88,112.60,READY,2.43,0.90,105.12,0.61,241.00
2026-02-03 11:46:05.145,4.59,217.98,READY,2.46,111.12,100.07,0.56,241.00
2026-02-03 11:46:05.292,7.86,127.23,READY,1.92,0.59,121.01,0.54,241.00
2026-02-03 11:46:05.430,8.31,120.35,READY,2.59,0.93,113.05,0.53,241.00
2026-02-03 11:46:05.564,8.50,117.69,READY,2.57,0.53,109.92,0.57,241.00
2026-02-03 11:46:05.692,8.93,112.02,READY,2.39,0.63,104.55,0.60,241.00
2026-02-03 11:46:05.929,4.52,221.28,READY,2.40,112.98,101.47,0.59,241.00
2026-02-03 11:46:06.073,8.14,122.81,READY,1.34,1.46,115.16,1.74,241.00
2026-02-03 11:46:06.208,8.47,118.11,READY,2.10,0.74,111.93,1.12,241.00
2026-02-03 11:46:06.341,8.52,117.38,READY,2.27,0.93,110.07,0.63,241.00
2026-02-03 11:46:06.473,8.67,115.38,READY,2.31,0.97,109.47,0.54,241.00
2026-02-03 11:46:06.708,4.56,219.54,READY,2.24,112.79,101.79,0.56,241.00
2026-02-03 11:46:06.853,8.11,123.26,READY,1.47,1.38,116.33,0.73,241.00
2026-02-03 11:46:06.989,8.38,119.27,READY,2.44,0.63,113.55,0.57,241.00
2026-02-03 11:46:07.122,8.55,116.99,READY,5.34,0.59,108.03,0.55,241.00
2026-02-03 11:46:07.252,8.74,114.39,READY,2.27,0.58,108.12,0.58,241.00
2026-02-03 11:46:07.492,4.48,223.40,READY,2.08,114.88,101.89,0.56,241.00
2026-02-03 11:46:07.634,8.27,120.99,READY,1.46,1.38,113.25,0.77,241.00
2026-02-03 11:46:07.772,8.31,120.31,READY,2.04,1.27,112.07,0.52,241.00
2026-02-03 11:46:07.907,8.44,118.42,READY,2.59,0.61,110.62,0.58,241.00
2026-02-03 11:46:08.039,8.68,115.15,READY,2.98,0.61,106.94,1.09,241.00
2026-02-03 11:46:08.277,4.50,222.21,READY,2.53,114.56,100.67,0.55,241.00
2026-02-03 11:46:08.427,7.81,128.11,READY,2.75,1.80,118.55,0.70,241.00
2026-02-03 11:46:08.565,8.30,120.51,READY,2.21,1.13,111.97,0.74,241.00
2026-02-03 11:46:08.695,8.81,113.55,READY,3.73,0.58,105.50,0.58,241.00
2026-02-03 11:46:08.824,8.78,113.95,READY,2.31,0.99,106.57,0.55,241.00
2026-02-03 11:46:09.059,4.57,218.95,READY,2.26,112.19,100.64,0.54,241.00
2026-02-03 11:46:09.204,8.12,123.16,READY,1.54,1.41,116.35,0.59,241.00
2026-02-03 11:46:09.340,8.39,119.15,READY,2.11,0.74,111.95,0.55,241.00
2026-02-03 11:46:09.470,8.82,113.41,READY,2.14,0.51,106.01,0.56,241.00
2026-02-03 11:46:09.601,8.65,115.60,READY,4.91,0.60,107.27,0.56,241.00
2026-02-03 11:46:09.841,4.46,224.00,READY,7.70,112.66,101.00,0.61,241.00
2026-02-03 11:46:09.985,8.13,122.95,READY,1.35,1.59,116.88,0.73,241.00
2026-02-03 11:46:10.119,8.53,117.24,READY,1.87,0.58,112.09,0.55,241.00
2026-02-03 11:46:10.250,8.67,115.29,READY,4.16,0.62,107.91,0.60,241.00
2026-02-03 11:46:10.380,8.84,113.13,READY,2.03,0.58,107.36,1.05,241.00
2026-02-03 11:46:10.616,4.53,220.71,READY,2.10,113.83,101.99,0.63,241.00
2026-02-03 11:46:10.765,7.90,126.60,READY,1.66,1.47,120.33,0.65,241.00
2026-02-03 11:46:10.902,8.39,119.25,READY,2.23,1.17,111.17,0.54,241.00
2026-02-03 11:46:11.033,8.67,115.38,READY,2.08,0.69,109.06,0.56,241.00
2026-02-03 11:46:11.168,8.42,118.78,READY,5.20,0.70,110.31,0.56,241.00
2026-02-03 11:46:11.416,4.31,232.27,READY,2.08,123.67,102.35,0.55,241.00
2026-02-03 11:46:11.561,8.07,123.92,READY,1.80,1.39,116.74,0.73,241.00
2026-02-03 11:46:11.699,8.35,119.79,READY,2.73,1.27,111.24,0.58,241.00
2026-02-03 11:46:11.827,8.85,112.94,READY,2.40,1.21,105.00,0.59,241.00
2026-02-03 11:46:11.958,8.71,114.78,READY,2.27,0.96,107.45,0.59,241.00
2026-02-03 11:46:12.200,4.42,226.17,READY,2.20,120.09,101.01,0.57,241.00
2026-02-03 11:46:12.343,8.22,121.72,READY,1.42,1.63,114.59,0.69,241.00
2026-02-03 11:46:12.480,8.36,119.56,READY,1.98,1.01,113.12,0.68,241.00
2026-02-03 11:46:12.612,8.64,115.78,READY,1.70,0.67,109.35,1.32,241.00
2026-02-03 11:46:12.741,8.88,112.64,READY,2.48,0.46,105.10,0.57,241.00
2026-02-03 11:46:12.975,4.57,218.68,READY,2.20,112.56,101.43,0.55,241.00
2026-02-03 11:46:13.139,7.11,140.61,READY,5.06,1.93,129.02,0.67,241.00
2026-02-03 11:46:13.273,8.55,116.99,READY,2.05,0.95,109.75,0.65,241.00
2026-02-03 11:46:13.404,8.69,115.11,READY,2.28,0.52,108.25,0.67,241.00
2026-02-03 11:46:13.533,8.85,112.98,READY,2.33,0.61,106.68,0.65,241.00
2026-02-03 11:46:13.770,4.54,220.25,READY,2.22,111.75,102.45,0.55,241.00
2026-02-03 11:46:13.915,8.04,124.39,READY,1.38,1.50,116.71,1.55,241.00
2026-02-03 11:46:14.048,8.69,115.06,READY,2.10,0.69,109.09,0.60,241.00
2026-02-03 11:46:14.180,8.60,116.32,READY,2.38,0.98,108.59,0.53,241.00
2026-02-03 11:46:14.316,8.33,119.98,READY,4.66,1.54,109.86,0.55,241.00
2026-02-03 11:46:14.553,4.59,217.96,READY,1.88,110.85,102.42,0.56,241.00
2026-02-03 11:46:14.695,8.28,120.72,READY,1.25,1.44,113.93,0.68,241.00
2026-02-03 11:46:14.828,8.62,115.99,READY,2.34,0.60,108.62,0.56,241.00
2026-02-03 11:46:14.957,8.85,112.97,READY,2.20,0.57,105.67,0.56,241.00
2026-02-03 11:46:15.086,8.85,113.00,READY,2.31,0.51,106.15,0.58,241.00
2026-02-03 11:46:15.324,4.51,221.67,READY,2.44,111.33,104.39,0.56,241.00
2026-02-03 11:46:15.474,7.76,128.88,READY,1.54,1.52,121.81,0.83,240.93
2026-02-03 11:46:15.618,8.32,120.16,READY,2.27,1.49,111.51,0.57,240.93
2026-02-03 11:46:15.750,8.65,115.60,READY,2.07,0.74,107.82,0.61,240.93
2026-02-03 11:46:15.884,8.52,117.39,READY,2.11,0.79,109.85,0.57,240.93
2026-02-03 11:46:16.118,4.59,217.88,READY,2.05,111.61,100.14,0.55,240.93
2026-02-03 11:46:16.259,8.31,120.27,READY,1.26,0.71,115.18,0.74,240.93
2026-02-03 11:46:16.396,8.39,119.25,READY,2.33,0.84,112.48,0.58,241.00
2026-02-03 11:46:16.530,8.47,118.00,READY,5.76,1.41,107.81,0.62,241.00
2026-02-03 11:46:16.659,8.82,113.34,READY,2.08,0.67,107.50,0.54,241.00
2026-02-03 11:46:16.895,4.53,220.54,READY,2.08,114.63,100.74,0.51,241.00
2026-02-03 11:46:17.058,7.15,139.83,READY,3.50,1.62,129.50,0.65,241.00
2026-02-03 11:46:17.193,8.49,117.76,READY,2.26,1.19,109.98,0.58,241.00
2026-02-03 11:46:17.323,8.75,114.30,READY,2.32,0.83,108.48,0.56,241.00
2026-02-03 11:46:17.453,8.79,113.82,READY,2.21,0.79,106.37,0.55,241.00
2026-02-03 11:46:17.686,4.60,217.38,READY,2.29,111.09,100.01,0.58,241.00
2026-02-03 11:46:17.828,8.30,120.46,READY,1.39,1.37,113.72,0.70,241.00
2026-02-03 11:46:17.961,8.67,115.37,READY,2.38,0.63,109.50,0.53,241.00
2026-02-03 11:46:18.089,8.89,112.45,READY,2.18,0.47,105.60,0.57,241.00
2026-02-03 11:46:18.217,8.95,111.70,READY,2.18,0.56,104.96,0.59,241.00
2026-02-03 11:46:18.451,4.58,218.51,READY,2.20,110.79,101.24,0.57,241.00
2026-02-03 11:46:18.598,8.12,123.13,READY,2.89,1.65,115.17,0.73,241.00
2026-02-03 11:46:18.732,8.56,116.84,READY,2.28,0.78,110.62,0.60,241.00
2026-02-03 11:46:18.860,8.91,112.17,READY,2.11,0.70,106.59,0.56,241.00
2026-02-03 11:46:18.989,8.80,113.61,READY,2.45,1.02,105.84,0.62,241.00
2026-02-03 11:46:19.225,4.55,219.57,READY,2.10,115.13,99.56,0.57,241.00
2026-02-03 11:46:19.369,8.14,122.86,READY,1.31,1.22,116.60,0.61,241.00
2026-02-03 11:46:19.503,8.53,117.27,READY,2.22,0.58,110.89,0.56,241.00
2026-02-03 11:46:19.633,8.80,113.63,READY,2.24,0.85,106.20,0.61,241.00
2026-02-03 11:46:19.762,8.89,112.50,READY,2.24,0.62,106.32,1.19,241.00
2026-02-03 11:46:20.002,4.47,223.83,READY,2.15,117.24,100.93,0.54,241.00
2026-02-03 11:46:20.144,8.29,120.60,READY,1.49,1.51,113.54,0.71,241.00
2026-02-03 11:46:20.279,8.44,118.49,READY,2.37,0.68,110.84,0.54,241.00
2026-02-03 11:46:20.413,8.65,115.58,READY,2.13,0.64,108.76,0.56,241.00
2026-02-03 11:46:20.541,8.91,112.23,READY,2.14,0.49,105.51,0.54,241.00
2026-02-03 11:46:20.776,4.56,219.15,READY,2.19,111.98,101.19,0.54,241.00
2026-02-03 11:46:20.920,8.20,121.88,READY,1.46,1.60,115.85,0.69,241.00
2026-02-03 11:46:21.053,8.64,115.80,READY,1.98,0.60,109.41,0.53,241.00
2026-02-03 11:46:21.183,8.77,114.04,READY,2.12,0.57,107.59,0.93,241.00
2026-02-03 11:46:21.314,8.76,114.11,READY,2.41,0.56,106.94,0.66,241.00
2026-02-03 11:46:21.558,4.39,227.79,READY,2.30,118.90,102.31,0.57,241.00
2026-02-03 11:46:21.700,8.24,121.38,READY,1.34,1.31,114.81,0.71,241.00
2026-02-03 11:46:21.836,8.40,119.11,READY,7.09,1.18,107.57,0.52,241.00
2026-02-03 11:46:21.965,8.87,112.78,READY,2.31,0.77,105.67,0.56,241.00
2026-02-03 11:46:22.095,8.73,114.49,READY,2.04,0.76,108.28,0.68,241.00
2026-02-03 11:46:22.335,4.47,223.76,READY,2.40,116.53,100.72,0.56,241.00
2026-02-03 11:46:22.477,8.30,120.50,READY,1.31,1.13,114.25,0.68,241.00
2026-02-03 11:46:22.614,8.72,114.73,READY,3.03,0.59,108.29,0.59,241.00
2026-02-03 11:46:22.742,8.90,112.31,READY,2.46,0.67,105.49,0.60,241.00
2026-02-03 11:46:22.871,8.89,112.45,READY,2.13,0.62,106.37,0.58,241.00
2026-02-03 11:46:23.114,4.41,227.00,READY,2.13,120.54,101.10,0.57,241.00
2026-02-03 11:46:23.266,7.63,131.12,READY,4.46,1.69,121.14,0.67,241.00
2026-02-03 11:46:23.400,8.52,117.37,READY,2.02,1.11,109.87,0.57,241.00
2026-02-03 11:46:23.533,8.55,117.01,READY,2.11,0.54,110.71,0.61,241.00
2026-02-03 11:46:23.668,8.40,119.04,READY,5.08,0.72,110.65,0.56,241.00
2026-02-03 11:46:23.911,4.41,227.00,READY,1.88,115.56,106.52,0.53,241.00
2026-02-03 11:46:24.055,8.16,122.49,READY,1.34,1.40,115.99,0.74,241.00
2026-02-03 11:46:24.190,8.51,117.56,READY,2.31,1.05,110.17,0.57,241.00
2026-02-03 11:46:24.321,8.65,115.59,READY,2.27,1.05,107.94,0.63,241.00
2026-02-03 11:46:24.450,8.84,113.12,READY,2.72,1.01,105.62,0.60,241.00
2026-02-03 11:46:24.684,4.58,218.37,READY,2.33,110.49,101.67,0.61,241.00
2026-02-03 11:46:24.826,8.29,120.61,READY,1.45,1.48,114.25,0.73,241.00
2026-02-03 11:46:24.963,8.35,119.70,READY,2.27,0.69,113.32,0.59,241.00
2026-02-03 11:46:25.096,8.56,116.77,READY,3.55,1.06,108.66,0.57,241.00
2026-02-03 11:46:25.225,8.85,112.98,READY,2.08,1.00,107.13,0.60,241.00
2026-02-03 11:46:25.466,4.44,225.41,READY,1.98,114.16,106.39,0.65,241.00
2026-02-03 11:46:25.612,8.05,124.15,READY,1.37,1.50,116.73,0.70,241.00
2026-02-03 11:46:25.745,8.64,115.73,READY,1.87,0.94,109.24,0.61,241.00
2026-02-03 11:46:25.874,8.80,113.64,READY,2.25,0.73,107.45,0.94,241.00
2026-02-03 11:46:26.003,8.88,112.57,READY,1.38,1.01,103.92,1.08,241.00
2026-02-03 11:46:26.238,4.57,218.91,READY,1.91,112.82,100.94,0.55,241.00
2026-02-03 11:46:26.376,8.44,118.49,READY,1.45,0.67,113.69,0.64,241.00
2026-02-03 11:46:26.511,8.53,117.24,READY,2.37,0.82,110.28,0.56,241.00
2026-02-03 11:46:26.641,8.72,114.71,READY,2.22,0.91,108.22,0.55,241.00
2026-02-03 11:46:26.773,8.62,116.01,READY,5.13,0.62,107.46,0.57,241.00
2026-02-03 11:46:27.012,4.49,222.94,READY,2.32,113.88,102.94,0.74,241.00
2026-02-03 11:46:27.164,8.03,124.60,READY,3.71,1.47,115.11,0.73,241.00
2026-02-03 11:46:27.299,8.64,115.74,READY,1.36,1.27,110.23,0.55,241.00
2026-02-03 11:46:27.432,8.57,116.72,READY,2.51,1.28,108.52,0.58,241.00
2026-02-03 11:46:27.561,8.79,113.74,READY,4.50,0.56,105.54,0.54,241.00
2026-02-03 11:46:27.796,4.56,219.13,READY,2.43,111.60,100.82,0.55,241.00
2026-02-03 11:46:27.941,8.13,123.02,READY,2.39,1.25,115.39,0.66,241.00
2026-02-03 11:46:28.083,8.03,124.49,READY,2.81,1.42,116.79,0.66,241.00
2026-02-03 11:46:28.211,8.89,112.47,READY,2.20,0.69,106.29,0.60,241.00
2026-02-03 11:46:28.341,8.73,114.49,READY,2.26,0.69,108.43,0.55,241.00
2026-02-03 11:46:28.578,4.53,220.52,READY,2.41,113.00,101.23,0.61,241.00
2026-02-03 11:46:28.731,7.69,130.10,READY,3.41,1.70,120.90,0.65,241.00
2026-02-03 11:46:28.865,8.57,116.62,READY,1.93,0.48,110.86,0.56,241.00
2026-02-03 11:46:28.997,8.63,115.88,READY,1.99,0.99,109.95,0.58,241.00
2026-02-03 11:46:29.129,8.62,116.06,READY,2.02,0.62,110.03,0.57,241.00
2026-02-03 11:46:29.365,4.53,220.82,READY,2.05,112.34,103.49,0.54,241.00
2026-02-03 11:46:29.517,7.71,129.62,READY,2.30,1.33,122.03,0.77,241.00
2026-02-03 11:46:29.653,8.41,118.95,READY,2.37,0.79,112.19,0.57,241.00
2026-02-03 11:46:29.785,8.59,116.43,READY,2.06,0.53,109.89,0.55,241.00
2026-02-03 11:46:29.919,8.53,117.28,READY,2.16,0.59,110.71,0.65,241.00
2026-02-03 11:46:30.156,4.51,221.84,READY,2.01,113.80,102.59,0.65,241.00
2026-02-03 11:46:30.301,8.09,123.56,READY,1.60,1.46,116.80,0.72,241.00
2026-02-03 11:46:30.440,8.28,120.84,READY,2.36,0.71,113.93,0.56,241.00
2026-02-03 11:46:30.571,8.67,115.32,READY,1.98,1.19,108.77,0.60,241.00
2026-02-03 11:46:30.703,8.58,116.62,READY,1.99,0.49,111.01,0.55,241.00
2026-02-03 11:46:30.937,4.60,217.20,READY,1.99,111.39,100.66,0.58,241.00
2026-02-03 11:46:31.080,8.23,121.47,READY,1.51,1.63,114.86,0.61,241.00
2026-02-03 11:46:31.215,8.44,118.55,READY,2.33,0.60,112.21,0.57,241.00
2026-02-03 11:46:31.345,8.75,114.34,READY,2.01,1.13,107.87,0.57,241.00
2026-02-03 11:46:31.475,8.82,113.41,READY,2.33,1.18,105.72,0.62,241.00
2026-02-03 11:46:31.710,4.57,218.96,READY,2.40,111.42,101.02,0.57,241.00
2026-02-03 11:46:31.854,8.18,122.30,READY,1.32,1.15,116.69,0.71,241.00
2026-02-03 11:46:31.988,8.55,116.99,READY,2.07,0.60,111.06,0.57,241.00
2026-02-03 11:46:32.117,8.81,113.48,READY,1.99,1.10,106.15,0.57,241.00
2026-02-03 11:46:32.246,8.85,112.95,READY,2.08,0.49,106.29,0.60,241.00
2026-02-03 11:46:32.477,4.64,215.53,READY,2.07,109.86,99.98,0.57,241.00
2026-02-03 11:46:32.618,8.35,119.81,READY,1.32,1.28,113.44,0.67,241.00
2026-02-03 11:46:32.753,8.51,117.45,READY,2.16,0.63,111.44,0.59,241.00
2026-02-03 11:46:32.882,8.86,112.85,READY,2.16,0.70,107.26,0.60,241.00
2026-02-03 11:46:33.010,8.93,112.00,READY,2.06,0.66,105.72,0.57,241.00
2026-02-03 11:46:33.246,4.54,220.37,READY,2.60,111.95,102.29,0.57,241.00
2026-02-03 11:46:33.389,8.23,121.47,READY,1.44,1.39,115.43,0.76,241.00
2026-02-03 11:46:33.525,8.44,118.50,READY,1.95,1.16,112.41,0.60,241.00
2026-02-03 11:46:33.655,8.74,114.35,READY,2.24,0.79,107.25,0.54,241.00
2026-02-03 11:46:33.786,8.64,115.79,READY,2.32,1.00,108.50,0.58,241.00
2026-02-03 11:46:34.026,4.47,223.60,READY,2.26,117.65,99.94,0.56,241.00
2026-02-03 11:46:34.167,8.32,120.16,READY,1.34,1.48,113.15,1.06,241.00
2026-02-03 11:46:34.301,8.51,117.51,READY,2.49,0.74,109.73,0.79,241.00
2026-02-03 11:46:34.432,8.79,113.82,READY,2.32,0.71,107.15,0.56,241.00
2026-02-03 11:46:34.561,8.82,113.32,READY,2.20,1.13,105.66,0.81,241.00
2026-02-03 11:46:34.798,4.53,220.89,READY,1.93,112.64,102.05,0.54,241.00
2026-02-03 11:46:34.941,8.15,122.63,READY,1.71,0.64,117.63,0.62,241.00
2026-02-03 11:46:35.077,8.42,118.73,READY,2.67,1.33,110.48,0.53,241.00
2026-02-03 11:46:35.209,8.64,115.78,READY,2.28,0.66,108.62,0.54,241.00
2026-02-03 11:46:35.339,8.81,113.47,READY,2.43,0.78,106.05,0.61,241.00
2026-02-03 11:46:35.573,4.57,218.59,READY,1.93,111.71,101.46,0.59,241.00
2026-02-03 11:46:35.710,8.29,120.60,READY,2.34,0.86,113.20,0.63,241.00
2026-02-03 11:46:35.844,8.58,116.49,READY,2.28,0.77,110.36,0.58,241.00
2026-02-03 11:46:35.974,8.75,114.29,READY,2.42,0.73,106.77,0.55,241.00
2026-02-03 11:46:36.105,8.65,115.57,READY,2.48,1.23,107.47,0.59,241.00
2026-02-03 11:46:36.342,4.54,220.30,READY,2.33,113.57,100.01,0.58,241.00
2026-02-03 11:46:36.477,8.38,119.38,READY,2.37,0.61,112.63,0.68,241.00
2026-02-03 11:46:36.612,8.45,118.33,READY,4.96,0.72,109.13,0.60,241.00
2026-02-03 11:46:36.741,8.85,113.05,READY,2.27,0.98,105.59,0.54,241.00
2026-02-03 11:46:36.869,8.93,112.04,READY,2.21,0.46,105.30,0.54,241.00
2026-02-03 11:46:37.109,4.46,224.02,READY,2.23,118.79,100.38,0.56,241.00
2026-02-03 11:46:37.249,8.40,119.02,READY,1.34,1.36,112.62,0.73,241.00
2026-02-03 11:46:37.383,8.55,117.01,READY,2.40,1.44,108.42,0.57,241.00
2026-02-03 11:46:37.514,8.72,114.68,READY,2.13,0.67,108.99,0.58,241.00
2026-02-03 11:46:37.642,8.91,112.18,READY,2.18,0.71,105.72,0.61,241.00
2026-02-03 11:46:37.875,4.62,216.49,READY,2.11,110.81,100.49,0.77,241.00
2026-02-03 11:46:38.014,8.44,118.50,READY,1.35,1.23,112.11,0.60,241.00
2026-02-03 11:46:38.148,8.65,115.67,READY,2.03,0.93,108.61,0.59,241.00
2026-02-03 11:46:38.277,8.88,112.57,READY,2.00,0.73,106.48,0.76,241.00
2026-02-03 11:46:38.404,8.98,111.37,READY,2.15,0.58,105.50,0.58,241.00
2026-02-03 11:46:38.640,4.55,219.97,READY,2.18,112.48,101.80,0.53,241.00
2026-02-03 11:46:38.785,8.07,123.94,READY,1.34,1.26,118.31,0.68,241.00
2026-02-03 11:46:38.930,7.93,126.15,READY,2.98,1.29,117.70,1.00,241.00
2026-02-03 11:46:39.067,8.35,119.82,READY,1.97,1.06,112.41,0.56,241.00
2026-02-03 11:46:39.204,8.26,121.10,READY,2.05,1.07,113.78,0.58,241.00
2026-02-03 11:46:39.442,4.53,220.57,READY,5.30,111.78,100.58,0.54,241.00
2026-02-03 11:46:39.577,8.34,119.85,READY,2.22,0.57,113.06,0.70,241.00
2026-02-03 11:46:39.710,8.57,116.69,READY,2.28,0.64,110.78,0.59,241.00
2026-02-03 11:46:39.842,8.70,114.97,READY,1.96,1.35,108.83,0.56,241.00
2026-02-03 11:46:39.969,8.96,111.63,READY,2.23,0.59,105.58,0.54,241.00
2026-02-03 11:46:40.205,4.55,219.98,READY,5.14,110.64,101.71,0.56,241.00
2026-02-03 11:46:40.348,8.20,121.99,READY,1.34,1.47,115.19,0.73,241.00
2026-02-03 11:46:40.488,8.47,118.03,READY,2.21,0.79,111.89,0.58,241.00
2026-02-03 11:46:40.616,8.92,112.11,READY,2.22,0.70,106.55,0.61,241.00
2026-02-03 11:46:40.745,8.85,112.96,READY,1.96,0.90,107.29,0.58,241.00
2026-02-03 11:46:40.982,4.52,221.18,READY,2.01,112.63,103.77,0.60,241.00
2026-02-03 11:46:41.124,8.31,120.37,READY,1.52,1.27,113.73,0.72,241.00
2026-02-03 11:46:41.260,8.37,119.48,READY,2.33,0.67,113.41,0.59,241.00
2026-02-03 11:46:41.389,8.85,112.99,READY,1.99,0.58,107.61,0.56,241.00
2026-02-03 11:46:41.519,8.82,113.42,READY,1.95,0.65,108.00,0.56,241.00
2026-02-03 11:46:41.759,4.45,224.53,READY,2.19,118.51,100.48,0.66,241.00
2026-02-03 11:46:41.905,8.16,122.49,READY,1.37,1.51,114.08,0.69,241.00
2026-02-03 11:46:42.039,8.49,117.85,READY,4.88,1.25,108.81,0.59,241.00
2026-02-03 11:46:42.170,8.71,114.85,READY,2.15,1.11,107.22,0.83,241.00
2026-02-03 11:46:42.301,8.69,115.08,READY,2.06,0.78,107.72,0.55,241.00
2026-02-03 11:46:42.536,4.58,218.43,READY,2.41,111.69,100.44,0.54,241.00
2026-02-03 11:46:42.676,8.35,119.78,READY,1.32,1.30,113.48,0.70,241.00
2026-02-03 11:46:42.813,8.40,119.01,READY,5.51,1.49,108.09,0.59,241.00
2026-02-03 11:46:42.941,8.86,112.82,READY,2.01,0.49,107.17,0.60,241.00
2026-02-03 11:46:43.074,8.59,116.44,READY,5.06,0.65,108.16,0.52,241.00
2026-02-03 11:46:43.311,4.51,221.52,READY,2.45,114.18,102.12,0.56,241.00
2026-02-03 11:46:43.458,8.00,125.01,READY,1.46,1.59,117.85,0.72,241.00
2026-02-03 11:46:43.592,8.51,117.50,READY,2.64,0.74,111.27,0.55,241.00
2026-02-03 11:46:43.726,8.51,117.52,READY,2.29,0.68,111.85,0.57,241.00
2026-02-03 11:46:43.855,8.84,113.15,READY,4.83,0.70,104.79,0.86,241.00
2026-02-03 11:46:44.090,4.57,219.02,READY,2.24,112.04,101.50,0.57,241.00
2026-02-03 11:46:44.233,8.21,121.78,READY,1.37,1.25,115.21,0.69,241.00
2026-02-03 11:46:44.371,8.36,119.59,READY,4.64,1.26,109.40,0.77,241.00
2026-02-03 11:46:44.500,8.84,113.06,READY,2.12,0.59,107.60,0.54,241.00
2026-02-03 11:46:44.631,8.66,115.43,READY,2.37,0.63,109.59,0.65,241.00
2026-02-03 11:46:44.869,4.51,221.62,READY,2.15,113.09,101.94,0.59,241.00
2026-02-03 11:46:45.009,8.39,119.25,READY,1.34,1.35,112.74,0.75,241.00
2026-02-03 11:46:45.144,8.51,117.46,READY,2.13,1.23,111.01,0.59,241.00
2026-02-03 11:46:45.283,8.10,123.43,READY,2.08,0.83,115.95,0.56,241.00
2026-02-03 11:46:45.416,8.56,116.76,READY,2.30,0.65,109.79,0.57,241.00
2026-02-03 11:46:45.664,4.33,231.20,READY,2.12,116.96,107.60,0.61,241.00
2026-02-03 11:46:45.825,7.24,138.11,READY,2.64,2.17,128.07,0.57,241.00
2026-02-03 11:46:45.968,7.95,125.78,READY,2.63,1.23,116.39,0.67,241.00
2026-02-03 11:46:46.115,7.67,130.41,READY,2.35,0.59,122.94,0.61,241.00
2026-02-03 11:46:46.253,8.31,120.40,READY,2.32,0.52,112.52,0.66,241.00
2026-02-03 11:46:46.496,4.40,227.27,READY,2.39,111.76,108.40,0.55,241.00
2026-02-03 11:46:46.647,7.77,128.77,READY,1.56,1.55,121.11,0.69,241.00
2026-02-03 11:46:46.790,8.02,124.69,READY,2.26,0.60,117.70,0.57,241.00
2026-02-03 11:46:46.927,8.25,121.24,READY,2.20,0.98,115.26,0.59,241.00
2026-02-03 11:46:47.068,8.08,123.78,READY,2.40,0.65,115.99,0.56,241.00
2026-02-03 11:46:47.310,4.44,225.45,READY,2.90,115.66,102.67,0.59,241.00
2026-02-03 11:46:47.460,7.85,127.32,READY,1.61,1.54,120.45,0.65,241.00
2026-02-03 11:46:47.604,7.89,126.66,READY,2.42,1.40,117.76,0.66,241.00
2026-02-03 11:46:47.744,8.16,122.60,READY,2.59,1.30,115.04,0.58,241.00
2026-02-03 11:46:47.879,8.44,118.43,READY,2.16,1.02,112.24,0.57,241.00
2026-02-03 11:46:48.119,4.49,222.58,READY,2.26,111.64,103.97,0.72,241.00
2026-02-03 11:46:48.271,7.59,131.68,READY,2.04,0.72,126.01,0.87,241.00
2026-02-03 11:46:48.414,8.24,121.38,READY,1.38,0.71,115.29,0.58,241.00
2026-02-03 11:46:48.547,8.55,116.94,READY,2.31,0.52,108.89,0.71,241.00
2026-02-03 11:46:48.676,8.89,112.44,READY,2.53,0.57,104.94,0.56,241.00
2026-02-03 11:46:48.917,4.44,225.33,READY,2.40,118.04,100.13,0.58,241.00
2026-02-03 11:46:49.062,8.16,122.50,READY,1.35,1.11,115.37,0.68,241.00
2026-02-03 11:46:49.195,8.64,115.80,READY,2.30,0.87,107.99,0.56,241.00
2026-02-03 11:46:49.325,8.77,113.99,READY,2.17,1.05,105.91,0.61,241.00
2026-02-03 11:46:49.457,8.65,115.59,READY,2.06,0.58,109.17,0.63,241.00
2026-02-03 11:46:49.692,4.58,218.48,READY,2.08,112.02,100.40,0.54,241.00
2026-02-03 11:46:49.834,8.22,121.71,READY,1.36,1.25,113.37,2.85,241.00
2026-02-03 11:46:49.971,8.37,119.49,READY,2.32,1.40,110.66,0.55,241.00
2026-02-03 11:46:50.101,8.82,113.37,READY,2.11,1.13,106.20,0.57,241.00
2026-02-03 11:46:50.230,8.82,113.33,READY,2.10,0.47,106.37,0.55,241.00
2026-02-03 11:46:50.465,4.57,218.82,READY,2.32,111.65,101.39,0.56,241.00
2026-02-03 11:46:50.607,8.27,120.94,READY,1.33,1.21,114.21,0.73,241.00
2026-02-03 11:46:50.740,8.63,115.93,READY,2.15,0.60,110.55,0.67,241.00
2026-02-03 11:46:50.870,8.81,113.47,READY,2.42,0.50,106.08,0.55,241.00
2026-02-03 11:46:50.998,8.87,112.68,READY,2.45,0.80,106.07,0.57,241.00
2026-02-03 11:46:51.243,4.36,229.22,READY,2.40,122.44,101.08,0.56,241.00
2026-02-03 11:46:51.392,7.87,127.00,READY,2.50,1.24,119.18,0.72,241.00
2026-02-03 11:46:51.530,8.39,119.25,READY,2.52,1.26,110.52,0.58,241.00
2026-02-03 11:46:51.660,8.76,114.17,READY,2.34,0.69,107.12,0.65,241.00
2026-02-03 11:46:51.791,8.74,114.36,READY,2.30,0.49,107.01,0.59,241.00
2026-02-03 11:46:52.025,4.60,217.56,READY,2.19,110.83,99.80,0.53,241.00
2026-02-03 11:46:52.172,7.95,125.80,READY,1.34,1.08,119.34,0.65,241.00
2026-02-03 11:46:52.307,8.49,117.74,READY,2.44,1.29,108.79,0.85,241.00
2026-02-03 11:46:52.438,8.70,114.99,READY,2.54,0.57,107.30,0.64,241.00
2026-02-03 11:46:52.565,8.95,111.75,READY,2.17,0.55,105.23,0.54,241.00
2026-02-03 11:46:52.802,4.54,220.36,READY,2.21,111.30,102.85,0.61,241.00
2026-02-03 11:46:52.942,8.33,120.00,READY,1.42,0.72,114.61,0.99,241.00
2026-02-03 11:46:53.079,8.40,119.10,READY,2.02,0.74,112.92,0.61,241.00
2026-02-03 11:46:53.208,8.82,113.38,READY,2.06,0.75,106.99,0.55,241.00
2026-02-03 11:46:53.344,8.31,120.34,READY,1.81,0.69,113.58,0.53,241.00
2026-02-03 11:46:53.576,4.63,216.02,READY,1.89,111.08,99.97,0.56,241.00
2026-02-03 11:46:53.717,8.35,119.75,READY,1.37,1.41,113.89,0.72,241.00
2026-02-03 11:46:53.852,8.48,117.89,READY,1.98,1.05,111.79,0.55,241.00
2026-02-03 11:46:53.983,8.98,111.38,READY,1.35,1.13,106.08,0.58,241.00
2026-02-03 11:46:54.111,8.87,112.70,READY,2.18,0.98,105.41,0.53,241.00
2026-02-03 11:46:54.343,4.62,216.35,READY,2.19,109.88,100.19,0.57,241.00
2026-02-03 11:46:54.488,8.10,123.40,READY,3.66,0.67,115.43,0.77,241.00
2026-02-03 11:46:54.621,8.75,114.29,READY,1.79,0.73,109.17,0.56,241.00
2026-02-03 11:46:54.754,8.56,116.82,READY,2.43,0.69,109.55,0.53,241.00
2026-02-03 11:46:54.883,8.79,113.83,READY,2.31,1.02,106.42,0.59,241.00
2026-02-03 11:46:55.122,4.50,222.25,READY,2.34,112.46,103.17,0.53,241.00
2026-02-03 11:46:55.265,8.19,122.17,READY,1.29,2.04,115.12,0.68,241.00
2026-02-03 11:46:55.399,8.64,115.77,READY,1.65,0.58,110.63,0.69,241.00
2026-02-03 11:46:55.530,8.64,115.79,READY,2.13,0.61,109.80,0.62,241.00
2026-02-03 11:46:55.659,8.81,113.48,READY,3.43,0.68,106.66,0.56,241.00
2026-02-03 11:46:55.900,4.45,224.50,READY,1.93,118.03,100.62,0.61,241.00
2026-02-03 11:46:56.051,7.73,129.43,READY,3.25,1.87,120.28,0.78,241.00
2026-02-03 11:46:56.186,8.49,117.75,READY,2.32,0.99,110.33,0.57,241.00
2026-02-03 11:46:56.319,8.52,117.35,READY,2.20,0.74,111.83,0.56,241.00
2026-02-03 11:46:56.452,8.56,116.88,READY,2.10,1.14,109.41,0.56,241.00
2026-02-03 11:46:56.690,4.50,222.10,READY,2.08,112.98,102.55,0.55,241.00
2026-02-03 11:46:56.835,8.07,123.95,READY,1.32,1.46,116.55,0.71,241.00
2026-02-03 11:46:56.969,8.62,115.98,READY,2.37,1.19,107.75,0.58,241.00
2026-02-03 11:46:57.096,8.98,111.31,READY,2.04,0.46,104.75,0.62,241.00
2026-02-03 11:46:57.230,8.48,117.93,READY,2.10,0.79,110.78,0.63,241.00
2026-02-03 11:46:57.465,4.57,218.87,READY,2.32,112.11,101.10,0.57,241.00
2026-02-03 11:46:57.606,8.36,119.57,READY,1.32,1.47,113.13,0.63,241.00
2026-02-03 11:46:57.743,8.35,119.72,READY,7.65,0.75,108.38,0.66,241.00
2026-02-03 11:46:57.874,8.68,115.19,READY,2.08,1.46,107.27,0.69,241.00
2026-02-03 11:46:58.002,8.97,111.46,READY,2.07,0.69,105.24,0.62,241.00
2026-02-03 11:46:58.240,4.51,221.92,READY,5.96,111.10,100.01,0.54,241.00
2026-02-03 11:46:58.385,8.09,123.63,READY,1.72,1.65,116.17,0.72,241.00
2026-02-03 11:46:58.518,8.66,115.52,READY,1.98,1.13,109.67,0.55,241.00
2026-02-03 11:46:58.649,8.66,115.45,READY,1.92,1.05,109.49,0.53,241.00
2026-02-03 11:46:58.785,8.37,119.48,READY,2.09,0.90,113.56,0.55,241.00
2026-02-03 11:46:59.024,4.49,222.95,READY,1.95,114.34,103.69,0.57,241.00
2026-02-03 11:46:59.164,8.36,119.56,READY,1.26,1.02,114.24,0.69,241.00
2026-02-03 11:46:59.298,8.56,116.89,READY,1.88,0.82,111.32,0.56,241.00
2026-02-03 11:46:59.428,8.81,113.54,READY,1.67,0.54,107.89,0.62,241.00
2026-02-03 11:46:59.555,8.93,111.96,READY,1.72,0.77,106.78,0.55,241.00
2026-02-03 11:46:59.790,4.56,219.11,READY,2.22,112.59,99.94,0.64,241.00
2026-02-03 11:46:59.935,8.09,123.57,READY,1.24,1.28,117.80,0.76,241.00
2026-02-03 11:47:00.067,8.67,115.35,READY,2.17,0.53,109.39,0.56,241.00
2026-02-03 11:47:00.197,8.78,113.94,READY,1.94,0.69,108.46,0.56,241.00
2026-02-03 11:47:00.327,8.80,113.65,READY,2.07,0.51,107.24,0.58,241.00
2026-02-03 11:47:00.561,4.58,218.14,READY,2.09,111.94,100.92,0.53,241.00
2026-02-03 11:47:00.702,8.33,120.03,READY,1.37,1.04,114.62,0.67,241.00
2026-02-03 11:47:00.837,8.47,118.12,READY,2.16,0.54,111.23,1.73,241.00
2026-02-03 11:47:00.972,8.38,119.31,READY,2.80,0.69,111.76,0.57,241.00
2026-02-03 11:47:01.102,8.80,113.58,READY,2.41,0.67,106.22,0.55,241.00
2026-02-03 11:47:01.338,4.54,220.03,READY,2.31,114.18,100.15,0.59,241.00
2026-02-03 11:47:01.481,8.17,122.47,READY,1.30,1.56,116.63,0.70,241.00
2026-02-03 11:47:01.617,8.42,118.80,READY,2.25,0.61,112.37,0.55,241.00
2026-02-03 11:47:01.749,8.67,115.32,READY,1.98,0.63,109.83,0.57,241.00
2026-02-03 11:47:01.879,8.75,114.34,READY,1.85,0.59,107.81,0.57,241.00
2026-02-03 11:47:02.114,4.58,218.49,READY,1.94,111.71,100.82,0.59,241.00
2026-02-03 11:47:02.257,8.15,122.65,READY,1.28,1.25,115.28,1.87,241.00
2026-02-03 11:47:02.393,8.44,118.42,READY,2.54,0.76,111.39,0.55,241.00
2026-02-03 11:47:02.523,8.74,114.44,READY,2.28,0.53,107.77,0.55,241.00
2026-02-03 11:47:02.651,8.96,111.60,READY,1.96,0.72,105.93,0.62,241.00
2026-02-03 11:47:02.887,4.55,219.68,READY,1.98,113.19,101.13,0.58,241.00
2026-02-03 11:47:03.031,8.16,122.60,READY,1.28,1.63,116.34,0.73,241.00
2026-02-03 11:47:03.165,8.49,117.72,READY,2.24,0.63,112.05,0.61,241.00
2026-02-03 11:47:03.293,8.92,112.14,READY,1.93,0.46,105.68,0.67,241.00
2026-02-03 11:47:03.422,8.92,112.07,READY,1.84,0.49,105.91,0.56,241.00
2026-02-03 11:47:03.656,4.58,218.24,READY,1.83,111.43,100.90,0.58,241.00
2026-02-03 11:47:03.808,7.72,129.49,READY,3.34,1.55,120.84,0.68,241.00
2026-02-03 11:47:03.943,8.50,117.70,READY,2.49,1.04,110.21,0.58,241.00
2026-02-03 11:47:04.074,8.73,114.61,READY,2.35,1.21,106.89,0.55,241.00
2026-02-03 11:47:04.222,7.57,132.18,READY,3.23,2.94,121.46,0.61,241.00
2026-02-03 11:47:04.460,4.56,219.25,READY,1.33,112.68,102.00,0.55,241.00
2026-02-03 11:47:04.613,7.53,132.78,READY,1.32,1.44,125.94,0.71,241.00
2026-02-03 11:47:04.760,8.11,123.33,READY,1.28,1.26,117.72,0.58,241.00
2026-02-03 11:47:04.904,7.83,127.72,READY,1.99,0.55,121.37,0.68,241.00
2026-02-03 11:47:05.047,8.05,124.22,READY,1.98,0.52,116.81,0.56,241.00
2026-02-03 11:47:05.291,4.39,227.90,READY,1.98,117.85,104.02,0.67,241.00
2026-02-03 11:47:05.447,7.48,133.77,READY,1.54,1.72,126.22,0.77,241.00
2026-02-03 11:47:05.589,8.03,124.49,READY,2.65,1.45,115.98,0.54,241.00
2026-02-03 11:47:05.730,8.04,124.31,READY,2.54,0.94,116.33,0.56,241.00
2026-02-03 11:47:05.863,8.53,117.24,READY,2.20,1.10,109.51,0.62,241.00
2026-02-03 11:47:06.103,4.48,223.28,READY,2.32,112.28,104.43,0.55,241.00
2026-02-03 11:47:06.258,7.52,133.03,READY,2.25,1.74,124.60,0.74,241.00
2026-02-03 11:47:06.402,8.05,124.24,READY,2.29,0.71,117.73,0.56,241.00
2026-02-03 11:47:06.539,8.28,120.81,READY,2.19,0.58,114.59,0.65,241.00
2026-02-03 11:47:06.675,8.44,118.52,READY,2.62,0.51,111.09,0.67,241.00
2026-02-03 11:47:06.915,4.48,223.11,READY,2.13,111.98,104.28,0.58,241.00
2026-02-03 11:47:07.070,7.48,133.64,READY,1.96,1.76,125.81,0.60,241.00
2026-02-03 11:47:07.211,8.14,122.89,READY,2.35,1.36,113.78,0.59,241.00
2026-02-03 11:47:07.351,8.15,122.76,READY,2.27,1.00,115.36,0.73,241.00
2026-02-03 11:47:07.488,8.25,121.17,READY,2.82,0.94,112.31,0.56,241.00
2026-02-03 11:47:07.730,4.44,225.37,READY,2.34,112.12,106.46,0.55,241.00
2026-02-03 11:47:07.876,7.74,129.18,READY,2.36,0.53,121.67,0.66,241.00
2026-02-03 11:47:08.025,7.89,126.80,READY,1.41,1.54,120.13,0.55,241.00
2026-02-03 11:47:08.167,7.96,125.58,READY,2.82,0.88,118.86,0.58,241.00
2026-02-03 11:47:08.300,8.58,116.55,READY,2.47,1.19,109.13,0.64,241.00
2026-02-03 11:47:08.541,4.44,225.13,READY,2.20,115.27,102.94,0.57,241.00
2026-02-03 11:47:08.694,7.62,131.23,READY,2.48,1.45,123.31,0.61,241.00
2026-02-03 11:47:08.839,7.88,126.95,READY,2.24,1.02,119.54,0.61,241.00
2026-02-03 11:47:08.976,8.30,120.48,READY,2.36,0.48,112.80,0.54,241.00
2026-02-03 11:47:09.112,8.41,118.92,READY,2.09,0.65,111.49,0.89,241.00
2026-02-03 11:47:09.355,4.48,223.40,READY,2.10,112.01,105.16,0.54,241.00
2026-02-03 11:47:09.505,7.83,127.71,READY,1.60,1.43,121.24,0.64,241.00
2026-02-03 11:47:09.655,7.62,131.28,READY,2.37,0.53,123.40,0.70,241.00
2026-02-03 11:47:09.792,8.41,118.94,READY,2.51,0.58,111.97,0.53,241.00
2026-02-03 11:47:09.927,8.43,118.58,READY,2.29,0.47,111.32,0.54,241.00
2026-02-03 11:47:10.166,4.50,222.27,READY,2.09,113.28,102.28,0.53,241.00
2026-02-03 11:47:10.315,7.87,127.08,READY,1.67,1.49,120.31,0.74,241.00
2026-02-03 11:47:10.464,7.65,130.69,READY,5.73,0.71,120.48,0.63,241.00
2026-02-03 11:47:10.598,8.48,117.93,READY,2.41,0.56,111.22,0.59,241.00
2026-02-03 11:47:10.726,8.87,112.71,READY,2.45,1.09,105.21,0.62,241.00
2026-02-03 11:47:10.964,4.54,220.27,READY,5.20,109.97,101.80,0.56,241.00
2026-02-03 11:47:11.107,8.23,121.51,READY,1.75,1.30,115.00,0.74,241.00
2026-02-03 11:47:11.244,8.32,120.20,READY,2.23,1.06,112.79,0.54,241.00
2026-02-03 11:47:11.379,8.43,118.63,READY,2.35,0.72,111.35,0.58,241.00
2026-02-03 11:47:11.509,8.94,111.88,READY,2.20,1.00,104.69,0.54,241.00
2026-02-03 11:47:11.742,4.60,217.19,READY,2.23,110.60,100.30,0.59,241.00
2026-02-03 11:47:11.885,8.24,121.31,READY,1.46,1.55,114.71,0.66,241.00
2026-02-03 11:47:12.020,8.48,117.91,READY,1.64,1.41,110.86,0.60,241.00
2026-02-03 11:47:12.150,8.73,114.53,READY,2.23,1.29,107.44,1.33,241.00
2026-02-03 11:47:12.282,8.64,115.72,READY,2.57,1.05,109.02,0.63,241.00
2026-02-03 11:47:12.523,4.43,225.58,READY,2.41,118.79,101.49,0.57,241.00
2026-02-03 11:47:12.673,7.76,128.89,READY,2.43,1.65,120.90,0.63,241.00
2026-02-03 11:47:12.826,7.41,135.04,READY,2.74,0.59,127.84,0.56,241.00
2026-02-03 11:47:12.960,8.51,117.44,READY,2.57,0.59,111.25,0.59,241.00
2026-02-03 11:47:13.092,8.65,115.62,READY,2.04,0.60,110.18,0.57,241.00
2026-02-03 11:47:13.336,4.40,227.42,READY,5.58,115.31,103.24,0.57,241.00
2026-02-03 11:47:13.488,7.66,130.60,READY,1.60,1.61,123.28,0.68,241.00
2026-02-03 11:47:13.625,8.52,117.36,READY,1.45,1.04,109.22,0.71,241.00
2026-02-03 11:47:13.753,8.88,112.61,READY,2.14,0.79,105.71,0.56,241.00
2026-02-03 11:47:13.880,9.03,110.79,READY,2.05,0.48,104.23,0.57,241.00
2026-02-03 11:47:14.119,4.48,223.11,READY,2.08,117.62,99.24,0.62,241.00
2026-02-03 11:47:14.257,8.22,121.70,READY,1.56,1.28,114.39,0.64,241.00
2026-02-03 11:47:14.391,8.52,117.43,READY,5.51,0.62,108.43,0.59,241.00
2026-02-03 11:47:14.520,8.84,113.12,READY,2.18,0.61,106.94,0.56,241.00
2026-02-03 11:47:14.649,8.78,113.85,READY,2.16,0.67,106.55,0.56,241.00
2026-02-03 11:47:14.888,4.49,222.55,READY,5.20,115.25,99.50,0.57,241.00
2026-02-03 11:47:15.029,8.35,119.70,READY,1.35,1.63,113.62,0.77,241.00
2026-02-03 11:47:15.161,8.66,115.50,READY,1.68,1.08,109.16,0.52,241.00
2026-02-03 11:47:15.298,8.27,120.89,READY,4.27,1.52,111.12,0.56,241.00
2026-02-03 11:47:15.425,8.96,111.64,READY,2.43,0.76,104.40,0.56,241.00
2026-02-03 11:47:15.660,4.56,219.23,READY,3.25,111.42,101.53,0.56,241.00
2026-02-03 11:47:15.802,8.33,120.10,READY,1.65,1.35,113.72,0.70,241.00
2026-02-03 11:47:15.937,8.52,117.40,READY,2.14,1.51,109.46,0.57,241.00
2026-02-03 11:47:16.071,8.45,118.39,READY,5.33,0.59,108.15,1.63,241.00
2026-02-03 11:47:16.200,8.91,112.22,READY,2.21,0.53,104.40,0.56,241.00
2026-02-03 11:47:16.435,4.57,218.82,READY,2.07,111.13,101.16,0.57,241.00
2026-02-03 11:47:16.579,8.19,122.14,READY,1.31,1.43,114.51,0.81,241.00
2026-02-03 11:47:16.713,8.55,116.97,READY,2.71,0.71,109.46,0.60,241.00
2026-02-03 11:47:16.844,8.66,115.42,READY,2.44,1.14,108.98,0.54,241.00
2026-02-03 11:47:16.975,8.74,114.42,READY,2.05,0.77,108.68,0.57,241.00
2026-02-03 11:47:17.215,4.46,224.18,READY,2.13,119.23,99.51,0.59,241.00
2026-02-03 11:47:17.356,8.31,120.38,READY,1.39,1.32,113.91,0.60,241.00
2026-02-03 11:47:17.493,8.35,119.72,READY,2.76,0.62,113.15,0.55,241.00
2026-02-03 11:47:17.621,8.95,111.71,READY,2.19,0.59,106.22,0.57,241.00
2026-02-03 11:47:17.749,8.91,112.29,READY,2.22,1.05,104.96,0.61,241.00
2026-02-03 11:47:17.985,4.54,220.40,READY,2.24,112.61,101.64,0.54,241.00
2026-02-03 11:47:18.131,8.04,124.33,READY,1.29,1.34,117.77,0.70,241.00
2026-02-03 11:47:18.269,8.25,121.21,READY,2.56,1.27,112.80,0.56,241.00
2026-02-03 11:47:18.401,8.62,115.97,READY,2.47,1.02,108.54,0.56,241.00
2026-02-03 11:47:18.532,8.70,114.95,READY,2.60,1.14,107.08,0.60,241.00
2026-02-03 11:47:18.767,4.57,218.91,READY,2.62,110.99,100.35,1.29,241.00
2026-02-03 11:47:18.909,8.28,120.72,READY,1.60,1.45,113.91,0.71,241.00
2026-02-03 11:47:19.044,8.47,118.04,READY,2.21,0.67,112.34,0.52,241.00
2026-02-03 11:47:19.174,8.80,113.70,READY,2.16,0.55,107.69,0.54,241.00
2026-02-03 11:47:19.301,8.96,111.56,READY,1.95,0.99,104.57,0.53,241.00
2026-02-03 11:47:19.539,4.50,222.40,READY,2.23,111.18,104.63,0.53,241.00
2026-02-03 11:47:19.682,8.16,122.47,READY,1.46,1.78,116.37,0.72,241.00
2026-02-03 11:47:19.818,8.46,118.26,READY,1.68,0.48,109.89,0.57,241.00
2026-02-03 11:47:19.950,8.59,116.45,READY,2.35,1.04,108.90,0.59,241.00
2026-02-03 11:47:20.083,8.59,116.47,READY,2.50,0.94,108.39,0.58,241.00
2026-02-03 11:47:20.315,4.61,217.00,READY,2.19,112.19,99.68,0.57,241.00
2026-02-03 11:47:20.458,8.21,121.84,READY,1.32,1.39,114.76,0.73,241.00
2026-02-03 11:47:20.592,8.57,116.72,READY,2.13,0.83,110.21,0.56,241.00
2026-02-03 11:47:20.724,8.67,115.35,READY,2.22,0.99,107.69,0.59,241.00
2026-02-03 11:47:20.851,8.94,111.85,READY,2.38,1.08,105.53,0.61,241.00
2026-02-03 11:47:21.089,4.55,219.59,READY,2.15,111.29,101.78,0.59,240.93
2026-02-03 11:47:21.250,7.16,139.75,READY,1.34,1.45,133.15,0.58,241.00
2026-02-03 11:47:21.400,7.57,132.12,READY,2.62,1.83,123.51,0.53,241.00
2026-02-03 11:47:21.536,8.85,112.95,READY,2.53,0.77,106.92,0.58,241.00
2026-02-03 11:47:21.670,8.47,118.01,READY,2.10,1.08,111.87,0.58,241.00
2026-02-03 11:47:21.906,4.55,219.75,READY,2.27,113.73,100.94,0.67,241.00
2026-02-03 11:47:22.051,8.12,123.14,READY,2.48,1.38,115.58,0.73,241.00
2026-02-03 11:47:22.185,8.53,117.27,READY,2.29,0.62,111.46,0.53,241.00
2026-02-03 11:47:22.320,8.42,118.72,READY,2.29,0.65,111.13,0.51,241.00
2026-02-03 11:47:22.454,8.71,114.87,READY,2.06,0.58,108.94,0.53,241.00
2026-02-03 11:47:22.693,4.49,222.93,READY,2.22,116.70,100.25,0.51,241.00
2026-02-03 11:47:22.839,7.99,125.21,READY,1.50,0.80,120.34,0.60,241.00
2026-02-03 11:47:22.986,7.91,126.38,READY,1.49,1.09,120.50,0.53,241.00
2026-02-03 11:47:23.126,8.06,124.12,READY,3.72,0.78,115.79,0.61,241.00
2026-02-03 11:47:23.254,8.95,111.79,READY,2.49,0.73,105.08,0.54,241.00
2026-02-03 11:47:23.588,3.14,318.73,READY,2.38,213.06,99.84,0.55,241.00
2026-02-03 11:47:23.761,6.59,151.72,READY,1.34,1.41,145.08,0.68,241.00
2026-02-03 11:47:23.896,8.48,117.94,READY,2.07,1.05,110.47,0.53,241.00
2026-02-03 11:47:24.028,8.72,114.71,READY,2.42,0.51,107.32,0.55,241.00
2026-02-03 11:47:24.158,8.79,113.71,READY,1.89,0.91,106.12,0.65,241.00
2026-02-03 11:47:24.395,4.51,221.63,READY,2.20,113.74,101.68,0.62,241.00
2026-02-03 11:47:24.552,7.48,133.69,READY,5.69,1.85,122.28,0.69,241.00
2026-02-03 11:47:24.691,8.63,115.87,READY,2.41,0.68,109.37,0.62,241.00
2026-02-03 11:47:24.819,8.94,111.90,READY,1.99,0.53,106.33,0.56,241.00
2026-02-03 11:47:24.948,8.84,113.17,READY,1.98,0.59,107.13,0.55,241.00
2026-02-03 11:47:25.285,3.12,320.53,READY,2.04,215.71,99.90,0.57,241.00
2026-02-03 11:47:25.428,8.21,121.86,READY,1.47,1.33,115.21,0.65,241.00
2026-02-03 11:47:25.562,8.57,116.75,READY,1.67,0.54,110.54,0.56,241.00
2026-02-03 11:47:25.692,8.74,114.46,READY,2.63,1.30,107.10,0.60,241.00
2026-02-03 11:47:25.822,8.79,113.78,READY,1.94,0.61,107.84,0.53,241.00
2026-02-03 11:47:26.059,4.50,222.00,READY,2.07,114.71,101.40,0.57,241.00
2026-02-03 11:47:26.214,7.46,134.07,READY,1.46,1.31,127.22,1.23,241.00
2026-02-03 11:47:26.346,8.68,115.14,READY,2.00,1.08,107.79,0.65,241.00
2026-02-03 11:47:26.476,8.77,114.02,READY,2.44,0.72,108.18,0.57,241.00
2026-02-03 11:47:26.605,8.83,113.29,READY,3.59,0.62,105.45,0.56,241.00
2026-02-03 11:47:26.842,4.54,220.17,READY,5.67,111.76,99.98,0.57,241.00
2026-02-03 11:47:26.976,8.46,118.23,READY,1.95,0.50,111.88,0.64,241.00
2026-02-03 11:47:27.113,8.50,117.68,READY,2.12,0.62,111.82,0.54,241.00
2026-02-03 11:47:27.247,8.48,117.98,READY,1.71,0.56,109.21,0.59,241.00
2026-02-03 11:47:27.377,8.95,111.79,READY,2.52,0.53,104.24,0.58,241.00
2026-02-03 11:47:27.611,4.60,217.52,READY,2.42,111.04,99.53,0.68,241.00
2026-02-03 11:47:27.758,7.95,125.84,READY,1.87,1.50,118.55,0.64,241.00
2026-02-03 11:47:27.893,8.52,117.39,READY,2.39,0.48,109.19,0.56,241.00
2026-02-03 11:47:28.021,8.91,112.20,READY,2.28,0.50,105.09,0.54,241.00
2026-02-03 11:47:28.151,8.80,113.64,READY,2.35,0.69,106.45,0.55,241.00
2026-02-03 11:47:28.385,4.58,218.38,READY,2.19,111.19,100.54,0.55,241.00
2026-02-03 11:47:28.526,8.36,119.56,READY,1.26,0.60,114.90,0.69,241.00
2026-02-03 11:47:28.664,8.30,120.48,READY,2.66,1.38,111.54,0.54,241.00
2026-02-03 11:47:28.795,8.97,111.45,READY,1.40,0.75,105.82,0.91,241.00
2026-02-03 11:47:28.925,8.72,114.63,READY,3.94,1.03,106.22,0.56,241.00
2026-02-03 11:47:29.163,4.54,220.14,READY,1.32,114.31,101.49,0.55,241.00
2026-02-03 11:47:29.308,8.16,122.48,READY,1.58,1.48,115.54,0.66,241.00
2026-02-03 11:47:29.453,7.97,125.53,READY,1.56,1.15,118.44,0.57,241.00
2026-02-03 11:47:29.583,8.80,113.58,READY,2.32,0.66,105.70,0.55,241.00
2026-02-03 11:47:29.716,8.64,115.69,READY,1.98,0.96,107.34,0.57,241.00
2026-02-03 11:47:29.951,4.57,219.05,READY,1.81,112.70,100.46,0.53,241.00
2026-02-03 11:47:30.093,8.26,121.06,READY,1.27,1.52,114.40,0.74,241.00
2026-02-03 11:47:30.229,8.45,118.29,READY,2.90,1.28,109.77,0.55,241.00
2026-02-03 11:47:30.360,8.70,114.98,READY,1.92,0.52,108.38,0.56,241.00
2026-02-03 11:47:30.489,8.83,113.19,READY,2.02,1.00,105.94,0.55,241.00
2026-02-03 11:47:30.723,4.58,218.52,READY,1.97,112.86,100.40,0.54,241.50
2026-02-03 11:47:30.859,8.67,115.35,READY,1.78,2.04,108.49,0.67,241.50
2026-02-03 11:47:31.003,7.90,126.64,READY,2.19,0.85,119.64,0.53,241.50
2026-02-03 11:47:31.131,8.92,112.13,READY,2.05,0.71,106.65,0.55,241.50
2026-02-03 11:47:31.261,8.81,113.55,READY,2.09,0.71,108.04,0.56,241.50
2026-02-03 11:47:31.498,4.52,221.41,READY,6.12,111.82,100.38,0.61,241.50
2026-02-03 11:47:31.651,7.61,131.43,READY,1.31,1.22,124.87,0.61,241.50
2026-02-03 11:47:31.791,8.58,116.57,READY,2.41,0.77,110.81,0.71,241.50
2026-02-03 11:47:31.922,8.64,115.76,READY,2.48,0.92,107.89,0.57,241.50
2026-02-03 11:47:32.051,8.88,112.56,READY,2.27,0.70,106.21,0.59,241.50
2026-02-03 11:47:32.287,4.54,220.32,READY,2.27,113.00,100.75,0.59,241.50
2026-02-03 11:47:32.435,7.89,126.80,READY,1.89,1.65,119.48,0.73,241.50
2026-02-03 11:47:32.571,8.41,118.84,READY,2.39,0.72,113.08,0.55,241.50
2026-02-03 11:47:32.706,8.64,115.68,READY,2.12,1.50,108.66,0.58,241.50
2026-02-03 11:47:32.837,8.68,115.17,READY,2.50,1.21,107.25,0.58,241.50
2026-02-03 11:47:33.081,4.39,227.67,READY,3.79,117.69,102.56,0.58,241.50
2026-02-03 11:47:33.236,7.43,134.51,READY,1.36,1.42,127.88,0.67,241.50
2026-02-03 11:47:33.372,8.77,113.99,READY,1.87,0.66,108.94,0.60,241.50
2026-02-03 11:47:33.506,8.70,114.88,READY,1.39,1.14,109.38,0.56,241.50
2026-02-03 11:47:33.634,8.91,112.18,READY,2.24,0.93,104.88,0.60,241.50
2026-02-03 11:47:33.875,4.47,223.83,READY,1.32,113.75,101.94,0.57,241.50
2026-02-03 11:47:34.014,8.11,123.31,READY,2.01,1.02,115.56,0.76,241.50
2026-02-03 11:47:34.148,8.75,114.23,READY,1.46,0.66,108.77,0.56,241.50
2026-02-03 11:47:34.279,8.71,114.75,READY,2.40,0.82,107.34,0.64,241.50
2026-02-03 11:47:34.411,8.62,115.97,READY,2.40,1.08,108.25,0.69,241.50
2026-02-03 11:47:34.648,4.52,221.24,READY,2.05,114.28,101.65,0.56,241.50
2026-02-03 11:47:34.792,8.15,122.64,READY,1.45,1.38,114.86,0.70,241.50
2026-02-03 11:47:34.927,8.48,117.98,READY,2.49,0.60,111.56,0.63,241.50
2026-02-03 11:47:35.059,8.63,115.85,READY,1.99,0.56,109.39,0.56,241.50
2026-02-03 11:47:35.191,8.62,116.07,READY,2.02,0.76,109.91,0.56,241.50
2026-02-03 11:47:35.428,4.53,220.82,READY,1.92,114.23,100.54,0.61,241.50
2026-02-03 11:47:35.571,8.20,121.94,READY,1.52,1.55,114.77,0.65,241.50
2026-02-03 11:47:35.708,8.45,118.37,READY,2.33,0.77,110.86,0.58,241.50
2026-02-03 11:47:35.838,8.73,114.55,READY,1.97,0.95,106.93,0.62,241.50
2026-02-03 11:47:35.968,8.82,113.44,READY,1.79,0.68,107.45,0.58,241.50
2026-02-03 11:47:36.209,4.46,224.36,READY,1.97,117.26,101.22,0.53,241.50
2026-02-03 11:47:36.347,8.57,116.70,READY,1.36,0.55,111.78,0.67,241.50
2026-02-03 11:47:36.481,8.55,117.00,READY,1.94,0.59,110.43,0.53,241.50
2026-02-03 11:47:36.611,8.80,113.67,READY,2.37,0.62,107.85,0.56,241.50
2026-02-03 11:47:36.740,8.80,113.66,READY,2.12,0.62,108.19,0.57,241.50
2026-02-03 11:47:36.982,4.43,225.67,READY,2.31,115.28,101.49,0.53,241.50
2026-02-03 11:47:37.125,8.23,121.56,READY,1.56,1.73,114.71,1.11,241.50
2026-02-03 11:47:37.262,8.36,119.57,READY,2.55,1.31,112.16,0.62,241.50
2026-02-03 11:47:37.402,8.05,124.24,READY,5.00,0.62,115.71,0.60,241.50
2026-02-03 11:47:37.531,8.82,113.38,READY,2.43,1.06,106.81,0.55,241.50
2026-02-03 11:47:37.777,4.35,229.98,READY,1.97,121.26,102.76,0.57,241.50
2026-02-03 11:47:37.928,7.64,130.86,READY,3.03,0.72,124.42,0.69,241.50
2026-02-03 11:47:38.064,8.45,118.41,READY,2.84,1.28,109.09,0.66,241.50
2026-02-03 11:47:38.197,8.54,117.05,READY,2.56,0.52,109.53,0.56,241.50
2026-02-03 11:47:38.326,8.85,113.04,READY,2.26,1.24,106.57,0.59,241.50
2026-02-03 11:47:38.566,4.45,224.93,READY,2.26,114.15,105.61,0.61,241.50
2026-02-03 11:47:38.724,7.25,137.92,READY,2.11,0.87,131.98,0.71,241.50
2026-02-03 11:47:38.863,8.37,119.43,READY,3.52,0.66,110.65,0.55,241.50
2026-02-03 11:47:38.993,8.79,113.80,READY,2.14,0.72,107.81,0.54,241.50
2026-02-03 11:47:39.121,8.86,112.84,READY,1.91,1.24,106.28,0.54,241.50
2026-02-03 11:47:39.362,4.45,224.67,READY,2.07,117.46,100.89,0.54,241.50
2026-02-03 11:47:39.503,8.34,119.90,READY,1.40,1.26,112.76,0.71,241.50
2026-02-03 11:47:39.638,8.55,117.01,READY,2.73,1.44,107.63,0.56,241.50
2026-02-03 11:47:39.767,8.89,112.46,READY,2.01,0.57,106.24,0.68,241.50
2026-02-03 11:47:39.895,8.87,112.78,READY,2.13,0.62,106.81,0.59,241.50
2026-02-03 11:47:40.129,4.59,217.86,READY,2.00,111.80,99.87,0.54,241.50
2026-02-03 11:47:40.270,8.33,120.03,READY,1.32,1.48,113.82,0.72,241.50
2026-02-03 11:47:40.405,8.52,117.31,READY,2.27,0.91,110.45,0.54,241.50
2026-02-03 11:47:40.536,8.72,114.67,READY,2.19,1.12,107.85,0.91,241.50
2026-02-03 11:47:40.664,8.89,112.50,READY,2.06,1.21,105.55,0.57,241.50
2026-02-03 11:47:40.901,4.54,220.41,READY,2.28,113.59,101.32,0.56,241.50
2026-02-03 11:47:41.045,8.11,123.28,READY,1.33,1.10,116.95,0.75,241.50
2026-02-03 11:47:41.180,8.54,117.06,READY,2.39,0.69,110.61,0.56,241.50
2026-02-03 11:47:41.308,8.87,112.80,READY,2.03,1.04,105.48,0.55,241.50
2026-02-03 11:47:41.437,8.83,113.30,READY,2.34,0.90,105.90,0.56,241.50
2026-02-03 11:47:41.686,4.29,233.11,READY,3.22,125.92,101.07,0.59,241.50
2026-02-03 11:47:41.830,8.20,121.96,READY,1.35,1.33,115.21,0.62,241.50
2026-02-03 11:47:41.966,8.40,119.12,READY,2.37,1.20,111.09,0.56,241.50
2026-02-03 11:47:42.097,8.69,115.04,READY,2.14,0.96,107.49,0.52,241.50
2026-02-03 11:47:42.226,8.88,112.60,READY,2.50,0.93,105.00,0.53,241.50
2026-02-03 11:47:42.465,4.51,221.56,READY,2.87,116.55,99.60,0.55,241.50
2026-02-03 11:47:42.607,8.30,120.48,READY,1.34,1.35,113.91,0.70,241.50
2026-02-03 11:47:42.743,8.45,118.36,READY,2.16,0.63,112.35,0.73,241.50
2026-02-03 11:47:42.871,8.86,112.81,READY,2.14,0.59,106.73,0.61,241.50
2026-02-03 11:47:42.999,8.91,112.19,READY,2.03,0.59,106.79,0.58,241.50
2026-02-03 11:47:43.238,4.48,222.99,READY,2.04,115.87,100.99,0.63,241.50
2026-02-03 11:47:43.379,8.44,118.44,READY,1.26,0.63,113.63,0.65,241.50
2026-02-03 11:47:43.514,8.44,118.53,READY,2.37,0.94,110.75,0.60,241.50
2026-02-03 11:47:43.645,8.75,114.29,READY,2.00,0.84,107.76,0.57,241.50
2026-02-03 11:47:43.772,8.96,111.65,READY,1.99,0.72,104.88,0.60,241.50
2026-02-03 11:47:44.009,4.53,220.88,READY,2.04,113.03,101.90,0.57,241.50
2026-02-03 11:47:44.164,7.53,132.87,READY,2.38,3.33,122.80,1.41,241.50
2026-02-03 11:47:44.309,7.85,127.45,READY,2.44,1.50,118.93,0.54,241.50
2026-02-03 11:47:44.455,7.76,128.91,READY,2.86,0.80,121.20,0.59,241.50
2026-02-03 11:47:44.591,8.34,119.93,READY,2.32,0.66,112.51,0.57,241.50
2026-02-03 11:47:44.837,4.36,229.35,READY,2.72,117.47,104.46,1.07,241.50
2026-02-03 11:47:44.984,7.71,129.76,READY,2.74,0.62,121.08,0.72,241.50
2026-02-03 11:47:45.118,8.53,117.29,READY,2.27,0.58,109.78,0.65,241.50
2026-02-03 11:47:45.248,8.79,113.73,READY,2.20,0.74,107.29,0.55,241.50
2026-02-03 11:47:45.377,8.84,113.06,READY,2.24,1.02,105.51,0.58,241.50
2026-02-03 11:47:45.610,4.60,217.23,READY,1.80,110.84,100.91,0.55,241.50
2026-02-03 11:47:45.750,8.37,119.44,READY,1.27,1.22,113.97,0.71,241.50
2026-02-03 11:47:45.895,8.04,124.34,READY,3.04,0.68,117.25,0.85,241.50
2026-02-03 11:47:46.026,8.67,115.38,READY,2.17,0.59,109.24,0.61,241.50
2026-02-03 11:47:46.157,8.69,115.09,READY,2.17,0.57,108.71,0.58,241.50
2026-02-03 11:47:46.392,4.56,219.06,READY,2.29,113.42,100.60,0.57,241.50
2026-02-03 11:47:46.536,8.17,122.44,READY,1.60,1.62,115.68,0.66,241.50
2026-02-03 11:47:46.672,8.37,119.50,READY,2.36,0.78,112.86,1.09,241.50
2026-02-03 11:47:46.803,8.67,115.29,READY,2.40,0.64,109.45,0.57,241.50
2026-02-03 11:47:46.932,8.88,112.57,READY,2.28,0.68,106.94,0.55,241.50
2026-02-03 11:47:47.176,4.38,228.25,READY,2.35,122.84,100.15,0.56,241.50
2026-02-03 11:47:47.322,8.06,124.00,READY,1.56,1.44,117.23,0.69,241.50
2026-02-03 11:47:47.456,8.57,116.74,READY,2.34,0.91,110.34,0.57,241.50
2026-02-03 11:47:47.587,8.68,115.19,READY,2.26,0.68,108.88,0.58,241.50
2026-02-03 11:47:47.718,8.68,115.21,READY,2.17,0.58,109.68,0.57,241.50
2026-02-03 11:47:47.961,4.40,227.48,READY,4.86,116.84,103.04,0.56,241.50
2026-02-03 11:47:48.101,8.37,119.45,READY,1.28,0.72,113.94,0.65,241.50
2026-02-03 11:47:48.237,8.45,118.27,READY,2.42,1.15,110.83,0.59,241.50
2026-02-03 11:47:48.372,8.49,117.81,READY,4.03,0.81,109.09,0.56,241.50
2026-02-03 11:47:48.501,8.79,113.76,READY,2.14,1.13,106.42,0.59,241.50
2026-02-03 11:47:48.737,4.56,219.27,READY,2.37,111.67,101.17,0.58,241.50
2026-02-03 11:47:48.882,8.08,123.77,READY,1.60,1.19,115.71,0.67,241.50
2026-02-03 11:47:49.019,8.36,119.66,READY,1.86,1.44,112.49,0.57,241.50
2026-02-03 11:47:49.151,8.59,116.44,READY,1.85,0.47,110.46,0.59,241.50
2026-02-03 11:47:49.285,8.59,116.45,READY,3.08,0.61,106.61,0.68,241.50
2026-02-03 11:47:49.521,4.55,219.57,READY,2.31,111.79,101.85,0.58,241.50
2026-02-03 11:47:49.663,8.28,120.72,READY,1.27,0.72,115.69,0.97,241.50
2026-02-03 11:47:49.800,8.33,120.08,READY,2.52,1.06,112.67,0.56,241.50
2026-02-03 11:47:49.931,8.70,114.93,READY,2.28,0.63,107.95,0.56,241.50
2026-02-03 11:47:50.064,8.58,116.61,READY,2.38,0.91,108.45,0.55,241.50
2026-02-03 11:47:50.308,4.41,226.78,READY,2.21,119.23,102.49,0.57,241.50
2026-02-03 11:47:50.451,8.20,121.99,READY,1.50,1.45,115.43,0.68,241.50
2026-02-03 11:47:50.590,8.22,121.73,READY,2.40,0.62,112.19,2.59,241.50
2026-02-03 11:47:50.721,8.74,114.40,READY,2.11,0.58,108.86,0.63,241.50
2026-02-03 11:47:50.855,8.50,117.59,READY,2.18,1.26,111.30,0.72,241.50
2026-02-03 11:47:51.095,4.45,224.61,READY,2.14,112.02,106.83,0.60,241.50
2026-02-03 11:47:51.242,8.06,124.05,READY,1.33,1.96,115.84,0.74,241.50
2026-02-03 11:47:51.379,8.70,114.93,READY,1.54,0.66,109.34,0.52,241.50
2026-02-03 11:47:51.515,8.33,120.03,READY,2.49,0.53,112.52,0.54,241.50
2026-02-03 11:47:51.646,8.73,114.53,READY,3.21,0.70,108.09,0.53,241.50
2026-02-03 11:47:51.881,4.56,219.44,READY,2.24,112.91,101.69,0.53,241.50
2026-02-03 11:47:52.024,8.21,121.75,READY,1.54,1.21,115.30,0.58,241.50
2026-02-03 11:47:52.158,8.57,116.74,READY,2.48,0.68,109.68,0.64,241.50
2026-02-03 11:47:52.287,8.86,112.90,READY,1.95,0.78,105.97,0.54,241.50
2026-02-03 11:47:52.415,8.91,112.21,READY,1.98,1.01,104.83,0.59,241.50
2026-02-03 11:47:52.652,4.53,220.62,READY,4.05,111.53,100.75,0.54,241.50
2026-02-03 11:47:52.801,7.82,127.85,READY,2.48,1.34,120.14,0.73,241.50
2026-02-03 11:47:52.938,8.60,116.34,READY,2.12,0.77,110.98,0.63,241.50
2026-02-03 11:47:53.071,8.63,115.89,READY,2.45,1.04,107.73,0.60,241.50
2026-02-03 11:47:53.201,8.69,115.06,READY,1.99,0.71,109.12,0.62,241.50
2026-02-03 11:47:53.437,4.55,219.60,READY,2.04,113.63,100.96,0.56,241.50
2026-02-03 11:47:53.585,7.81,128.00,READY,2.07,0.61,122.44,0.69,241.50
2026-02-03 11:47:53.723,8.30,120.51,READY,2.69,1.27,110.89,0.54,241.50
2026-02-03 11:47:53.854,8.68,115.17,READY,2.17,0.63,109.11,0.57,241.50
2026-02-03 11:47:53.983,8.82,113.39,READY,1.87,0.50,107.33,0.53,241.50
2026-02-03 11:47:54.219,4.56,219.50,READY,2.02,112.44,100.72,0.58,241.50
2026-02-03 11:47:54.360,8.17,122.41,READY,1.96,0.67,116.44,0.64,241.50
2026-02-03 11:47:54.499,8.28,120.76,READY,1.79,0.80,113.94,0.96,241.50
2026-02-03 11:47:54.629,8.76,114.10,READY,2.13,1.02,106.55,0.55,241.50
2026-02-03 11:47:54.759,8.78,113.87,READY,2.17,0.48,107.17,0.57,241.50
2026-02-03 11:47:54.995,4.53,220.69,READY,2.15,113.26,102.12,0.63,241.50
2026-02-03 11:47:55.137,8.30,120.53,READY,1.41,1.56,114.53,0.68,241.50
2026-02-03 11:47:55.272,8.51,117.52,READY,2.11,0.70,111.07,0.54,241.50
2026-02-03 11:47:55.401,8.81,113.53,READY,2.08,1.11,105.96,0.55,241.50
2026-02-03 11:47:55.529,8.97,111.47,READY,2.09,0.47,104.92,0.55,241.50
2026-02-03 11:47:55.762,4.59,217.91,READY,2.21,111.50,99.97,0.60,241.50
2026-02-03 11:47:55.910,7.95,125.73,READY,1.62,0.66,120.74,0.73,241.50
2026-02-03 11:47:56.045,8.52,117.43,READY,1.94,0.93,109.62,0.58,241.50
2026-02-03 11:47:56.174,8.85,113.06,READY,2.20,0.81,106.60,0.57,241.50
2026-02-03 11:47:56.305,8.69,115.04,READY,2.50,0.70,108.32,0.54,241.50
2026-02-03 11:47:56.540,4.56,219.34,READY,1.92,113.03,101.49,0.57,241.50
2026-02-03 11:47:56.681,8.34,119.89,READY,1.34,1.36,114.04,0.73,241.50
2026-02-03 11:47:56.813,8.74,114.46,READY,2.07,0.77,108.24,0.57,241.50
2026-02-03 11:47:56.944,8.67,115.37,READY,5.57,0.60,106.34,0.68,241.50
2026-02-03 11:47:57.078,8.79,113.82,READY,5.13,0.66,105.18,0.57,241.50
2026-02-03 11:47:57.311,4.60,217.54,READY,2.06,111.82,100.91,0.57,241.50
2026-02-03 11:47:57.454,8.18,122.22,READY,1.32,1.45,115.22,0.84,241.50
2026-02-03 11:47:57.590,8.49,117.81,READY,6.13,0.75,108.30,0.60,241.50
2026-02-03 11:47:57.719,8.86,112.85,READY,2.70,0.69,106.51,0.66,241.50
2026-02-03 11:47:57.847,8.94,111.80,READY,2.16,0.69,106.16,0.58,241.50
2026-02-03 11:47:58.078,4.63,215.80,READY,2.22,110.52,100.32,0.61,241.50
2026-02-03 11:47:58.228,7.78,128.59,READY,1.33,1.26,121.92,0.70,241.50
2026-02-03 11:47:58.364,8.70,114.96,READY,2.20,0.59,109.41,0.56,241.50
2026-02-03 11:47:58.493,8.88,112.60,READY,2.26,0.61,107.01,0.56,241.50
2026-02-03 11:47:58.621,8.88,112.59,READY,2.09,0.61,107.27,0.59,241.50
2026-02-03 11:47:58.856,4.56,219.17,READY,2.11,112.30,102.08,0.53,241.50
2026-02-03 11:47:59.000,8.18,122.21,READY,1.40,1.36,115.64,0.73,241.50
2026-02-03 11:47:59.138,8.27,120.98,READY,5.38,1.00,111.83,0.53,241.50
2026-02-03 11:47:59.269,8.69,115.09,READY,2.19,1.04,107.82,0.53,241.50
2026-02-03 11:47:59.400,8.81,113.46,READY,2.20,0.64,106.60,0.91,241.50
2026-02-03 11:47:59.636,4.55,219.89,READY,2.32,113.14,100.51,0.55,241.50
2026-02-03 11:47:59.780,8.12,123.08,READY,1.30,1.49,116.45,1.10,241.50
2026-02-03 11:47:59.920,8.15,122.69,READY,7.23,0.60,110.48,0.58,241.50
2026-02-03 11:48:00.049,8.92,112.10,READY,1.85,0.49,106.10,0.53,241.50
2026-02-03 11:48:00.177,8.87,112.74,READY,2.36,0.60,107.05,0.54,241.50
2026-02-03 11:48:00.416,4.49,222.69,READY,5.34,114.04,100.66,0.56,241.50
2026-02-03 11:48:00.560,8.12,123.12,READY,2.57,1.42,114.97,0.59,241.50
2026-02-03 11:48:00.696,8.60,116.33,READY,1.36,1.14,109.89,0.90,241.50
2026-02-03 11:48:00.825,8.81,113.51,READY,2.30,1.11,106.39,0.82,241.50
2026-02-03 11:48:00.957,8.60,116.21,READY,2.35,1.10,108.84,0.58,241.50
2026-02-03 11:48:01.191,4.59,218.05,READY,2.34,111.53,100.65,0.57,241.50
2026-02-03 11:48:01.327,8.37,119.54,READY,2.17,0.98,112.01,0.89,241.50
2026-02-03 11:48:01.460,8.58,116.52,READY,2.53,0.73,108.57,0.52,241.50
2026-02-03 11:48:01.590,8.81,113.46,READY,2.36,0.98,105.98,0.56,241.50
2026-02-03 11:48:01.718,8.89,112.45,READY,2.36,0.72,105.21,0.55,241.50
2026-02-03 11:48:01.951,4.61,217.14,READY,2.28,109.89,100.61,0.59,241.50
2026-02-03 11:48:02.089,8.34,119.88,READY,2.36,0.71,112.40,0.69,241.50
2026-02-03 11:48:02.222,8.58,116.54,READY,2.43,0.78,109.01,0.59,241.50
2026-02-03 11:48:02.351,8.87,112.77,READY,2.30,0.71,106.19,0.60,241.50
2026-02-03 11:48:02.479,8.94,111.83,READY,2.07,1.11,104.24,0.60,241.50
2026-02-03 11:48:02.713,4.58,218.39,READY,2.09,112.20,100.89,0.55,241.50
2026-02-03 11:48:02.853,8.39,119.21,READY,1.46,1.46,113.24,0.66,241.50
2026-02-03 11:48:02.989,8.41,118.94,READY,2.40,1.81,111.03,0.54,241.50
2026-02-03 11:48:03.117,8.97,111.52,READY,2.13,0.54,105.06,0.58,241.50
2026-02-03 11:48:03.244,8.98,111.40,READY,2.10,0.48,104.79,0.57,241.50
2026-02-03 11:48:03.477,4.61,217.06,READY,2.05,110.33,100.51,0.54,241.50
2026-02-03 11:48:03.621,7.91,126.42,READY,3.67,0.60,117.93,0.60,241.50
2026-02-03 11:48:03.756,8.47,118.00,READY,2.26,0.83,111.17,0.60,241.50
2026-02-03 11:48:03.887,8.72,114.74,READY,2.11,0.53,107.53,0.62,241.50
2026-02-03 11:48:04.019,8.58,116.52,READY,2.11,0.96,110.05,0.57,241.50
2026-02-03 11:48:04.264,4.38,228.39,READY,2.17,119.04,103.08,0.53,241.50
2026-02-03 11:48:04.412,7.92,126.28,READY,2.45,1.45,118.38,0.70,241.50
2026-02-03 11:48:04.551,8.35,119.80,READY,7.26,0.60,109.35,0.62,241.50
2026-02-03 11:48:04.679,8.89,112.47,READY,2.02,1.09,105.02,0.58,241.50
2026-02-03 11:48:04.809,8.82,113.38,READY,1.96,0.58,107.98,0.55,241.50
2026-02-03 11:48:05.051,4.47,223.72,READY,1.34,118.55,100.51,0.56,241.50
2026-02-03 11:48:05.198,7.98,125.37,READY,1.31,1.65,118.67,0.64,241.50
2026-02-03 11:48:05.342,7.95,125.78,READY,1.78,1.59,118.49,0.59,241.50
2026-02-03 11:48:05.479,8.29,120.66,READY,2.45,0.69,113.91,0.59,241.50
2026-02-03 11:48:05.620,8.06,124.09,READY,2.32,0.57,115.80,0.57,241.50
2026-02-03 11:48:05.859,4.49,222.73,READY,1.79,112.34,104.19,0.89,241.50
2026-02-03 11:48:06.005,8.02,124.66,READY,1.26,1.35,117.49,0.58,241.50
2026-02-03 11:48:06.141,8.67,115.34,READY,2.38,0.65,109.73,0.53,241.50
2026-02-03 11:48:06.274,8.57,116.73,READY,1.95,0.59,110.39,0.57,241.50
2026-02-03 11:48:06.406,8.70,114.94,READY,2.48,0.63,108.08,0.61,241.50
2026-02-03 11:48:06.641,4.57,218.92,READY,2.00,112.73,100.48,0.53,241.50
2026-02-03 11:48:06.782,8.27,120.90,READY,1.42,1.76,114.73,0.77,241.50
2026-02-03 11:48:06.917,8.50,117.70,READY,2.14,1.31,110.22,0.54,241.50
2026-02-03 11:48:07.047,8.80,113.67,READY,2.11,0.51,107.01,0.59,241.50
2026-02-03 11:48:07.175,8.88,112.66,READY,3.63,2.40,104.01,0.62,241.50
2026-02-03 11:48:07.408,4.60,217.36,READY,2.17,111.29,99.75,0.53,241.50
2026-02-03 11:48:07.552,8.26,121.03,READY,1.56,1.30,114.30,0.80,241.50
2026-02-03 11:48:07.690,8.24,121.41,READY,1.66,1.39,114.71,0.61,241.50
2026-02-03 11:48:07.825,8.43,118.61,READY,2.44,0.53,110.96,0.60,241.50
2026-02-03 11:48:07.957,8.84,113.08,READY,2.53,0.57,105.59,0.58,241.50
2026-02-03 11:48:08.192,4.55,219.58,READY,3.86,111.33,101.02,0.57,241.50
2026-02-03 11:48:08.336,8.18,122.21,READY,2.10,1.47,114.77,0.66,241.50
2026-02-03 11:48:08.472,8.40,119.01,READY,2.49,0.79,112.38,0.54,241.50
2026-02-03 11:48:08.602,8.77,113.98,READY,2.33,1.25,107.26,0.83,241.50
2026-02-03 11:48:08.738,8.33,120.01,READY,2.29,0.70,113.35,0.64,241.50
2026-02-03 11:48:08.997,4.23,236.46,READY,2.39,124.17,106.62,0.54,241.50
2026-02-03 11:48:09.149,7.42,134.82,READY,3.23,0.57,126.19,0.69,241.50
2026-02-03 11:48:09.287,8.85,112.97,READY,1.59,0.67,107.85,0.55,241.50
2026-02-03 11:48:09.420,8.56,116.76,READY,2.09,1.00,109.46,0.59,241.50
2026-02-03 11:48:09.552,8.84,113.06,READY,1.53,1.02,107.16,0.59,241.50
2026-02-03 11:48:09.794,4.43,225.57,READY,2.20,115.88,103.58,0.56,241.50
2026-02-03 11:48:09.941,7.92,126.29,READY,1.30,1.57,119.81,0.59,241.50
2026-02-03 11:48:10.078,8.36,119.58,READY,2.45,1.67,110.94,0.59,241.50
2026-02-03 11:48:10.208,8.81,113.51,READY,2.34,1.02,106.26,0.58,241.50
2026-02-03 11:48:10.339,8.70,114.90,READY,2.30,1.02,107.30,0.88,241.50
2026-02-03 11:48:10.574,4.56,219.28,READY,2.31,113.23,100.01,0.55,241.50
2026-02-03 11:48:10.717,8.20,121.92,READY,1.62,1.35,115.01,0.68,241.50
2026-02-03 11:48:10.852,8.51,117.55,READY,2.25,0.98,111.26,0.58,241.50
2026-02-03 11:48:10.981,8.82,113.35,READY,1.96,0.51,107.75,0.59,241.50
2026-02-03 11:48:11.116,8.42,118.80,READY,1.94,0.53,113.11,0.66,241.50
2026-02-03 11:48:11.355,4.49,222.66,READY,2.02,112.73,103.67,0.93,241.50
2026-02-03 11:48:11.505,7.81,128.10,READY,1.60,1.55,121.03,0.60,241.50
2026-02-03 11:48:11.647,8.01,124.81,READY,2.42,0.82,118.30,0.53,241.50
2026-02-03 11:48:11.789,8.02,124.73,READY,2.08,0.80,116.73,0.53,241.50
2026-02-03 11:48:11.928,8.20,121.97,READY,2.45,0.81,114.61,0.67,241.50
2026-02-03 11:48:12.175,4.34,230.39,READY,1.91,119.59,105.02,0.61,241.50
2026-02-03 11:48:12.326,7.75,129.08,READY,1.32,1.45,121.48,0.67,241.50
2026-02-03 11:48:12.459,8.61,116.17,READY,1.96,1.18,108.33,0.57,241.50
2026-02-03 11:48:12.595,8.38,119.31,READY,1.92,0.79,112.86,0.61,241.50
2026-02-03 11:48:12.722,8.96,111.63,READY,2.07,0.62,105.47,0.59,241.50
2026-02-03 11:48:12.958,4.56,219.53,READY,2.19,113.53,100.43,0.57,241.50
2026-02-03 11:48:13.095,8.26,121.13,READY,2.34,0.68,114.47,0.76,241.50
2026-02-03 11:48:13.225,8.82,113.33,READY,2.32,0.74,107.24,0.57,241.50
2026-02-03 11:48:13.353,8.90,112.42,READY,2.25,1.07,105.10,0.55,241.50
2026-02-03 11:48:13.482,8.88,112.63,READY,2.26,1.03,105.24,0.54,241.50
2026-02-03 11:48:13.716,4.59,217.91,READY,2.25,111.93,99.75,0.59,241.50
2026-02-03 11:48:13.852,8.71,114.81,READY,2.09,1.58,107.22,0.58,241.50
2026-02-03 11:48:13.983,8.72,114.62,READY,2.30,1.12,106.71,0.62,241.50
2026-02-03 11:48:14.110,9.04,110.65,READY,2.22,0.97,103.39,0.58,241.50
2026-02-03 11:48:14.238,8.92,112.10,READY,2.18,0.99,105.00,0.61,241.50
2026-02-03 11:48:14.482,4.39,227.97,READY,2.17,113.44,108.68,0.55,241.50
2026-02-03 11:48:14.619,8.66,115.50,READY,1.78,1.53,108.54,0.60,241.50
2026-02-03 11:48:14.749,8.81,113.53,READY,2.61,1.00,105.91,0.56,241.50
2026-02-03 11:48:14.884,8.42,118.79,READY,2.53,1.12,111.22,0.66,241.50
2026-02-03 11:48:15.019,8.40,118.99,READY,1.60,1.21,112.37,0.55,241.50
2026-02-03 11:48:15.257,4.53,220.68,READY,2.59,111.59,101.79,0.59,241.50
2026-02-03 11:48:15.401,8.21,121.85,READY,1.85,1.35,114.96,0.59,241.50
2026-02-03 11:48:15.545,7.85,127.44,READY,2.28,0.73,120.70,1.42,241.50
2026-02-03 11:48:15.679,8.52,117.34,READY,2.42,0.53,109.93,0.52,241.50
2026-02-03 11:48:15.808,8.80,113.57,READY,2.52,0.54,106.10,0.58,241.50
2026-02-03 11:48:16.050,4.43,225.85,READY,2.37,118.77,100.18,0.56,241.50
2026-02-03 11:48:16.188,8.19,122.06,READY,2.43,0.55,114.40,0.68,241.50
2026-02-03 11:48:16.320,8.79,113.78,READY,1.86,1.24,108.16,0.56,241.50
2026-02-03 11:48:16.450,8.77,114.06,READY,2.03,0.57,108.28,0.58,241.50
2026-02-03 11:48:16.578,8.94,111.88,READY,2.60,1.10,105.30,0.63,241.50
2026-02-03 11:48:16.820,4.46,224.36,READY,1.54,118.77,101.35,0.56,241.50
2026-02-03 11:48:16.964,8.14,122.87,READY,1.63,1.38,115.84,0.65,241.50
2026-02-03 11:48:17.109,8.05,124.16,READY,3.96,1.28,113.73,0.56,241.50
2026-02-03 11:48:17.244,8.40,119.06,READY,2.15,0.56,112.03,0.54,241.50
2026-02-03 11:48:17.375,8.63,115.85,READY,2.19,0.56,109.28,0.59,241.50
2026-02-03 11:48:17.610,4.57,218.74,READY,2.04,112.97,100.69,0.56,241.50
2026-02-03 11:48:17.754,8.16,122.57,READY,1.29,1.52,115.93,0.66,241.50
2026-02-03 11:48:17.890,8.40,119.08,READY,2.27,0.73,113.11,0.56,241.50
2026-02-03 11:48:18.020,8.73,114.60,READY,2.53,0.72,107.56,0.56,241.50
2026-02-03 11:48:18.150,8.79,113.82,READY,2.23,0.46,106.32,0.64,241.50
2026-02-03 11:48:18.388,4.51,221.67,READY,2.25,116.24,99.82,0.58,241.50
2026-02-03 11:48:18.531,8.30,120.50,READY,1.24,0.56,115.85,0.73,241.50
2026-02-03 11:48:18.668,8.29,120.62,READY,2.34,0.83,112.86,0.60,241.50
2026-02-03 11:48:18.797,8.83,113.19,READY,2.21,0.55,105.99,0.53,241.50
2026-02-03 11:48:18.929,8.65,115.61,READY,2.31,0.57,109.01,0.55,241.50
2026-02-03 11:48:19.162,4.61,216.75,READY,2.18,110.10,100.45,0.54,241.50
2026-02-03 11:48:19.304,8.30,120.55,READY,1.32,1.61,113.57,0.68,241.50
2026-02-03 11:48:19.439,8.48,117.88,READY,2.40,0.75,111.33,0.59,241.50
2026-02-03 11:48:19.579,8.05,124.21,READY,1.78,2.10,113.47,0.57,241.50
2026-02-03 11:48:19.709,8.76,114.16,READY,1.73,0.85,107.96,0.62,241.50
2026-02-03 11:48:19.951,4.42,226.05,READY,1.78,118.23,101.90,0.60,241.50
2026-02-03 11:48:20.104,7.73,129.34,READY,3.21,1.53,119.83,1.13,241.50
2026-02-03 11:48:20.246,8.79,113.71,READY,1.44,0.69,108.72,0.70,241.39
2026-02-03 11:48:20.375,8.83,113.22,READY,2.18,0.58,107.18,0.54,241.39
2026-02-03 11:48:20.504,8.88,112.65,READY,1.97,0.65,107.02,0.55,241.39
2026-02-03 11:48:20.748,4.37,228.66,READY,2.26,121.75,100.44,0.57,241.39
2026-02-03 11:48:20.914,6.96,143.58,READY,3.30,2.40,130.23,4.73,241.39
2026-02-03 11:48:21.069,7.42,134.73,READY,4.03,2.40,125.16,0.57,241.39
2026-02-03 11:48:21.222,7.43,134.63,READY,3.08,0.61,124.73,1.46,241.50
2026-02-03 11:48:21.361,8.20,121.92,READY,2.83,0.99,114.17,0.55,241.50
2026-02-03 11:48:21.605,4.39,227.83,READY,2.29,115.85,105.26,0.68,241.50
2026-02-03 11:48:21.764,7.41,134.92,READY,3.92,1.59,125.57,0.67,241.50
2026-02-03 11:48:21.903,8.22,121.64,READY,2.39,1.11,113.88,0.55,241.50
2026-02-03 11:48:22.041,8.24,121.30,READY,2.20,1.17,114.82,0.59,241.50
2026-02-03 11:48:22.178,8.34,119.88,READY,2.23,1.00,113.50,0.56,241.50
2026-02-03 11:48:22.416,4.52,221.26,READY,1.99,112.92,103.42,0.58,241.50
2026-02-03 11:48:22.554,8.30,120.53,READY,3.04,0.64,113.48,0.69,241.50
2026-02-03 11:48:22.698,8.16,122.60,READY,1.34,1.41,116.55,0.77,241.60
2026-02-03 11:48:22.839,8.22,121.61,READY,2.58,0.82,115.43,0.69,241.60
2026-02-03 11:48:22.979,8.14,122.88,READY,2.36,1.43,115.85,0.61,241.60
2026-02-03 11:48:23.220,4.46,224.42,READY,2.40,111.13,105.92,0.59,241.60
2026-02-03 11:48:23.374,7.59,131.83,READY,1.25,0.66,126.73,0.69,241.60
2026-02-03 11:48:23.517,8.01,124.83,READY,2.32,0.48,117.13,0.55,241.60
2026-02-03 11:48:23.653,8.35,119.69,READY,2.24,0.59,112.62,0.57,241.60
2026-02-03 11:48:23.788,8.50,117.65,READY,2.58,1.19,110.24,0.55,241.60
2026-02-03 11:48:24.030,4.44,225.43,READY,2.48,115.83,102.89,0.58,241.60
2026-02-03 11:48:24.182,7.69,130.04,READY,2.04,1.74,122.40,0.74,241.60
2026-02-03 11:48:24.329,7.71,129.78,READY,6.96,1.15,118.89,0.54,241.60
2026-02-03 11:48:24.465,8.35,119.69,READY,2.32,0.61,111.49,0.56,241.50
2026-02-03 11:48:24.595,8.79,113.74,READY,2.28,1.21,107.50,0.59,241.50
2026-02-03 11:48:24.831,4.54,220.31,READY,1.99,114.28,101.00,0.57,241.50
2026-02-03 11:48:24.979,8.07,123.85,READY,2.95,1.51,115.34,0.74,241.50
2026-02-03 11:48:25.111,8.65,115.56,READY,2.35,0.54,109.53,0.57,241.50
2026-02-03 11:48:25.242,8.76,114.16,READY,2.06,0.71,108.23,0.61,241.50
2026-02-03 11:48:25.370,8.89,112.52,READY,2.07,0.48,106.83,0.59,241.50
2026-02-03 11:48:25.609,4.48,223.27,READY,2.29,117.75,100.48,0.55,241.50
2026-02-03 11:48:25.757,7.68,130.17,READY,3.74,0.61,121.59,0.65,241.50
2026-02-03 11:48:25.901,7.95,125.83,READY,2.75,0.55,117.32,0.58,241.50
2026-02-03 11:48:26.041,8.23,121.46,READY,2.80,0.56,113.25,0.57,241.50
2026-02-03 11:48:26.174,8.58,116.62,READY,2.27,0.61,109.33,0.62,241.50
2026-02-03 11:48:26.414,4.49,222.83,READY,2.66,112.47,103.47,0.58,241.50
2026-02-03 11:48:26.565,7.77,128.71,READY,1.58,1.75,121.56,0.71,241.50
2026-02-03 11:48:26.704,8.23,121.58,READY,2.17,0.60,115.13,0.61,241.50
2026-02-03 11:48:26.842,8.19,122.06,READY,1.87,0.51,114.63,0.59,241.50
2026-02-03 11:48:26.981,8.23,121.50,READY,2.02,0.54,114.09,0.55,241.50
2026-02-03 11:48:27.226,4.37,228.89,READY,2.29,114.56,107.55,0.67,241.50
2026-02-03 11:48:27.378,7.67,130.42,READY,2.29,1.84,122.54,0.83,241.50
2026-02-03 11:48:27.522,7.92,126.21,READY,6.63,0.72,116.17,0.62,241.50
2026-02-03 11:48:27.665,7.94,125.90,READY,3.66,0.71,118.49,0.57,241.50
2026-02-03 11:48:27.800,8.39,119.17,READY,2.69,0.69,111.86,0.58,241.50
2026-02-03 11:48:28.040,4.48,223.13,READY,2.24,113.65,102.88,0.58,241.50
2026-02-03 11:48:28.188,8.08,123.81,READY,3.02,1.64,115.40,0.68,241.50
2026-02-03 11:48:28.322,8.56,116.86,READY,5.22,1.03,107.29,0.58,241.50
2026-02-03 11:48:28.451,8.87,112.80,READY,2.26,0.62,106.51,0.55,241.50
2026-02-03 11:48:28.585,8.79,113.72,READY,1.36,0.62,106.64,0.56,241.50
2026-02-03 11:48:28.820,4.56,219.11,READY,2.55,111.84,100.35,0.58,241.50
2026-02-03 11:48:28.963,8.17,122.33,READY,1.61,1.62,115.16,0.70,241.50
2026-02-03 11:48:29.099,8.44,118.48,READY,5.01,0.56,108.01,1.29,241.50
2026-02-03 11:48:29.230,8.72,114.65,READY,2.49,0.59,107.48,0.56,241.50
2026-02-03 11:48:29.359,8.82,113.35,READY,2.46,1.03,105.80,0.55,241.50
2026-02-03 11:48:29.594,4.57,218.71,READY,2.41,112.01,100.18,0.51,241.50
2026-02-03 11:48:29.733,8.43,118.57,READY,1.44,1.15,112.26,0.66,241.50
2026-02-03 11:48:29.867,8.60,116.29,READY,2.41,1.31,108.11,0.52,241.50
2026-02-03 11:48:30.000,8.61,116.16,READY,2.59,0.54,108.65,0.54,241.50
2026-02-03 11:48:30.131,8.64,115.73,READY,2.17,0.62,106.49,1.24,241.50
2026-02-03 11:48:30.372,4.49,222.80,READY,2.37,111.14,105.81,0.56,241.50
2026-02-03 11:48:30.514,8.29,120.70,READY,1.41,1.28,114.99,0.67,241.50
2026-02-03 11:48:30.649,8.45,118.28,READY,2.26,0.70,111.61,0.57,241.50
2026-02-03 11:48:30.779,8.76,114.21,READY,2.34,0.67,107.27,0.57,241.50
2026-02-03 11:48:30.912,8.58,116.51,READY,2.27,1.02,109.15,0.57,241.50
2026-02-03 11:48:31.147,4.56,219.49,READY,3.16,111.49,100.08,0.63,241.50
2026-02-03 11:48:31.293,8.08,123.69,READY,2.42,1.22,115.90,0.69,241.50
2026-02-03 11:48:31.427,8.58,116.50,READY,2.20,0.59,110.10,0.65,241.50
2026-02-03 11:48:31.556,8.79,113.81,READY,2.37,0.59,107.57,0.56,241.50
2026-02-03 11:48:31.688,8.65,115.64,READY,3.89,0.62,107.48,0.57,241.50
2026-02-03 11:48:31.926,4.50,221.98,READY,4.18,111.90,102.36,0.54,241.50
2026-02-03 11:48:32.073,7.95,125.83,READY,1.45,1.50,119.62,0.72,241.50
2026-02-03 11:48:32.207,8.57,116.71,READY,2.47,0.79,110.33,0.59,241.50
2026-02-03 11:48:32.337,8.75,114.24,READY,1.96,0.70,108.24,0.54,241.50
2026-02-03 11:48:32.467,8.97,111.44,READY,1.32,1.09,105.54,1.07,241.50
2026-02-03 11:48:32.701,4.58,218.42,READY,1.96,111.89,100.60,0.56,241.50
2026-02-03 11:48:32.841,8.39,119.19,READY,1.30,1.37,112.81,0.69,241.50
2026-02-03 11:48:32.975,8.55,116.98,READY,2.13,0.73,110.67,0.63,241.50
2026-02-03 11:48:33.105,8.78,113.86,READY,1.94,1.07,107.51,0.56,241.50
2026-02-03 11:48:33.235,8.81,113.48,READY,2.19,0.59,106.99,1.10,241.50
2026-02-03 11:48:33.471,4.55,219.96,READY,1.93,112.19,102.51,0.65,241.50
2026-02-03 11:48:33.615,8.08,123.83,READY,2.14,0.67,117.79,0.84,241.50
2026-02-03 11:48:33.757,8.02,124.73,READY,2.22,1.00,117.39,0.53,241.50
2026-02-03 11:48:33.891,8.46,118.22,READY,2.30,1.55,109.31,0.59,241.50
2026-02-03 11:48:34.021,8.78,113.84,READY,2.24,0.95,107.27,0.55,241.50
2026-02-03 11:48:34.255,4.59,217.87,READY,1.92,111.27,99.99,0.81,241.50
2026-02-03 11:48:34.405,7.72,129.48,READY,1.26,1.34,122.57,0.78,241.50
2026-02-03 11:48:34.538,8.65,115.65,READY,1.93,0.97,109.90,0.57,241.50
2026-02-03 11:48:34.667,8.87,112.70,READY,2.10,0.58,106.37,0.58,241.50
2026-02-03 11:48:34.795,8.91,112.19,READY,2.11,0.59,106.06,0.64,241.50
2026-02-03 11:48:35.046,4.25,235.46,READY,1.92,120.09,110.00,0.65,241.50
2026-02-03 11:48:35.193,7.97,125.47,READY,1.32,1.33,117.61,0.68,241.50
2026-02-03 11:48:35.346,7.45,134.31,READY,4.16,1.60,124.22,0.56,241.50
2026-02-03 11:48:35.492,7.80,128.18,READY,3.37,0.60,119.82,0.61,241.50
2026-02-03 11:48:35.634,8.04,124.33,READY,2.37,0.94,116.91,0.55,241.50
2026-02-03 11:48:35.878,4.40,227.21,READY,2.34,112.89,107.95,0.62,241.43
2026-02-03 11:48:36.022,8.18,122.26,READY,1.34,1.47,114.95,0.68,241.43
2026-02-03 11:48:36.162,8.13,123.01,READY,2.52,1.01,115.80,0.53,241.43
2026-02-03 11:48:36.291,8.85,112.97,READY,1.99,1.08,107.18,0.68,241.43
2026-02-03 11:48:36.420,8.86,112.86,READY,2.36,0.58,106.65,0.56,241.43
2026-02-03 11:48:36.656,4.53,220.95,READY,2.01,112.62,101.98,0.62,241.43
2026-02-03 11:48:36.816,7.20,138.81,READY,1.55,1.01,131.13,1.47,241.50
2026-02-03 11:48:36.955,8.18,122.18,READY,2.41,0.76,113.94,0.55,241.50
2026-02-03 11:48:37.093,8.28,120.84,READY,2.08,1.23,114.08,0.67,241.50
2026-02-03 11:48:37.223,8.77,114.00,READY,1.72,0.47,107.85,0.59,241.50
2026-02-03 11:48:37.465,4.44,225.48,READY,2.20,118.52,101.60,0.56,241.50
2026-02-03 11:48:37.611,8.03,124.51,READY,2.46,1.50,115.61,0.74,241.50
2026-02-03 11:48:37.747,8.50,117.59,READY,2.07,0.50,110.58,0.60,241.50
2026-02-03 11:48:37.877,8.79,113.83,READY,2.02,1.05,106.31,0.79,241.50
2026-02-03 11:48:38.007,8.76,114.19,READY,2.12,0.52,107.20,0.55,241.50
2026-02-03 11:48:38.249,4.43,225.85,READY,2.06,119.84,99.58,0.56,241.50
2026-02-03 11:48:38.383,8.41,118.86,READY,2.11,0.70,111.79,0.69,241.50
2026-02-03 11:48:38.519,8.36,119.67,READY,2.39,1.07,111.61,0.56,241.50
2026-02-03 11:48:38.650,8.78,113.93,READY,2.15,1.16,106.45,0.54,241.50
2026-02-03 11:48:38.778,8.87,112.79,READY,2.12,0.63,106.32,0.57,241.50
2026-02-03 11:48:39.012,4.59,217.87,READY,2.10,112.13,100.16,0.55,241.50
2026-02-03 11:48:39.155,8.23,121.55,READY,1.58,1.44,115.36,0.68,241.50
2026-02-03 11:48:39.292,8.50,117.62,READY,2.02,1.43,110.31,0.74,241.50
2026-02-03 11:48:39.424,8.60,116.25,READY,2.11,0.48,108.69,0.56,241.50
2026-02-03 11:48:39.555,8.70,114.98,READY,2.07,0.71,107.95,0.63,241.50
2026-02-03 11:48:39.793,4.51,221.65,READY,2.02,113.75,102.86,0.55,241.50
2026-02-03 11:48:39.938,8.10,123.53,READY,1.73,1.49,116.32,0.74,241.50
2026-02-03 11:48:40.073,8.52,117.39,READY,2.05,0.70,111.44,0.55,241.50
2026-02-03 11:48:40.203,8.79,113.76,READY,1.94,0.54,107.38,0.56,241.50
2026-02-03 11:48:40.334,8.72,114.74,READY,1.92,0.75,108.61,0.61,241.50
2026-02-03 11:48:40.578,4.38,228.33,READY,2.12,115.95,107.23,0.55,241.50
2026-02-03 11:48:40.718,8.38,119.31,READY,1.33,1.30,113.62,0.72,241.50
2026-02-03 11:48:40.859,8.28,120.70,READY,2.31,0.71,114.16,0.56,241.50
2026-02-03 11:48:40.992,8.58,116.49,READY,1.88,0.99,109.50,0.59,241.50
2026-02-03 11:48:41.120,8.91,112.25,READY,1.94,0.52,106.20,0.54,241.50
2026-02-03 11:48:41.357,4.53,220.77,READY,2.26,112.88,101.68,0.56,241.50
2026-02-03 11:48:41.498,8.24,121.33,READY,2.04,0.69,113.42,3.20,241.50
2026-02-03 11:48:41.642,7.86,127.27,READY,1.55,1.27,120.32,0.59,241.50
2026-02-03 11:48:41.772,8.77,114.01,READY,2.14,0.73,107.24,0.58,241.50
2026-02-03 11:48:41.905,8.60,116.31,READY,2.09,0.75,108.76,1.47,241.50
2026-02-03 11:48:42.140,4.55,219.81,READY,1.97,114.12,100.92,0.55,241.50
2026-02-03 11:48:42.280,8.40,119.01,READY,1.49,1.42,112.60,0.73,241.50
2026-02-03 11:48:42.420,8.17,122.36,READY,2.24,0.78,116.35,0.53,241.50
2026-02-03 11:48:42.550,8.71,114.83,READY,2.15,1.04,108.54,0.59,241.50
2026-02-03 11:48:42.680,8.80,113.60,READY,2.01,1.18,107.65,0.54,241.50
2026-02-03 11:48:43.027,3.03,330.51,READY,2.23,213.29,110.38,0.85,241.50
2026-02-03 11:48:43.171,8.13,123.02,READY,1.26,1.56,116.21,0.71,241.50
2026-02-03 11:48:43.306,8.49,117.82,READY,2.33,0.81,110.46,0.55,241.50
2026-02-03 11:48:43.447,8.00,125.01,READY,2.95,0.82,117.90,0.55,241.50
2026-02-03 11:48:43.579,8.64,115.74,READY,2.08,0.65,107.95,0.60,241.50
2026-02-03 11:48:43.827,4.32,231.33,READY,2.49,114.88,109.37,0.58,241.50
2026-02-03 11:48:43.972,8.20,121.99,READY,2.57,1.48,114.03,0.69,241.50
2026-02-03 11:48:44.129,7.19,139.10,READY,1.95,0.57,132.30,0.64,241.50
2026-02-03 11:48:44.265,8.39,119.26,READY,1.94,0.54,112.69,0.59,241.50
2026-02-03 11:48:44.401,8.34,119.92,READY,5.08,0.58,111.58,0.55,241.50
2026-02-03 11:48:44.642,4.47,223.71,READY,3.86,113.09,103.61,0.53,241.50
2026-02-03 11:48:44.794,7.74,129.14,READY,1.69,1.49,122.30,0.69,241.50
2026-02-03 11:48:44.937,8.04,124.45,READY,2.62,0.72,118.02,0.60,241.50
2026-02-03 11:48:45.070,8.54,117.14,READY,1.33,1.03,107.93,0.57,241.50
2026-02-03 11:48:45.198,8.88,112.63,READY,2.10,0.57,106.10,0.56,241.50
2026-02-03 11:48:45.436,4.50,222.19,READY,2.01,116.10,100.40,0.63,241.50
2026-02-03 11:48:45.580,8.18,122.31,READY,1.74,1.39,115.17,0.69,241.50
2026-02-03 11:48:45.713,8.66,115.49,READY,2.33,0.58,109.63,0.57,241.50
2026-02-03 11:48:45.843,8.70,114.92,READY,2.35,0.72,107.58,0.55,241.50
2026-02-03 11:48:45.975,8.68,115.22,READY,2.33,0.66,107.84,0.60,241.50
2026-02-03 11:48:46.215,4.46,224.22,READY,2.60,115.10,101.78,0.60,241.50
2026-02-03 11:48:46.361,8.01,124.87,READY,1.32,1.34,116.85,0.71,241.50
2026-02-03 11:48:46.511,7.81,128.10,READY,2.96,1.01,120.70,0.58,241.50
2026-02-03 11:48:46.651,8.13,122.93,READY,1.95,0.77,115.94,0.57,241.50
2026-02-03 11:48:46.792,8.04,124.36,READY,2.53,1.33,117.40,0.62,241.50
2026-02-03 11:48:47.042,4.31,232.09,READY,2.92,116.19,109.39,0.59,241.50
2026-02-03 11:48:47.195,7.65,130.72,READY,1.64,1.37,123.93,0.62,241.50
2026-02-03 11:48:47.342,7.79,128.43,READY,2.19,1.57,119.26,0.53,241.50
2026-02-03 11:48:47.479,8.30,120.48,READY,2.59,0.69,112.80,0.69,241.50
2026-02-03 11:48:47.609,8.73,114.50,READY,2.18,1.25,107.76,0.57,241.50
2026-02-03 11:48:47.855,4.36,229.13,READY,3.30,119.71,102.72,0.61,241.50
2026-02-03 11:48:48.002,7.93,126.07,READY,2.43,1.34,118.25,0.69,241.50
2026-02-03 11:48:48.136,8.57,116.67,READY,2.44,1.08,108.45,0.55,241.50
2026-02-03 11:48:48.265,8.85,113.05,READY,2.24,0.67,105.73,0.59,241.50
2026-02-03 11:48:48.397,8.61,116.13,READY,5.15,1.51,106.81,0.54,241.50
2026-02-03 11:48:48.632,4.57,218.64,READY,5.13,110.61,100.31,0.59,241.50
2026-02-03 11:48:48.771,8.50,117.63,READY,1.53,1.45,111.62,0.65,241.50
2026-02-03 11:48:48.907,8.44,118.43,READY,2.33,0.52,111.32,0.51,241.50
2026-02-03 11:48:49.045,8.19,122.10,READY,2.57,0.69,113.97,0.58,241.50
2026-02-03 11:48:49.174,8.90,112.35,READY,2.44,0.53,104.82,0.53,241.50
2026-02-03 11:48:49.413,4.49,222.94,READY,2.38,114.74,101.08,0.56,241.50
2026-02-03 11:48:49.552,8.45,118.40,READY,1.84,0.63,112.29,0.73,241.50
2026-02-03 11:48:49.688,8.41,118.84,READY,2.36,0.77,111.25,0.57,241.50
2026-02-03 11:48:49.818,8.80,113.60,READY,2.34,0.62,106.19,0.57,241.50
2026-02-03 11:48:49.946,8.88,112.62,READY,1.95,0.69,106.19,0.60,241.50
2026-02-03 11:48:50.185,4.50,222.46,READY,1.70,117.17,100.74,0.68,241.50
2026-02-03 11:48:50.324,8.51,117.51,READY,1.57,1.32,110.32,0.68,241.50
2026-02-03 11:48:50.467,7.97,125.50,READY,3.17,1.32,117.37,0.64,241.50
2026-02-03 11:48:50.597,8.78,113.95,READY,2.81,0.77,107.27,0.56,241.50
2026-02-03 11:48:50.726,8.88,112.67,READY,2.02,0.49,106.31,0.56,241.50
2026-02-03 11:48:50.960,4.59,217.99,READY,2.18,111.43,100.90,0.56,241.50
2026-02-03 11:48:51.106,8.06,124.12,READY,2.20,1.40,116.29,0.70,241.50
2026-02-03 11:48:51.240,8.58,116.52,READY,2.28,1.05,108.87,0.56,241.50
2026-02-03 11:48:51.370,8.73,114.51,READY,2.08,1.03,107.17,0.62,241.50
2026-02-03 11:48:51.499,8.83,113.28,READY,1.95,0.68,107.14,0.55,241.50
2026-02-03 11:48:51.734,4.58,218.35,READY,2.15,111.93,100.15,0.58,241.50
2026-02-03 11:48:51.876,8.24,121.39,READY,1.43,1.40,114.52,0.67,241.50
2026-02-03 11:48:52.013,8.35,119.71,READY,2.68,1.33,111.41,0.60,241.50
2026-02-03 11:48:52.143,8.81,113.53,READY,2.54,0.77,105.97,0.58,241.50
2026-02-03 11:48:52.271,8.88,112.64,READY,2.19,1.38,105.52,0.57,241.50
2026-02-03 11:48:52.504,4.60,217.31,READY,1.84,110.82,100.15,0.55,241.50
2026-02-03 11:48:52.649,8.04,124.42,READY,1.52,0.89,119.32,0.64,241.50
2026-02-03 11:48:52.785,8.46,118.22,READY,2.53,1.32,108.98,1.20,241.50
2026-02-03 11:48:52.916,8.68,115.22,READY,2.52,0.84,107.61,0.55,241.50
2026-02-03 11:48:53.046,8.83,113.25,READY,1.94,0.56,107.06,0.59,241.50
2026-02-03 11:48:53.282,4.52,221.05,READY,2.49,113.11,100.97,0.63,241.50
2026-02-03 11:48:53.422,8.49,117.73,READY,1.30,0.61,112.86,0.69,241.50
2026-02-03 11:48:53.559,8.35,119.78,READY,2.06,1.12,111.47,0.57,241.50
2026-02-03 11:48:53.692,8.66,115.50,READY,2.84,1.27,107.80,0.56,241.50
2026-02-03 11:48:53.821,8.86,112.85,READY,2.45,0.54,105.27,0.63,241.50
2026-02-03 11:48:54.067,4.36,229.46,READY,2.47,112.29,105.35,0.64,241.50
2026-02-03 11:48:54.219,7.98,125.26,READY,1.47,0.77,118.15,1.52,241.50
2026-02-03 11:48:54.353,8.59,116.38,READY,2.31,1.05,109.89,0.55,241.50
2026-02-03 11:48:54.484,8.65,115.67,READY,2.04,0.76,109.75,0.56,241.50
2026-02-03 11:48:54.615,8.71,114.86,READY,2.21,0.68,109.26,0.55,241.50
2026-02-03 11:48:54.853,4.50,222.20,READY,2.01,115.98,101.33,0.62,241.50
2026-02-03 11:48:54.997,8.19,122.15,READY,1.52,1.56,115.17,0.68,241.50
2026-02-03 11:48:55.132,8.48,117.98,READY,1.99,1.19,110.64,0.54,241.50
2026-02-03 11:48:55.261,8.87,112.77,READY,2.24,0.98,105.54,0.55,241.50
2026-02-03 11:48:55.390,8.81,113.54,READY,2.28,0.77,106.38,0.61,241.50
2026-02-03 11:48:55.630,4.46,224.00,READY,2.30,113.33,104.51,0.56,241.50
2026-02-03 11:48:55.775,8.07,123.98,READY,1.28,1.44,115.73,0.75,241.50
2026-02-03 11:48:55.910,8.51,117.50,READY,1.89,1.05,111.38,0.57,241.50
2026-02-03 11:48:56.042,8.71,114.77,READY,1.44,1.02,108.59,0.56,241.50
2026-02-03 11:48:56.172,8.75,114.33,READY,2.26,0.82,107.68,0.57,241.50
2026-02-03 11:48:56.411,4.50,222.47,READY,2.32,112.81,103.35,0.62,241.50
2026-02-03 11:48:56.559,7.89,126.72,READY,2.69,1.14,118.83,0.65,241.50
2026-02-03 11:48:56.694,8.52,117.34,READY,2.28,0.79,109.33,0.55,241.50
2026-02-03 11:48:56.829,8.45,118.36,READY,2.21,0.94,110.00,1.05,241.50
2026-02-03 11:48:56.962,8.62,116.07,READY,1.99,1.17,107.75,0.57,241.50
2026-02-03 11:48:57.200,4.52,221.43,READY,2.19,113.21,101.97,0.57,241.50
2026-02-03 11:48:57.343,8.27,120.90,READY,1.70,1.63,114.14,0.74,241.50
2026-02-03 11:48:57.481,8.23,121.54,READY,2.23,0.73,115.25,0.59,241.50
2026-02-03 11:48:57.612,8.71,114.82,READY,5.23,0.71,106.31,0.58,241.50
2026-02-03 11:48:57.745,8.55,116.95,READY,1.99,1.06,109.73,0.60,241.50
2026-02-03 11:48:57.988,4.39,227.88,READY,2.14,118.71,103.82,0.54,241.50
2026-02-03 11:48:58.146,7.36,135.90,READY,4.06,1.56,126.97,0.67,241.50
2026-02-03 11:48:58.293,7.73,129.37,READY,2.42,2.16,121.90,0.57,241.50
2026-02-03 11:48:58.434,8.06,124.03,READY,1.86,0.52,117.70,0.74,241.50
2026-02-03 11:48:58.566,8.72,114.64,READY,1.98,1.15,108.12,0.55,241.50
2026-02-03 11:48:58.802,4.54,220.27,READY,4.91,111.50,101.20,0.56,241.50
2026-02-03 11:48:58.947,8.12,123.08,READY,1.37,1.48,116.24,0.70,241.50
2026-02-03 11:48:59.081,8.51,117.49,READY,2.49,0.94,109.49,0.55,241.50
2026-02-03 11:48:59.214,8.56,116.78,READY,5.31,0.71,108.18,0.60,241.50
2026-02-03 11:48:59.345,8.70,114.97,READY,2.16,0.67,108.44,0.58,241.50
2026-02-03 11:48:59.591,4.33,230.70,READY,2.14,123.65,102.20,0.55,241.50
2026-02-03 11:48:59.741,7.99,125.16,READY,1.58,1.45,118.38,0.66,241.50
2026-02-03 11:48:59.879,8.30,120.50,READY,2.34,1.36,112.18,0.56,241.50
2026-02-03 11:49:00.010,8.70,114.89,READY,2.54,1.10,106.66,0.84,241.50
2026-02-03 11:49:00.142,8.60,116.33,READY,2.55,1.02,108.34,0.59,241.50
2026-02-03 11:49:00.381,4.49,222.85,READY,2.36,113.62,102.66,0.58,241.50
2026-02-03 11:49:00.518,8.24,121.29,READY,1.35,1.25,114.28,0.68,241.50
2026-02-03 11:49:00.649,8.67,115.31,READY,1.39,0.71,110.25,0.56,241.50
2026-02-03 11:49:00.779,8.76,114.16,READY,2.39,0.70,106.98,0.63,241.50
2026-02-03 11:49:00.911,8.62,115.95,READY,2.21,1.01,108.42,0.57,241.50
2026-02-03 11:49:01.150,4.48,223.11,READY,2.21,116.65,101.22,0.60,241.50
2026-02-03 11:49:01.294,8.20,122.02,READY,1.30,1.51,115.70,0.69,241.50
2026-02-03 11:49:01.431,8.36,119.61,READY,2.37,1.42,111.80,0.78,241.50
2026-02-03 11:49:01.560,8.79,113.83,READY,2.18,0.75,107.25,0.55,241.50
2026-02-03 11:49:01.689,8.85,113.00,READY,4.20,0.58,104.95,0.55,241.50
2026-02-03 11:49:01.928,4.49,222.87,READY,2.26,114.51,101.97,0.55,241.50
2026-02-03 11:49:02.083,7.51,133.17,READY,1.69,1.65,125.69,0.70,241.50
2026-02-03 11:49:02.219,8.43,118.67,READY,2.34,0.98,111.52,0.56,241.50
2026-02-03 11:49:02.350,8.74,114.48,READY,1.93,1.17,108.26,0.55,241.50
2026-02-03 11:49:02.483,8.47,118.00,READY,2.08,0.56,112.26,0.58,241.50
2026-02-03 11:49:02.723,4.48,223.11,READY,2.05,113.21,104.74,0.75,241.50
2026-02-03 11:49:02.866,8.19,122.13,READY,1.37,1.35,116.21,0.56,241.50
2026-02-03 11:49:03.003,8.32,120.13,READY,7.54,0.77,108.75,0.55,241.50
2026-02-03 11:49:03.135,8.66,115.52,READY,2.42,0.83,107.31,0.63,241.50
2026-02-03 11:49:03.265,8.77,114.06,READY,1.93,0.64,107.72,0.56,241.50
2026-02-03 11:49:03.504,4.47,223.54,READY,2.34,117.67,100.88,0.57,241.50
2026-02-03 11:49:03.656,7.70,129.82,READY,2.60,1.72,121.28,0.72,241.50
2026-02-03 11:49:03.800,8.04,124.39,READY,1.33,1.07,117.77,0.58,241.50
2026-02-03 11:49:03.937,8.27,120.90,READY,2.53,0.57,112.87,0.58,241.50
2026-02-03 11:49:04.077,8.18,122.29,READY,2.37,0.58,114.37,0.55,241.50
2026-02-03 11:49:04.320,4.42,226.36,READY,2.72,112.54,106.69,0.56,241.50
2026-02-03 11:49:04.469,7.85,127.46,READY,2.52,1.45,119.11,0.66,241.50
2026-02-03 11:49:04.603,8.91,112.21,READY,1.32,1.01,107.13,0.58,241.50
2026-02-03 11:49:04.733,8.77,114.04,READY,2.35,1.41,106.28,0.58,241.50
2026-02-03 11:49:04.865,8.66,115.52,READY,2.32,0.57,108.07,0.58,241.50
2026-02-03 11:49:05.111,4.35,229.83,READY,3.03,120.70,101.78,0.60,241.50
2026-02-03 11:49:05.267,7.50,133.35,READY,2.38,1.74,123.93,0.85,241.50
2026-02-03 11:49:05.409,8.03,124.46,READY,3.06,0.68,116.78,0.56,241.50
2026-02-03 11:49:05.547,8.24,121.36,READY,2.17,0.64,114.66,0.72,241.50
2026-02-03 11:49:05.681,8.44,118.49,READY,1.98,1.07,110.83,0.56,241.50
2026-02-03 11:49:05.920,4.51,221.77,READY,2.29,112.86,103.03,0.55,241.50
2026-02-03 11:49:06.070,7.82,127.92,READY,1.69,1.48,121.16,0.66,241.50
2026-02-03 11:49:06.204,8.56,116.80,READY,2.30,0.59,111.10,0.58,241.50
2026-02-03 11:49:06.332,8.93,112.02,READY,1.99,0.59,106.63,0.59,241.50
2026-02-03 11:49:06.459,8.94,111.91,READY,1.99,0.59,106.46,0.58,241.50
2026-02-03 11:49:06.694,4.58,218.30,READY,2.01,112.72,100.61,0.57,241.50
2026-02-03 11:49:06.827,8.87,112.80,READY,1.26,1.54,106.86,0.56,241.50
2026-02-03 11:49:06.959,8.68,115.25,READY,4.69,0.86,106.08,0.54,241.50
2026-02-03 11:49:07.088,8.90,112.41,READY,2.07,1.05,104.91,0.57,241.50
2026-02-03 11:49:07.216,8.89,112.53,READY,2.18,1.06,105.09,0.54,241.50
2026-02-03 11:49:07.453,4.53,220.95,READY,2.32,112.09,103.59,0.60,241.50
2026-02-03 11:49:07.590,8.29,120.56,READY,2.25,0.73,113.87,0.57,241.50
2026-02-03 11:49:07.726,8.41,118.92,READY,1.45,1.19,109.03,0.56,241.50
2026-02-03 11:49:07.856,8.81,113.52,READY,2.33,0.52,106.12,0.54,241.50
2026-02-03 11:49:07.983,9.00,111.10,READY,2.28,0.80,103.63,0.58,241.50
2026-02-03 11:49:08.216,4.59,217.74,READY,2.35,110.50,100.54,0.57,241.50
2026-02-03 11:49:08.353,8.63,115.89,READY,1.52,1.39,109.52,0.53,241.50
2026-02-03 11:49:08.483,8.84,113.16,READY,2.52,0.99,106.63,0.56,241.50
2026-02-03 11:49:08.611,8.90,112.37,READY,2.24,1.16,105.99,0.58,241.50
2026-02-03 11:49:08.739,8.98,111.40,READY,2.33,1.18,104.85,0.61,241.50
2026-02-03 11:49:09.018,3.80,263.06,READY,2.22,137.16,120.71,0.56,241.50
2026-02-03 11:49:09.154,8.80,113.64,READY,1.60,1.38,106.86,0.57,241.50
2026-02-03 11:49:09.283,8.90,112.40,READY,2.08,0.59,106.40,0.54,241.50
2026-02-03 11:49:09.409,9.05,110.55,READY,2.16,0.58,104.53,0.66,241.50
2026-02-03 11:49:09.537,8.94,111.80,READY,2.36,0.54,104.63,1.07,241.50
2026-02-03 11:49:09.784,4.32,231.48,READY,2.15,122.88,103.57,0.71,241.50
2026-02-03 11:49:09.927,7.98,125.38,READY,3.16,1.16,115.40,0.53,241.50
2026-02-03 11:49:10.059,8.72,114.74,READY,3.28,0.61,106.32,0.59,241.50
2026-02-03 11:49:10.192,8.54,117.09,READY,2.63,0.65,108.92,0.65,241.50
2026-02-03 11:49:10.333,8.01,124.83,READY,2.26,0.79,118.64,0.55,241.50
2026-02-03 11:49:10.576,4.41,226.83,READY,2.35,119.37,102.11,0.61,241.50
2026-02-03 11:49:10.719,8.29,120.68,READY,2.85,2.13,110.60,0.54,241.50
2026-02-03 11:49:10.858,8.15,122.72,READY,2.23,1.06,116.38,0.73,241.50
2026-02-03 11:49:10.998,8.12,123.16,READY,2.43,1.20,114.90,0.53,241.50
2026-02-03 11:49:11.127,8.85,112.99,READY,2.23,0.57,106.65,0.54,241.50
2026-02-03 11:49:11.369,4.42,226.32,READY,2.19,119.67,101.26,0.55,241.50
2026-02-03 11:49:11.508,8.37,119.52,READY,2.26,0.69,113.49,0.71,241.50
2026-02-03 11:49:11.642,8.57,116.63,READY,2.63,0.66,109.62,0.55,241.50
2026-02-03 11:49:11.770,8.88,112.61,READY,2.24,0.67,106.07,0.63,241.50
2026-02-03 11:49:11.899,8.88,112.55,READY,2.33,0.73,106.40,0.60,241.50
2026-02-03 11:49:12.134,4.55,219.77,READY,2.66,111.40,102.47,0.58,241.50
2026-02-03 11:49:12.278,8.20,121.98,READY,1.50,1.04,114.97,0.61,241.50
2026-02-03 11:49:12.416,8.30,120.53,READY,1.74,1.08,113.67,0.61,241.50
2026-02-03 11:49:12.551,8.58,116.58,READY,2.17,1.02,109.12,0.55,241.50
2026-02-03 11:49:12.680,8.89,112.53,READY,2.12,1.09,105.31,0.56,241.50
2026-02-03 11:49:12.918,4.50,222.43,READY,2.28,113.07,102.58,1.10,241.50
2026-02-03 11:49:13.058,8.42,118.78,READY,1.35,1.38,113.14,0.59,241.50
2026-02-03 11:49:13.192,8.53,117.17,READY,1.94,1.31,109.03,0.62,241.50
2026-02-03 11:49:13.322,8.79,113.81,READY,2.34,0.93,106.25,0.61,241.50
2026-02-03 11:49:13.450,8.93,111.93,READY,2.26,0.74,106.47,0.54,241.50
2026-02-03 11:49:13.682,4.62,216.27,READY,2.33,110.31,99.91,0.57,241.50
2026-02-03 11:49:13.825,8.18,122.22,READY,1.41,1.51,115.25,0.73,241.50
2026-02-03 11:49:13.959,8.53,117.18,READY,2.57,0.85,110.68,0.55,241.50
2026-02-03 11:49:14.087,8.92,112.10,READY,1.92,0.52,106.49,0.58,241.50
2026-02-03 11:49:14.216,8.88,112.57,READY,2.08,0.55,106.63,0.55,241.50
2026-02-03 11:49:14.453,4.52,221.45,READY,2.02,114.12,102.33,0.55,241.50
2026-02-03 11:49:14.596,8.26,121.03,READY,1.32,1.36,114.50,0.68,241.50
2026-02-03 11:49:14.733,8.30,120.43,READY,2.09,0.73,114.24,0.64,241.50
2026-02-03 11:49:14.861,8.88,112.65,READY,2.07,0.73,105.95,0.57,241.50
2026-02-03 11:49:14.992,8.75,114.34,READY,2.11,0.61,108.00,0.54,241.50
2026-02-03 11:49:15.230,4.49,222.60,READY,2.29,112.69,103.69,0.57,241.50
2026-02-03 11:49:15.374,8.17,122.36,READY,1.54,1.35,115.55,0.78,241.50
2026-02-03 11:49:15.508,8.70,114.98,READY,2.69,0.54,106.37,0.57,241.50
2026-02-03 11:49:15.636,8.93,111.92,READY,2.20,1.00,104.79,0.60,241.50
2026-02-03 11:49:15.765,8.80,113.62,READY,1.96,1.02,106.42,0.60,241.50
2026-02-03 11:49:16.000,4.58,218.45,READY,1.95,112.35,101.36,0.56,241.50
2026-02-03 11:49:16.143,8.17,122.46,READY,1.29,1.27,116.09,0.67,241.50
2026-02-03 11:49:16.283,8.26,121.08,READY,2.63,1.27,112.46,0.56,241.50
2026-02-03 11:49:16.413,8.74,114.46,READY,2.42,0.52,107.08,0.58,241.50
2026-02-03 11:49:16.542,8.85,112.94,READY,2.42,0.52,105.51,0.59,241.50
2026-02-03 11:49:16.777,4.57,218.83,READY,2.44,110.95,101.01,0.62,241.50
2026-02-03 11:49:16.925,7.89,126.71,READY,2.15,1.25,118.68,1.11,241.50
2026-02-03 11:49:17.064,8.52,117.41,READY,2.40,1.27,109.06,0.51,241.50
2026-02-03 11:49:17.193,8.80,113.69,READY,2.25,1.03,106.63,0.53,241.50
2026-02-03 11:49:17.322,8.84,113.16,READY,2.30,1.03,105.58,0.66,241.50
2026-02-03 11:49:17.560,4.51,221.87,READY,2.27,111.89,104.42,0.56,241.50
2026-02-03 11:49:17.702,8.29,120.64,READY,1.33,1.53,114.65,0.69,241.50
2026-02-03 11:49:17.838,8.61,116.08,READY,1.98,1.06,108.59,0.52,241.50
2026-02-03 11:49:17.967,8.82,113.38,READY,2.19,0.79,106.10,0.52,241.50
2026-02-03 11:49:18.097,8.79,113.79,READY,2.67,0.61,107.36,0.56,241.50
2026-02-03 11:49:18.336,4.49,222.78,READY,5.03,113.19,101.28,0.56,241.50
2026-02-03 11:49:18.470,8.78,113.84,READY,1.55,0.65,108.90,0.55,241.50
2026-02-03 11:49:18.615,7.79,128.37,READY,2.23,1.16,120.78,0.54,241.50
2026-02-03 11:49:18.744,8.91,112.28,READY,2.15,0.58,106.74,0.57,241.50
2026-02-03 11:49:18.872,8.87,112.79,READY,2.39,0.93,105.06,0.58,241.50
2026-02-03 11:49:19.115,4.40,227.03,READY,2.10,121.39,100.61,0.59,241.50
2026-02-03 11:49:19.260,8.12,123.20,READY,2.36,1.56,115.24,0.57,241.50
2026-02-03 11:49:19.394,8.53,117.28,READY,2.30,0.66,110.27,0.59,241.50
2026-02-03 11:49:19.521,9.04,110.58,READY,2.06,0.68,104.35,0.59,241.50
2026-02-03 11:49:19.654,8.50,117.65,READY,2.28,0.71,111.85,0.59,241.50
2026-02-03 11:49:19.897,4.40,227.46,READY,2.12,120.66,101.40,0.57,241.50
2026-02-03 11:49:20.039,8.33,120.01,READY,1.34,1.35,113.48,0.64,241.50
2026-02-03 11:49:20.173,8.58,116.50,READY,2.39,0.78,108.93,0.61,241.50
2026-02-03 11:49:20.300,8.98,111.39,READY,1.95,0.73,104.61,0.57,241.50
2026-02-03 11:49:20.428,8.91,112.19,READY,2.54,0.82,104.76,0.58,241.50
2026-02-03 11:49:20.666,4.51,221.89,READY,6.67,111.01,100.64,0.55,241.50
2026-02-03 11:49:20.809,8.18,122.27,READY,1.36,1.47,115.42,0.74,241.50
2026-02-03 11:49:20.944,8.52,117.30,READY,2.35,0.65,111.07,0.55,241.50
2026-02-03 11:49:21.073,8.84,113.14,READY,2.13,0.78,107.51,0.59,241.50
2026-02-03 11:49:21.202,8.84,113.07,READY,2.07,0.69,107.58,0.55,241.50
2026-02-03 11:49:21.449,4.32,231.54,READY,2.04,120.98,104.86,0.56,241.50
2026-02-03 11:49:21.587,8.32,120.20,READY,4.02,0.62,111.93,0.66,241.50
2026-02-03 11:49:21.721,8.58,116.61,READY,2.37,0.59,108.95,0.59,241.50
2026-02-03 11:49:21.849,8.88,112.63,READY,1.97,0.64,105.95,0.57,241.50
2026-02-03 11:49:21.979,8.84,113.18,READY,1.88,0.54,106.81,0.59,241.50
2026-02-03 11:49:22.317,3.10,322.86,READY,1.92,217.45,100.07,0.56,241.50
2026-02-03 11:49:22.460,8.22,121.69,READY,1.54,1.72,114.52,0.71,241.50
2026-02-03 11:49:22.595,8.52,117.35,READY,1.71,1.21,110.58,0.54,241.50
2026-02-03 11:49:22.722,8.98,111.38,READY,1.92,0.70,105.38,0.61,241.50
2026-02-03 11:49:22.850,8.93,111.97,READY,2.06,0.71,106.36,0.57,241.50
2026-02-03 11:49:23.083,4.60,217.51,READY,2.24,113.34,99.32,0.58,241.50
2026-02-03 11:49:23.225,8.28,120.74,READY,1.35,1.13,114.34,0.69,241.50
2026-02-03 11:49:23.360,8.47,118.04,READY,2.02,1.18,111.74,0.58,241.50
2026-02-03 11:49:23.492,8.61,116.16,READY,2.38,0.89,108.96,0.55,241.50
2026-02-03 11:49:23.622,8.81,113.54,READY,2.34,0.85,106.13,0.56,241.50
2026-02-03 11:49:23.858,4.54,220.33,READY,2.35,112.48,101.53,0.55,241.50
2026-02-03 11:49:24.004,8.01,124.83,READY,1.53,0.85,119.72,0.60,241.50
2026-02-03 11:49:24.138,8.60,116.21,READY,2.12,0.58,109.63,0.56,241.50
2026-02-03 11:49:24.268,8.70,114.91,READY,2.31,0.71,108.94,0.57,241.50
2026-02-03 11:49:24.403,8.65,115.57,READY,1.50,0.89,109.49,0.56,241.50
2026-02-03 11:49:24.637,4.59,218.07,READY,2.11,112.41,100.30,0.62,241.50
2026-02-03 11:49:24.781,8.11,123.36,READY,1.54,1.33,116.36,0.76,241.50
2026-02-03 11:49:24.916,8.57,116.73,READY,2.35,1.13,110.07,0.57,241.50
2026-02-03 11:49:25.045,8.83,113.25,READY,1.95,1.06,107.20,0.57,241.50
2026-02-03 11:49:25.173,8.92,112.05,READY,1.97,1.06,105.77,0.57,241.50
2026-02-03 11:49:25.407,4.58,218.36,READY,1.98,112.04,101.36,0.60,241.50
2026-02-03 11:49:25.550,8.24,121.41,READY,1.36,1.39,114.99,0.72,241.50
2026-02-03 11:49:25.685,8.46,118.20,READY,2.21,1.09,110.01,0.57,241.50
2026-02-03 11:49:25.817,8.62,115.99,READY,2.66,0.54,108.17,0.53,241.50
2026-02-03 11:49:25.947,8.76,114.21,READY,3.50,0.82,106.02,0.55,241.50
2026-02-03 11:49:26.180,4.60,217.23,READY,2.26,111.48,99.97,0.54,241.50
2026-02-03 11:49:26.324,8.17,122.33,READY,1.41,1.34,116.00,0.67,241.50
2026-02-03 11:49:26.459,8.54,117.07,READY,2.50,1.08,107.37,0.57,241.50
2026-02-03 11:49:26.587,8.86,112.88,READY,1.94,0.49,107.26,0.56,241.50
2026-02-03 11:49:26.716,8.91,112.27,READY,1.94,0.48,106.76,0.56,241.50
2026-02-03 11:49:26.950,4.58,218.41,READY,2.00,111.68,101.32,0.55,241.50
2026-02-03 11:49:27.098,7.90,126.54,READY,1.37,1.52,120.24,0.73,241.50
2026-02-03 11:49:27.231,8.62,116.01,READY,1.99,1.05,108.88,0.60,241.50
2026-02-03 11:49:27.360,8.85,112.98,READY,1.69,0.99,107.29,0.57,241.50
2026-02-03 11:49:27.493,8.57,116.67,READY,2.10,0.90,109.83,0.57,241.50
2026-02-03 11:49:27.726,4.61,216.80,READY,2.03,110.98,99.97,0.58,241.50
2026-02-03 11:49:27.870,8.13,123.00,READY,1.28,1.26,116.57,0.72,241.50
2026-02-03 11:49:28.003,8.69,115.03,READY,2.13,0.89,107.99,0.63,241.50
2026-02-03 11:49:28.134,8.67,115.30,READY,2.18,1.30,107.01,0.57,241.50
2026-02-03 11:49:28.264,8.82,113.38,READY,2.19,1.04,106.01,0.55,241.50
2026-02-03 11:49:28.503,4.49,222.86,READY,2.13,115.03,101.79,0.59,241.50
2026-02-03 11:49:28.645,8.32,120.14,READY,1.32,1.62,113.30,0.72,241.50
2026-02-03 11:49:28.778,8.59,116.44,READY,2.35,0.80,108.80,1.39,241.50
2026-02-03 11:49:28.907,8.91,112.27,READY,2.06,0.65,106.37,0.63,241.50
2026-02-03 11:49:29.041,8.47,118.00,READY,2.13,0.70,112.18,0.55,241.50
2026-02-03 11:49:29.274,4.59,217.67,READY,2.05,110.23,101.48,0.58,241.50
2026-02-03 11:49:29.414,8.08,123.70,READY,1.34,0.56,115.18,0.71,241.50
2026-02-03 11:49:29.549,8.67,115.29,READY,1.26,1.50,109.24,0.55,241.50
2026-02-03 11:49:29.679,8.83,113.30,READY,2.11,0.50,107.61,0.60,241.50
2026-02-03 11:49:29.808,8.76,114.11,READY,2.07,0.71,108.10,0.55,241.50
2026-02-03 11:49:30.044,4.55,219.65,READY,2.05,112.61,102.03,0.59,241.50
2026-02-03 11:49:30.188,8.16,122.50,READY,2.12,1.48,115.41,0.71,241.50
2026-02-03 11:49:30.322,8.55,116.99,READY,3.02,1.08,109.58,0.63,241.50
2026-02-03 11:49:30.452,8.80,113.68,READY,2.35,1.01,107.20,0.53,241.50
2026-02-03 11:49:30.580,8.85,112.94,READY,2.09,1.05,106.74,0.53,241.50
2026-02-03 11:49:30.817,4.53,220.57,READY,2.14,112.21,103.37,0.59,241.50
2026-02-03 11:49:30.961,8.16,122.61,READY,2.30,1.43,115.18,0.63,241.50
2026-02-03 11:49:31.097,8.66,115.49,READY,2.61,0.56,108.51,0.53,241.50
2026-02-03 11:49:31.232,8.39,119.23,READY,4.18,0.66,110.66,0.56,241.50
2026-02-03 11:49:31.363,8.67,115.33,READY,2.26,0.97,108.16,0.54,241.50
2026-02-03 11:49:31.603,4.47,223.50,READY,2.22,117.82,99.49,0.53,241.50
2026-02-03 11:49:31.751,7.86,127.16,READY,2.07,1.59,118.91,1.21,241.50
2026-02-03 11:49:31.887,8.61,116.08,READY,1.48,1.16,110.48,0.54,241.50
2026-02-03 11:49:32.016,8.86,112.90,READY,1.99,1.08,105.62,0.54,241.50
2026-02-03 11:49:32.150,8.46,118.23,READY,2.03,1.05,110.00,0.69,241.50
2026-02-03 11:49:32.394,4.42,226.48,READY,2.55,115.77,103.77,0.65,241.50
2026-02-03 11:49:32.543,7.87,127.00,READY,1.66,1.44,119.72,0.66,241.50
2026-02-03 11:49:32.680,8.37,119.49,READY,1.81,0.95,109.59,0.60,241.50
2026-02-03 11:49:32.809,8.80,113.67,READY,1.97,1.01,106.31,0.59,241.50
2026-02-03 11:49:32.937,8.94,111.86,READY,2.04,0.48,105.48,0.63,241.50
2026-02-03 11:49:33.173,4.55,219.78,READY,2.17,112.88,100.77,0.53,241.50
2026-02-03 11:49:33.315,8.21,121.87,READY,1.59,0.68,116.89,0.71,241.50
2026-02-03 11:49:33.451,8.48,117.87,READY,2.30,0.66,111.62,1.18,241.50
2026-02-03 11:49:33.580,8.81,113.53,READY,2.45,0.68,107.60,0.56,241.50
2026-02-03 11:49:33.708,8.94,111.91,READY,2.19,0.70,106.48,0.59,241.50
2026-02-03 11:49:33.949,4.43,225.54,READY,2.24,117.95,101.37,0.60,241.50
2026-02-03 11:49:34.090,8.37,119.52,READY,1.26,1.46,113.57,0.67,241.50
2026-02-03 11:49:34.226,8.40,119.03,READY,2.36,0.70,110.71,0.61,241.50
2026-02-03 11:49:34.355,8.84,113.08,READY,2.09,1.23,106.84,0.57,241.50
2026-02-03 11:49:34.484,8.82,113.42,READY,1.95,0.87,107.16,0.56,241.50
2026-02-03 11:49:34.724,4.47,223.82,READY,1.92,117.14,101.33,0.59,241.50
2026-02-03 11:49:34.861,8.63,115.93,READY,1.39,1.43,109.92,0.70,241.50
2026-02-03 11:49:35.002,8.09,123.68,READY,2.22,1.19,114.90,0.58,241.50
2026-02-03 11:49:35.137,8.44,118.49,READY,2.00,0.96,111.26,0.53,241.50
2026-02-03 11:49:35.265,8.92,112.16,READY,2.06,0.51,105.65,0.54,241.50
2026-02-03 11:49:35.502,4.53,220.99,READY,2.28,112.15,102.75,0.54,241.50
2026-02-03 11:49:35.658,7.58,131.87,READY,2.55,1.41,123.95,0.72,241.50
2026-02-03 11:49:35.796,8.48,117.99,READY,2.22,0.93,109.09,0.74,241.50
2026-02-03 11:49:35.926,8.78,113.96,READY,1.93,0.70,106.69,0.60,241.50
2026-02-03 11:49:36.062,8.36,119.65,READY,2.94,0.59,112.69,0.57,241.50
2026-02-03 11:49:36.303,4.47,223.58,READY,2.31,113.43,103.64,0.56,241.50
2026-02-03 11:49:36.446,8.33,120.01,READY,1.55,0.70,114.95,0.74,241.50
2026-02-03 11:49:36.581,8.51,117.56,READY,2.50,1.16,109.45,0.58,241.50
2026-02-03 11:49:36.711,8.79,113.77,READY,2.13,0.70,108.04,0.70,241.50
2026-02-03 11:49:36.841,8.78,113.88,READY,2.03,0.70,108.39,0.60,241.50
2026-02-03 11:49:37.173,3.16,316.15,READY,2.22,211.15,99.97,0.59,241.50
2026-02-03 11:49:37.314,8.38,119.30,READY,1.34,1.12,112.89,0.70,241.50
2026-02-03 11:49:37.447,8.59,116.41,READY,2.29,1.26,108.23,0.59,241.50
2026-02-03 11:49:37.578,8.73,114.54,READY,2.18,1.22,106.68,0.54,241.50
2026-02-03 11:49:37.712,8.48,117.94,READY,5.02,0.60,109.07,1.08,241.50
2026-02-03 11:49:37.949,4.51,221.87,READY,2.22,113.22,102.45,0.56,241.50
2026-02-03 11:49:38.093,8.13,122.95,READY,1.54,1.63,115.76,0.70,241.50
2026-02-03 11:49:38.231,8.42,118.71,READY,2.73,0.59,110.69,0.60,241.50
2026-02-03 11:49:38.359,8.86,112.93,READY,1.99,0.71,106.60,0.55,241.50
2026-02-03 11:49:38.489,8.81,113.50,READY,1.98,1.06,106.18,0.58,241.50
2026-02-03 11:49:38.730,4.44,225.39,READY,2.04,118.77,100.58,0.57,241.50
2026-02-03 11:49:38.872,8.37,119.45,READY,1.40,0.93,114.22,0.68,241.50
2026-02-03 11:49:39.012,8.17,122.39,READY,2.51,1.42,113.53,0.57,241.50
2026-02-03 11:49:39.142,8.81,113.53,READY,2.21,0.76,107.62,0.56,241.50
2026-02-03 11:49:39.272,8.72,114.74,READY,1.85,0.72,108.80,0.64,241.50
2026-02-03 11:49:39.518,4.35,229.86,READY,2.51,121.66,101.72,0.59,241.50
2026-02-03 11:49:39.654,8.70,114.91,READY,2.15,0.66,109.01,0.62,241.50
2026-02-03 11:49:39.801,7.73,129.29,READY,3.25,0.95,119.57,0.57,241.50
2026-02-03 11:49:39.932,8.70,114.97,READY,2.04,0.81,108.96,0.58,241.50
2026-02-03 11:49:40.062,8.84,113.11,READY,1.43,0.93,106.51,0.54,241.50
2026-02-03 11:49:40.300,4.49,222.59,READY,1.95,114.96,101.99,0.54,241.50
2026-02-03 11:49:40.442,8.31,120.28,READY,1.54,1.38,113.47,0.68,241.50
2026-02-03 11:49:40.577,8.47,118.02,READY,2.34,0.79,111.65,0.55,241.50
2026-02-03 11:49:40.705,8.93,111.95,READY,2.52,0.51,105.17,0.54,241.50
2026-02-03 11:49:40.835,8.79,113.82,READY,2.11,0.81,107.59,0.66,241.50
2026-02-03 11:49:41.082,4.31,231.87,READY,2.06,121.69,101.97,3.81,241.50
2026-02-03 11:49:41.226,8.17,122.33,READY,2.08,1.59,114.96,0.73,241.50
2026-02-03 11:49:41.363,8.37,119.52,READY,2.31,1.17,112.44,0.57,241.50
2026-02-03 11:49:41.497,8.44,118.50,READY,2.15,0.53,111.68,0.59,241.50
2026-02-03 11:49:41.627,8.76,114.13,READY,2.15,0.53,107.60,0.59,241.50
2026-02-03 11:49:41.869,4.43,225.92,READY,2.09,116.37,103.31,0.54,241.50
2026-02-03 11:49:42.028,7.47,133.95,READY,2.97,2.05,122.93,0.80,241.50
2026-02-03 11:49:42.165,8.48,117.95,READY,1.30,1.21,111.88,0.53,241.50
2026-02-03 11:49:42.296,8.68,115.22,READY,2.08,0.49,108.69,0.53,241.50
2026-02-03 11:49:42.426,8.80,113.58,READY,2.18,0.81,106.43,0.53,241.50
2026-02-03 11:49:42.674,4.30,232.37,READY,2.45,125.86,100.55,0.57,241.50
2026-02-03 11:49:42.819,8.13,123.00,READY,1.47,1.62,112.13,4.74,241.50
2026-02-03 11:49:42.973,7.74,129.26,READY,1.72,1.20,122.88,0.53,241.50
2026-02-03 11:49:43.103,8.74,114.42,READY,2.16,0.73,107.40,0.54,241.50
2026-02-03 11:49:43.237,8.51,117.48,READY,2.97,0.96,109.35,0.56,241.50
2026-02-03 11:49:43.476,4.46,224.00,READY,2.14,111.86,105.86,0.56,241.50
2026-02-03 11:49:43.627,7.96,125.60,READY,2.50,1.30,117.81,0.62,241.50
2026-02-03 11:49:43.780,7.33,136.44,READY,1.71,1.46,128.99,0.54,241.50
2026-02-03 11:49:43.910,8.85,113.01,READY,2.28,0.49,106.26,0.53,241.50
2026-02-03 11:49:44.040,8.74,114.39,READY,1.94,0.71,108.17,0.60,241.50
2026-02-03 11:49:44.278,4.51,221.52,READY,2.06,111.99,103.16,0.56,241.50
2026-02-03 11:49:44.416,8.52,117.33,READY,1.43,1.57,110.60,0.66,241.50
2026-02-03 11:49:44.559,8.00,124.94,READY,2.40,1.53,117.31,0.61,241.50
2026-02-03 11:49:44.688,8.82,113.35,READY,2.09,0.80,106.77,0.57,241.50
2026-02-03 11:49:44.817,8.86,112.91,READY,2.16,1.05,105.59,0.55,241.50
2026-02-03 11:49:45.061,4.37,228.65,READY,2.20,120.31,102.08,0.54,241.50
2026-02-03 11:49:45.208,7.73,129.31,READY,3.51,0.56,121.27,0.69,241.50
2026-02-03 11:49:45.357,7.64,130.91,READY,2.97,1.21,121.60,0.55,241.50
2026-02-03 11:49:45.487,8.74,114.40,READY,1.44,1.12,107.76,0.58,241.50
2026-02-03 11:49:45.619,8.71,114.86,READY,2.81,0.60,106.89,0.56,241.50
2026-02-03 11:49:45.866,4.35,230.04,READY,2.50,121.03,101.90,0.53,241.50
2026-02-03 11:49:46.004,8.55,116.99,READY,1.36,1.61,111.05,0.73,241.50
2026-02-03 11:49:46.146,8.05,124.22,READY,1.91,1.08,118.04,0.54,241.50
2026-02-03 11:49:46.275,8.83,113.28,READY,2.13,0.59,106.77,0.62,241.50
2026-02-03 11:49:46.407,8.61,116.14,READY,2.81,0.75,108.20,0.59,241.50
2026-02-03 11:49:46.653,4.35,229.86,READY,2.19,121.94,102.69,0.53,241.50
2026-02-03 11:49:46.796,8.17,122.40,READY,1.49,1.59,114.95,0.71,241.50
2026-02-03 11:49:46.932,8.45,118.39,READY,2.32,0.65,111.61,0.57,241.50
2026-02-03 11:49:47.060,8.88,112.57,READY,2.11,0.98,105.28,0.57,241.50
2026-02-03 11:49:47.190,8.80,113.69,READY,2.24,0.57,106.60,0.58,241.50
2026-02-03 11:49:47.438,4.32,231.57,READY,2.03,123.36,102.62,0.56,241.50
2026-02-03 11:49:47.572,8.90,112.33,READY,1.32,0.62,107.61,0.60,241.50
2026-02-03 11:49:47.708,8.33,120.10,READY,1.83,0.96,113.21,0.58,241.50
2026-02-03 11:49:47.843,8.44,118.51,READY,4.36,1.20,109.28,0.54,241.50
2026-02-03 11:49:47.980,8.59,116.38,READY,1.62,1.67,108.51,0.55,241.50
2026-02-03 11:49:48.219,4.49,222.91,READY,1.45,115.81,102.05,0.74,241.50
2026-02-03 11:49:48.364,8.10,123.45,READY,1.40,1.42,116.23,0.71,241.50
2026-02-03 11:49:48.501,8.38,119.36,READY,2.33,0.69,112.59,0.57,241.50
2026-02-03 11:49:48.631,8.70,114.91,READY,1.93,0.47,109.29,0.56,241.50
2026-02-03 11:49:48.760,8.88,112.64,READY,1.97,0.50,107.01,0.56,241.50
2026-02-03 11:49:49.007,4.32,231.28,READY,1.94,123.02,103.24,0.56,241.50
2026-02-03 11:49:49.143,8.69,115.14,READY,1.31,1.43,108.60,0.60,241.50
2026-02-03 11:49:49.286,7.99,125.09,READY,5.20,0.52,115.19,0.71,241.50
2026-02-03 11:49:49.421,8.51,117.58,READY,2.28,1.07,109.83,0.63,241.50
2026-02-03 11:49:49.554,8.56,116.87,READY,5.07,0.89,107.58,0.57,241.50
2026-02-03 11:49:49.798,4.40,227.49,READY,1.99,120.49,101.56,0.58,241.50
2026-02-03 11:49:49.941,8.21,121.77,READY,1.33,1.34,115.06,0.72,241.50
2026-02-03 11:49:50.076,8.50,117.68,READY,2.37,0.58,111.02,0.53,241.50
2026-02-03 11:49:50.207,8.97,111.48,READY,1.38,0.90,106.25,0.62,241.50
2026-02-03 11:49:50.345,8.41,118.84,READY,5.09,2.24,107.47,0.63,241.50
2026-02-03 11:49:50.587,4.42,226.18,READY,2.23,118.30,102.25,0.63,241.50
2026-02-03 11:49:50.726,8.67,115.35,READY,1.40,0.65,110.32,0.69,241.50
2026-02-03 11:49:50.867,8.10,123.44,READY,2.39,1.31,115.31,0.60,241.50
2026-02-03 11:49:50.996,8.79,113.80,READY,1.85,1.61,106.00,0.56,241.50
2026-02-03 11:49:51.134,8.27,120.91,READY,2.08,0.60,113.98,0.53,241.50
2026-02-03 11:49:51.387,4.23,236.38,READY,2.27,121.39,109.61,0.55,241.50
2026-02-03 11:49:51.537,7.93,126.04,READY,3.35,0.54,118.53,0.72,241.50
2026-02-03 11:49:51.673,8.49,117.83,READY,1.96,0.60,112.04,0.56,241.50
2026-02-03 11:49:51.805,8.66,115.50,READY,2.26,0.54,108.21,0.59,241.50
2026-02-03 11:49:51.940,8.37,119.47,READY,2.65,0.75,111.26,0.66,241.50
2026-02-03 11:49:52.194,4.20,237.84,READY,2.33,122.79,107.30,1.80,241.50
2026-02-03 11:49:52.345,7.66,130.63,READY,1.44,1.50,123.82,0.67,241.50
2026-02-03 11:49:52.480,8.51,117.56,READY,2.10,0.81,110.30,0.56,241.50
2026-02-03 11:49:52.609,8.86,112.91,READY,1.90,1.10,106.20,0.56,241.50
2026-02-03 11:49:52.739,8.78,113.95,READY,2.04,0.46,107.58,0.57,241.50
2026-02-03 11:49:52.986,4.32,231.38,READY,1.84,121.08,104.41,0.59,241.50
2026-02-03 11:49:53.132,8.27,120.96,READY,1.32,1.37,114.32,0.66,241.50
2026-02-03 11:49:53.271,8.17,122.37,READY,3.84,1.11,113.80,0.58,241.50
2026-02-03 11:49:53.402,8.71,114.75,READY,2.04,0.51,108.80,0.56,241.50
2026-02-03 11:49:53.536,8.52,117.39,READY,2.28,0.54,109.54,0.57,241.50
2026-02-03 11:49:53.785,4.29,233.07,READY,2.42,125.73,100.59,0.58,241.50
2026-02-03 11:49:53.932,7.95,125.76,READY,1.31,1.33,119.13,0.73,241.50
2026-02-03 11:49:54.101,7.32,136.70,READY,2.02,1.29,128.70,0.63,241.50
2026-02-03 11:49:54.230,8.91,112.29,READY,1.97,0.65,105.67,0.57,241.50
2026-02-03 11:49:54.362,8.64,115.72,READY,1.95,0.69,108.86,0.79,241.50
2026-02-03 11:49:54.602,4.47,223.51,READY,2.01,116.18,101.64,0.52,241.50
2026-02-03 11:49:54.745,8.16,122.48,READY,2.22,1.43,114.67,0.72,241.50
2026-02-03 11:49:54.883,8.33,120.07,READY,2.39,0.62,111.46,0.54,241.50
2026-02-03 11:49:55.014,8.73,114.52,READY,1.93,0.83,106.58,0.58,241.50
2026-02-03 11:49:55.150,8.40,119.03,READY,1.92,0.91,111.91,0.64,241.50
2026-02-03 11:49:55.390,4.47,223.53,READY,2.64,113.18,104.65,0.62,241.50
2026-02-03 11:49:55.531,8.37,119.42,READY,1.36,1.58,112.82,0.77,241.50
2026-02-03 11:49:55.667,8.43,118.65,READY,2.39,0.86,112.28,0.65,241.50
2026-02-03 11:49:55.797,8.76,114.13,READY,1.99,0.70,108.15,0.57,241.50
2026-02-03 11:49:55.928,8.66,115.53,READY,1.87,0.70,108.63,0.60,241.50
2026-02-03 11:49:56.173,4.37,228.75,READY,2.26,120.48,102.18,0.55,241.50
2026-02-03 11:49:56.320,7.98,125.30,READY,1.35,1.10,117.81,0.66,241.50
2026-02-03 11:49:56.456,8.46,118.17,READY,1.87,1.04,111.66,0.56,241.50
2026-02-03 11:49:56.588,8.66,115.45,READY,2.27,0.57,107.97,0.55,241.50
2026-02-03 11:49:56.718,8.78,113.91,READY,1.81,0.67,107.96,0.59,241.50
2026-02-03 11:49:56.952,4.57,218.83,READY,2.35,112.26,100.98,0.61,241.50
2026-02-03 11:49:57.091,8.45,118.33,READY,1.40,0.88,113.34,0.71,241.50
2026-02-03 11:49:57.229,8.33,120.01,READY,2.50,1.14,112.87,0.55,241.50
2026-02-03 11:49:57.359,8.75,114.34,READY,2.35,1.11,108.21,0.61,241.50
2026-02-03 11:49:57.489,8.80,113.68,READY,2.15,1.24,107.60,0.57,241.50
2026-02-03 11:49:57.728,4.49,222.88,READY,2.30,114.57,103.16,0.57,241.50
2026-02-03 11:49:57.875,7.96,125.65,READY,3.28,0.58,117.22,1.12,241.50
2026-02-03 11:49:58.029,7.48,133.70,READY,2.40,1.91,123.35,0.56,241.50
2026-02-03 11:49:58.161,8.69,115.04,READY,2.34,1.05,107.62,0.54,241.50
2026-02-03 11:49:58.291,8.74,114.43,READY,2.24,0.50,108.49,0.56,241.50
2026-02-03 11:49:58.530,4.48,223.13,READY,3.65,116.53,99.84,0.55,241.50
2026-02-03 11:49:58.671,8.41,118.96,READY,1.27,0.64,113.76,0.74,241.50
2026-02-03 11:49:58.810,8.18,122.30,READY,2.37,1.47,112.76,1.35,241.50
2026-02-03 11:49:58.943,8.58,116.54,READY,2.55,0.53,108.33,0.95,241.50
2026-02-03 11:49:59.073,8.80,113.66,READY,2.20,0.94,106.10,0.56,241.50
2026-02-03 11:49:59.329,4.16,240.47,READY,2.21,125.98,108.38,0.59,241.50
2026-02-03 11:49:59.478,7.87,127.11,READY,1.31,1.12,120.88,0.60,241.50
2026-02-03 11:49:59.612,8.55,116.92,READY,2.01,0.65,110.10,1.10,241.50
2026-02-03 11:49:59.742,8.75,114.26,READY,2.04,0.92,107.09,0.62,241.50
2026-02-03 11:49:59.870,8.92,112.10,READY,2.19,0.59,105.98,0.61,241.50
2026-02-03 11:50:00.110,4.46,224.32,READY,2.00,116.56,102.16,0.60,241.50
2026-02-03 11:50:00.254,8.17,122.35,READY,1.53,1.47,114.98,0.82,241.50
2026-02-03 11:50:00.392,8.56,116.81,READY,1.30,2.06,109.22,0.62,241.50
2026-02-03 11:50:00.523,8.66,115.43,READY,1.80,0.53,109.76,0.62,241.50
2026-02-03 11:50:00.659,8.73,114.59,READY,2.81,2.37,105.80,0.55,241.50
2026-02-03 11:50:00.895,4.54,220.14,READY,2.37,111.04,102.32,0.54,241.50
2026-02-03 11:50:01.043,7.96,125.69,READY,4.43,1.52,115.62,0.74,241.50
2026-02-03 11:50:01.179,8.36,119.64,READY,2.02,1.23,111.62,0.57,241.50
2026-02-03 11:50:01.313,8.52,117.42,READY,2.01,1.15,109.73,0.56,241.50
2026-02-03 11:50:01.441,8.87,112.73,READY,2.29,0.50,105.73,0.57,241.50
2026-02-03 11:50:01.683,4.43,225.81,READY,2.66,117.91,101.51,0.57,241.50
2026-02-03 11:50:01.824,8.32,120.25,READY,1.30,1.38,113.68,0.70,241.50
2026-02-03 11:50:01.960,8.44,118.44,READY,2.20,0.68,111.84,0.54,241.50
2026-02-03 11:50:02.089,8.80,113.61,READY,2.09,0.80,107.60,0.57,241.50
2026-02-03 11:50:02.218,8.86,112.83,READY,1.62,0.97,106.93,0.67,241.50
2026-02-03 11:50:02.459,4.46,224.38,READY,2.08,116.98,101.17,0.56,241.50
2026-02-03 11:50:02.602,8.25,121.26,READY,1.25,1.34,114.82,0.70,241.50
2026-02-03 11:50:02.737,8.45,118.41,READY,2.36,1.21,110.15,0.57,241.50
2026-02-03 11:50:02.868,8.70,114.96,READY,3.01,1.15,106.67,0.54,241.50
2026-02-03 11:50:02.997,8.82,113.43,READY,2.20,0.88,105.82,0.58,241.50
2026-02-03 11:50:03.234,4.54,220.31,READY,2.35,114.16,99.80,0.67,241.50
2026-02-03 11:50:03.373,8.52,117.43,READY,1.31,0.62,112.43,0.60,241.50
2026-02-03 11:50:03.509,8.47,118.02,READY,3.44,1.48,107.99,0.56,241.50
2026-02-03 11:50:03.643,8.45,118.38,READY,2.44,0.89,110.19,1.19,241.50
2026-02-03 11:50:03.773,8.73,114.50,READY,2.40,1.17,106.88,0.56,241.50
2026-02-03 11:50:04.008,4.58,218.52,READY,3.20,111.69,99.55,0.57,241.50
2026-02-03 11:50:04.150,8.27,120.97,READY,1.40,1.27,113.37,0.64,241.50
2026-02-03 11:50:04.286,8.43,118.66,READY,1.67,0.97,111.53,0.52,241.50
2026-02-03 11:50:04.415,8.80,113.60,READY,2.09,1.02,106.69,0.54,241.50
2026-02-03 11:50:04.547,8.63,115.93,READY,1.73,1.02,109.35,0.55,241.50
2026-02-03 11:50:04.782,4.58,218.57,READY,2.20,112.07,100.36,0.55,241.50
2026-02-03 11:50:04.924,8.19,122.08,READY,1.34,1.42,115.87,0.70,241.50
2026-02-03 11:50:05.061,8.37,119.44,READY,1.98,1.09,111.96,0.55,241.50
2026-02-03 11:50:05.190,8.88,112.63,READY,2.04,0.57,105.89,0.54,241.50
2026-02-03 11:50:05.321,8.72,114.71,READY,2.09,0.67,108.40,0.57,241.50
2026-02-03 11:50:05.556,4.55,219.67,READY,1.97,111.63,101.94,0.53,241.50
2026-02-03 11:50:05.705,7.85,127.36,READY,1.66,1.68,120.47,0.64,241.50
2026-02-03 11:50:05.849,7.92,126.32,READY,2.48,0.97,117.92,0.56,241.50
2026-02-03 11:50:05.991,8.02,124.73,READY,2.28,0.61,118.45,0.57,241.50
2026-02-03 11:50:06.122,8.96,111.57,READY,2.12,0.58,105.49,0.56,241.50
2026-02-03 11:50:06.360,4.49,222.65,READY,1.94,113.14,103.72,0.54,241.50
2026-02-03 11:50:06.519,7.27,137.63,READY,1.59,1.40,130.56,0.71,241.50
2026-02-03 11:50:06.663,7.92,126.34,READY,5.45,0.72,117.32,0.65,241.50
2026-02-03 11:50:06.810,7.94,125.94,READY,2.31,0.70,120.07,0.55,241.50
2026-02-03 11:50:06.954,7.86,127.22,READY,5.80,0.67,117.18,0.57,241.50
2026-02-03 11:50:07.201,4.33,230.73,READY,2.19,113.17,111.41,0.54,241.50
2026-02-03 11:50:07.355,7.61,131.46,READY,1.35,1.32,122.30,0.77,241.50
2026-02-03 11:50:07.500,7.86,127.18,READY,2.44,0.55,119.53,0.68,241.50
2026-02-03 11:50:07.638,8.28,120.81,READY,2.48,0.52,113.32,0.61,241.50
2026-02-03 11:50:07.778,8.15,122.72,READY,2.07,1.03,114.56,0.56,241.50
2026-02-03 11:50:08.018,4.47,223.71,READY,2.37,113.25,104.40,0.55,241.50
2026-02-03 11:50:08.167,7.83,127.69,READY,2.07,1.62,119.06,0.70,241.50
2026-02-03 11:50:08.307,8.19,122.16,READY,2.37,1.29,114.03,0.57,241.50
2026-02-03 11:50:08.446,8.45,118.29,READY,1.28,2.06,110.04,0.55,241.50
2026-02-03 11:50:08.578,8.59,116.39,READY,2.44,1.10,108.94,0.56,241.50
2026-02-03 11:50:08.821,4.41,226.66,READY,2.30,114.44,105.69,0.57,241.50
2026-02-03 11:50:08.961,8.38,119.27,READY,1.32,0.56,114.44,0.65,241.50
2026-02-03 11:50:09.097,8.44,118.54,READY,2.41,1.32,110.30,0.57,241.50
2026-02-03 11:50:09.229,8.60,116.23,READY,2.72,0.60,108.70,0.55,241.50
2026-02-03 11:50:09.359,8.83,113.25,READY,2.34,1.20,105.72,0.57,241.50
2026-02-03 11:50:09.596,4.50,221.99,READY,2.38,110.88,104.59,0.55,241.50
2026-02-03 11:50:09.748,7.69,129.98,READY,1.43,1.35,123.35,0.58,241.50
2026-02-03 11:50:09.889,8.04,124.35,READY,1.69,0.84,118.54,1.06,241.50
2026-02-03 11:50:10.036,7.68,130.16,READY,2.32,0.77,123.69,0.53,241.50
2026-02-03 11:50:10.171,8.69,115.07,READY,1.44,0.65,109.53,0.57,241.50
2026-02-03 11:50:10.411,4.47,223.74,READY,2.39,114.39,102.51,0.62,241.50
2026-02-03 11:50:10.564,7.69,129.96,READY,2.37,1.39,122.65,0.65,241.50
2026-02-03 11:50:10.698,8.57,116.65,READY,1.88,0.53,110.19,0.56,241.50
2026-02-03 11:50:10.826,8.87,112.73,READY,2.31,0.63,106.15,0.70,241.50
2026-02-03 11:50:10.956,8.80,113.64,READY,2.05,0.60,107.57,0.55,241.50
2026-02-03 11:50:11.193,4.52,221.29,READY,7.15,109.55,100.88,0.56,241.50
2026-02-03 11:50:11.342,7.84,127.57,READY,1.54,0.69,119.95,1.13,241.43
2026-02-03 11:50:11.481,8.22,121.63,READY,2.02,0.57,115.61,0.58,241.43
2026-02-03 11:50:11.626,7.98,125.36,READY,2.01,0.65,118.31,0.60,241.43
2026-02-03 11:50:11.766,8.10,123.41,READY,2.36,0.87,115.83,0.54,241.50
2026-02-03 11:50:12.000,4.58,218.40,READY,2.16,112.12,100.54,0.55,241.50
2026-02-03 11:50:12.150,7.76,128.89,READY,1.98,1.78,121.96,0.68,241.50
2026-02-03 11:50:12.290,8.16,122.55,READY,2.24,0.82,114.96,0.57,241.50
2026-02-03 11:50:12.431,8.05,124.24,READY,2.30,0.61,116.68,0.55,241.50
2026-02-03 11:50:12.569,8.21,121.74,READY,2.36,0.59,113.99,0.54,241.50
2026-02-03 11:50:12.810,4.46,224.28,READY,2.63,113.91,104.34,0.52,241.50
2026-02-03 11:50:12.961,7.77,128.73,READY,1.96,1.45,121.50,0.71,241.50
2026-02-03 11:50:13.106,7.85,127.35,READY,2.31,0.51,120.97,0.60,241.50
2026-02-03 11:50:13.245,8.14,122.89,READY,2.00,1.57,115.38,0.61,241.50
2026-02-03 11:50:13.384,8.18,122.27,READY,2.21,1.30,115.52,0.58,241.50
2026-02-03 11:50:13.720,3.14,318.84,READY,1.94,212.42,101.40,0.58,241.50
2026-02-03 11:50:13.863,8.27,120.97,READY,2.42,1.40,113.38,0.79,241.50
2026-02-03 11:50:14.001,8.28,120.80,READY,2.41,0.91,113.84,0.54,241.50
2026-02-03 11:50:14.129,8.91,112.29,READY,2.29,1.26,105.80,0.56,241.50
2026-02-03 11:50:14.264,8.38,119.31,READY,2.24,1.30,112.94,0.55,241.50
2026-02-03 11:50:14.502,4.50,222.05,READY,2.21,114.95,102.18,0.55,241.50
2026-02-03 11:50:14.639,8.60,116.23,READY,1.33,1.53,109.65,0.56,241.50
2026-02-03 11:50:14.772,8.63,115.83,READY,2.17,0.82,109.88,0.54,241.50
2026-02-03 11:50:14.901,8.85,113.00,READY,2.41,1.17,106.31,0.56,241.50
2026-02-03 11:50:15.029,8.90,112.32,READY,2.25,1.26,106.02,0.55,241.50
2026-02-03 11:50:15.264,4.57,218.88,READY,2.35,111.87,101.89,0.61,241.50
2026-02-03 11:50:15.399,8.78,113.88,READY,1.49,1.41,107.60,0.56,241.50
2026-02-03 11:50:15.528,8.88,112.60,READY,2.13,1.08,106.25,0.58,241.50
2026-02-03 11:50:15.656,8.96,111.62,READY,2.21,0.96,105.35,0.68,241.50
2026-02-03 11:50:15.784,8.91,112.24,READY,2.18,0.92,105.94,0.60,241.50
2026-02-03 11:50:16.134,2.99,334.46,READY,2.34,222.77,106.46,0.60,241.50
2026-02-03 11:50:16.270,8.78,113.96,READY,1.61,1.43,107.54,0.57,241.50
2026-02-03 11:50:16.402,8.65,115.67,READY,2.39,1.42,106.96,0.83,241.50
2026-02-03 11:50:16.533,8.69,115.11,READY,2.61,0.86,107.39,0.57,241.50
2026-02-03 11:50:16.665,8.65,115.61,READY,2.42,1.17,108.09,0.61,241.50
2026-02-03 11:50:16.919,4.19,238.38,READY,2.39,120.07,111.80,0.63,241.50
2026-02-03 11:50:17.061,8.49,117.77,READY,3.45,1.70,108.82,0.57,241.50
2026-02-03 11:50:17.193,8.64,115.69,READY,5.08,1.10,106.43,0.57,241.50
2026-02-03 11:50:17.323,8.78,113.92,READY,2.17,0.79,107.87,0.55,241.50
2026-02-03 11:50:17.452,8.87,112.72,READY,2.25,1.25,106.55,0.55,241.50
2026-02-03 11:50:17.699,4.32,231.63,READY,2.29,115.48,110.71,0.72,241.50
2026-02-03 11:50:17.851,7.71,129.63,READY,2.32,1.57,121.37,0.56,241.50
2026-02-03 11:50:17.982,8.79,113.76,READY,2.19,1.26,107.23,0.59,241.50
2026-02-03 11:50:18.110,8.91,112.19,READY,2.44,0.96,105.68,0.60,241.50
2026-02-03 11:50:18.240,8.77,114.04,READY,3.84,1.17,106.19,0.59,241.50
2026-02-03 11:50:18.495,4.18,239.03,READY,5.25,117.51,111.62,1.15,241.50
2026-02-03 11:50:18.634,8.60,116.24,READY,1.56,1.14,109.33,0.63,241.50
2026-02-03 11:50:18.766,8.71,114.75,READY,1.94,0.59,109.32,0.59,241.50
2026-02-03 11:50:18.895,8.81,113.48,READY,2.03,0.53,107.20,0.58,241.50
2026-02-03 11:50:19.028,8.57,116.72,READY,1.92,0.59,111.19,0.67,241.50
2026-02-03 11:50:19.282,4.21,237.66,READY,2.33,130.44,101.96,0.51,241.50
2026-02-03 11:50:19.425,8.07,123.91,READY,2.08,0.66,117.82,0.55,241.50
2026-02-03 11:50:19.566,8.13,123.03,READY,2.01,1.00,116.22,0.55,241.50
2026-02-03 11:50:19.713,7.72,129.53,READY,3.40,0.78,122.17,0.56,241.50
2026-02-03 11:50:19.851,8.34,119.90,READY,2.18,0.92,113.09,0.72,241.50
2026-02-03 11:50:20.097,4.34,230.40,READY,3.03,122.50,102.02,0.56,241.50
2026-02-03 11:50:20.241,8.17,122.43,READY,1.66,1.36,115.35,0.70,241.50
2026-02-03 11:50:20.378,8.34,119.93,READY,2.82,1.18,112.03,0.56,241.50
2026-02-03 11:50:20.511,8.52,117.37,READY,2.39,0.64,110.13,0.60,241.50
2026-02-03 11:50:20.641,8.81,113.47,READY,2.07,1.08,106.01,0.54,241.50
2026-02-03 11:50:20.876,4.57,218.81,READY,2.08,111.61,100.95,0.56,241.50
2026-02-03 11:50:21.023,7.94,125.90,READY,1.93,1.63,118.18,0.68,241.50
2026-02-03 11:50:21.157,8.57,116.67,READY,2.39,0.64,109.61,0.59,241.50
2026-02-03 11:50:21.285,8.91,112.20,READY,2.09,0.52,105.49,0.62,241.50
2026-02-03 11:50:21.417,8.61,116.17,READY,2.19,0.48,109.39,0.57,241.50
2026-02-03 11:50:21.652,4.56,219.39,READY,2.13,112.27,100.99,0.56,241.50
2026-02-03 11:50:21.799,7.99,125.14,READY,1.80,1.32,117.74,0.76,241.50
2026-02-03 11:50:21.937,8.32,120.18,READY,2.39,0.62,113.67,0.56,241.50
2026-02-03 11:50:22.067,8.78,113.89,READY,2.08,0.47,107.12,0.59,241.50
2026-02-03 11:50:22.196,8.86,112.92,READY,2.07,0.70,106.52,0.58,241.50
2026-02-03 11:50:22.431,4.55,219.85,READY,2.03,111.31,102.24,0.55,241.50
2026-02-03 11:50:22.576,8.10,123.51,READY,1.73,1.45,116.10,0.67,241.50
2026-02-03 11:50:22.712,8.46,118.26,READY,2.54,0.76,112.39,0.56,241.50
2026-02-03 11:50:22.844,8.59,116.39,READY,2.36,1.62,108.33,0.60,241.50
2026-02-03 11:50:22.977,8.59,116.38,READY,3.09,1.09,108.00,0.58,241.50
2026-02-03 11:50:23.212,4.56,219.38,READY,2.10,113.06,100.08,0.56,241.50
2026-02-03 11:50:23.350,8.48,117.92,READY,1.36,0.57,112.97,0.75,241.50
2026-02-03 11:50:23.487,8.38,119.31,READY,2.42,1.12,112.24,0.59,241.50
2026-02-03 11:50:23.616,8.88,112.62,READY,2.04,0.53,106.85,0.59,241.50
2026-02-03 11:50:23.744,8.87,112.75,READY,2.34,1.18,104.95,0.56,241.50
2026-02-03 11:50:23.980,4.55,219.69,READY,2.29,111.75,101.31,0.58,241.50
2026-02-03 11:50:24.115,8.35,119.82,READY,2.40,1.11,112.00,0.74,241.50
2026-02-03 11:50:24.245,8.83,113.27,READY,2.49,0.72,107.03,0.62,241.50
2026-02-03 11:50:24.374,8.86,112.88,READY,5.11,0.70,104.49,0.57,241.50
2026-02-03 11:50:24.511,8.26,121.01,READY,9.37,1.93,106.07,0.61,241.50
2026-02-03 11:50:24.744,4.61,216.93,READY,3.52,110.25,99.73,0.57,241.50
2026-02-03 11:50:24.887,8.23,121.56,READY,1.58,1.32,114.55,0.82,241.50
2026-02-03 11:50:25.021,8.53,117.23,READY,2.21,0.93,109.71,0.65,241.50
2026-02-03 11:50:25.149,8.91,112.25,READY,1.95,0.52,105.73,0.58,241.50
2026-02-03 11:50:25.278,8.86,112.83,READY,5.26,0.59,104.43,0.57,241.50
2026-02-03 11:50:25.517,4.48,223.38,READY,1.95,116.16,101.62,0.64,241.50
2026-02-03 11:50:25.664,7.72,129.51,READY,1.37,1.23,121.36,0.76,241.50
2026-02-03 11:50:25.797,8.65,115.62,READY,1.91,0.86,109.95,0.56,241.50
2026-02-03 11:50:25.932,8.44,118.48,READY,3.14,0.68,111.25,0.56,241.50
2026-02-03 11:50:26.067,8.75,114.26,READY,1.32,1.37,108.16,0.58,241.50
2026-02-03 11:50:26.302,4.55,219.62,READY,2.28,112.78,100.55,0.56,241.50
2026-02-03 11:50:26.445,8.20,121.95,READY,2.01,1.45,114.55,0.69,241.50
2026-02-03 11:50:26.579,8.57,116.72,READY,2.28,1.21,109.47,0.60,241.50
2026-02-03 11:50:26.709,8.78,113.92,READY,2.01,1.02,106.58,0.55,241.50
2026-02-03 11:50:26.838,8.86,112.81,READY,2.00,0.48,106.40,0.53,241.50
2026-02-03 11:50:27.083,4.37,228.69,READY,1.97,123.38,100.68,0.58,241.50
2026-02-03 11:50:27.225,8.27,120.98,READY,1.40,1.37,114.35,0.68,241.50
2026-02-03 11:50:27.359,8.57,116.67,READY,2.61,0.68,110.46,0.85,241.50
2026-02-03 11:50:27.489,8.74,114.40,READY,2.31,0.78,108.12,0.57,241.50
2026-02-03 11:50:27.617,8.89,112.46,READY,2.27,0.52,105.63,0.56,241.50
2026-02-03 11:50:27.852,4.58,218.52,READY,2.26,111.60,101.99,0.55,241.50
2026-02-03 11:50:27.995,8.19,122.03,READY,1.43,1.31,114.94,0.68,241.50
2026-02-03 11:50:28.128,8.64,115.68,READY,2.40,0.55,108.09,0.56,241.50
2026-02-03 11:50:28.256,8.93,111.93,READY,2.21,0.82,104.44,0.53,241.50
2026-02-03 11:50:28.385,8.82,113.44,READY,2.18,0.89,105.97,0.57,241.50
2026-02-03 11:50:28.619,4.59,217.64,READY,2.23,111.32,99.72,0.91,241.50
2026-02-03 11:50:28.759,8.38,119.38,READY,1.36,1.38,112.72,0.77,241.50
2026-02-03 11:50:28.894,8.50,117.61,READY,2.45,0.62,110.22,0.59,241.50
2026-02-03 11:50:29.024,8.80,113.65,READY,2.20,0.74,107.29,0.54,241.50
2026-02-03 11:50:29.153,8.81,113.50,READY,2.24,1.10,105.93,0.53,241.50
2026-02-03 11:50:29.389,4.53,220.62,READY,2.30,113.08,101.05,0.65,241.50
2026-02-03 11:50:29.534,7.86,127.23,READY,1.34,1.31,118.95,0.63,241.50
2026-02-03 11:50:29.669,8.55,117.03,READY,2.33,0.68,109.21,0.70,241.50
2026-02-03 11:50:29.799,8.79,113.82,READY,2.26,0.66,106.72,0.55,241.50
2026-02-03 11:50:29.930,8.66,115.50,READY,2.18,0.67,108.05,0.63,241.50
2026-02-03 11:50:30.166,4.56,219.38,READY,2.15,112.57,101.22,0.57,241.50
2026-02-03 11:50:30.307,8.33,120.08,READY,1.32,1.40,114.25,0.68,241.50
2026-02-03 11:50:30.445,8.24,121.32,READY,2.67,0.54,113.70,0.61,241.50
2026-02-03 11:50:30.577,8.68,115.27,READY,2.20,1.11,108.37,0.56,241.50
2026-02-03 11:50:30.706,8.81,113.49,READY,2.13,0.85,106.93,0.60,241.50
2026-02-03 11:50:30.950,4.37,228.66,READY,2.32,121.79,100.58,0.61,241.50
2026-02-03 11:50:31.093,8.25,121.25,READY,1.24,1.47,114.57,0.71,241.50
2026-02-03 11:50:31.228,8.47,118.04,READY,2.45,1.17,109.75,0.53,241.50
2026-02-03 11:50:31.357,8.80,113.62,READY,2.06,0.88,106.46,0.55,241.50
2026-02-03 11:50:31.491,8.49,117.85,READY,1.61,0.67,109.12,0.57,241.50
2026-02-03 11:50:31.732,4.44,225.42,READY,2.20,114.31,104.87,0.57,241.50
2026-02-03 11:50:31.882,7.81,128.06,READY,1.55,1.95,118.98,0.66,241.50
2026-02-03 11:50:32.016,8.56,116.85,READY,2.29,0.70,109.70,0.56,241.50
2026-02-03 11:50:32.146,8.80,113.66,READY,2.10,0.72,106.80,0.56,241.50
2026-02-03 11:50:32.278,8.64,115.78,READY,2.20,0.81,107.99,0.54,241.50
2026-02-03 11:50:32.517,4.56,219.14,READY,2.20,112.00,101.50,0.56,241.50
2026-02-03 11:50:32.658,8.32,120.23,READY,1.32,1.55,114.17,0.67,241.50
2026-02-03 11:50:32.793,8.52,117.39,READY,1.73,0.66,110.79,0.55,241.50
2026-02-03 11:50:32.938,7.84,127.48,READY,4.08,2.13,117.43,0.65,241.50
2026-02-03 11:50:33.078,8.08,123.82,READY,2.21,0.59,117.38,0.64,241.50
2026-02-03 11:50:33.320,4.44,225.30,READY,2.18,112.93,106.61,0.55,241.50
2026-02-03 11:50:33.469,7.87,127.00,READY,1.62,1.70,119.12,0.66,241.50
2026-02-03 11:50:33.607,8.30,120.47,READY,2.46,0.68,113.32,0.59,241.50
2026-02-03 11:50:33.736,8.88,112.67,READY,2.44,1.12,105.75,0.58,241.50
2026-02-03 11:50:33.864,8.88,112.66,READY,2.14,1.05,105.38,0.57,241.50
2026-02-03 11:50:34.104,4.48,223.45,READY,1.85,118.06,100.06,0.57,241.50
2026-02-03 11:50:34.252,7.98,125.36,READY,3.18,1.39,116.97,0.75,241.50
2026-02-03 11:50:34.386,8.52,117.42,READY,1.75,0.60,112.28,0.58,241.50
2026-02-03 11:50:34.521,8.47,118.05,READY,4.55,1.52,107.99,0.55,241.50
2026-02-03 11:50:34.648,8.95,111.69,READY,1.87,0.60,105.18,0.56,241.50
2026-02-03 11:50:34.883,4.58,218.46,READY,3.70,111.06,100.15,0.54,241.50
2026-02-03 11:50:35.026,8.22,121.61,READY,1.70,1.39,114.62,0.69,241.50
2026-02-03 11:50:35.160,8.54,117.12,READY,2.39,1.08,109.23,0.70,241.50
2026-02-03 11:50:35.289,8.86,112.91,READY,2.07,0.89,105.34,0.55,241.50
2026-02-03 11:50:35.417,8.87,112.71,READY,2.01,0.48,105.55,0.58,241.50
2026-02-03 11:50:35.655,4.53,220.84,READY,2.19,114.33,100.41,0.56,241.50
2026-02-03 11:50:35.796,8.35,119.77,READY,1.27,1.31,113.72,0.70,241.50
2026-02-03 11:50:35.931,8.49,117.75,READY,1.86,1.21,110.16,0.55,241.50
2026-02-03 11:50:36.063,8.70,114.96,READY,1.90,0.58,109.18,0.58,241.50
2026-02-03 11:50:36.193,9.09,110.02,READY,1.46,0.73,105.24,0.55,241.50
2026-02-03 11:50:36.438,4.37,228.64,READY,1.81,121.70,101.15,0.54,241.50
2026-02-03 11:50:36.583,8.05,124.22,READY,1.32,1.65,117.12,0.76,241.50
2026-02-03 11:50:36.718,8.52,117.44,READY,2.24,0.51,110.44,0.82,241.50
2026-02-03 11:50:36.847,8.87,112.73,READY,1.93,0.69,106.87,0.57,241.50
2026-02-03 11:50:36.978,8.74,114.46,READY,5.14,0.70,105.64,0.54,241.50
2026-02-03 11:50:37.219,4.45,224.91,READY,6.14,115.25,100.81,0.54,241.50
2026-02-03 11:50:37.359,8.41,118.87,READY,1.25,1.00,113.47,0.71,241.50
2026-02-03 11:50:37.492,8.57,116.65,READY,2.52,0.73,108.59,0.57,241.50
2026-02-03 11:50:37.622,8.80,113.61,READY,1.84,1.15,106.70,0.72,241.50
2026-02-03 11:50:37.750,8.93,112.02,READY,1.77,0.99,106.28,0.56,241.50
2026-02-03 11:50:37.985,4.57,218.75,READY,2.28,112.51,100.62,0.56,241.50
2026-02-03 11:50:38.129,8.15,122.73,READY,2.07,1.56,115.57,0.67,241.50
2026-02-03 11:50:38.261,8.65,115.60,READY,2.72,1.07,108.67,0.54,241.50
2026-02-03 11:50:38.390,8.89,112.53,READY,2.22,0.70,106.92,0.58,241.50
2026-02-03 11:50:38.518,8.95,111.76,READY,2.03,0.66,105.60,0.57,241.50
2026-02-03 11:50:38.760,4.42,226.18,READY,2.04,120.11,100.47,0.55,241.50
2026-02-03 11:50:38.903,8.18,122.20,READY,1.33,0.58,117.21,0.77,241.50
2026-02-03 11:50:39.039,8.40,119.00,READY,2.05,1.14,112.17,0.55,241.50
2026-02-03 11:50:39.167,8.94,111.81,READY,1.48,0.51,106.25,0.65,241.50
2026-02-03 11:50:39.299,8.65,115.57,READY,1.91,0.98,108.36,0.58,241.50
2026-02-03 11:50:39.538,4.46,224.08,READY,2.31,119.01,100.03,0.59,241.50
2026-02-03 11:50:39.683,8.14,122.92,READY,1.97,1.36,115.35,1.04,241.50
2026-02-03 11:50:39.820,8.34,119.87,READY,1.34,0.71,114.70,1.11,241.50
2026-02-03 11:50:39.951,8.68,115.23,READY,2.48,0.64,107.60,0.68,241.50
2026-02-03 11:50:40.080,8.81,113.56,READY,2.53,0.86,105.62,0.58,241.50
2026-02-03 11:50:40.313,4.61,216.73,READY,2.44,110.44,99.70,0.57,241.50
2026-02-03 11:50:40.458,8.11,123.32,READY,1.78,1.44,116.13,0.70,241.50
2026-02-03 11:50:40.590,8.70,114.97,READY,2.16,0.85,108.78,0.54,241.50
2026-02-03 11:50:40.720,8.73,114.53,READY,2.51,0.99,107.95,0.56,241.50
2026-02-03 11:50:40.852,8.67,115.29,READY,2.24,1.07,109.03,0.55,241.50
2026-02-03 11:50:41.093,4.44,225.05,READY,2.24,116.39,103.58,0.60,241.50
2026-02-03 11:50:41.247,7.63,131.06,READY,3.41,1.40,121.57,0.75,241.50
2026-02-03 11:50:41.385,8.69,115.07,READY,2.54,0.73,109.13,0.58,241.50
2026-02-03 11:50:41.518,8.68,115.23,READY,2.34,0.79,107.84,0.55,241.50
2026-02-03 11:50:41.646,8.90,112.33,READY,2.47,0.64,104.88,0.55,241.50
2026-02-03 11:50:41.888,4.42,226.08,READY,7.62,109.71,105.02,0.56,241.50
2026-02-03 11:50:42.033,8.21,121.83,READY,2.06,1.17,114.87,0.70,241.50
2026-02-03 11:50:42.165,8.71,114.75,READY,1.96,0.55,108.55,0.58,241.50
2026-02-03 11:50:42.295,8.74,114.39,READY,1.97,0.58,109.01,0.64,241.50
2026-02-03 11:50:42.425,8.74,114.38,READY,1.92,0.99,107.12,0.56,241.50
2026-02-03 11:50:42.663,4.54,220.31,READY,3.27,113.85,100.30,0.58,241.50
2026-02-03 11:50:42.806,8.21,121.74,READY,1.31,1.34,115.11,0.67,241.50
2026-02-03 11:50:42.939,8.58,116.50,READY,2.23,1.06,108.76,0.60,241.50
2026-02-03 11:50:43.068,8.86,112.90,READY,1.98,1.02,105.83,0.58,241.50
2026-02-03 11:50:43.198,8.79,113.78,READY,1.99,0.69,108.10,0.60,241.50
2026-02-03 11:50:43.436,4.50,222.23,READY,2.01,110.42,106.23,0.52,241.50
2026-02-03 11:50:43.583,8.04,124.41,READY,1.58,1.46,115.38,0.71,241.50
2026-02-03 11:50:43.717,8.54,117.13,READY,2.19,0.98,109.66,0.56,241.50
2026-02-03 11:50:43.846,8.84,113.10,READY,1.97,0.59,106.41,0.55,241.50
2026-02-03 11:50:43.975,8.86,112.90,READY,2.00,0.53,106.70,0.62,241.50
2026-02-03 11:50:44.214,4.47,223.91,READY,1.96,117.26,101.39,0.61,241.50
2026-02-03 11:50:44.351,8.55,116.94,READY,1.96,0.64,110.60,1.06,241.50
2026-02-03 11:50:44.488,8.38,119.35,READY,2.32,0.83,111.86,0.61,241.50
2026-02-03 11:50:44.620,8.62,116.05,READY,2.04,0.54,110.16,0.59,241.50
2026-02-03 11:50:44.752,8.61,116.10,READY,1.99,0.67,110.20,0.61,241.50
2026-02-03 11:50:44.986,4.58,218.19,READY,2.00,112.94,100.28,0.55,241.50
2026-02-03 11:50:45.129,8.18,122.31,READY,1.80,1.32,115.41,0.68,241.50
2026-02-03 11:50:45.264,8.52,117.33,READY,2.22,0.64,111.05,0.61,241.50
2026-02-03 11:50:45.411,7.67,130.40,READY,2.16,1.91,121.50,0.55,241.50
2026-02-03 11:50:45.553,8.00,124.94,READY,1.99,0.55,117.94,0.56,241.50
2026-02-03 11:50:45.794,4.44,225.21,READY,2.56,112.31,105.75,0.68,241.50
2026-02-03 11:50:45.930,8.39,119.23,READY,2.00,0.96,112.90,0.69,241.50
2026-02-03 11:50:46.062,8.59,116.42,READY,2.67,1.30,109.03,0.62,241.50
2026-02-03 11:50:46.190,8.94,111.83,READY,2.38,1.06,105.27,0.55,241.50
2026-02-03 11:50:46.317,8.96,111.57,READY,2.32,1.03,105.24,0.55,241.50
2026-02-03 11:50:46.550,4.63,216.13,READY,2.14,110.92,100.15,0.54,241.50
2026-02-03 11:50:46.691,8.31,120.38,READY,1.39,1.23,113.90,0.69,241.50
2026-02-03 11:50:46.825,8.58,116.49,READY,2.19,0.62,110.77,0.59,241.50
2026-02-03 11:50:46.955,8.77,114.05,READY,2.28,0.52,107.07,0.67,241.50
2026-02-03 11:50:47.083,8.86,112.87,READY,1.97,1.38,105.28,0.58,241.50
2026-02-03 11:50:47.421,3.11,321.11,READY,2.18,216.09,99.85,0.54,241.50
2026-02-03 11:50:47.566,8.08,123.75,READY,1.46,1.47,116.14,1.57,241.50
2026-02-03 11:50:47.705,8.20,121.96,READY,2.22,1.24,113.99,0.55,241.50
2026-02-03 11:50:47.835,8.76,114.12,READY,2.00,0.58,107.47,0.59,241.50
2026-02-03 11:50:47.965,8.75,114.32,READY,2.01,1.04,106.97,0.58,241.50
2026-02-03 11:50:48.201,4.55,219.72,READY,2.03,111.14,102.41,0.64,241.50
2026-02-03 11:50:48.344,8.19,122.13,READY,1.38,1.46,116.02,0.73,241.50
2026-02-03 11:50:48.479,8.55,116.97,READY,1.57,1.03,111.00,0.60,241.50
2026-02-03 11:50:48.611,8.69,115.12,READY,2.58,0.58,107.70,0.57,241.50
2026-02-03 11:50:48.744,8.60,116.25,READY,2.31,0.72,108.95,0.55,241.50
2026-02-03 11:50:48.979,4.55,219.79,READY,2.04,112.16,103.01,0.58,241.50
2026-02-03 11:50:49.125,8.05,124.26,READY,1.67,1.56,117.77,0.63,241.50
2026-02-03 11:50:49.263,8.30,120.55,READY,2.56,1.06,113.08,0.57,241.50
2026-02-03 11:50:49.392,8.84,113.17,READY,2.14,0.51,106.33,0.55,241.50
2026-02-03 11:50:49.521,8.81,113.48,READY,2.10,1.09,106.21,0.57,241.50
2026-02-03 11:50:49.865,3.05,327.42,READY,2.30,220.98,100.38,0.54,241.50
2026-02-03 11:50:50.007,8.31,120.35,READY,1.53,1.36,113.93,0.74,241.50
2026-02-03 11:50:50.141,8.56,116.87,READY,2.31,0.87,109.32,0.60,241.50
2026-02-03 11:50:50.270,8.86,112.88,READY,2.08,0.51,106.14,0.57,241.50
2026-02-03 11:50:50.398,8.92,112.06,READY,2.54,0.65,105.37,0.56,241.50
2026-02-03 11:50:50.637,4.47,223.65,READY,2.36,117.64,100.08,0.55,241.50
2026-02-03 11:50:50.781,8.20,121.95,READY,1.34,1.42,115.19,0.70,241.50
2026-02-03 11:50:50.916,8.47,118.00,READY,2.54,0.87,110.65,0.58,241.50
2026-02-03 11:50:51.044,8.87,112.71,READY,2.09,1.19,105.78,0.57,241.50
2026-02-03 11:50:51.174,8.76,114.13,READY,2.16,0.75,107.77,0.64,241.50
2026-02-03 11:50:51.409,4.58,218.48,READY,2.09,112.84,100.15,0.55,241.50
2026-02-03 11:50:51.553,8.16,122.62,READY,1.35,1.23,116.20,0.69,241.50
2026-02-03 11:50:51.686,8.63,115.89,READY,2.39,0.75,109.29,0.56,241.50
2026-02-03 11:50:51.813,8.96,111.65,READY,2.20,0.50,105.50,0.54,241.50
2026-02-03 11:50:51.943,8.82,113.39,READY,2.42,0.79,107.20,0.60,241.50
2026-02-03 11:50:52.179,4.54,220.21,READY,2.22,115.39,99.70,0.55,241.50
2026-02-03 11:50:52.316,8.47,118.06,READY,2.50,0.72,112.08,0.64,241.50
2026-02-03 11:50:52.452,8.40,119.01,READY,2.39,0.88,111.91,0.54,241.50
2026-02-03 11:50:52.582,8.77,113.98,READY,2.31,1.12,106.67,0.60,241.50
2026-02-03 11:50:52.715,8.58,116.50,READY,4.42,1.48,107.33,0.59,241.50
2026-02-03 11:50:52.955,4.45,224.65,READY,2.29,115.53,101.55,1.47,241.50
2026-02-03 11:50:53.094,8.51,117.56,READY,1.44,0.64,112.81,0.66,241.50
2026-02-03 11:50:53.230,8.43,118.66,READY,2.61,1.44,109.81,0.62,241.50
2026-02-03 11:50:53.361,8.63,115.83,READY,2.50,0.77,108.45,0.58,241.50
2026-02-03 11:50:53.493,8.66,115.51,READY,2.36,0.74,108.05,0.58,241.50
2026-02-03 11:50:53.730,4.53,220.73,READY,2.34,114.08,100.10,0.57,241.50
2026-02-03 11:50:53.871,8.31,120.29,READY,1.31,1.20,113.95,1.06,241.50
2026-02-03 11:50:54.006,8.52,117.42,READY,2.18,1.33,110.90,0.55,241.50
2026-02-03 11:50:54.136,8.75,114.23,READY,2.32,1.06,107.89,0.55,241.50
2026-02-03 11:50:54.265,8.85,112.96,READY,2.02,1.09,106.60,0.76,241.50
2026-02-03 11:50:54.501,4.53,220.84,READY,2.01,115.69,100.15,0.58,241.50
2026-02-03 11:50:54.639,8.63,115.83,READY,1.53,0.57,110.95,0.67,241.50
2026-02-03 11:50:54.779,8.20,122.01,READY,2.53,1.30,113.73,0.56,241.50
2026-02-03 11:50:54.909,8.76,114.10,READY,2.29,0.93,106.87,0.55,241.50
2026-02-03 11:50:55.040,8.74,114.40,READY,2.18,0.99,106.84,0.58,241.50
2026-02-03 11:50:55.277,4.52,221.05,READY,2.23,113.44,100.87,0.60,241.50
2026-02-03 11:50:55.417,8.32,120.15,READY,1.63,1.14,114.16,0.69,241.50
2026-02-03 11:50:55.562,7.85,127.34,READY,2.09,1.23,120.08,0.54,241.50
2026-02-03 11:50:55.691,8.86,112.81,READY,2.38,0.71,105.97,0.82,241.50
2026-02-03 11:50:55.819,8.89,112.46,READY,2.11,0.78,105.99,0.55,241.50
2026-02-03 11:50:56.002,5.98,167.28,PRE_ADJUST,1.87,114.04,48.11,0.61,241.50
2026-02-03 11:50:56.226,4.92,203.37,PRE_ADJUST,1.32,0.11,198.10,0.60,241.50
2026-02-03 11:50:56.441,5.20,192.14,PRE_ADJUST,1.81,0.08,187.37,0.87,241.50
2026-02-03 11:50:56.655,5.22,191.62,PRE_ADJUST,1.64,0.12,187.08,0.73,241.50
2026-02-03 11:50:56.889,4.73,211.20,PRE_ADJUST,2.21,0.08,202.36,0.59,241.50
2026-02-03 11:50:57.103,5.22,191.58,PRE_ADJUST,1.57,0.11,187.05,0.58,241.50
2026-02-03 11:50:57.326,5.03,198.70,PRE_ADJUST,1.33,0.12,194.33,0.56,241.50
2026-02-03 11:50:57.554,5.08,197.02,PRE_ADJUST,2.35,0.11,191.88,0.56,241.50
2026-02-03 11:50:57.777,5.08,196.76,PRE_ADJUST,2.88,0.11,189.84,0.58,241.50
2026-02-03 11:50:58.018,4.72,211.99,PRE_ADJUST,4.17,0.12,202.80,0.57,241.50
2026-02-03 11:50:58.255,4.75,210.39,PRE_ADJUST,3.10,0.11,203.14,0.56,241.50
2026-02-03 11:50:58.499,4.68,213.77,PRE_ADJUST,2.82,0.11,206.92,0.55,241.50
2026-02-03 11:50:58.735,4.83,207.23,PRE_ADJUST,2.87,0.30,200.18,0.94,241.50
2026-02-03 11:50:58.986,4.51,221.57,PRE_ADJUST,2.81,0.12,214.64,0.59,241.50
2026-02-03 11:50:59.225,4.79,208.80,PRE_ADJUST,3.82,0.10,201.41,0.69,241.50
2026-02-03 11:50:59.480,4.48,223.29,PRE_ADJUST,5.39,0.29,213.53,0.57,241.50
2026-02-03 11:50:59.722,4.66,214.64,PRE_ADJUST,3.01,0.11,207.54,0.69,241.50
2026-02-03 11:50:59.956,5.02,199.20,PRE_ADJUST,4.22,0.11,191.48,0.55,241.50
2026-02-03 11:51:00.191,4.81,207.96,PRE_ADJUST,3.00,0.15,200.10,0.56,241.50
2026-02-03 11:51:00.418,5.01,199.73,PRE_ADJUST,2.79,0.14,192.38,0.78,241.50
2026-02-03 11:51:00.659,4.73,211.48,PRE_ADJUST,4.50,0.11,201.59,0.60,241.50
2026-02-03 11:51:00.896,4.78,209.24,PRE_ADJUST,3.46,0.11,200.91,0.60,241.50
2026-02-03 11:51:01.123,4.98,200.69,PRE_ADJUST,2.79,0.14,193.40,0.71,241.50
2026-02-03 11:51:01.357,4.86,205.69,PRE_ADJUST,2.92,0.16,198.63,0.58,241.50
2026-02-03 11:51:01.588,4.92,203.19,PRE_ADJUST,2.94,0.11,195.68,0.64,241.50
2026-02-03 11:51:01.815,5.03,198.80,PRE_ADJUST,3.30,0.09,190.67,0.59,241.50
2026-02-03 11:51:02.046,4.93,202.97,PRE_ADJUST,3.65,0.12,195.24,0.73,241.50
2026-02-03 11:51:02.275,5.03,198.69,PRE_ADJUST,5.09,0.10,190.10,0.58,241.50
2026-02-03 11:51:02.499,5.08,196.91,PRE_ADJUST,3.18,0.12,189.22,0.67,241.50
2026-02-03 11:51:02.734,4.86,205.89,PRE_ADJUST,3.82,0.14,197.04,0.57,241.50
2026-02-03 11:51:02.825,15.42,64.84,ADJUST,2.95,0.43,57.37,0.61,241.50
2026-02-03 11:51:03.172,3.12,320.04,ADJUST,20.63,112.49,182.09,0.66,241.50
2026-02-03 11:51:03.401,5.02,199.09,ADJUST,4.25,1.72,189.50,0.61,241.50
2026-02-03 11:51:03.607,5.29,189.10,ADJUST,2.14,0.92,182.43,0.83,241.50
2026-02-03 11:51:03.815,5.21,192.04,ADJUST,1.68,0.89,186.36,0.80,241.50
2026-02-03 11:51:04.028,5.07,197.41,ADJUST,2.42,1.49,188.72,0.82,241.50
2026-02-03 11:51:04.342,3.36,297.87,ADJUST,1.76,116.99,176.01,0.62,241.50
2026-02-03 11:51:04.559,5.15,194.21,ADJUST,1.36,1.94,187.76,0.79,241.50
2026-02-03 11:51:04.779,4.94,202.59,ADJUST,2.39,1.54,195.04,0.61,241.50
2026-02-03 11:51:04.988,5.18,193.03,ADJUST,2.03,1.05,186.61,0.55,241.50
2026-02-03 11:51:05.191,5.34,187.20,ADJUST,2.04,1.18,180.65,0.99,241.50
2026-02-03 11:51:05.431,4.47,223.86,ADJUST,2.02,114.04,104.68,0.58,241.50
2026-02-03 11:51:05.583,7.64,130.96,ADJUST,1.44,1.64,122.90,0.70,241.50
2026-02-03 11:51:05.725,8.05,124.16,ADJUST,5.09,1.18,113.63,0.54,241.50
2026-02-03 11:51:05.858,8.52,117.43,ADJUST,1.51,1.41,110.14,0.53,241.50
2026-02-03 11:51:05.994,8.36,119.67,ADJUST,2.16,1.15,112.30,0.56,241.50
2026-02-03 11:51:06.236,4.42,226.35,ADJUST,2.37,115.21,104.58,0.59,241.50
2026-02-03 11:51:06.395,7.27,137.53,ADJUST,3.47,1.40,128.52,0.72,241.50
2026-02-03 11:51:06.535,8.22,121.71,ADJUST,2.35,1.41,112.35,0.64,241.50
2026-02-03 11:51:06.669,8.51,117.55,ADJUST,2.45,1.24,109.68,0.53,241.50
2026-02-03 11:51:06.803,8.45,118.37,ADJUST,2.35,1.07,110.93,0.58,241.50
2026-02-03 11:51:07.047,4.39,227.94,ADJUST,2.30,116.08,105.29,0.55,241.50
2026-02-03 11:51:07.189,7.93,126.16,ADJUST,2.06,1.04,119.33,0.69,241.50
2026-02-03 11:51:07.324,8.44,118.43,ADJUST,2.29,0.69,111.59,0.58,241.50
2026-02-03 11:51:07.458,8.42,118.76,ADJUST,2.11,1.31,111.06,0.63,241.50
2026-02-03 11:51:07.593,8.44,118.50,ADJUST,2.03,0.75,112.24,0.56,241.50
2026-02-03 11:51:07.837,4.38,228.45,ADJUST,2.26,114.85,107.07,0.52,241.50
2026-02-03 11:51:07.976,8.09,123.56,ADJUST,2.10,0.74,116.49,0.72,241.50
2026-02-03 11:51:08.113,8.33,119.99,ADJUST,2.47,1.49,111.84,0.55,241.50
2026-02-03 11:51:08.249,8.27,120.99,ADJUST,1.94,1.35,114.84,0.57,241.50
2026-02-03 11:51:08.390,8.03,124.56,ADJUST,2.21,0.75,118.48,0.56,241.50
2026-02-03 11:51:08.637,4.32,231.37,ADJUST,2.21,122.06,104.59,0.53,241.50
2026-02-03 11:51:08.785,7.90,126.55,ADJUST,1.68,1.57,119.89,0.67,241.50
2026-02-03 11:51:08.926,8.45,118.41,ADJUST,1.32,1.58,112.74,0.70,241.50
2026-02-03 11:51:09.062,8.33,120.01,ADJUST,2.32,1.01,112.39,0.55,241.50
2026-02-03 11:51:09.195,8.52,117.30,ADJUST,2.06,0.68,110.84,0.60,241.50
2026-02-03 11:51:09.434,4.47,223.51,ADJUST,1.94,113.27,104.23,0.58,241.50
2026-02-03 11:51:09.582,7.88,126.88,ADJUST,1.30,1.63,120.35,0.69,241.50
2026-02-03 11:51:09.722,8.34,119.92,ADJUST,2.05,1.32,113.60,0.54,241.50
2026-02-03 11:51:09.854,8.59,116.42,ADJUST,2.27,0.71,109.77,0.66,241.50
2026-02-03 11:51:09.988,8.49,117.81,ADJUST,2.05,0.98,112.13,0.57,241.50
2026-02-03 11:51:10.228,4.46,224.37,ADJUST,2.00,113.58,106.11,0.54,241.50
2026-02-03 11:51:10.374,8.01,124.77,ADJUST,1.32,1.38,119.22,0.54,241.50
2026-02-03 11:51:10.514,8.11,123.36,ADJUST,2.12,1.47,116.72,0.63,241.62
2026-02-03 11:51:10.647,8.54,117.16,ADJUST,1.98,0.73,110.95,0.55,241.62
2026-02-03 11:51:10.782,8.42,118.74,ADJUST,2.27,0.78,112.78,0.59,241.62
2026-02-03 11:51:11.022,4.46,224.31,ADJUST,2.00,113.33,105.42,0.59,241.62
2026-02-03 11:51:11.168,8.03,124.60,ADJUST,1.42,1.28,117.98,0.72,241.62
2026-02-03 11:51:11.306,8.26,121.07,ADJUST,1.83,0.67,114.74,1.28,241.62
2026-02-03 11:51:11.439,8.53,117.23,ADJUST,2.01,0.72,111.06,0.54,241.62
2026-02-03 11:51:11.574,8.41,118.87,ADJUST,2.03,1.26,111.42,0.59,241.62
2026-02-03 11:51:11.817,4.40,227.19,ADJUST,2.14,114.66,106.85,0.70,241.62
2026-02-03 11:51:11.964,7.98,125.39,ADJUST,1.35,1.50,118.65,0.71,241.62
2026-02-03 11:51:12.103,8.22,121.70,ADJUST,2.21,0.66,114.94,0.54,241.62
2026-02-03 11:51:12.241,8.48,117.98,ADJUST,1.43,0.85,113.09,0.53,241.62
2026-02-03 11:51:12.374,8.55,117.00,ADJUST,2.03,0.65,110.39,0.54,241.62
2026-02-03 11:51:12.617,4.40,227.29,ADJUST,1.99,115.74,106.15,0.57,241.62
2026-02-03 11:51:12.764,7.99,125.15,ADJUST,1.33,1.69,119.04,0.75,241.62
2026-02-03 11:51:12.902,8.23,121.49,ADJUST,1.95,1.58,113.59,0.57,241.62
2026-02-03 11:51:13.037,8.45,118.36,ADJUST,1.78,0.78,112.78,0.59,241.62
2026-02-03 11:51:13.170,8.54,117.10,ADJUST,2.11,0.59,110.06,0.55,241.62
2026-02-03 11:51:13.411,4.43,225.65,ADJUST,1.98,114.50,105.15,0.57,241.62
2026-02-03 11:51:13.571,7.25,137.84,ADJUST,3.12,1.71,126.86,0.80,241.62
2026-02-03 11:51:13.720,7.61,131.34,ADJUST,2.31,0.65,124.28,0.57,241.62
2026-02-03 11:51:13.866,7.72,129.58,ADJUST,1.97,0.64,122.39,0.64,241.62
2026-02-03 11:51:14.014,7.67,130.37,ADJUST,1.94,1.01,122.97,0.57,241.62
2026-02-03 11:51:14.269,4.23,236.41,ADJUST,1.96,122.29,107.83,0.55,241.62
2026-02-03 11:51:14.415,8.02,124.72,ADJUST,1.30,1.49,118.66,0.98,241.62
2026-02-03 11:51:14.555,8.15,122.72,ADJUST,2.28,1.10,115.11,0.58,241.62
2026-02-03 11:51:14.688,8.53,117.19,ADJUST,2.06,0.75,110.94,0.75,241.62
2026-02-03 11:51:14.820,8.57,116.74,ADJUST,2.38,0.72,110.92,0.54,241.62
2026-02-03 11:51:15.064,4.40,227.16,ADJUST,1.82,117.47,104.66,0.60,241.62
2026-02-03 11:51:15.215,7.78,128.58,ADJUST,3.16,1.70,119.86,0.68,241.62
2026-02-03 11:51:15.353,8.47,118.02,ADJUST,1.45,1.33,112.46,0.55,241.62
2026-02-03 11:51:15.487,8.47,118.07,ADJUST,2.16,1.25,110.60,0.61,241.62
2026-02-03 11:51:15.622,8.42,118.75,ADJUST,2.28,1.31,111.13,0.60,241.62
2026-02-03 11:51:15.844,4.86,205.78,TAKE_PICTURE,2.13,114.94,84.42,0.58,241.62
2026-02-03 11:51:16.050,5.42,184.40,TAKE_PICTURE,1.35,3.53,176.22,0.53,241.62
2026-02-03 11:51:16.247,5.71,175.07,TAKE_PICTURE,1.97,0.95,168.93,0.95,241.62
2026-02-03 11:51:16.443,5.77,173.40,TAKE_PICTURE,1.65,1.02,167.62,0.93,241.62
2026-02-03 11:51:16.649,5.46,183.04,TAKE_PICTURE,2.59,2.37,175.21,0.52,241.62
2026-02-03 11:51:16.958,3.50,285.72,TAKE_PICTURE,1.43,118.86,161.83,0.58,241.62
2026-02-03 11:51:17.154,5.77,173.22,TAKE_PICTURE,2.43,1.45,165.96,0.60,241.62
2026-02-03 11:51:17.357,5.37,186.14,TAKE_PICTURE,2.09,1.15,179.61,0.55,241.62
2026-02-03 11:51:17.552,5.61,178.13,TAKE_PICTURE,3.25,1.27,169.83,0.61,241.62
2026-02-03 11:51:17.742,5.84,171.26,TAKE_PICTURE,2.47,0.99,164.10,0.59,241.62
2026-02-03 11:51:18.043,3.50,285.88,TAKE_PICTURE,4.85,118.79,159.45,0.58,241.62
2026-02-03 11:51:18.253,5.36,186.62,TAKE_PICTURE,3.29,1.61,178.22,0.58,241.62
2026-02-03 11:51:18.441,5.84,171.19,TAKE_PICTURE,2.16,0.60,164.58,0.58,241.62
2026-02-03 11:51:18.629,5.82,171.87,TAKE_PICTURE,2.63,0.54,164.19,0.61,241.62
2026-02-03 11:51:18.816,5.84,171.10,TAKE_PICTURE,2.35,0.67,163.50,0.54,241.62
2026-02-03 11:51:19.111,3.58,279.46,TAKE_PICTURE,2.18,114.91,159.42,0.54,241.62
2026-02-03 11:51:19.317,5.40,185.26,TAKE_PICTURE,1.37,1.76,178.19,0.55,241.62
2026-02-03 11:51:19.509,5.72,174.85,TAKE_PICTURE,2.44,1.02,167.66,0.57,241.62
2026-02-03 11:51:19.698,5.82,171.93,TAKE_PICTURE,2.26,0.98,165.07,0.66,241.62
2026-02-03 11:51:19.887,5.78,172.92,TAKE_PICTURE,2.26,0.90,166.13,0.58,241.75
2026-02-03 11:51:20.189,3.50,286.11,TAKE_PICTURE,2.23,121.62,157.81,0.57,241.75
2026-02-03 11:51:20.394,5.46,183.27,TAKE_PICTURE,1.28,1.48,176.67,0.55,241.75
2026-02-03 11:51:20.583,5.81,172.15,TAKE_PICTURE,1.79,0.60,165.94,0.91,241.75
2026-02-03 11:51:20.773,5.75,173.91,TAKE_PICTURE,4.60,1.12,164.97,0.56,241.75
2026-02-03 11:51:20.976,5.33,187.56,TAKE_PICTURE,2.10,0.51,180.76,0.51,241.75
2026-02-03 11:51:21.281,3.48,287.18,TAKE_PICTURE,2.70,117.53,162.96,0.65,241.75
2026-02-03 11:51:21.500,5.07,197.29,TAKE_PICTURE,2.37,1.75,189.65,0.56,241.75
2026-02-03 11:51:21.711,5.18,192.94,TAKE_PICTURE,1.99,1.24,186.17,0.59,241.75
2026-02-03 11:51:21.911,5.42,184.65,TAKE_PICTURE,2.35,0.82,177.86,0.54,241.75
2026-02-03 11:51:22.122,5.18,193.05,TAKE_PICTURE,3.24,1.16,185.62,0.54,241.75
2026-02-03 11:51:22.425,3.49,286.78,TAKE_PICTURE,2.90,116.02,164.62,0.56,241.75
2026-02-03 11:51:22.630,5.35,186.75,TAKE_PICTURE,2.24,0.64,179.24,0.63,241.75
2026-02-03 11:51:22.819,5.84,171.29,TAKE_PICTURE,2.24,1.37,163.32,0.58,241.75
2026-02-03 11:51:23.015,5.53,180.88,TAKE_PICTURE,4.00,0.64,173.65,0.61,241.75
2026-02-03 11:51:23.201,5.88,170.04,TAKE_PICTURE,2.06,0.64,164.49,0.54,241.75
2026-02-03 11:51:23.497,3.57,279.94,TAKE_PICTURE,2.04,115.40,158.65,0.57,241.75
2026-02-03 11:51:23.702,5.45,183.38,TAKE_PICTURE,2.01,1.52,175.81,0.58,241.75
2026-02-03 11:51:23.890,5.82,171.74,TAKE_PICTURE,2.36,1.29,163.45,0.58,241.75
2026-02-03 11:51:24.075,5.91,169.12,TAKE_PICTURE,2.49,0.61,161.57,0.55,241.75
2026-02-03 11:51:24.261,5.90,169.43,TAKE_PICTURE,2.51,0.97,161.75,0.62,241.75
2026-02-03 11:51:24.556,3.58,279.01,TAKE_PICTURE,2.44,115.90,156.25,0.57,241.75
2026-02-03 11:51:24.761,5.44,183.80,TAKE_PICTURE,1.55,1.47,176.57,0.54,241.75
2026-02-03 11:51:24.951,5.76,173.57,TAKE_PICTURE,2.34,1.58,164.93,0.58,241.75
2026-02-03 11:51:25.140,5.81,172.16,TAKE_PICTURE,2.18,1.28,165.16,0.93,241.75
2026-02-03 11:51:25.332,5.68,176.16,TAKE_PICTURE,3.56,0.61,168.28,0.57,241.75
2026-02-03 11:51:25.623,3.64,275.09,TAKE_PICTURE,2.29,112.85,155.79,0.58,241.75
2026-02-03 11:51:25.827,5.46,183.13,TAKE_PICTURE,1.61,1.46,176.37,0.58,241.75
2026-02-03 11:51:26.016,5.78,172.88,TAKE_PICTURE,2.46,1.05,165.11,0.59,241.75
2026-02-03 11:51:26.204,5.83,171.62,TAKE_PICTURE,2.35,0.85,164.34,0.54,241.75
2026-02-03 11:51:26.391,5.84,171.17,TAKE_PICTURE,2.75,0.75,163.55,0.55,241.75
2026-02-03 11:51:26.695,3.47,288.18,TAKE_PICTURE,2.31,124.76,157.22,0.55,241.75
2026-02-03 11:51:26.899,5.48,182.45,TAKE_PICTURE,1.37,1.27,176.00,0.61,241.75
2026-02-03 11:51:27.090,5.73,174.63,TAKE_PICTURE,2.01,0.86,168.57,0.55,241.75
2026-02-03 11:51:27.276,5.88,170.09,TAKE_PICTURE,2.25,1.03,163.76,0.57,241.75
2026-02-03 11:51:27.463,5.84,171.19,TAKE_PICTURE,2.43,0.62,165.34,0.57,241.75
2026-02-03 11:51:27.716,4.21,237.27,TAKE_PICTURE,2.05,116.54,115.92,0.57,241.75
2026-02-03 11:51:27.883,6.88,145.34,TAKE_PICTURE,1.35,0.13,140.69,0.74,241.75
2026-02-03 11:51:28.045,7.23,138.31,TAKE_PICTURE,1.31,0.12,131.87,0.57,241.75
2026-02-03 11:51:28.200,7.55,132.45,TAKE_PICTURE,1.69,0.08,127.96,0.56,241.75
2026-02-03 11:51:28.356,7.52,132.97,TAKE_PICTURE,1.42,0.16,128.62,0.56,241.75
2026-02-03 11:51:28.509,7.66,130.54,TAKE_PICTURE,1.64,0.09,126.29,0.56,241.75
2026-02-03 11:51:28.681,6.76,147.95,TAKE_PICTURE,1.67,0.14,143.27,0.58,241.75
2026-02-03 11:51:28.841,7.18,139.21,TAKE_PICTURE,1.28,0.19,134.10,0.61,241.75
2026-02-03 11:51:28.999,7.41,134.99,TAKE_PICTURE,1.64,0.14,130.11,0.56,241.75
2026-02-03 11:51:29.158,7.26,137.69,TAKE_PICTURE,2.26,0.09,132.50,0.58,241.75
2026-02-03 11:51:29.322,7.07,141.52,TAKE_PICTURE,2.01,0.10,136.04,0.72,241.75
2026-02-03 11:51:29.488,7.03,142.19,TAKE_PICTURE,1.79,0.22,137.24,0.58,241.75
2026-02-03 11:51:29.648,7.32,136.53,TAKE_PICTURE,1.41,0.13,131.39,0.59,241.75
2026-02-03 11:51:29.803,7.54,132.66,TAKE_PICTURE,1.27,0.08,128.86,0.58,241.75
2026-02-03 11:51:29.959,7.49,133.44,TAKE_PICTURE,1.29,0.14,128.76,0.56,241.75
2026-02-03 11:51:30.134,6.58,151.96,TAKE_PICTURE,1.31,0.08,148.09,0.58,241.75
2026-02-03 11:51:30.291,7.46,134.08,TAKE_PICTURE,2.59,0.13,127.98,0.55,241.75
2026-02-03 11:51:30.447,7.54,132.60,TAKE_PICTURE,1.25,0.08,128.58,0.56,241.75
2026-02-03 11:51:30.602,7.53,132.81,TAKE_PICTURE,1.82,0.08,128.39,0.59,241.75
2026-02-03 11:51:30.760,7.39,135.35,TAKE_PICTURE,1.41,0.10,131.11,0.54,241.75
2026-02-03 11:51:30.925,7.00,142.79,TAKE_PICTURE,1.35,0.08,138.26,0.82,241.75
2026-02-03 11:51:31.096,6.81,146.92,TAKE_PICTURE,1.51,0.08,142.26,0.60,241.75
2026-02-03 11:51:31.266,6.83,146.45,TAKE_PICTURE,1.63,0.13,140.86,0.66,241.75
2026-02-03 11:51:31.437,6.88,145.34,TAKE_PICTURE,3.70,0.15,137.45,0.61,241.75
2026-02-03 11:51:31.618,6.45,155.11,TAKE_PICTURE,1.66,0.20,149.55,0.64,241.75
2026-02-03 11:51:31.785,6.98,143.23,TAKE_PICTURE,1.82,0.10,137.75,0.54,241.75
2026-02-03 11:51:31.951,7.03,142.33,TAKE_PICTURE,1.45,0.10,137.21,0.57,241.75
2026-02-03 11:51:32.117,7.11,140.73,TAKE_PICTURE,2.52,0.10,134.55,0.54,241.75
2026-02-03 11:51:32.302,6.42,155.65,TAKE_PICTURE,2.79,0.15,148.37,0.82,241.75
2026-02-03 11:51:32.465,7.15,139.89,TAKE_PICTURE,1.61,0.11,134.60,0.56,241.75
2026-02-03 11:51:32.627,7.25,137.94,TAKE_PICTURE,1.44,0.12,132.89,0.63,241.75
2026-02-03 11:51:32.795,6.96,143.62,TAKE_PICTURE,4.97,0.12,134.26,1.24,241.75
2026-02-03 11:51:32.953,7.42,134.69,TAKE_PICTURE,1.45,0.12,129.38,0.59,241.75
2026-02-03 11:51:33.106,7.64,130.94,TAKE_PICTURE,1.90,0.11,126.30,0.60,241.75
2026-02-03 11:51:33.259,7.71,129.71,TAKE_PICTURE,1.59,0.14,125.12,0.56,241.75
2026-02-03 11:51:33.420,7.23,138.30,TAKE_PICTURE,1.38,0.16,133.72,0.68,241.75
2026-02-03 11:51:33.574,7.69,130.08,TAKE_PICTURE,1.71,0.09,125.59,0.58,241.75
2026-02-03 11:51:33.727,7.64,130.85,TAKE_PICTURE,1.60,0.09,126.79,0.59,241.75
2026-02-03 11:51:33.878,7.83,127.70,TAKE_PICTURE,1.39,0.11,123.68,0.55,241.75
2026-02-03 11:51:34.042,7.14,139.96,TAKE_PICTURE,1.89,0.07,135.61,0.56,241.75
2026-02-03 11:51:34.194,7.72,129.54,TAKE_PICTURE,1.44,0.18,124.88,0.61,241.75
2026-02-03 11:51:34.347,7.66,130.58,TAKE_PICTURE,2.08,0.09,125.80,0.55,241.75
2026-02-03 11:51:34.509,7.17,139.52,TAKE_PICTURE,1.54,0.21,134.49,0.66,241.75
2026-02-03 11:51:34.667,7.58,131.92,TAKE_PICTURE,1.48,0.14,125.82,0.55,241.75
2026-02-03 11:51:34.824,7.23,138.30,TAKE_PICTURE,2.49,0.08,132.14,0.54,241.75
2026-02-03 11:51:34.940,10.58,94.50,PICTURE_COOLDOWN,3.25,7.46,80.33,0.54,241.75
2026-02-03 11:51:35.166,4.94,202.63,PICTURE_COOLDOWN,4.18,6.31,188.28,0.55,241.75
2026-02-03 11:51:35.379,5.26,190.26,PICTURE_COOLDOWN,1.46,6.20,179.74,0.58,241.75
2026-02-03 11:51:35.591,5.28,189.48,PICTURE_COOLDOWN,1.35,5.05,180.17,0.58,241.75
2026-02-03 11:51:35.813,5.04,198.25,PICTURE_COOLDOWN,1.48,6.24,187.65,0.56,241.75
2026-02-03 11:51:36.035,5.00,200.00,PICTURE_COOLDOWN,1.44,5.81,189.93,0.57,241.75
2026-02-03 11:51:36.248,5.28,189.48,PICTURE_COOLDOWN,1.42,4.54,180.85,0.63,241.75
2026-02-03 11:51:36.471,4.98,200.96,PICTURE_COOLDOWN,1.87,4.76,191.73,0.54,241.75
2026-02-03 11:51:36.691,5.04,198.36,PICTURE_COOLDOWN,2.09,3.69,188.48,0.90,241.75
2026-02-03 11:51:36.914,4.99,200.56,PICTURE_COOLDOWN,1.60,4.42,191.80,0.71,241.75
2026-02-03 11:51:37.140,5.06,197.61,PICTURE_COOLDOWN,1.52,5.48,187.73,0.56,241.75
2026-02-03 11:51:37.353,5.23,191.07,PICTURE_COOLDOWN,1.75,4.31,181.49,0.57,241.75
2026-02-03 11:51:37.579,4.96,201.47,PICTURE_COOLDOWN,1.85,4.25,192.42,0.60,241.75
2026-02-03 11:51:37.792,5.25,190.32,PICTURE_COOLDOWN,1.57,5.19,178.90,0.58,241.75
2026-02-03 11:51:38.003,5.31,188.23,PICTURE_COOLDOWN,1.93,3.71,179.82,0.56,241.75
2026-02-03 11:51:38.232,4.89,204.48,PICTURE_COOLDOWN,1.38,5.50,193.08,0.71,241.75
2026-02-03 11:51:38.444,5.29,189.00,PICTURE_COOLDOWN,1.57,3.96,180.98,0.58,241.75
2026-02-03 11:51:38.657,5.23,191.27,PICTURE_COOLDOWN,2.84,3.82,182.18,0.58,241.75
2026-02-03 11:51:38.886,4.85,206.30,PICTURE_COOLDOWN,1.44,6.56,194.59,0.58,241.75
2026-02-03 11:51:39.102,5.19,192.78,PICTURE_COOLDOWN,1.66,6.82,180.22,0.54,241.75
2026-02-03 11:51:39.314,5.28,189.35,PICTURE_COOLDOWN,1.48,6.30,178.01,0.55,241.75
2026-02-03 11:51:39.531,5.14,194.55,PICTURE_COOLDOWN,1.49,6.26,183.05,0.75,241.75
2026-02-03 11:51:39.755,5.03,198.99,PICTURE_COOLDOWN,1.99,5.28,188.73,0.58,241.75
2026-02-03 11:51:39.967,5.29,189.04,PICTURE_COOLDOWN,2.48,4.52,179.04,0.60,241.75
2026-02-03 11:51:40.180,5.25,190.48,PICTURE_COOLDOWN,1.51,6.11,179.30,0.54,241.75
2026-02-03 11:51:40.394,5.22,191.51,PICTURE_COOLDOWN,1.45,6.22,180.10,0.61,241.75
2026-02-03 11:51:40.621,4.95,201.85,PICTURE_COOLDOWN,1.60,7.74,187.68,1.16,241.75
2026-02-03 11:51:40.834,5.21,192.03,PICTURE_COOLDOWN,2.11,3.50,183.35,0.60,241.75
2026-02-03 11:51:41.057,4.98,200.80,PICTURE_COOLDOWN,2.12,4.53,191.45,0.58,241.75
2026-02-03 11:51:41.271,5.20,192.47,PICTURE_COOLDOWN,2.16,5.02,182.07,0.75,241.75
2026-02-03 11:51:41.477,5.44,183.66,PICTURE_COOLDOWN,2.22,0.08,178.11,0.59,241.75
2026-02-03 11:51:41.608,9.22,108.42,TAKE_PICTURE,1.44,0.28,103.98,0.73,241.75
2026-02-03 11:51:41.817,5.35,187.02,TAKE_PICTURE,1.94,1.51,179.67,0.60,241.75
2026-02-03 11:51:42.017,5.59,178.85,TAKE_PICTURE,2.45,1.19,171.12,0.57,241.75
2026-02-03 11:51:42.220,5.52,181.25,TAKE_PICTURE,2.55,0.92,173.71,0.59,241.75
2026-02-03 11:51:42.428,5.41,184.97,TAKE_PICTURE,1.53,2.18,178.28,0.58,241.75
2026-02-03 11:51:42.734,3.54,282.57,TAKE_PICTURE,1.76,114.39,162.37,0.59,241.75
2026-02-03 11:51:42.937,5.66,176.76,TAKE_PICTURE,1.41,0.79,171.14,0.60,241.75
2026-02-03 11:51:43.144,5.24,190.87,TAKE_PICTURE,3.19,1.02,183.58,0.56,241.75
2026-02-03 11:51:43.337,5.64,177.29,TAKE_PICTURE,1.88,0.77,171.75,0.55,241.75
2026-02-03 11:51:43.529,5.69,175.65,TAKE_PICTURE,2.31,1.12,168.43,0.53,241.75
2026-02-03 11:51:43.831,3.50,286.01,TAKE_PICTURE,2.45,118.41,161.24,0.54,241.75
2026-02-03 11:51:44.036,5.44,183.71,TAKE_PICTURE,1.48,1.48,176.67,0.54,241.75
2026-02-03 11:51:44.226,5.76,173.73,TAKE_PICTURE,2.25,0.88,166.37,0.66,241.75
2026-02-03 11:51:44.423,5.54,180.48,TAKE_PICTURE,2.27,1.02,173.26,0.62,241.75
2026-02-03 11:51:44.608,5.88,170.00,TAKE_PICTURE,1.34,1.07,162.12,0.55,241.75
2026-02-03 11:51:44.901,3.61,277.03,TAKE_PICTURE,2.38,111.54,158.90,0.57,241.75
2026-02-03 11:51:45.116,5.17,193.55,TAKE_PICTURE,1.32,1.35,187.11,0.58,241.75
2026-02-03 11:51:45.310,5.64,177.25,TAKE_PICTURE,2.23,0.65,170.34,0.61,241.75
2026-02-03 11:51:45.498,5.83,171.58,TAKE_PICTURE,2.40,0.74,165.03,0.56,241.75
2026-02-03 11:51:45.686,5.89,169.82,TAKE_PICTURE,1.73,0.75,162.98,0.57,241.75
2026-02-03 11:51:45.980,3.61,277.25,TAKE_PICTURE,2.30,114.50,157.21,0.57,241.75
2026-02-03 11:51:46.186,5.44,183.99,TAKE_PICTURE,1.62,1.44,177.23,0.58,241.75
2026-02-03 11:51:46.378,5.72,174.79,TAKE_PICTURE,2.29,0.99,167.09,0.54,241.75
2026-02-03 11:51:46.566,5.80,172.48,TAKE_PICTURE,2.26,1.08,165.14,0.55,241.75
2026-02-03 11:51:46.756,5.76,173.69,TAKE_PICTURE,2.30,0.91,166.58,0.61,241.75
2026-02-03 11:51:47.054,3.54,282.61,TAKE_PICTURE,1.96,116.49,160.76,0.54,241.75
2026-02-03 11:51:47.276,5.01,199.50,TAKE_PICTURE,3.43,1.94,190.53,0.60,241.75
2026-02-03 11:51:47.493,5.03,198.72,TAKE_PICTURE,2.45,1.45,191.81,0.60,241.75
2026-02-03 11:51:47.698,5.31,188.32,TAKE_PICTURE,4.11,0.97,178.79,0.61,241.75
2026-02-03 11:51:47.893,5.61,178.29,TAKE_PICTURE,2.25,1.24,172.02,0.59,241.75
2026-02-03 11:51:48.202,3.41,293.02,TAKE_PICTURE,5.11,117.55,167.67,0.58,241.75
2026-02-03 11:51:48.418,5.17,193.35,TAKE_PICTURE,2.40,1.23,186.17,0.57,241.75
2026-02-03 11:51:48.623,5.38,185.80,TAKE_PICTURE,3.78,0.60,177.18,0.54,241.75
2026-02-03 11:51:48.810,5.85,171.08,TAKE_PICTURE,2.30,0.78,163.66,0.55,241.75
2026-02-03 11:51:48.994,5.94,168.39,TAKE_PICTURE,2.31,0.80,160.97,0.56,241.75
2026-02-03 11:51:49.290,3.57,279.73,TAKE_PICTURE,2.29,116.13,156.76,0.55,241.75
2026-02-03 11:51:49.496,5.42,184.47,TAKE_PICTURE,1.38,1.47,177.91,0.57,241.75
2026-02-03 11:51:49.687,5.77,173.44,TAKE_PICTURE,2.34,1.21,165.22,0.59,241.75
2026-02-03 11:51:49.879,5.67,176.23,TAKE_PICTURE,2.37,0.62,167.93,0.58,241.75
2026-02-03 11:51:50.068,5.79,172.65,TAKE_PICTURE,2.38,0.73,164.98,0.56,241.75
2026-02-03 11:51:50.368,3.52,283.96,TAKE_PICTURE,2.38,119.71,157.25,0.57,241.75
2026-02-03 11:51:50.576,5.39,185.60,TAKE_PICTURE,2.78,1.32,177.83,0.55,241.75
2026-02-03 11:51:50.769,5.67,176.26,TAKE_PICTURE,2.29,1.35,168.11,0.91,241.75
2026-02-03 11:51:50.956,5.84,171.13,TAKE_PICTURE,2.55,1.15,163.36,0.57,241.75
2026-02-03 11:51:51.141,5.91,169.18,TAKE_PICTURE,2.31,0.88,161.85,0.53,241.75
2026-02-03 11:51:51.436,3.59,278.18,TAKE_PICTURE,2.33,113.91,158.14,0.54,241.75
2026-02-03 11:51:51.658,5.01,199.77,TAKE_PICTURE,5.75,1.85,187.81,0.60,241.75
2026-02-03 11:51:51.871,5.18,192.90,TAKE_PICTURE,3.16,1.47,184.74,0.55,241.75
2026-02-03 11:51:52.072,5.42,184.54,TAKE_PICTURE,2.03,1.01,177.37,0.53,241.75
2026-02-03 11:51:52.266,5.62,178.04,TAKE_PICTURE,2.02,0.77,170.88,0.57,241.75
2026-02-03 11:51:52.569,3.49,286.31,TAKE_PICTURE,2.15,115.93,163.87,0.69,241.75
2026-02-03 11:51:52.790,5.09,196.45,TAKE_PICTURE,1.75,1.16,189.84,0.57,241.75
2026-02-03 11:51:52.998,5.24,190.66,TAKE_PICTURE,2.35,0.94,183.08,0.60,241.75
2026-02-03 11:51:53.199,5.41,184.76,TAKE_PICTURE,2.73,1.97,176.19,0.59,241.75
2026-02-03 11:51:53.395,5.57,179.68,TAKE_PICTURE,2.07,0.89,172.29,0.57,241.75
2026-02-03 11:51:53.697,3.50,285.93,TAKE_PICTURE,2.04,116.72,162.59,0.56,241.75
2026-02-03 11:51:53.911,5.20,192.16,TAKE_PICTURE,2.18,1.40,185.05,0.66,241.75
2026-02-03 11:51:54.114,5.41,184.77,TAKE_PICTURE,1.98,0.49,177.89,0.63,241.75
2026-02-03 11:51:54.311,5.57,179.62,TAKE_PICTURE,2.44,0.58,172.02,0.57,241.75
2026-02-03 11:51:54.510,5.48,182.48,TAKE_PICTURE,2.26,0.85,174.98,0.66,241.75
2026-02-03 11:51:54.814,3.49,286.45,TAKE_PICTURE,2.05,117.83,161.78,0.55,241.75
2026-02-03 11:51:55.021,5.38,186.00,TAKE_PICTURE,1.25,1.50,179.43,0.56,241.75
2026-02-03 11:51:55.213,5.72,174.94,TAKE_PICTURE,1.77,1.33,168.12,1.23,241.75
2026-02-03 11:51:55.403,5.84,171.36,TAKE_PICTURE,1.50,1.19,165.50,0.65,241.75
2026-02-03 11:51:55.593,5.74,174.28,TAKE_PICTURE,2.46,1.18,166.34,0.62,241.75
2026-02-03 11:51:55.887,3.59,278.76,TAKE_PICTURE,2.32,112.42,159.75,0.54,241.75
2026-02-03 11:51:56.095,5.37,186.33,TAKE_PICTURE,1.69,1.61,179.27,0.57,241.75
2026-02-03 11:51:56.287,5.70,175.48,TAKE_PICTURE,2.42,1.26,167.24,0.57,241.75
2026-02-03 11:51:56.474,5.85,170.88,TAKE_PICTURE,2.50,0.63,163.58,0.58,241.75
2026-02-03 11:51:56.660,5.90,169.52,TAKE_PICTURE,2.31,0.82,162.19,0.56,241.75
2026-02-03 11:51:56.957,3.55,281.89,TAKE_PICTURE,2.47,118.36,156.82,0.60,241.75
2026-02-03 11:51:57.155,5.53,180.84,TAKE_PICTURE,2.24,0.64,175.04,0.69,241.75
2026-02-03 11:51:57.341,5.86,170.66,TAKE_PICTURE,1.95,0.59,165.21,0.63,241.75
2026-02-03 11:51:57.530,5.79,172.65,TAKE_PICTURE,2.49,1.17,165.13,0.54,241.75
2026-02-03 11:51:57.715,5.90,169.49,TAKE_PICTURE,2.31,1.01,162.11,0.60,241.75
2026-02-03 11:51:58.006,3.64,274.47,TAKE_PICTURE,2.31,111.06,157.24,0.53,241.75
2026-02-03 11:51:58.197,5.88,170.09,TAKE_PICTURE,1.29,1.36,164.49,0.61,241.75
2026-02-03 11:51:58.384,5.88,170.01,TAKE_PICTURE,2.30,1.17,162.46,0.54,241.75
2026-02-03 11:51:58.585,5.41,184.85,TAKE_PICTURE,2.52,0.84,177.11,0.58,241.75
2026-02-03 11:51:58.771,5.86,170.61,TAKE_PICTURE,2.45,1.24,162.69,0.53,241.75
2026-02-03 11:51:59.073,3.50,285.92,TAKE_PICTURE,2.37,121.56,157.80,0.58,241.75
2026-02-03 11:51:59.276,5.51,181.62,TAKE_PICTURE,1.29,1.46,174.96,0.53,241.75
2026-02-03 11:51:59.466,5.79,172.62,TAKE_PICTURE,2.31,1.24,164.47,0.54,241.75
2026-02-03 11:51:59.652,5.86,170.56,TAKE_PICTURE,2.32,0.72,163.16,0.58,241.75
2026-02-03 11:51:59.836,5.94,168.24,TAKE_PICTURE,2.40,0.75,160.78,0.59,241.75
2026-02-03 11:52:00.127,3.64,274.88,TAKE_PICTURE,2.33,111.25,157.08,0.54,241.75
2026-02-03 11:52:00.328,5.57,179.55,TAKE_PICTURE,1.42,1.49,173.46,0.56,241.75
2026-02-03 11:52:00.516,5.83,171.41,TAKE_PICTURE,2.06,0.50,164.57,0.56,241.75
2026-02-03 11:52:00.702,5.88,169.99,TAKE_PICTURE,2.21,0.93,162.70,0.58,241.75
2026-02-03 11:52:00.892,5.75,173.95,TAKE_PICTURE,2.30,0.75,166.62,1.11,241.75
2026-02-03 11:52:01.187,3.58,279.22,TAKE_PICTURE,2.11,117.63,156.25,0.55,241.75
2026-02-03 11:52:01.397,5.32,187.96,TAKE_PICTURE,3.82,1.42,178.99,0.64,241.75
2026-02-03 11:52:01.586,5.82,171.68,TAKE_PICTURE,2.35,1.00,165.36,0.56,241.75
2026-02-03 11:52:01.772,5.86,170.58,TAKE_PICTURE,2.32,0.94,164.21,0.56,241.75
2026-02-03 11:52:01.960,5.84,171.24,TAKE_PICTURE,2.32,1.29,164.68,0.56,241.75
2026-02-03 11:52:02.254,3.59,278.44,TAKE_PICTURE,2.21,115.29,158.03,0.57,241.75
2026-02-03 11:52:02.464,5.31,188.39,TAKE_PICTURE,1.34,1.75,181.21,0.53,241.75
2026-02-03 11:52:02.658,5.63,177.77,TAKE_PICTURE,2.33,0.55,170.22,0.57,241.75
2026-02-03 11:52:02.856,5.51,181.57,TAKE_PICTURE,2.24,0.92,174.31,0.57,241.75
2026-02-03 11:52:03.057,5.44,183.82,TAKE_PICTURE,2.36,0.60,176.77,0.56,241.75
2026-02-03 11:52:03.364,3.44,290.66,TAKE_PICTURE,5.35,118.75,164.01,0.57,241.75
2026-02-03 11:52:03.571,5.38,185.91,TAKE_PICTURE,1.39,1.41,179.21,0.57,241.75
2026-02-03 11:52:03.765,5.63,177.47,TAKE_PICTURE,1.98,0.79,169.81,0.57,241.75
2026-02-03 11:52:03.957,5.69,175.77,TAKE_PICTURE,1.81,1.10,168.76,0.53,241.75
2026-02-03 11:52:04.143,5.87,170.31,TAKE_PICTURE,2.10,1.10,163.12,0.57,241.75
2026-02-03 11:52:04.437,3.65,274.16,TAKE_PICTURE,1.35,111.14,158.76,0.59,241.75
2026-02-03 11:52:04.641,5.48,182.65,TAKE_PICTURE,1.31,1.50,175.63,0.55,241.75
2026-02-03 11:52:04.831,5.76,173.47,TAKE_PICTURE,2.03,0.70,167.14,0.55,241.75
2026-02-03 11:52:05.021,5.75,174.05,TAKE_PICTURE,2.27,0.93,166.03,0.54,241.75
2026-02-03 11:52:05.208,5.85,170.97,TAKE_PICTURE,4.91,0.72,162.88,0.55,241.75
2026-02-03 11:52:05.504,3.57,280.21,TAKE_PICTURE,2.14,110.31,163.53,0.59,241.75
2026-02-03 11:52:05.708,5.48,182.41,TAKE_PICTURE,1.44,1.40,175.55,0.56,241.75
2026-02-03 11:52:05.901,5.68,175.96,TAKE_PICTURE,2.53,1.32,166.57,0.72,241.75
2026-02-03 11:52:06.090,5.82,171.75,TAKE_PICTURE,2.32,0.57,164.09,0.58,241.75
2026-02-03 11:52:06.276,5.85,170.89,TAKE_PICTURE,2.38,0.54,161.39,2.68,241.75
2026-02-03 11:52:06.569,3.61,277.17,TAKE_PICTURE,2.45,111.75,158.51,0.54,241.75
2026-02-03 11:52:06.779,5.28,189.26,TAKE_PICTURE,1.40,1.30,183.11,0.57,241.75
2026-02-03 11:52:06.972,5.69,175.68,TAKE_PICTURE,2.37,0.55,168.19,0.60,241.75
2026-02-03 11:52:07.158,5.88,170.07,TAKE_PICTURE,2.38,0.99,162.42,0.55,241.75
2026-02-03 11:52:07.344,5.87,170.31,TAKE_PICTURE,2.28,0.71,163.66,0.54,241.75
2026-02-03 11:52:07.638,3.60,277.89,TAKE_PICTURE,2.30,111.51,159.74,0.55,241.75
2026-02-03 11:52:07.841,5.48,182.34,TAKE_PICTURE,1.28,1.24,177.03,0.57,241.75
2026-02-03 11:52:08.031,5.76,173.61,TAKE_PICTURE,1.74,0.92,167.37,0.59,241.75
2026-02-03 11:52:08.216,5.93,168.73,TAKE_PICTURE,1.84,0.68,163.34,0.55,241.75
2026-02-03 11:52:08.401,6.04,165.56,TAKE_PICTURE,1.34,1.15,160.06,0.58,241.75
2026-02-03 11:52:08.693,3.62,276.37,TAKE_PICTURE,1.99,112.38,157.91,0.53,241.75
2026-02-03 11:52:08.897,5.45,183.38,TAKE_PICTURE,1.28,1.57,176.69,0.59,241.75
2026-02-03 11:52:09.090,5.68,176.02,TAKE_PICTURE,2.38,1.20,168.01,0.63,241.75
2026-02-03 11:52:09.278,5.82,171.93,TAKE_PICTURE,2.28,0.66,165.67,0.57,241.75
2026-02-03 11:52:09.464,5.89,169.79,TAKE_PICTURE,2.25,0.71,163.43,0.59,241.75
2026-02-03 11:52:09.860,2.65,377.18,TAKE_PICTURE,2.20,212.32,159.98,0.54,241.59
2026-02-03 11:52:10.063,5.49,182.05,TAKE_PICTURE,1.90,1.56,174.50,0.68,241.59
2026-02-03 11:52:10.252,5.83,171.46,TAKE_PICTURE,1.87,0.66,165.19,0.67,241.59
2026-02-03 11:52:10.438,5.90,169.52,TAKE_PICTURE,1.75,0.69,164.41,0.56,241.59
2026-02-03 11:52:10.627,5.78,173.15,TAKE_PICTURE,2.33,0.63,166.36,0.67,241.59
2026-02-03 11:52:10.926,3.53,283.02,TAKE_PICTURE,2.13,112.32,165.10,0.51,241.75
2026-02-03 11:52:11.135,5.33,187.55,TAKE_PICTURE,2.52,1.12,179.82,0.68,241.75
2026-02-03 11:52:11.329,5.78,172.96,TAKE_PICTURE,1.26,0.96,166.99,0.59,241.75
2026-02-03 11:52:11.518,5.80,172.46,TAKE_PICTURE,2.72,0.56,164.94,0.59,241.75
2026-02-03 11:52:11.704,5.88,170.00,TAKE_PICTURE,2.43,0.79,162.55,0.57,241.75
2026-02-03 11:52:11.994,3.64,274.61,TAKE_PICTURE,2.29,111.65,156.57,0.54,241.75
2026-02-03 11:52:12.198,5.48,182.53,TAKE_PICTURE,1.47,1.29,175.83,0.53,241.75
2026-02-03 11:52:12.387,5.79,172.69,TAKE_PICTURE,2.30,1.24,164.35,0.61,241.75
2026-02-03 11:52:12.574,5.85,170.89,TAKE_PICTURE,2.31,0.79,163.47,0.56,241.75
2026-02-03 11:52:12.759,5.92,168.95,TAKE_PICTURE,2.29,0.70,161.13,1.11,241.75
2026-02-03 11:52:13.050,3.63,275.43,TAKE_PICTURE,2.28,110.91,157.80,0.57,241.75
2026-02-03 11:52:13.252,5.52,181.18,TAKE_PICTURE,1.42,1.45,174.36,0.58,241.75
2026-02-03 11:52:13.441,5.81,172.00,TAKE_PICTURE,2.37,1.22,163.76,0.56,241.75
2026-02-03 11:52:13.628,5.84,171.12,TAKE_PICTURE,2.54,0.89,163.21,0.59,241.75
2026-02-03 11:52:13.813,5.92,169.01,TAKE_PICTURE,2.33,0.94,161.52,0.55,241.75
2026-02-03 11:52:14.105,3.62,276.03,TAKE_PICTURE,2.37,111.10,158.35,0.51,241.75
2026-02-03 11:52:14.311,5.42,184.39,TAKE_PICTURE,2.55,1.42,176.08,0.61,241.75
2026-02-03 11:52:14.499,5.87,170.43,TAKE_PICTURE,2.34,0.85,162.75,0.57,241.75
2026-02-03 11:52:14.684,5.92,169.05,TAKE_PICTURE,2.37,1.14,161.63,0.56,241.75
2026-02-03 11:52:14.870,5.88,170.13,TAKE_PICTURE,2.06,1.11,162.94,0.53,241.75
2026-02-03 11:52:15.168,3.54,282.23,TAKE_PICTURE,2.41,115.94,159.67,0.56,241.75
2026-02-03 11:52:15.377,5.30,188.51,TAKE_PICTURE,2.18,0.64,182.54,0.55,241.75
2026-02-03 11:52:15.563,5.90,169.42,TAKE_PICTURE,1.85,0.52,163.10,0.58,241.75
2026-02-03 11:52:15.751,5.81,172.00,TAKE_PICTURE,2.35,0.98,164.61,0.56,241.75
2026-02-03 11:52:15.941,5.74,174.35,TAKE_PICTURE,2.35,0.77,166.95,0.55,241.75
2026-02-03 11:52:16.231,3.65,273.67,TAKE_PICTURE,2.89,110.27,156.50,0.59,241.75
2026-02-03 11:52:16.431,5.54,180.62,TAKE_PICTURE,2.00,0.58,174.90,0.59,241.75
2026-02-03 11:52:16.618,5.85,170.96,TAKE_PICTURE,1.91,1.13,163.57,0.58,241.75
2026-02-03 11:52:16.807,5.81,172.23,TAKE_PICTURE,2.37,1.00,164.58,0.60,241.75
2026-02-03 11:52:16.995,5.80,172.47,TAKE_PICTURE,2.63,0.92,164.00,1.06,241.75
2026-02-03 11:52:17.298,3.48,287.35,TAKE_PICTURE,2.46,112.47,168.20,0.55,241.75
2026-02-03 11:52:17.502,5.47,182.79,TAKE_PICTURE,1.46,1.32,175.47,0.54,241.75
2026-02-03 11:52:17.692,5.78,172.86,TAKE_PICTURE,2.05,0.97,166.27,0.58,241.75
2026-02-03 11:52:17.878,5.85,170.95,TAKE_PICTURE,2.09,1.12,163.58,0.58,241.75
2026-02-03 11:52:18.063,5.92,168.98,TAKE_PICTURE,2.46,0.96,162.00,0.54,241.75
2026-02-03 11:52:18.354,3.64,274.99,TAKE_PICTURE,2.10,112.64,156.10,0.53,241.75
2026-02-03 11:52:18.564,5.31,188.47,TAKE_PICTURE,1.58,1.30,181.67,0.57,241.75
2026-02-03 11:52:18.756,5.73,174.67,TAKE_PICTURE,1.97,0.50,168.30,0.64,241.75
2026-02-03 11:52:18.945,5.79,172.70,TAKE_PICTURE,1.95,1.04,165.61,0.60,241.75
2026-02-03 11:52:19.132,5.82,171.74,TAKE_PICTURE,2.00,0.65,164.93,0.59,241.75
2026-02-03 11:52:19.430,3.55,281.58,TAKE_PICTURE,1.97,118.28,157.35,0.55,241.75
2026-02-03 11:52:19.634,5.39,185.62,TAKE_PICTURE,2.10,1.17,179.43,0.54,241.75
2026-02-03 11:52:19.822,5.83,171.52,TAKE_PICTURE,2.01,1.16,165.24,0.55,241.75
2026-02-03 11:52:20.008,5.88,170.05,TAKE_PICTURE,2.35,1.10,163.55,0.59,241.75
2026-02-03 11:52:20.192,5.95,167.97,TAKE_PICTURE,2.36,1.08,161.66,0.58,241.75
2026-02-03 11:52:20.483,3.63,275.72,TAKE_PICTURE,2.15,113.39,157.00,0.56,241.75
2026-02-03 11:52:20.686,5.49,181.98,TAKE_PICTURE,1.54,1.82,175.54,0.56,241.75
2026-02-03 11:52:20.880,5.67,176.42,TAKE_PICTURE,2.22,1.40,168.40,0.58,241.75
2026-02-03 11:52:21.065,5.91,169.14,TAKE_PICTURE,2.34,1.04,161.63,0.56,241.75
2026-02-03 11:52:21.250,5.91,169.21,TAKE_PICTURE,2.37,0.66,161.77,0.59,241.75
2026-02-03 11:52:21.547,3.55,281.75,TAKE_PICTURE,2.16,113.08,162.18,0.53,241.75
2026-02-03 11:52:21.744,5.54,180.54,TAKE_PICTURE,2.27,1.02,173.00,0.54,241.75
2026-02-03 11:52:21.931,5.84,171.13,TAKE_PICTURE,2.06,0.67,165.40,0.53,241.75
2026-02-03 11:52:22.114,5.98,167.30,TAKE_PICTURE,2.29,1.14,159.75,0.55,241.75
2026-02-03 11:52:22.297,5.99,166.88,TAKE_PICTURE,2.23,0.76,160.33,0.53,241.75
2026-02-03 11:52:22.589,3.62,276.11,TAKE_PICTURE,2.27,113.97,155.79,0.53,241.75
2026-02-03 11:52:22.785,5.55,180.12,TAKE_PICTURE,1.76,0.51,173.93,0.92,241.75
2026-02-03 11:52:22.974,5.79,172.80,TAKE_PICTURE,2.13,0.65,167.35,0.59,241.75
2026-02-03 11:52:23.159,5.92,168.84,TAKE_PICTURE,1.86,0.59,162.82,0.56,241.75
2026-02-03 11:52:23.346,5.85,170.81,TAKE_PICTURE,3.82,0.70,163.59,0.56,241.75
2026-02-03 11:52:23.642,3.57,280.32,TAKE_PICTURE,2.33,112.67,161.62,0.54,241.75
2026-02-03 11:52:23.858,5.10,195.93,TAKE_PICTURE,2.03,0.67,189.69,0.56,241.75
2026-02-03 11:52:24.050,5.68,176.07,TAKE_PICTURE,1.81,1.12,170.28,0.63,241.75
2026-02-03 11:52:24.238,5.84,171.22,TAKE_PICTURE,2.25,0.85,163.82,0.56,241.75
2026-02-03 11:52:24.422,5.96,167.86,TAKE_PICTURE,2.29,1.17,160.50,0.53,241.75
2026-02-03 11:52:24.814,2.66,376.28,TAKE_PICTURE,2.49,212.62,157.12,0.64,241.75
2026-02-03 11:52:25.018,5.47,182.81,TAKE_PICTURE,1.47,1.40,176.15,0.59,241.75
2026-02-03 11:52:25.207,5.80,172.45,TAKE_PICTURE,2.18,0.86,165.31,0.61,241.75
2026-02-03 11:52:25.392,5.91,169.23,TAKE_PICTURE,2.19,1.16,161.87,0.58,241.75
2026-02-03 11:52:25.578,5.90,169.40,TAKE_PICTURE,2.20,1.28,161.92,0.58,241.75
2026-02-03 11:52:25.874,3.57,280.32,TAKE_PICTURE,2.36,116.89,157.16,0.56,241.75
2026-02-03 11:52:26.076,5.42,184.44,TAKE_PICTURE,2.05,0.96,177.76,0.58,241.75
2026-02-03 11:52:26.266,5.79,172.68,TAKE_PICTURE,2.00,0.55,166.21,0.64,241.75
2026-02-03 11:52:26.452,5.87,170.33,TAKE_PICTURE,1.99,0.70,164.14,0.63,241.75
2026-02-03 11:52:26.637,5.93,168.55,TAKE_PICTURE,1.99,0.94,161.63,0.57,241.75
2026-02-03 11:52:26.931,3.59,278.31,TAKE_PICTURE,2.07,114.00,158.11,0.55,241.75
2026-02-03 11:52:27.135,5.49,182.24,TAKE_PICTURE,1.69,1.36,175.32,0.54,241.75
2026-02-03 11:52:27.324,5.80,172.28,TAKE_PICTURE,2.13,0.95,166.14,0.60,241.75
2026-02-03 11:52:27.510,5.86,170.60,TAKE_PICTURE,2.25,1.01,164.39,0.57,241.75
2026-02-03 11:52:27.693,5.98,167.10,TAKE_PICTURE,2.17,0.67,160.63,0.53,241.75
2026-02-03 11:52:27.985,3.62,275.94,TAKE_PICTURE,1.78,115.02,156.35,0.57,241.75
2026-02-03 11:52:28.188,5.50,181.94,TAKE_PICTURE,1.30,1.25,175.58,0.56,241.75
2026-02-03 11:52:28.379,5.76,173.47,TAKE_PICTURE,2.00,0.99,167.46,0.60,241.75
2026-02-03 11:52:28.565,5.86,170.52,TAKE_PICTURE,2.04,0.63,164.54,0.67,241.75
2026-02-03 11:52:28.751,5.88,170.03,TAKE_PICTURE,2.04,0.72,164.06,0.57,241.75
2026-02-03 11:52:29.046,3.58,279.31,TAKE_PICTURE,2.01,115.55,158.60,0.71,241.75
2026-02-03 11:52:29.248,5.56,179.92,TAKE_PICTURE,1.29,0.57,175.21,0.54,241.75
2026-02-03 11:52:29.437,5.81,172.10,TAKE_PICTURE,2.13,0.50,165.24,0.62,241.75
2026-02-03 11:52:29.621,5.97,167.40,TAKE_PICTURE,2.10,0.52,161.04,0.56,241.75
2026-02-03 11:52:29.804,5.98,167.15,TAKE_PICTURE,1.99,0.82,160.32,0.54,241.75
2026-02-03 11:52:30.093,3.65,273.77,TAKE_PICTURE,1.86,112.45,156.18,0.60,241.75
2026-02-03 11:52:30.297,5.46,183.12,TAKE_PICTURE,1.28,1.47,176.76,0.56,241.75
2026-02-03 11:52:30.488,5.77,173.24,TAKE_PICTURE,1.50,1.27,164.51,0.61,241.75
2026-02-03 11:52:30.675,5.85,170.91,TAKE_PICTURE,2.47,0.55,163.46,0.57,241.75
2026-02-03 11:52:30.859,5.96,167.91,TAKE_PICTURE,2.38,0.54,160.51,0.57,241.75
2026-02-03 11:52:31.149,3.65,274.23,TAKE_PICTURE,2.53,111.49,155.61,0.67,241.75
2026-02-03 11:52:31.354,5.43,184.09,TAKE_PICTURE,1.28,1.54,177.88,0.58,241.75
2026-02-03 11:52:31.544,5.77,173.28,TAKE_PICTURE,1.92,0.58,167.70,0.58,241.75
2026-02-03 11:52:31.729,5.92,169.00,TAKE_PICTURE,2.14,0.77,163.37,0.55,241.75
2026-02-03 11:52:31.914,5.93,168.74,TAKE_PICTURE,1.81,0.76,162.20,0.59,241.75
2026-02-03 11:52:32.204,3.64,275.02,TAKE_PICTURE,1.97,112.10,157.19,0.56,241.75
2026-02-03 11:52:32.411,5.41,184.97,TAKE_PICTURE,1.41,1.29,178.49,0.66,241.75
2026-02-03 11:52:32.598,5.88,170.20,TAKE_PICTURE,2.20,1.09,162.27,0.61,241.75
2026-02-03 11:52:32.782,5.94,168.48,TAKE_PICTURE,1.70,0.80,163.07,0.56,241.75
2026-02-03 11:52:32.966,5.96,167.83,TAKE_PICTURE,1.66,0.60,162.57,0.62,241.75
2026-02-03 11:52:33.259,3.60,277.69,TAKE_PICTURE,4.92,111.44,158.51,0.54,241.75
2026-02-03 11:52:33.463,5.47,182.88,TAKE_PICTURE,1.32,1.24,176.76,0.62,241.75
2026-02-03 11:52:33.653,5.79,172.62,TAKE_PICTURE,1.88,0.55,166.59,0.55,241.75
2026-02-03 11:52:33.840,5.83,171.42,TAKE_PICTURE,2.10,0.82,164.53,0.55,241.75
2026-02-03 11:52:34.024,5.93,168.59,TAKE_PICTURE,1.78,0.83,161.43,0.54,241.75
2026-02-03 11:52:34.313,3.67,272.44,TAKE_PICTURE,2.13,110.39,156.74,0.54,241.75
2026-02-03 11:52:34.530,5.08,196.69,TAKE_PICTURE,1.57,0.67,191.15,1.01,241.75
2026-02-03 11:52:34.740,5.21,191.94,TAKE_PICTURE,1.43,1.75,184.51,0.54,241.75
2026-02-03 11:52:34.927,5.87,170.46,TAKE_PICTURE,2.28,1.03,163.02,0.57,241.75
2026-02-03 11:52:35.114,5.84,171.23,TAKE_PICTURE,2.21,1.16,163.10,0.57,241.75
2026-02-03 11:52:35.408,3.60,278.11,TAKE_PICTURE,2.41,113.41,157.77,0.53,241.75
2026-02-03 11:52:35.613,5.44,183.91,TAKE_PICTURE,1.38,1.24,176.41,0.56,241.75
2026-02-03 11:52:35.801,5.84,171.09,TAKE_PICTURE,2.34,0.62,164.52,0.55,241.75
2026-02-03 11:52:35.987,5.85,170.79,TAKE_PICTURE,1.49,1.06,163.80,0.57,241.75
2026-02-03 11:52:36.170,6.00,166.75,TAKE_PICTURE,2.20,0.90,159.52,0.59,241.75
2026-02-03 11:52:36.467,3.55,281.37,TAKE_PICTURE,2.14,118.93,156.31,0.53,241.75
2026-02-03 11:52:36.669,5.54,180.62,TAKE_PICTURE,1.43,1.54,174.08,0.55,241.75
2026-02-03 11:52:36.861,5.72,174.91,TAKE_PICTURE,2.55,0.91,167.78,0.55,241.75
2026-02-03 11:52:37.048,5.83,171.64,TAKE_PICTURE,2.19,0.49,164.81,0.56,241.75
2026-02-03 11:52:37.233,5.91,169.21,TAKE_PICTURE,2.09,0.91,162.11,0.57,241.75
2026-02-03 11:52:37.529,3.57,279.76,TAKE_PICTURE,4.94,115.70,156.56,0.56,241.75
2026-02-03 11:52:37.741,5.15,194.18,TAKE_PICTURE,3.93,0.71,185.66,0.55,241.75
2026-02-03 11:52:37.941,5.48,182.62,TAKE_PICTURE,2.41,1.40,173.60,0.57,241.75
2026-02-03 11:52:38.134,5.69,175.83,TAKE_PICTURE,2.21,0.56,168.20,0.61,241.75
2026-02-03 11:52:38.321,5.86,170.69,TAKE_PICTURE,2.23,0.57,163.43,0.56,241.75
2026-02-03 11:52:38.610,3.67,272.75,TAKE_PICTURE,2.23,111.73,156.02,0.56,241.75
2026-02-03 11:52:38.812,5.51,181.59,TAKE_PICTURE,1.62,1.34,175.08,0.54,241.75
2026-02-03 11:52:39.002,5.80,172.49,TAKE_PICTURE,2.31,1.05,166.42,0.54,241.75
2026-02-03 11:52:39.215,5.06,197.63,TAKE_PICTURE,2.43,0.76,191.03,0.56,241.75
2026-02-03 11:52:39.399,5.95,168.02,TAKE_PICTURE,2.19,1.10,161.72,0.56,241.75
2026-02-03 11:52:39.689,3.65,274.30,TAKE_PICTURE,2.09,112.82,156.59,0.55,241.75
2026-02-03 11:52:39.901,5.16,193.90,TAKE_PICTURE,3.64,0.57,185.70,0.57,241.64
2026-02-03 11:52:40.102,5.44,183.94,TAKE_PICTURE,2.44,0.75,174.81,0.70,241.64
2026-02-03 11:52:40.287,5.95,168.06,TAKE_PICTURE,1.98,0.50,162.47,0.54,241.64
2026-02-03 11:52:40.468,6.03,165.83,TAKE_PICTURE,1.93,0.52,160.05,0.76,241.64
2026-02-03 11:52:40.756,3.67,272.22,TAKE_PICTURE,1.99,112.93,154.33,0.55,241.64
2026-02-03 11:52:40.960,5.53,180.75,TAKE_PICTURE,4.29,0.69,173.31,0.54,241.75
2026-02-03 11:52:41.145,5.92,168.90,TAKE_PICTURE,2.01,0.81,162.07,0.57,241.75
2026-02-03 11:52:41.329,5.95,168.02,TAKE_PICTURE,2.18,0.59,161.36,0.61,241.75
2026-02-03 11:52:41.514,5.95,168.19,TAKE_PICTURE,4.93,0.65,159.94,0.55,241.75
2026-02-03 11:52:41.806,3.62,276.31,TAKE_PICTURE,4.86,111.37,157.28,0.60,241.75
2026-02-03 11:52:42.020,5.16,193.85,TAKE_PICTURE,2.01,0.89,187.76,0.58,241.75
2026-02-03 11:52:42.211,5.81,172.19,TAKE_PICTURE,2.24,1.44,162.88,0.65,241.75
2026-02-03 11:52:42.398,5.87,170.36,TAKE_PICTURE,2.14,0.76,163.16,0.55,241.75
2026-02-03 11:52:42.582,5.92,168.81,TAKE_PICTURE,2.58,0.58,161.75,0.58,241.75
2026-02-03 11:52:42.882,3.53,283.47,TAKE_PICTURE,2.16,120.45,157.50,0.54,241.75
2026-02-03 11:52:43.083,5.57,179.66,TAKE_PICTURE,1.29,0.68,175.00,0.56,241.75
2026-02-03 11:52:43.271,5.85,170.90,TAKE_PICTURE,2.30,1.02,163.61,0.60,241.75
2026-02-03 11:52:43.456,5.91,169.25,TAKE_PICTURE,2.27,0.90,162.27,0.62,241.75
2026-02-03 11:52:43.639,5.98,167.30,TAKE_PICTURE,2.32,1.08,160.13,0.56,241.75
2026-02-03 11:52:43.930,3.63,275.35,TAKE_PICTURE,2.26,114.88,154.59,0.56,241.75
2026-02-03 11:52:44.132,5.55,180.18,TAKE_PICTURE,1.32,1.43,174.46,0.57,241.75
2026-02-03 11:52:44.319,5.88,169.96,TAKE_PICTURE,2.17,0.50,162.74,0.60,241.75
2026-02-03 11:52:44.504,5.92,168.88,TAKE_PICTURE,2.16,0.73,161.49,0.54,241.75
2026-02-03 11:52:44.687,5.97,167.39,TAKE_PICTURE,2.19,0.78,160.03,0.58,241.75
2026-02-03 11:52:44.983,3.57,279.80,TAKE_PICTURE,2.17,116.67,156.18,0.71,241.75
2026-02-03 11:52:45.183,5.62,177.98,TAKE_PICTURE,1.62,1.35,172.11,0.64,241.75
2026-02-03 11:52:45.370,5.86,170.64,TAKE_PICTURE,2.08,1.15,162.93,0.55,241.75
2026-02-03 11:52:45.554,5.95,168.01,TAKE_PICTURE,2.35,0.74,161.46,0.54,241.75
2026-02-03 11:52:45.737,5.99,167.05,TAKE_PICTURE,2.36,0.72,160.42,0.54,241.75
2026-02-03 11:52:46.027,3.65,274.00,TAKE_PICTURE,2.22,111.14,156.40,0.56,241.75
2026-02-03 11:52:46.226,5.61,178.36,TAKE_PICTURE,1.30,1.60,172.10,0.56,241.75
2026-02-03 11:52:46.413,5.86,170.51,TAKE_PICTURE,1.97,0.61,164.52,0.60,241.75
2026-02-03 11:52:46.596,6.00,166.80,TAKE_PICTURE,5.16,0.63,158.66,0.55,241.75
2026-02-03 11:52:46.778,6.03,165.76,TAKE_PICTURE,2.02,0.60,160.05,0.53,241.75
2026-02-03 11:52:47.068,3.64,274.70,TAKE_PICTURE,4.98,111.72,155.60,0.53,241.75
2026-02-03 11:52:47.270,5.55,180.33,TAKE_PICTURE,1.50,1.48,173.93,0.54,241.75
2026-02-03 11:52:47.459,5.80,172.28,TAKE_PICTURE,2.24,0.77,165.96,0.62,241.75
2026-02-03 11:52:47.643,5.95,167.98,TAKE_PICTURE,2.24,1.01,161.62,0.58,241.75
2026-02-03 11:52:47.833,5.89,169.67,TAKE_PICTURE,1.46,0.70,164.77,0.56,241.75
2026-02-03 11:52:48.121,3.67,272.26,TAKE_PICTURE,2.35,111.33,154.42,0.54,241.75
2026-02-03 11:52:48.323,5.54,180.36,TAKE_PICTURE,1.53,1.48,174.13,0.62,241.75
2026-02-03 11:52:48.512,5.79,172.77,TAKE_PICTURE,2.06,1.32,164.81,0.55,241.75
2026-02-03 11:52:48.696,5.96,167.86,TAKE_PICTURE,2.32,0.64,160.45,0.56,241.75
2026-02-03 11:52:48.877,6.04,165.56,TAKE_PICTURE,2.18,0.88,158.16,0.56,241.75
2026-02-03 11:52:49.167,3.66,273.32,TAKE_PICTURE,2.28,111.94,154.96,0.60,241.75
2026-02-03 11:52:49.366,5.62,178.06,TAKE_PICTURE,1.43,1.42,172.05,0.54,241.75
2026-02-03 11:52:49.555,5.81,172.16,TAKE_PICTURE,1.93,1.01,166.24,0.61,241.75
2026-02-03 11:52:49.739,5.93,168.76,TAKE_PICTURE,2.12,0.74,162.65,0.58,241.75
2026-02-03 11:52:49.925,5.88,170.17,TAKE_PICTURE,1.95,0.74,164.74,0.56,241.75
2026-02-03 11:52:50.214,3.67,272.82,TAKE_PICTURE,2.14,111.99,155.80,0.56,241.75
2026-02-03 11:52:50.417,5.49,182.11,TAKE_PICTURE,1.32,1.42,175.61,0.59,241.75
2026-02-03 11:52:50.605,5.91,169.12,TAKE_PICTURE,2.17,0.67,163.76,0.54,241.75
2026-02-03 11:52:50.789,6.03,165.93,TAKE_PICTURE,2.01,0.59,159.44,0.54,241.75
2026-02-03 11:52:50.974,5.92,168.96,TAKE_PICTURE,2.62,0.97,161.40,0.56,241.75
2026-02-03 11:52:51.270,3.57,280.41,TAKE_PICTURE,2.34,118.56,155.34,0.59,241.75
2026-02-03 11:52:51.476,5.27,189.58,TAKE_PICTURE,2.29,0.99,181.73,0.56,241.75
2026-02-03 11:52:51.683,5.25,190.37,TAKE_PICTURE,4.09,0.91,180.93,0.53,241.75
2026-02-03 11:52:51.883,5.46,183.27,TAKE_PICTURE,2.07,0.56,175.71,0.55,241.75
2026-02-03 11:52:52.083,5.43,184.02,TAKE_PICTURE,2.26,0.56,176.58,0.53,241.75
2026-02-03 11:52:52.385,3.50,286.07,TAKE_PICTURE,2.39,119.25,159.91,0.57,241.75
2026-02-03 11:52:52.593,5.25,190.62,TAKE_PICTURE,1.39,1.03,182.56,0.59,241.75
2026-02-03 11:52:52.792,5.52,181.12,TAKE_PICTURE,2.23,0.83,172.80,0.76,241.75
2026-02-03 11:52:52.988,5.58,179.32,TAKE_PICTURE,2.18,0.52,172.23,0.62,241.75
2026-02-03 11:52:53.184,5.57,179.65,TAKE_PICTURE,2.27,0.52,172.14,0.59,241.75
2026-02-03 11:52:53.475,3.64,274.84,TAKE_PICTURE,2.06,114.23,154.07,0.55,241.75
2026-02-03 11:52:53.678,5.53,180.98,TAKE_PICTURE,1.44,1.42,172.60,0.65,241.75
2026-02-03 11:52:53.863,5.92,168.86,TAKE_PICTURE,2.39,1.28,161.07,0.53,241.75
2026-02-03 11:52:54.052,5.78,173.02,TAKE_PICTURE,3.12,0.62,165.35,0.55,241.75
2026-02-03 11:52:54.239,5.87,170.30,TAKE_PICTURE,2.36,0.86,163.00,0.59,241.75
2026-02-03 11:52:54.530,3.63,275.35,TAKE_PICTURE,2.36,113.97,155.33,0.58,241.75
2026-02-03 11:52:54.743,5.14,194.47,TAKE_PICTURE,1.99,0.93,187.81,0.56,241.75
2026-02-03 11:52:54.948,5.44,183.69,TAKE_PICTURE,3.33,1.61,173.96,0.60,241.75
2026-02-03 11:52:55.140,5.70,175.44,TAKE_PICTURE,2.10,0.54,168.43,0.64,241.75
2026-02-03 11:52:55.331,5.72,174.88,TAKE_PICTURE,1.96,0.49,167.87,0.59,241.75
2026-02-03 11:52:55.644,3.42,292.53,TAKE_PICTURE,2.30,116.79,168.75,0.58,241.75
2026-02-03 11:52:55.859,5.18,193.17,TAKE_PICTURE,1.71,1.53,186.43,0.68,241.75
2026-02-03 11:52:56.061,5.44,183.74,TAKE_PICTURE,2.13,0.74,176.86,0.56,241.75
2026-02-03 11:52:56.266,5.32,187.97,TAKE_PICTURE,2.95,0.69,181.11,0.63,241.75
2026-02-03 11:52:56.463,5.55,180.33,TAKE_PICTURE,2.48,0.71,173.86,0.60,241.75
2026-02-03 11:52:56.763,3.51,284.50,TAKE_PICTURE,2.37,113.02,164.54,0.57,241.75
2026-02-03 11:52:56.974,5.31,188.40,TAKE_PICTURE,1.60,1.16,180.71,0.55,241.75
2026-02-03 11:52:57.162,5.83,171.58,TAKE_PICTURE,2.14,1.34,162.78,0.57,241.75
2026-02-03 11:52:57.347,5.94,168.45,TAKE_PICTURE,2.16,0.95,161.00,0.64,241.75
2026-02-03 11:52:57.529,5.99,166.90,TAKE_PICTURE,2.14,0.80,159.63,0.55,241.75
2026-02-03 11:52:57.824,3.58,279.11,TAKE_PICTURE,2.38,114.96,157.91,0.55,241.75
2026-02-03 11:52:58.031,5.38,185.90,TAKE_PICTURE,1.40,0.83,181.14,0.57,241.75
2026-02-03 11:52:58.219,5.82,171.79,TAKE_PICTURE,2.08,1.13,164.47,0.58,241.75
2026-02-03 11:52:58.405,5.89,169.70,TAKE_PICTURE,2.12,0.77,163.02,0.57,241.75
2026-02-03 11:52:58.589,5.95,168.16,TAKE_PICTURE,2.29,1.01,160.96,0.56,241.75
2026-02-03 11:52:58.890,3.51,284.87,TAKE_PICTURE,1.82,121.30,158.60,0.60,241.75
2026-02-03 11:52:59.095,5.46,183.28,TAKE_PICTURE,1.50,1.60,176.33,0.55,241.75
2026-02-03 11:52:59.281,5.90,169.59,TAKE_PICTURE,2.16,1.59,162.29,0.54,241.75
2026-02-03 11:52:59.469,5.83,171.42,TAKE_PICTURE,5.13,0.58,163.10,0.54,241.75
2026-02-03 11:52:59.651,6.00,166.77,TAKE_PICTURE,1.78,1.00,160.05,0.59,241.75
2026-02-03 11:52:59.948,3.56,280.58,TAKE_PICTURE,2.22,117.15,156.75,0.54,241.75
2026-02-03 11:53:00.146,5.64,177.43,TAKE_PICTURE,1.37,0.70,172.72,0.58,241.75
2026-02-03 11:53:00.336,5.75,173.82,TAKE_PICTURE,2.75,1.47,164.77,0.55,241.75
2026-02-03 11:53:00.524,5.83,171.63,TAKE_PICTURE,2.40,0.53,164.31,0.56,241.75
2026-02-03 11:53:00.710,5.89,169.85,TAKE_PICTURE,2.41,0.80,162.13,0.56,241.75
2026-02-03 11:53:01.009,3.53,283.02,TAKE_PICTURE,2.32,113.76,163.27,0.56,241.75
2026-02-03 11:53:01.206,5.52,181.20,TAKE_PICTURE,2.20,1.02,174.98,0.57,241.75
2026-02-03 11:53:01.392,5.87,170.43,TAKE_PICTURE,2.18,0.71,164.38,0.56,241.75
2026-02-03 11:53:01.574,6.01,166.43,TAKE_PICTURE,2.23,1.07,160.19,0.60,241.75
2026-02-03 11:53:01.759,5.93,168.64,TAKE_PICTURE,2.35,0.94,162.33,0.56,241.75
2026-02-03 11:53:02.057,3.54,282.13,TAKE_PICTURE,2.31,122.68,154.13,0.55,241.75
2026-02-03 11:53:02.260,5.49,182.20,TAKE_PICTURE,1.53,2.04,175.06,0.54,241.75
2026-02-03 11:53:02.464,5.35,186.80,TAKE_PICTURE,2.28,1.09,180.18,0.56,241.75
2026-02-03 11:53:02.655,5.71,175.07,TAKE_PICTURE,3.52,1.04,165.90,0.56,241.75
2026-02-03 11:53:02.845,5.77,173.45,TAKE_PICTURE,2.27,1.24,166.74,0.56,241.75
2026-02-03 11:53:03.139,3.59,278.59,TAKE_PICTURE,2.31,111.19,160.61,0.54,241.75
2026-02-03 11:53:03.351,5.29,189.10,TAKE_PICTURE,1.70,1.50,182.43,0.65,241.75
2026-02-03 11:53:03.553,5.46,183.28,TAKE_PICTURE,2.17,1.17,174.62,1.05,241.75
2026-02-03 11:53:03.744,5.73,174.37,TAKE_PICTURE,2.24,0.56,167.37,0.54,241.75
2026-02-03 11:53:03.934,5.77,173.29,TAKE_PICTURE,2.28,0.73,165.90,0.65,241.75
2026-02-03 11:53:04.225,3.63,275.64,TAKE_PICTURE,2.28,110.67,158.14,0.69,241.75
2026-02-03 11:53:04.435,5.31,188.33,TAKE_PICTURE,2.34,1.38,178.94,0.61,241.75
2026-02-03 11:53:04.630,5.66,176.64,TAKE_PICTURE,1.97,0.67,170.08,0.61,241.75
2026-02-03 11:53:04.821,5.74,174.36,TAKE_PICTURE,1.94,0.71,167.51,0.61,241.75
2026-02-03 11:53:05.010,5.79,172.67,TAKE_PICTURE,2.30,0.84,165.71,0.57,241.75
2026-02-03 11:53:05.303,3.63,275.53,TAKE_PICTURE,1.97,111.00,158.10,0.66,241.75
2026-02-03 11:53:05.513,5.30,188.52,TAKE_PICTURE,1.74,1.26,182.27,0.56,241.75
2026-02-03 11:53:05.708,5.60,178.52,TAKE_PICTURE,2.20,0.62,171.80,0.58,241.75
2026-02-03 11:53:05.910,5.40,185.08,TAKE_PICTURE,2.23,0.49,178.41,0.55,241.75
2026-02-03 11:53:06.104,5.65,176.93,TAKE_PICTURE,2.22,1.04,169.64,0.54,241.75
2026-02-03 11:53:06.404,3.53,283.68,TAKE_PICTURE,2.07,111.31,165.81,0.55,241.75
2026-02-03 11:53:06.620,5.16,193.69,TAKE_PICTURE,2.10,1.44,186.09,0.54,241.75
2026-02-03 11:53:06.816,5.57,179.48,TAKE_PICTURE,2.13,0.52,172.72,0.58,241.75
2026-02-03 11:53:07.003,5.91,169.33,TAKE_PICTURE,2.42,0.70,162.34,0.60,241.75
2026-02-03 11:53:07.186,5.98,167.24,TAKE_PICTURE,2.19,0.86,160.64,0.55,241.75
2026-02-03 11:53:07.475,3.65,273.94,TAKE_PICTURE,2.10,112.14,155.95,0.57,241.75
2026-02-03 11:53:07.676,5.58,179.36,TAKE_PICTURE,1.31,1.43,172.82,0.54,241.75
2026-02-03 11:53:07.868,5.72,174.87,TAKE_PICTURE,2.07,0.56,168.12,0.56,241.75
2026-02-03 11:53:08.053,5.89,169.74,TAKE_PICTURE,2.12,1.01,162.15,0.59,241.75
2026-02-03 11:53:08.240,5.86,170.69,TAKE_PICTURE,5.62,0.61,161.96,0.53,241.75
2026-02-03 11:53:08.530,3.65,274.16,TAKE_PICTURE,2.29,110.95,156.73,0.59,241.75
2026-02-03 11:53:08.729,5.61,178.11,TAKE_PICTURE,1.36,1.25,172.29,0.60,241.75
2026-02-03 11:53:08.915,5.89,169.74,TAKE_PICTURE,2.07,0.65,163.32,0.54,241.75
2026-02-03 11:53:09.104,5.80,172.53,TAKE_PICTURE,2.09,1.10,164.89,0.90,241.75
2026-02-03 11:53:09.290,5.88,170.15,TAKE_PICTURE,2.15,1.20,162.79,0.55,241.75
2026-02-03 11:53:09.579,3.66,273.49,TAKE_PICTURE,2.12,111.22,156.67,0.54,241.75
2026-02-03 11:53:09.784,5.44,183.66,TAKE_PICTURE,1.46,1.37,177.09,0.58,241.75
2026-02-03 11:53:09.970,6.03,165.88,TAKE_PICTURE,1.27,0.61,161.37,0.67,241.75
2026-02-03 11:53:10.153,5.97,167.49,TAKE_PICTURE,1.74,0.74,162.26,0.59,241.75
2026-02-03 11:53:10.342,5.98,167.28,TAKE_PICTURE,1.32,0.67,162.02,0.62,241.75
2026-02-03 11:53:10.647,3.46,289.10,TAKE_PICTURE,2.18,124.16,159.47,0.55,241.75
2026-02-03 11:53:10.859,5.24,190.82,TAKE_PICTURE,1.69,1.62,184.14,0.58,241.75
2026-02-03 11:53:11.055,5.74,174.18,TAKE_PICTURE,1.30,0.97,169.09,0.63,241.75
2026-02-03 11:53:11.243,5.80,172.37,TAKE_PICTURE,2.42,0.73,165.88,0.56,241.75
2026-02-03 11:53:11.427,5.94,168.25,TAKE_PICTURE,2.21,1.03,161.89,0.53,241.75
2026-02-03 11:53:11.717,3.65,274.13,TAKE_PICTURE,2.05,112.20,155.52,0.55,241.75
2026-02-03 11:53:11.911,5.60,178.47,TAKE_PICTURE,2.08,0.87,172.27,0.57,241.75
2026-02-03 11:53:12.097,5.92,168.94,TAKE_PICTURE,2.11,0.61,163.74,0.52,241.75
2026-02-03 11:53:12.279,6.02,166.18,TAKE_PICTURE,2.23,0.54,159.21,0.57,241.75
2026-02-03 11:53:12.460,6.06,165.08,TAKE_PICTURE,2.10,0.60,159.18,0.54,241.75
2026-02-03 11:53:12.749,3.66,273.47,TAKE_PICTURE,2.15,112.22,154.60,0.55,241.75
2026-02-03 11:53:12.946,5.65,176.97,TAKE_PICTURE,1.69,0.59,171.69,0.63,241.75
2026-02-03 11:53:13.129,6.00,166.73,TAKE_PICTURE,1.99,0.71,160.55,0.56,241.75
2026-02-03 11:53:13.311,6.04,165.64,TAKE_PICTURE,1.97,0.62,158.95,0.58,241.75
2026-02-03 11:53:13.493,6.02,166.15,TAKE_PICTURE,2.07,0.74,160.11,0.64,241.75
2026-02-03 11:53:13.780,3.68,271.48,TAKE_PICTURE,2.03,113.47,153.17,0.53,241.75
2026-02-03 11:53:13.982,5.54,180.61,TAKE_PICTURE,1.41,1.23,173.23,0.57,241.75
2026-02-03 11:53:14.164,6.08,164.53,TAKE_PICTURE,1.96,0.50,157.92,0.57,241.75
2026-02-03 11:53:14.346,6.00,166.69,TAKE_PICTURE,2.32,0.61,161.00,0.56,241.75
2026-02-03 11:53:14.528,6.01,166.37,TAKE_PICTURE,2.23,1.31,158.36,0.56,241.75
2026-02-03 11:53:14.824,3.57,279.84,TAKE_PICTURE,2.04,114.43,160.63,0.56,241.75
2026-02-03 11:53:15.028,5.50,181.93,TAKE_PICTURE,1.63,1.62,175.27,0.54,241.75
2026-02-03 11:53:15.219,5.74,174.20,TAKE_PICTURE,5.15,1.10,164.93,0.53,241.75
2026-02-03 11:53:15.401,6.03,165.96,TAKE_PICTURE,1.77,0.63,159.68,0.54,241.75
2026-02-03 11:53:15.582,6.08,164.56,TAKE_PICTURE,2.14,0.55,158.08,0.53,241.75
2026-02-03 11:53:15.871,3.66,273.02,TAKE_PICTURE,2.10,112.97,154.27,0.58,241.75
2026-02-03 11:53:16.068,5.51,181.38,TAKE_PICTURE,1.84,0.50,174.70,0.55,241.75
2026-02-03 11:53:16.254,5.89,169.64,TAKE_PICTURE,1.94,0.70,162.50,0.58,241.75
2026-02-03 11:53:16.435,6.06,165.13,TAKE_PICTURE,1.96,0.60,159.06,0.59,241.75
2026-02-03 11:53:16.618,6.00,166.54,TAKE_PICTURE,1.89,1.07,159.31,0.58,241.75
2026-02-03 11:53:16.907,3.66,273.36,TAKE_PICTURE,4.83,112.28,153.60,0.55,241.75
2026-02-03 11:53:17.112,5.49,182.30,TAKE_PICTURE,3.34,1.54,173.31,0.55,241.75
2026-02-03 11:53:17.298,5.93,168.71,TAKE_PICTURE,2.46,1.23,160.40,0.55,241.75
2026-02-03 11:53:17.483,5.92,168.80,TAKE_PICTURE,2.42,0.64,161.51,0.61,241.75
2026-02-03 11:53:17.664,6.04,165.61,TAKE_PICTURE,2.38,0.86,158.15,0.58,241.75
2026-02-03 11:53:17.951,3.68,271.52,TAKE_PICTURE,2.38,111.43,153.57,0.59,241.75
2026-02-03 11:53:18.027,18.50,54.04,READY,1.63,0.48,48.25,0.61,241.75
2026-02-03 11:53:18.322,3.87,258.67,READY,33.33,107.17,109.44,0.58,241.75
2026-02-03 11:53:18.496,6.71,149.02,READY,2.34,1.73,139.80,0.55,241.75
2026-02-03 11:53:18.633,8.40,119.11,READY,2.53,0.75,111.85,0.57,241.75
2026-02-03 11:53:18.775,7.91,126.37,READY,2.12,0.79,118.91,1.03,241.75
2026-02-03 11:53:18.906,8.73,114.49,READY,2.08,1.09,107.02,0.62,241.75
2026-02-03 11:53:19.143,4.51,221.92,READY,5.00,113.49,100.62,0.54,241.75
2026-02-03 11:53:19.293,7.88,126.93,READY,3.00,1.45,117.87,0.66,241.75
2026-02-03 11:53:19.429,8.56,116.84,READY,2.35,1.18,108.89,0.60,241.75
2026-02-03 11:53:19.557,8.89,112.51,READY,2.08,0.73,105.42,0.57,241.75
2026-02-03 11:53:19.687,8.75,114.28,READY,2.19,0.46,107.57,0.57,241.75
2026-02-03 11:53:19.932,4.41,226.74,READY,2.52,116.37,104.05,0.57,241.75
2026-02-03 11:53:20.071,8.54,117.09,READY,1.30,0.65,112.39,0.73,241.75
2026-02-03 11:53:20.208,8.34,119.93,READY,2.05,0.91,113.47,0.60,241.75
2026-02-03 11:53:20.340,8.65,115.64,READY,3.81,0.89,107.20,0.63,241.75
2026-02-03 11:53:20.470,8.77,113.97,READY,2.15,0.97,106.74,0.58,241.75
2026-02-03 11:53:20.715,4.36,229.38,READY,2.40,116.18,107.16,0.60,241.75
2026-02-03 11:53:20.859,8.29,120.59,READY,2.62,0.87,112.92,0.65,241.75
2026-02-03 11:53:20.995,8.46,118.26,READY,1.63,0.97,111.47,0.60,241.75
2026-02-03 11:53:21.126,8.66,115.47,READY,2.11,0.62,109.41,0.54,241.75
2026-02-03 11:53:21.259,8.52,117.40,READY,2.03,0.56,111.20,0.53,241.75
2026-02-03 11:53:21.504,4.38,228.54,READY,1.96,121.44,101.03,0.54,241.75
2026-02-03 11:53:21.646,8.26,121.09,READY,1.40,1.66,114.01,0.67,241.75
2026-02-03 11:53:21.782,8.43,118.63,READY,2.63,0.61,110.43,0.59,241.75
2026-02-03 11:53:21.912,8.82,113.34,READY,1.99,0.69,107.05,0.56,241.75
2026-02-03 11:53:22.044,8.56,116.82,READY,1.99,1.04,109.29,0.58,241.75
2026-02-03 11:53:22.288,4.41,226.61,READY,2.39,116.81,104.49,0.61,241.75
2026-02-03 11:53:22.443,7.54,132.62,READY,2.44,1.74,124.17,0.82,241.75
2026-02-03 11:53:22.582,8.20,121.94,READY,2.11,0.59,115.50,0.55,241.75
2026-02-03 11:53:22.727,7.78,128.56,READY,2.48,0.77,121.53,0.56,241.75
2026-02-03 11:53:22.869,8.03,124.55,READY,2.65,0.56,116.73,0.81,241.75
2026-02-03 11:53:23.113,4.39,227.86,READY,2.41,116.97,104.65,0.54,241.75
2026-02-03 11:53:23.262,7.68,130.14,READY,2.72,1.02,122.35,0.57,241.75
2026-02-03 11:53:23.403,8.09,123.54,READY,1.71,1.46,116.97,0.53,241.75
2026-02-03 11:53:23.538,8.40,119.08,READY,2.06,0.76,113.04,0.59,241.75
2026-02-03 11:53:23.678,8.10,123.47,READY,2.16,1.44,116.19,0.68,241.75
2026-02-03 11:53:23.926,4.39,227.58,READY,2.41,115.04,107.09,0.65,241.75
2026-02-03 11:53:24.069,8.29,120.58,READY,1.38,1.31,114.13,0.60,241.75
2026-02-03 11:53:24.210,8.03,124.58,READY,2.83,2.21,113.95,0.62,241.75
2026-02-03 11:53:24.341,8.74,114.38,READY,2.10,0.58,108.20,0.54,241.75
2026-02-03 11:53:24.469,8.89,112.49,READY,2.18,0.59,106.98,0.54,241.75
2026-02-03 11:53:24.702,4.61,216.96,READY,2.17,110.21,100.41,0.57,241.75
2026-02-03 11:53:24.845,8.19,122.03,READY,1.39,1.46,115.27,0.68,241.75
2026-02-03 11:53:24.982,8.37,119.51,READY,2.40,0.70,112.87,0.60,241.75
2026-02-03 11:53:25.113,8.70,114.95,READY,1.56,0.65,108.82,0.59,241.75
2026-02-03 11:53:25.243,8.78,113.87,READY,2.38,0.70,107.03,0.56,241.75
2026-02-03 11:53:25.477,4.59,217.83,READY,2.25,111.12,100.15,0.54,241.75
2026-02-03 11:53:25.619,8.28,120.72,READY,1.32,1.12,114.16,0.86,241.75
2026-02-03 11:53:25.755,8.47,118.12,READY,2.35,0.62,111.90,0.60,241.75
2026-02-03 11:53:25.888,8.56,116.86,READY,2.18,0.52,109.10,0.75,241.75
2026-02-03 11:53:26.017,8.88,112.57,READY,1.96,0.72,105.71,0.56,241.75
2026-02-03 11:53:26.252,4.57,218.78,READY,2.09,111.47,101.23,0.55,241.75
2026-02-03 11:53:26.391,8.53,117.19,READY,1.32,0.74,112.48,0.68,241.75
2026-02-03 11:53:26.529,8.40,119.02,READY,1.55,0.97,113.51,0.54,241.75
2026-02-03 11:53:26.662,8.53,117.29,READY,5.33,0.74,108.67,0.60,241.75
2026-02-03 11:53:26.791,8.86,112.82,READY,2.35,1.12,105.27,0.56,241.75
2026-02-03 11:53:27.032,4.45,224.55,READY,2.50,116.78,101.16,0.57,241.75
2026-02-03 11:53:27.174,8.24,121.37,READY,1.36,1.48,115.57,0.69,241.75
2026-02-03 11:53:27.320,7.99,125.10,READY,1.88,1.28,117.28,0.53,241.75
2026-02-03 11:53:27.461,8.12,123.10,READY,2.61,0.54,115.87,0.52,241.75
2026-02-03 11:53:27.604,7.94,126.00,READY,2.83,0.75,117.62,0.58,241.75
2026-02-03 11:53:27.848,4.40,227.32,READY,4.42,116.71,103.51,0.57,241.75
2026-02-03 11:53:28.008,7.23,138.35,READY,1.61,1.49,131.22,0.84,241.75
2026-02-03 11:53:28.152,7.96,125.60,READY,2.56,1.18,117.03,0.55,241.75
2026-02-03 11:53:28.291,8.19,122.08,READY,2.43,0.85,114.42,0.56,241.75
2026-02-03 11:53:28.426,8.58,116.60,READY,2.35,0.84,109.06,0.57,241.75
2026-02-03 11:53:28.670,4.40,227.33,READY,2.65,113.15,107.65,0.60,241.75
2026-02-03 11:53:28.831,7.18,139.22,READY,2.60,1.26,131.20,0.75,241.75
2026-02-03 11:53:28.977,7.74,129.17,READY,1.96,0.78,121.57,0.57,241.75
2026-02-03 11:53:29.121,7.93,126.17,READY,2.59,0.77,118.49,0.60,241.75
2026-02-03 11:53:29.255,8.45,118.34,READY,2.01,0.47,111.63,0.57,241.75
2026-02-03 11:53:29.493,4.51,221.59,READY,1.99,113.05,103.14,0.55,241.75
2026-02-03 11:53:29.637,8.16,122.61,READY,1.32,1.24,116.17,0.74,241.75
2026-02-03 11:53:29.771,8.58,116.53,READY,1.70,0.79,110.92,0.58,241.75
2026-02-03 11:53:29.901,8.82,113.43,READY,1.89,0.74,106.16,0.55,241.75
2026-02-03 11:53:30.033,8.58,116.51,READY,2.19,0.66,109.72,0.70,241.75
2026-02-03 11:53:30.272,4.49,222.69,READY,2.12,114.33,102.76,0.62,241.75
2026-02-03 11:53:30.415,8.15,122.63,READY,1.43,1.38,116.69,0.70,241.75
2026-02-03 11:53:30.549,8.55,116.96,READY,2.52,0.68,109.42,0.60,241.75
2026-02-03 11:53:30.681,8.60,116.28,READY,2.33,1.11,108.84,0.59,241.75
2026-02-03 11:53:30.810,8.91,112.29,READY,2.01,0.61,106.46,0.61,241.75
2026-02-03 11:53:31.048,4.49,222.58,READY,2.14,113.26,103.85,0.70,241.75
2026-02-03 11:53:31.184,8.32,120.15,READY,2.44,0.82,113.68,0.70,241.75
2026-02-03 11:53:31.318,8.54,117.16,READY,2.14,0.93,110.63,0.64,241.75
2026-02-03 11:53:31.447,8.82,113.34,READY,2.05,1.27,106.62,0.76,241.75
2026-02-03 11:53:31.576,8.85,112.98,READY,1.91,0.68,106.80,0.54,241.75
2026-02-03 11:53:31.809,4.60,217.21,READY,2.29,110.51,99.81,0.58,241.75
2026-02-03 11:53:31.955,8.09,123.62,READY,1.31,1.22,116.27,0.70,241.75
2026-02-03 11:53:32.092,8.35,119.71,READY,2.10,1.40,110.22,0.58,241.75
2026-02-03 11:53:32.222,8.75,114.33,READY,2.18,0.57,108.18,0.63,241.75
2026-02-03 11:53:32.352,8.81,113.47,READY,2.22,0.87,107.39,0.60,241.75
2026-02-03 11:53:32.590,4.50,222.33,READY,1.98,116.99,100.34,0.59,241.75
2026-02-03 11:53:32.728,8.52,117.36,READY,1.74,0.76,111.98,0.72,241.75
2026-02-03 11:53:32.863,8.52,117.43,READY,2.37,0.79,110.31,0.59,241.75
2026-02-03 11:53:32.993,8.71,114.83,READY,2.25,0.71,108.61,0.69,241.75
2026-02-03 11:53:33.123,8.78,113.95,READY,2.12,0.51,107.58,0.57,241.75
2026-02-03 11:53:33.359,4.54,220.22,READY,1.83,113.82,100.46,0.61,241.75
2026-02-03 11:53:33.504,8.11,123.34,READY,1.40,1.36,115.31,0.74,241.75
2026-02-03 11:53:33.640,8.45,118.41,READY,1.64,0.84,111.91,0.57,241.75
2026-02-03 11:53:33.771,8.75,114.23,READY,2.03,0.58,106.77,0.60,241.75
2026-02-03 11:53:33.900,8.84,113.15,READY,1.94,1.02,105.78,0.62,241.75
2026-02-03 11:53:34.144,4.38,228.34,READY,2.15,120.16,101.45,0.82,241.75
2026-02-03 11:53:34.290,7.99,125.17,READY,3.51,0.66,117.63,0.75,241.75
2026-02-03 11:53:34.428,8.31,120.35,READY,2.35,0.63,113.32,0.59,241.75
2026-02-03 11:53:34.558,8.77,114.01,READY,2.26,0.90,106.39,0.68,241.75
2026-02-03 11:53:34.690,8.58,116.55,READY,2.33,0.66,106.28,0.60,241.75
2026-02-03 11:53:34.929,4.47,223.47,READY,2.34,117.38,100.21,0.54,241.75
2026-02-03 11:53:35.078,7.95,125.79,READY,6.71,1.92,113.33,0.72,241.75
2026-02-03 11:53:35.210,8.73,114.57,READY,2.32,0.59,108.82,0.55,241.75
2026-02-03 11:53:35.339,8.80,113.65,READY,2.05,0.70,107.17,0.55,241.75
2026-02-03 11:53:35.468,8.89,112.51,READY,1.94,0.94,105.51,0.57,241.75
2026-02-03 11:53:35.702,4.58,218.21,READY,1.80,111.87,100.49,0.55,241.75
2026-02-03 11:53:35.843,8.30,120.45,READY,1.34,1.54,113.56,0.67,241.75
2026-02-03 11:53:35.979,8.42,118.76,READY,2.67,0.74,112.34,0.54,241.75
2026-02-03 11:53:36.114,8.43,118.64,READY,2.25,0.82,109.82,2.00,241.75
2026-02-03 11:53:36.241,9.00,111.06,READY,2.17,0.70,104.71,0.58,241.75
2026-02-03 11:53:36.475,4.59,217.68,READY,2.28,111.16,99.80,1.00,241.75
2026-02-03 11:53:36.616,8.39,119.17,READY,1.49,0.93,114.05,0.68,241.75
2026-02-03 11:53:36.749,8.67,115.37,READY,5.12,0.98,106.30,0.58,241.75
2026-02-03 11:53:36.880,8.70,115.00,READY,5.52,0.60,106.31,0.56,241.75
2026-02-03 11:53:37.018,8.18,122.27,READY,8.76,2.71,106.88,0.58,241.75
2026-02-03 11:53:37.260,4.42,226.08,READY,2.15,119.17,101.29,0.58,241.75
2026-02-03 11:53:37.407,8.00,124.99,READY,2.03,1.35,117.63,0.72,241.75
2026-02-03 11:53:37.541,8.53,117.22,READY,1.64,0.68,111.95,0.61,241.75
2026-02-03 11:53:37.675,8.48,117.97,READY,2.28,0.50,111.46,0.57,241.75
2026-02-03 11:53:37.805,8.75,114.28,READY,2.00,0.70,108.47,0.54,241.75
2026-02-03 11:53:38.045,4.46,224.23,READY,2.21,115.84,102.39,0.60,241.75
2026-02-03 11:53:38.186,8.37,119.53,READY,1.36,0.78,114.67,0.67,241.75
2026-02-03 11:53:38.323,8.28,120.76,READY,7.77,0.63,109.77,0.56,241.75
2026-02-03 11:53:38.454,8.77,113.98,READY,2.06,0.98,107.05,0.54,241.75
2026-02-03 11:53:38.583,8.82,113.32,READY,1.84,0.65,107.76,0.54,241.75
2026-02-03 11:53:38.823,4.45,224.47,READY,1.95,118.15,101.25,0.58,241.75
2026-02-03 11:53:38.965,8.32,120.24,READY,1.44,1.33,113.80,0.71,241.75
2026-02-03 11:53:39.100,8.47,118.09,READY,2.32,0.79,111.60,0.58,241.75
2026-02-03 11:53:39.228,8.94,111.91,READY,1.76,1.09,105.63,0.53,241.75
2026-02-03 11:53:39.358,8.77,114.00,READY,1.97,0.81,107.01,0.63,241.75
2026-02-03 11:53:39.596,4.52,221.46,READY,1.94,115.52,100.31,0.61,241.75
2026-02-03 11:53:39.740,8.16,122.59,READY,1.61,1.29,114.83,0.79,241.75
2026-02-03 11:53:39.875,8.52,117.42,READY,2.37,1.05,110.92,0.61,241.75
2026-02-03 11:53:40.008,8.90,112.40,READY,1.40,0.58,107.50,0.58,241.75
2026-02-03 11:53:40.136,8.88,112.65,READY,2.06,0.73,106.68,0.57,241.75
2026-02-03 11:53:40.372,4.54,220.49,READY,2.10,114.86,100.64,0.58,241.75
2026-02-03 11:53:40.515,8.23,121.48,READY,1.55,1.46,114.95,0.72,241.75
2026-02-03 11:53:40.653,8.45,118.41,READY,4.25,0.70,110.13,0.56,241.75
2026-02-03 11:53:40.781,8.87,112.72,READY,1.83,0.77,107.56,0.55,241.75
2026-02-03 11:53:40.910,8.85,112.98,READY,3.70,0.70,105.50,0.63,241.75
2026-02-03 11:53:41.145,4.57,218.65,READY,2.19,111.96,101.19,0.59,241.75
2026-02-03 11:53:41.288,8.20,121.94,READY,1.43,1.27,115.21,0.71,241.75
2026-02-03 11:53:41.420,8.86,112.88,READY,1.37,1.37,107.06,0.57,241.75
2026-02-03 11:53:41.550,8.76,114.17,READY,2.37,0.61,106.62,0.70,241.75
2026-02-03 11:53:41.681,8.68,115.16,READY,2.36,0.61,108.46,0.57,241.75
2026-02-03 11:53:41.927,4.35,229.71,READY,2.30,119.51,103.61,0.56,241.75
2026-02-03 11:53:42.072,8.10,123.49,READY,1.45,1.52,116.56,0.68,241.75
2026-02-03 11:53:42.208,8.43,118.60,READY,2.11,0.77,112.94,0.69,241.75
2026-02-03 11:53:42.339,8.75,114.34,READY,2.38,0.65,108.39,0.69,241.75
2026-02-03 11:53:42.469,8.75,114.25,READY,2.19,0.69,108.04,0.56,241.75
2026-02-03 11:53:42.718,4.28,233.79,READY,2.32,122.88,105.81,0.60,241.75
2026-02-03 11:53:42.866,8.09,123.59,READY,2.69,1.54,115.61,0.62,241.75
2026-02-03 11:53:43.018,7.48,133.63,READY,3.07,0.55,125.51,0.68,241.75
2026-02-03 11:53:43.162,7.96,125.69,READY,3.01,0.80,117.40,0.54,241.75
2026-02-03 11:53:43.294,8.62,116.00,READY,2.61,0.93,108.68,0.55,241.75
2026-02-03 11:53:43.544,4.29,233.04,READY,2.14,115.07,112.24,0.59,241.75
2026-02-03 11:53:43.699,7.61,131.40,READY,1.71,1.29,124.60,0.83,241.75
2026-02-03 11:53:43.842,7.93,126.15,READY,2.42,0.61,118.56,0.58,241.75
2026-02-03 11:53:43.982,8.12,123.09,READY,2.23,1.21,116.11,0.57,241.75
2026-02-03 11:53:44.120,8.35,119.75,READY,2.21,0.59,112.38,0.53,241.75
2026-02-03 11:53:44.357,4.52,221.14,READY,2.57,110.63,103.59,0.54,241.75
2026-02-03 11:53:44.512,7.56,132.26,READY,3.55,1.74,123.19,0.62,241.75
2026-02-03 11:53:44.644,8.77,114.06,READY,2.10,0.59,107.61,0.57,241.75
2026-02-03 11:53:44.773,8.86,112.85,READY,2.10,0.75,105.53,0.59,241.75
2026-02-03 11:53:44.901,8.95,111.79,READY,2.09,0.61,105.13,0.56,241.75
2026-02-03 11:53:45.135,4.58,218.56,READY,1.92,112.84,99.93,0.56,241.75
2026-02-03 11:53:45.271,8.32,120.23,READY,2.38,0.51,112.52,0.71,241.75
2026-02-03 11:53:45.403,8.71,114.84,READY,2.15,0.53,108.33,0.56,241.75
2026-02-03 11:53:45.533,8.75,114.33,READY,2.26,0.74,108.03,0.56,241.75
2026-02-03 11:53:45.661,8.93,111.97,READY,2.36,0.97,105.92,0.54,241.75
2026-02-03 11:53:45.901,4.47,223.89,READY,2.29,118.17,100.48,0.54,241.75
2026-02-03 11:53:46.045,8.15,122.65,READY,1.31,1.29,115.31,0.69,241.75
2026-02-03 11:53:46.178,8.63,115.86,READY,2.45,1.03,107.59,0.60,241.75
2026-02-03 11:53:46.309,8.74,114.38,READY,2.17,0.63,108.11,0.61,241.75
2026-02-03 11:53:46.437,8.91,112.22,READY,2.05,0.78,105.44,0.58,241.75
2026-02-03 11:53:46.675,4.49,222.78,READY,1.93,116.80,100.10,0.60,241.75
2026-02-03 11:53:46.820,8.12,123.21,READY,1.31,1.39,116.68,0.70,241.75
2026-02-03 11:53:46.956,8.42,118.74,READY,2.43,0.82,112.54,0.56,241.75
2026-02-03 11:53:47.089,8.53,117.22,READY,2.21,1.13,110.89,0.55,241.75
2026-02-03 11:53:47.218,8.83,113.25,READY,2.26,1.17,106.99,0.54,241.75
2026-02-03 11:53:47.458,4.47,223.89,READY,2.42,116.73,101.70,0.53,241.75
2026-02-03 11:53:47.602,8.15,122.71,READY,1.43,1.21,116.07,0.69,241.75
2026-02-03 11:53:47.738,8.41,118.89,READY,2.32,1.29,110.35,0.56,241.75
2026-02-03 11:53:47.867,8.82,113.42,READY,4.88,0.59,105.16,0.54,241.75
2026-02-03 11:53:47.994,9.00,111.15,READY,2.16,0.72,104.05,0.58,241.75
2026-02-03 11:53:48.234,4.47,223.68,READY,2.16,118.23,99.88,0.54,241.75
2026-02-03 11:53:48.377,8.21,121.75,READY,1.31,1.30,115.67,0.77,241.75
2026-02-03 11:53:48.515,8.33,120.12,READY,2.28,0.73,114.46,0.54,241.75
2026-02-03 11:53:48.643,8.88,112.64,READY,1.86,0.71,106.78,0.59,241.75
2026-02-03 11:53:48.771,8.95,111.72,READY,1.96,0.47,105.55,0.56,241.75
2026-02-03 11:53:49.010,4.48,223.34,READY,1.96,117.69,100.20,0.57,241.75
2026-02-03 11:53:49.152,8.31,120.39,READY,1.31,1.45,113.87,0.69,241.75
2026-02-03 11:53:49.286,8.53,117.25,READY,5.39,1.25,106.96,0.61,241.75
2026-02-03 11:53:49.415,8.82,113.33,READY,3.18,0.80,106.34,0.61,241.75
2026-02-03 11:53:49.544,8.84,113.14,READY,2.01,1.12,107.04,0.58,241.75
2026-02-03 11:53:49.781,4.54,220.44,READY,2.07,112.49,102.50,0.57,241.75
2026-02-03 11:53:49.924,7.96,125.70,READY,5.48,0.75,116.16,0.71,241.75
2026-02-03 11:53:50.064,8.14,122.83,READY,2.66,0.55,116.57,0.64,241.75
2026-02-03 11:53:50.198,8.52,117.38,READY,2.05,0.91,110.73,1.13,241.75
2026-02-03 11:53:50.327,8.84,113.07,READY,2.37,0.92,106.60,0.66,241.75
2026-02-03 11:53:50.567,4.46,224.39,READY,2.02,113.67,105.95,0.56,241.75
2026-02-03 11:53:50.714,8.01,124.88,READY,3.12,1.42,115.97,0.76,241.75
2026-02-03 11:53:50.851,8.68,115.24,READY,2.11,1.49,108.59,0.57,241.75
2026-02-03 11:53:50.984,8.52,117.36,READY,2.17,0.97,110.75,0.56,241.75
2026-02-03 11:53:51.117,8.57,116.64,READY,2.22,0.73,109.20,0.55,241.75
2026-02-03 11:53:51.363,4.34,230.28,READY,2.32,119.57,103.89,0.57,241.75
2026-02-03 11:53:51.504,8.27,120.96,READY,1.59,0.77,115.60,0.76,241.75
2026-02-03 11:53:51.640,8.42,118.82,READY,2.46,0.77,112.51,0.59,241.75
2026-02-03 11:53:51.772,8.58,116.54,READY,2.36,1.00,109.05,0.60,241.75
2026-02-03 11:53:51.902,8.78,113.93,READY,2.15,0.80,106.88,0.60,241.75
2026-02-03 11:53:52.144,4.42,226.02,READY,2.09,120.06,100.52,0.54,241.75
2026-02-03 11:53:52.290,8.06,124.04,READY,1.95,1.20,115.97,0.71,241.75
2026-02-03 11:53:52.424,8.56,116.87,READY,2.19,0.62,111.37,0.53,241.75
2026-02-03 11:53:52.554,8.75,114.32,READY,2.45,0.67,108.34,0.55,241.75
2026-02-03 11:53:52.683,8.83,113.30,READY,4.01,0.63,106.04,0.56,241.75
2026-02-03 11:53:52.925,4.49,222.84,READY,3.43,111.97,104.72,0.54,241.75
2026-02-03 11:53:53.072,8.06,124.08,READY,2.40,1.31,116.60,0.71,241.75
2026-02-03 11:53:53.208,8.39,119.18,READY,5.27,0.71,110.70,0.55,241.75
2026-02-03 11:53:53.338,8.80,113.59,READY,2.43,1.14,106.04,0.58,241.75
2026-02-03 11:53:53.469,8.66,115.46,READY,2.35,1.18,107.99,0.55,241.75
2026-02-03 11:53:53.705,4.58,218.23,READY,1.33,111.81,101.61,0.55,241.75
2026-02-03 11:53:53.854,7.86,127.23,READY,1.31,1.10,120.71,0.68,241.75
2026-02-03 11:53:53.992,8.26,121.02,READY,2.35,1.35,111.88,0.57,241.75
2026-02-03 11:53:54.125,8.62,116.00,READY,2.39,0.82,109.23,0.57,241.75
2026-02-03 11:53:54.256,8.67,115.35,READY,2.87,0.55,107.66,0.58,241.75
2026-02-03 11:53:54.494,4.51,221.73,READY,2.42,113.62,101.25,0.56,241.75
2026-02-03 11:53:54.629,8.40,119.06,READY,2.47,1.14,112.08,0.72,241.75
2026-02-03 11:53:54.760,8.68,115.23,READY,2.36,0.57,108.38,0.57,241.75
2026-02-03 11:53:54.889,8.86,112.89,READY,2.09,0.91,105.95,0.58,241.75
2026-02-03 11:53:55.017,8.95,111.73,READY,2.12,0.72,106.10,0.55,241.75
2026-02-03 11:53:55.259,4.43,225.71,READY,2.32,119.68,99.71,0.59,241.75
2026-02-03 11:53:55.401,8.22,121.72,READY,1.33,1.25,115.28,0.75,241.75
2026-02-03 11:53:55.536,8.51,117.54,READY,2.37,0.67,111.26,0.69,241.75
2026-02-03 11:53:55.667,8.70,114.95,READY,2.10,0.74,109.02,0.56,241.75
2026-02-03 11:53:55.796,8.89,112.51,READY,2.21,0.68,106.61,0.54,241.75
2026-02-03 11:53:56.029,4.59,217.66,READY,2.02,112.51,100.10,0.56,241.75
2026-02-03 11:53:56.172,8.25,121.25,READY,1.50,1.47,114.59,0.65,241.75
2026-02-03 11:53:56.305,8.65,115.67,READY,2.36,1.37,108.52,0.60,241.75
2026-02-03 11:53:56.434,8.78,113.89,READY,2.14,0.98,107.74,0.62,241.75
2026-02-03 11:53:56.563,8.90,112.33,READY,2.39,1.03,105.85,0.60,241.75
2026-02-03 11:53:56.801,4.50,222.42,READY,2.10,113.21,103.99,0.64,241.75
2026-02-03 11:53:56.955,7.54,132.59,READY,1.91,3.02,123.00,1.12,241.75
2026-02-03 11:53:57.090,8.57,116.74,READY,5.46,1.18,106.50,0.64,241.75
2026-02-03 11:53:57.217,9.03,110.74,READY,2.36,0.58,104.31,0.57,241.75
2026-02-03 11:53:57.347,8.75,114.34,READY,2.13,0.70,107.38,0.55,241.75
2026-02-03 11:53:57.579,4.62,216.45,READY,2.14,111.60,99.53,0.56,241.75
2026-02-03 11:53:57.720,8.34,119.91,READY,1.34,1.48,113.52,0.64,241.75
2026-02-03 11:53:57.855,8.52,117.33,READY,5.20,1.40,107.09,0.60,241.75
2026-02-03 11:53:57.983,8.87,112.69,READY,2.37,1.27,105.35,0.62,241.75
2026-02-03 11:53:58.112,8.85,113.00,READY,2.09,1.13,105.64,0.55,241.75
2026-02-03 11:53:58.349,4.52,221.26,READY,2.18,112.54,102.42,0.53,241.75
2026-02-03 11:53:58.494,7.87,126.99,READY,1.33,1.12,119.25,0.68,241.75
2026-02-03 11:53:58.633,8.29,120.58,READY,1.99,0.48,114.15,0.67,241.75
2026-02-03 11:53:58.771,8.27,120.85,READY,2.63,0.81,114.20,0.61,241.75
2026-02-03 11:53:58.913,7.95,125.72,READY,2.38,1.17,118.55,0.91,241.75
2026-02-03 11:53:59.155,4.47,223.88,READY,2.20,114.11,104.47,0.56,241.75
2026-02-03 11:53:59.310,7.50,133.33,READY,2.27,1.53,125.76,0.73,241.75
2026-02-03 11:53:59.453,8.02,124.70,READY,2.46,1.15,115.81,0.60,241.75
2026-02-03 11:53:59.590,8.37,119.52,READY,2.75,0.66,112.07,0.55,241.75
2026-02-03 11:53:59.726,8.35,119.79,READY,2.56,0.63,112.43,0.54,241.75
2026-02-03 11:53:59.964,4.56,219.11,READY,2.82,110.50,101.57,0.53,241.75
2026-02-03 11:54:00.111,7.94,126.01,READY,1.53,1.41,119.59,0.58,241.75
2026-02-03 11:54:00.244,8.67,115.34,READY,2.10,1.15,108.80,0.60,241.75
2026-02-03 11:54:00.378,8.81,113.44,READY,2.23,1.13,107.26,0.61,241.75
2026-02-03 11:54:00.508,8.76,114.16,READY,2.36,0.99,107.88,0.56,241.75
2026-02-03 11:54:00.743,4.57,218.74,READY,2.31,111.63,102.08,0.59,241.75
2026-02-03 11:54:00.892,7.82,127.87,READY,1.78,1.49,120.70,0.87,241.75
2026-02-03 11:54:01.028,8.44,118.51,READY,1.86,1.11,110.19,0.51,241.75
2026-02-03 11:54:01.160,8.60,116.24,READY,2.34,1.06,108.31,0.55,241.75
2026-02-03 11:54:01.290,8.79,113.75,READY,2.37,1.02,106.26,0.54,241.75
2026-02-03 11:54:01.523,4.60,217.45,READY,2.25,110.24,100.86,0.55,241.75
2026-02-03 11:54:01.670,7.98,125.31,READY,1.41,1.25,118.95,0.71,241.75
2026-02-03 11:54:01.808,8.37,119.41,READY,1.41,0.63,110.38,0.51,241.75
2026-02-03 11:54:01.939,8.65,115.58,READY,5.07,0.79,106.85,0.54,241.75
2026-02-03 11:54:02.068,8.87,112.75,READY,2.20,0.81,106.71,0.54,241.75
2026-02-03 11:54:02.308,4.46,224.46,READY,2.36,117.31,102.02,0.58,241.75
2026-02-03 11:54:02.458,7.79,128.33,READY,1.54,1.59,120.83,0.78,241.75
2026-02-03 11:54:02.594,8.65,115.66,READY,3.18,0.69,108.07,0.57,241.75
2026-02-03 11:54:02.724,8.79,113.79,READY,2.42,0.59,106.22,0.56,241.75
2026-02-03 11:54:02.854,8.76,114.12,READY,2.52,0.73,106.32,0.58,241.75
2026-02-03 11:54:03.089,4.55,219.82,READY,2.40,112.52,100.32,0.61,241.75
2026-02-03 11:54:03.235,7.80,128.20,READY,4.13,0.60,119.71,0.70,241.75
2026-02-03 11:54:03.373,8.34,119.83,READY,2.28,0.58,112.72,0.81,241.75
2026-02-03 11:54:03.515,8.00,125.07,READY,2.16,0.58,118.32,0.62,241.75
2026-02-03 11:54:03.660,7.87,127.02,READY,2.22,0.75,118.93,0.55,241.75
2026-02-03 11:54:03.908,4.31,231.95,READY,2.29,116.89,108.12,0.57,241.75
2026-02-03 11:54:04.056,7.98,125.24,READY,2.53,1.26,117.03,0.72,241.75
2026-02-03 11:54:04.222,6.71,148.93,READY,2.34,0.58,141.67,0.59,241.75
2026-02-03 11:54:04.351,8.96,111.56,READY,1.95,0.56,105.07,0.54,241.75
2026-02-03 11:54:04.482,8.69,115.09,READY,1.91,0.75,107.83,0.62,241.75
2026-02-03 11:54:04.719,4.53,220.85,READY,2.16,114.59,100.26,0.54,241.75
2026-02-03 11:54:04.863,8.09,123.66,READY,1.63,0.58,118.34,0.74,241.75
2026-02-03 11:54:04.999,8.41,118.91,READY,2.33,1.13,111.48,0.53,241.75
2026-02-03 11:54:05.128,8.85,112.96,READY,1.95,0.48,106.12,0.58,241.75
2026-02-03 11:54:05.268,8.10,123.47,READY,3.02,0.73,115.41,0.57,241.75
2026-02-03 11:54:05.610,3.11,321.19,READY,1.53,213.83,103.22,0.59,241.75
2026-02-03 11:54:05.759,7.85,127.42,READY,1.85,1.49,120.33,0.75,241.75
2026-02-03 11:54:05.900,8.07,123.89,READY,2.44,1.07,115.52,0.55,241.75
2026-02-03 11:54:06.040,8.17,122.37,READY,2.29,0.71,115.19,0.55,241.75
2026-02-03 11:54:06.173,8.59,116.45,READY,2.13,0.54,109.47,0.56,241.75
2026-02-03 11:54:06.417,4.43,225.59,READY,1.41,120.31,100.70,0.57,241.75
2026-02-03 11:54:06.563,8.02,124.74,READY,1.69,1.24,117.83,0.78,241.75
2026-02-03 11:54:06.697,8.53,117.23,READY,2.29,0.59,111.49,0.54,241.75
2026-02-03 11:54:06.828,8.72,114.74,READY,5.18,0.63,106.37,0.56,241.75
2026-02-03 11:54:06.956,8.90,112.30,READY,1.93,0.64,106.91,0.58,241.75
2026-02-03 11:54:07.197,4.45,224.57,READY,5.56,113.32,103.06,0.57,241.75
2026-02-03 11:54:07.360,7.06,141.69,READY,1.46,1.45,133.99,1.59,241.75
2026-02-03 11:54:07.493,8.69,115.11,READY,2.67,0.78,107.25,0.55,241.75
2026-02-03 11:54:07.625,8.61,116.09,READY,1.95,0.73,109.97,0.55,241.75
2026-02-03 11:54:07.757,8.59,116.45,READY,2.58,0.59,109.47,0.55,241.75
2026-02-03 11:54:07.996,4.49,222.81,READY,2.23,113.99,103.02,0.55,241.75
2026-02-03 11:54:08.143,7.94,125.87,READY,2.20,0.75,120.12,0.73,241.75
2026-02-03 11:54:08.285,8.25,121.28,READY,2.20,0.78,114.32,1.04,241.75
2026-02-03 11:54:08.415,8.72,114.62,READY,1.81,0.60,109.20,0.54,241.75
2026-02-03 11:54:08.548,8.56,116.84,READY,1.74,0.72,110.29,0.60,241.75
2026-02-03 11:54:08.802,4.22,236.77,READY,2.34,125.86,105.77,0.57,241.75
2026-02-03 11:54:08.956,7.57,132.11,READY,2.66,2.14,123.48,0.66,241.75
2026-02-03 11:54:09.089,8.63,115.85,READY,2.15,0.59,109.42,0.56,241.75
2026-02-03 11:54:09.219,8.81,113.50,READY,2.67,0.69,106.62,0.55,241.75
2026-02-03 11:54:09.349,8.74,114.47,READY,2.19,0.91,107.86,0.58,241.75
2026-02-03 11:54:09.589,4.47,223.53,READY,1.75,117.06,102.01,0.52,241.75
2026-02-03 11:54:09.730,8.30,120.44,READY,2.42,1.29,112.73,0.66,241.75
2026-02-03 11:54:09.866,8.47,118.06,READY,2.46,1.36,108.15,0.58,241.75
2026-02-03 11:54:09.995,8.84,113.13,READY,2.31,0.70,105.78,0.63,241.75
2026-02-03 11:54:10.123,8.89,112.51,READY,2.36,0.64,105.09,0.58,241.75
2026-02-03 11:54:10.358,4.58,218.48,READY,2.29,111.81,99.99,0.56,241.75
2026-02-03 11:54:10.493,8.78,113.89,READY,1.25,1.52,107.34,0.55,241.75
2026-02-03 11:54:10.623,8.85,112.96,READY,2.30,0.97,105.14,0.59,241.75
2026-02-03 11:54:10.754,8.64,115.76,READY,5.23,1.47,105.56,0.64,241.75
2026-02-03 11:54:10.888,8.46,118.20,READY,5.71,1.48,107.20,0.56,241.75
2026-02-03 11:54:11.139,4.26,234.88,READY,2.17,117.64,110.49,0.58,241.75
2026-02-03 11:54:11.281,8.56,116.80,READY,3.10,1.68,108.33,0.57,241.75
2026-02-03 11:54:11.415,8.49,117.83,READY,2.28,1.25,108.02,2.57,241.75
2026-02-03 11:54:11.543,9.01,111.03,READY,2.03,1.03,103.55,0.61,241.75
2026-02-03 11:54:11.670,8.96,111.65,READY,2.04,0.62,105.63,0.59,241.75
2026-02-03 11:54:11.906,4.54,220.02,READY,1.93,114.85,99.58,0.61,241.75
2026-02-03 11:54:12.045,8.68,115.20,READY,3.08,1.58,106.87,0.59,241.75
2026-02-03 11:54:12.176,8.76,114.14,READY,2.43,1.24,105.52,0.57,241.75
2026-02-03 11:54:12.306,8.78,113.84,READY,2.45,0.53,106.31,0.58,241.75
2026-02-03 11:54:12.436,8.81,113.55,READY,2.37,0.52,106.17,0.57,241.75
2026-02-03 11:54:12.670,4.57,218.83,READY,2.39,112.15,99.70,0.67,241.75
2026-02-03 11:54:12.813,8.25,121.15,READY,1.47,1.27,114.26,0.67,241.75
2026-02-03 11:54:12.946,8.66,115.50,READY,2.46,0.58,108.62,0.55,241.75
2026-02-03 11:54:13.075,8.82,113.33,READY,2.16,0.58,106.19,0.55,241.75
2026-02-03 11:54:13.211,8.38,119.32,READY,1.93,0.95,110.10,0.60,241.75
2026-02-03 11:54:13.458,4.37,228.86,READY,2.65,115.44,105.67,0.60,241.75
2026-02-03 11:54:13.611,7.68,130.16,READY,1.82,1.86,121.60,0.77,241.75
2026-02-03 11:54:13.756,8.04,124.42,READY,1.31,0.98,118.10,0.55,241.75
2026-02-03 11:54:13.895,8.27,120.90,READY,2.36,0.72,113.10,0.80,241.75
2026-02-03 11:54:14.033,8.27,120.90,READY,2.62,0.68,113.31,0.59,241.75
2026-02-03 11:54:14.278,4.39,228.01,READY,2.69,116.85,103.40,0.55,241.75
2026-02-03 11:54:14.420,8.28,120.76,READY,1.28,1.46,114.30,0.66,241.75
2026-02-03 11:54:14.556,8.46,118.24,READY,2.42,0.67,111.08,0.54,241.75
2026-02-03 11:54:14.686,8.76,114.19,READY,2.18,0.99,106.85,0.56,241.75
2026-02-03 11:54:14.815,8.81,113.55,READY,2.39,0.99,105.83,0.55,241.75
2026-02-03 11:54:15.050,4.56,219.25,READY,2.24,112.72,100.08,0.62,241.75
2026-02-03 11:54:15.197,7.99,125.22,READY,1.42,1.46,119.18,0.57,241.75
2026-02-03 11:54:15.331,8.54,117.15,READY,2.25,0.77,110.42,0.53,241.75
2026-02-03 11:54:15.462,8.68,115.19,READY,2.08,1.05,107.65,0.59,241.75
2026-02-03 11:54:15.592,8.82,113.42,READY,2.10,0.68,107.19,0.55,241.75
2026-02-03 11:54:15.828,4.53,220.51,READY,1.95,113.97,100.50,0.58,241.75
2026-02-03 11:54:15.969,8.33,120.05,READY,1.49,1.43,114.25,0.71,241.75
2026-02-03 11:54:16.106,8.59,116.47,READY,2.10,0.64,109.76,0.57,241.75
2026-02-03 11:54:16.236,8.78,113.88,READY,2.52,1.06,107.07,0.61,241.75
2026-02-03 11:54:16.365,8.83,113.25,READY,2.15,1.11,106.92,0.57,241.75
2026-02-03 11:54:16.617,4.24,236.01,READY,2.34,129.47,101.37,0.56,241.75
2026-02-03 11:54:16.757,8.57,116.74,READY,1.54,0.66,111.71,0.69,241.75
2026-02-03 11:54:16.900,7.96,125.69,READY,2.34,1.27,118.33,0.55,241.75
2026-02-03 11:54:17.032,8.61,116.08,READY,2.03,1.02,109.15,0.57,241.75
2026-02-03 11:54:17.166,8.71,114.84,READY,1.33,1.11,108.69,0.55,241.75
2026-02-03 11:54:17.411,4.37,228.91,READY,2.27,122.24,100.82,0.57,241.75
2026-02-03 11:54:17.550,8.54,117.08,READY,1.65,1.48,110.58,0.78,241.75
2026-02-03 11:54:17.705,7.30,137.00,READY,2.27,0.85,129.33,0.56,241.75
2026-02-03 11:54:17.834,8.79,113.75,READY,2.19,0.67,107.38,0.62,241.75
2026-02-03 11:54:17.965,8.73,114.52,READY,2.20,0.58,108.09,0.57,241.75
2026-02-03 11:54:18.202,4.52,221.23,READY,2.24,114.49,101.37,0.59,241.75
2026-02-03 11:54:18.338,8.76,114.12,READY,1.54,1.47,107.64,0.59,241.75
2026-02-03 11:54:18.479,8.07,123.97,READY,2.38,1.27,115.32,0.75,241.75
2026-02-03 11:54:18.616,8.41,118.88,READY,3.14,1.29,109.70,0.55,241.75
2026-02-03 11:54:18.747,8.69,115.10,READY,2.18,0.87,107.56,0.59,241.75
2026-02-03 11:54:18.984,4.51,221.57,READY,2.37,114.25,101.68,0.59,241.75
2026-02-03 11:54:19.123,8.49,117.84,READY,1.48,1.24,110.88,1.00,241.75
2026-02-03 11:54:19.259,8.51,117.54,READY,3.29,1.32,109.96,0.58,241.75
2026-02-03 11:54:19.388,8.80,113.68,READY,2.09,0.65,107.17,0.77,241.75
2026-02-03 11:54:19.518,8.80,113.62,READY,2.13,1.21,107.20,0.55,241.75
2026-02-03 11:54:19.756,4.50,222.46,READY,2.14,114.74,101.91,0.54,241.75
2026-02-03 11:54:19.893,8.68,115.21,READY,1.45,1.67,108.89,0.69,241.75
2026-02-03 11:54:20.040,7.67,130.35,READY,2.01,0.92,123.00,0.52,241.75
2026-02-03 11:54:20.169,8.82,113.37,READY,2.40,1.02,106.12,0.58,241.75
2026-02-03 11:54:20.299,8.82,113.32,READY,2.08,0.84,107.53,0.59,241.75
2026-02-03 11:54:20.536,4.50,222.10,READY,1.47,113.83,101.26,0.58,241.75
2026-02-03 11:54:20.671,8.45,118.29,READY,2.08,0.52,108.06,0.71,241.75
2026-02-03 11:54:20.813,8.13,123.06,READY,2.17,0.80,116.79,1.09,241.75
2026-02-03 11:54:20.945,8.64,115.71,READY,5.18,0.60,107.26,0.56,241.75
2026-02-03 11:54:21.074,8.84,113.16,READY,2.05,0.57,106.09,0.90,241.75
2026-02-03 11:54:21.312,4.49,222.47,READY,2.29,115.36,101.27,0.56,241.75
2026-02-03 11:54:21.449,8.65,115.55,READY,1.54,1.57,109.42,0.63,241.75
2026-02-03 11:54:21.594,7.82,127.90,READY,2.55,1.05,120.37,0.71,241.75
2026-02-03 11:54:21.726,8.71,114.75,READY,5.47,0.73,106.00,0.55,241.75
2026-02-03 11:54:21.859,8.53,117.25,READY,5.07,1.11,107.72,0.58,241.75
2026-02-03 11:54:22.100,4.44,225.19,READY,2.10,116.98,102.80,0.56,241.75
2026-02-03 11:54:22.247,7.93,126.11,READY,2.68,1.28,118.08,0.74,241.75
2026-02-03 11:54:22.380,8.69,115.06,READY,1.95,0.75,109.59,0.62,241.75
2026-02-03 11:54:22.510,8.75,114.35,READY,2.31,0.85,106.94,0.57,241.75
2026-02-03 11:54:22.639,8.78,113.84,READY,2.31,0.87,106.42,0.56,241.75
2026-02-03 11:54:22.879,4.48,223.36,READY,2.28,116.61,100.07,0.54,241.75
2026-02-03 11:54:23.024,8.08,123.69,READY,1.31,1.32,117.03,0.67,241.75
2026-02-03 11:54:23.159,8.44,118.53,READY,5.51,0.79,109.47,0.62,241.75
2026-02-03 11:54:23.289,8.82,113.42,READY,2.02,1.17,105.95,0.56,241.75
2026-02-03 11:54:23.417,8.90,112.30,READY,2.13,0.48,105.48,0.56,241.75
2026-02-03 11:54:23.656,4.49,222.69,READY,2.11,115.26,101.25,0.56,241.75
2026-02-03 11:54:23.798,8.26,121.11,READY,1.52,1.44,114.93,0.78,241.75
2026-02-03 11:54:23.938,8.18,122.27,READY,2.11,1.07,114.97,0.58,241.75
2026-02-03 11:54:24.068,8.82,113.35,READY,1.96,0.93,106.81,0.56,241.75
2026-02-03 11:54:24.197,8.80,113.69,READY,1.62,0.62,108.48,0.58,241.75
2026-02-03 11:54:24.438,4.44,225.30,READY,2.31,116.77,102.13,0.56,241.75
2026-02-03 11:54:24.584,8.05,124.22,READY,2.36,1.25,116.94,0.73,241.75
2026-02-03 11:54:24.728,7.91,126.50,READY,2.07,0.80,119.66,0.59,241.75
2026-02-03 11:54:24.858,8.80,113.62,READY,2.30,0.75,106.34,0.57,241.75
2026-02-03 11:54:24.986,8.91,112.23,READY,1.99,0.63,105.91,0.56,241.75
2026-02-03 11:54:25.183,5.52,181.05,PRE_ADJUST,1.94,126.90,48.43,0.55,241.75
2026-02-03 11:54:25.404,4.96,201.47,PRE_ADJUST,1.66,0.06,196.44,0.60,241.75
2026-02-03 11:54:25.622,5.08,196.77,PRE_ADJUST,2.17,0.08,191.77,0.63,241.75
2026-02-03 11:54:25.839,5.01,199.54,PRE_ADJUST,2.23,0.17,191.79,0.56,241.75
2026-02-03 11:54:26.056,5.09,196.29,PRE_ADJUST,1.54,0.08,191.81,0.61,241.75
2026-02-03 11:54:26.278,5.07,197.38,PRE_ADJUST,1.60,0.13,192.80,0.56,241.75
2026-02-03 11:54:26.495,5.14,194.50,PRE_ADJUST,1.76,0.16,189.99,0.57,241.75
2026-02-03 11:54:26.709,5.22,191.48,PRE_ADJUST,1.40,0.11,187.48,0.55,241.75
2026-02-03 11:54:26.948,4.63,216.16,PRE_ADJUST,1.69,0.09,210.32,0.55,241.75
2026-02-03 11:54:27.163,5.18,192.97,PRE_ADJUST,1.70,0.16,187.86,0.57,241.75
2026-02-03 11:54:27.376,5.24,190.81,PRE_ADJUST,1.96,0.07,186.24,0.54,241.75
2026-02-03 11:54:27.599,4.93,202.70,PRE_ADJUST,1.76,0.07,198.05,0.66,241.75
2026-02-03 11:54:27.822,4.97,201.16,PRE_ADJUST,1.88,0.07,192.38,4.61,241.75
2026-02-03 11:54:28.042,5.10,195.96,PRE_ADJUST,1.35,0.10,191.39,0.54,241.75
2026-02-03 11:54:28.282,4.79,208.67,PRE_ADJUST,3.97,0.11,201.10,0.60,241.75
2026-02-03 11:54:28.513,4.95,202.03,PRE_ADJUST,3.09,0.16,194.79,0.61,241.75
2026-02-03 11:54:28.743,4.92,203.25,PRE_ADJUST,2.82,0.18,196.41,0.56,241.75
2026-02-03 11:54:28.977,4.87,205.42,PRE_ADJUST,4.97,0.10,196.60,0.81,241.75
2026-02-03 11:54:29.194,5.01,199.46,PRE_ADJUST,2.02,0.10,194.63,0.59,241.75
2026-02-03 11:54:29.413,4.99,200.20,PRE_ADJUST,1.79,0.06,195.81,0.66,241.75
2026-02-03 11:54:29.637,5.11,195.66,PRE_ADJUST,2.86,0.11,189.15,0.61,241.75
2026-02-03 11:54:29.869,4.88,204.91,PRE_ADJUST,2.96,0.12,197.93,0.88,241.75
2026-02-03 11:54:30.091,5.11,195.61,PRE_ADJUST,2.92,0.12,188.83,0.59,241.75
2026-02-03 11:54:30.316,5.04,198.37,PRE_ADJUST,3.08,0.12,191.11,0.55,241.75
2026-02-03 11:54:30.545,4.97,201.40,PRE_ADJUST,2.93,0.12,194.15,0.81,241.75
2026-02-03 11:54:30.786,4.80,208.28,PRE_ADJUST,3.74,0.15,200.43,0.58,241.75
2026-02-03 11:54:31.015,5.02,199.11,PRE_ADJUST,2.44,0.11,193.05,0.61,241.75
2026-02-03 11:54:31.249,4.85,206.21,PRE_ADJUST,2.94,0.13,199.14,0.56,241.75
2026-02-03 11:54:31.476,5.01,199.75,PRE_ADJUST,3.54,0.11,192.03,0.57,241.75
2026-02-03 11:54:31.702,5.04,198.35,PRE_ADJUST,3.01,0.11,191.73,0.76,241.75
2026-02-03 11:54:31.808,13.12,76.24,ADJUST,3.58,0.48,67.43,0.67,241.75
2026-02-03 11:54:32.077,4.19,238.86,ADJUST,8.88,120.20,106.52,0.59,241.75
2026-02-03 11:54:32.233,8.06,124.00,ADJUST,3.25,1.47,115.43,0.59,241.75
2026-02-03 11:54:32.376,7.92,126.22,ADJUST,2.31,1.74,117.47,0.67,241.75
2026-02-03 11:54:32.519,7.92,126.23,ADJUST,2.16,1.18,119.11,0.57,241.75
2026-02-03 11:54:32.655,8.36,119.64,ADJUST,1.80,1.14,111.87,0.60,241.75
2026-02-03 11:54:32.979,3.24,308.91,ADJUST,2.11,116.32,185.42,1.09,241.75
2026-02-03 11:54:33.205,4.93,203.00,ADJUST,2.55,2.03,195.03,0.57,241.75
2026-02-03 11:54:33.414,5.22,191.64,ADJUST,2.37,1.80,182.83,0.57,241.75
2026-02-03 11:54:33.619,5.29,189.13,ADJUST,2.34,0.84,181.48,0.57,241.75
2026-02-03 11:54:33.823,5.30,188.52,ADJUST,2.43,0.84,180.82,0.62,241.75
2026-02-03 11:54:34.137,3.36,298.03,ADJUST,2.57,114.73,176.11,0.57,241.75
2026-02-03 11:54:34.361,4.93,202.68,ADJUST,2.92,1.70,194.32,0.58,241.75
2026-02-03 11:54:34.572,5.16,193.70,ADJUST,2.52,2.15,184.37,0.58,241.75
2026-02-03 11:54:34.780,5.20,192.40,ADJUST,2.46,0.90,184.64,0.56,241.75
2026-02-03 11:54:34.991,5.13,195.05,ADJUST,2.49,0.84,187.42,0.59,241.75
2026-02-03 11:54:35.311,3.31,302.29,ADJUST,3.12,115.97,178.92,0.81,241.75
2026-02-03 11:54:35.535,4.92,203.09,ADJUST,1.42,1.46,194.75,0.54,241.75
2026-02-03 11:54:35.746,5.16,193.93,ADJUST,2.05,1.37,186.44,0.58,241.75
2026-02-03 11:54:35.955,5.17,193.55,ADJUST,2.37,0.89,186.68,0.55,241.75
2026-02-03 11:54:36.165,5.16,193.92,ADJUST,2.09,1.55,186.07,0.56,241.75
2026-02-03 11:54:36.468,3.49,286.82,ADJUST,2.09,113.47,167.26,0.54,241.75
2026-02-03 11:54:36.674,5.41,184.76,ADJUST,2.19,1.78,177.40,0.64,241.75
2026-02-03 11:54:36.873,5.52,181.09,ADJUST,1.79,1.11,175.11,0.55,241.75
2026-02-03 11:54:37.061,5.80,172.41,ADJUST,2.19,0.92,165.44,0.54,241.75
2026-02-03 11:54:37.249,5.81,172.04,ADJUST,1.96,0.82,165.34,0.56,241.75
2026-02-03 11:54:37.549,3.53,283.55,ADJUST,1.98,117.40,160.32,0.52,241.75
2026-02-03 11:54:37.752,5.49,182.01,ADJUST,1.59,2.11,175.57,0.53,241.75
2026-02-03 11:54:37.949,5.58,179.19,ADJUST,2.64,0.97,173.12,0.55,241.75
2026-02-03 11:54:38.134,5.89,169.72,ADJUST,2.36,1.17,162.02,0.64,241.75
2026-02-03 11:54:38.320,5.89,169.92,ADJUST,2.36,1.33,162.14,0.59,241.75
2026-02-03 11:54:38.613,3.61,276.67,ADJUST,2.51,112.50,157.43,0.57,241.75
2026-02-03 11:54:38.817,5.44,183.66,ADJUST,1.93,1.75,176.28,0.58,241.75
2026-02-03 11:54:39.007,5.79,172.61,ADJUST,2.39,1.88,165.20,0.60,241.75
2026-02-03 11:54:39.195,5.82,171.89,ADJUST,3.79,1.95,162.95,0.58,241.75
2026-02-03 11:54:39.382,5.83,171.62,ADJUST,2.16,1.71,164.98,0.57,241.75
2026-02-03 11:54:39.673,3.63,275.53,ADJUST,2.34,113.62,156.81,0.55,241.75
2026-02-03 11:54:39.877,5.53,180.99,ADJUST,2.45,1.73,173.37,0.72,241.75
2026-02-03 11:54:40.073,5.60,178.51,ADJUST,2.39,1.80,171.26,0.53,241.75
2026-02-03 11:54:40.257,5.95,168.19,ADJUST,2.24,1.73,161.52,0.60,241.75
2026-02-03 11:54:40.441,5.94,168.39,ADJUST,2.30,1.73,161.74,0.55,241.75
2026-02-03 11:54:40.680,4.48,223.27,ADJUST,2.23,114.60,103.71,0.60,241.75
2026-02-03 11:54:40.831,7.76,128.87,ADJUST,1.55,0.80,123.73,0.69,241.75
2026-02-03 11:54:40.977,7.79,128.40,ADJUST,2.38,0.77,121.02,0.57,241.75
2026-02-03 11:54:41.111,8.50,117.70,ADJUST,2.12,0.65,111.06,0.56,241.75
2026-02-03 11:54:41.246,8.42,118.79,ADJUST,2.12,1.45,111.11,0.56,241.75
2026-02-03 11:54:41.487,4.44,225.10,ADJUST,1.92,113.10,105.78,1.10,241.75
2026-02-03 11:54:41.634,7.94,126.01,ADJUST,1.41,1.86,119.41,0.67,241.75
2026-02-03 11:54:41.773,8.22,121.63,ADJUST,2.35,1.50,112.97,0.53,241.75
2026-02-03 11:54:41.909,8.31,120.27,ADJUST,2.46,1.14,112.03,0.53,241.75
2026-02-03 11:54:42.047,8.23,121.56,ADJUST,2.26,0.75,113.28,0.56,241.75
2026-02-03 11:54:42.287,4.48,223.34,ADJUST,2.19,111.71,104.53,1.01,241.75
2026-02-03 11:54:42.436,7.84,127.59,ADJUST,1.72,1.55,120.53,0.61,241.75
2026-02-03 11:54:42.573,8.35,119.73,ADJUST,1.44,0.78,115.20,0.53,241.75
2026-02-03 11:54:42.708,8.35,119.77,ADJUST,2.20,1.08,112.56,0.56,241.75
2026-02-03 11:54:42.843,8.41,118.91,ADJUST,2.22,1.20,110.61,1.44,241.75
2026-02-03 11:54:43.086,4.41,226.84,ADJUST,2.24,113.22,107.43,0.56,241.75
2026-02-03 11:54:43.236,7.78,128.57,ADJUST,2.40,1.63,121.02,0.69,241.75
2026-02-03 11:54:43.381,7.86,127.17,ADJUST,4.97,1.04,117.69,0.54,241.75
2026-02-03 11:54:43.514,8.54,117.07,ADJUST,1.90,0.72,111.59,0.56,241.75
2026-02-03 11:54:43.648,8.44,118.43,ADJUST,1.95,0.73,112.06,0.55,241.75
2026-02-03 11:54:43.888,4.47,223.75,ADJUST,2.23,114.38,104.48,0.59,241.75
2026-02-03 11:54:44.035,7.95,125.81,ADJUST,1.55,1.68,118.37,0.67,241.75
2026-02-03 11:54:44.173,8.30,120.45,ADJUST,1.89,0.66,113.25,0.55,241.75
2026-02-03 11:54:44.305,8.61,116.17,ADJUST,1.92,0.75,109.27,0.58,241.75
2026-02-03 11:54:44.441,8.38,119.39,ADJUST,2.09,0.76,112.36,0.56,241.75
2026-02-03 11:54:44.686,4.37,228.64,ADJUST,2.09,114.62,107.84,0.69,241.75
2026-02-03 11:54:44.839,7.52,133.01,ADJUST,2.65,0.64,126.19,0.69,241.75
2026-02-03 11:54:44.987,7.75,129.06,ADJUST,1.85,3.23,118.95,0.87,241.75
2026-02-03 11:54:45.123,8.32,120.16,ADJUST,2.44,0.72,112.88,0.53,241.75
2026-02-03 11:54:45.256,8.52,117.40,ADJUST,2.43,1.21,110.60,0.57,241.75
2026-02-03 11:54:45.497,4.45,224.74,ADJUST,1.93,114.79,104.11,0.53,241.75
2026-02-03 11:54:45.644,7.94,125.96,ADJUST,1.46,1.66,119.71,0.70,241.75
2026-02-03 11:54:45.792,7.78,128.50,ADJUST,2.51,0.75,121.23,0.84,241.75
2026-02-03 11:54:45.926,8.57,116.63,ADJUST,2.32,1.00,109.10,0.68,241.75
2026-02-03 11:54:46.060,8.50,117.67,ADJUST,2.16,1.19,110.07,0.57,241.75
2026-02-03 11:54:46.282,4.84,206.63,TAKE_PICTURE,2.41,114.67,85.24,0.59,241.75
2026-02-03 11:54:46.493,5.31,188.25,TAKE_PICTURE,2.51,2.52,179.19,0.64,241.75
2026-02-03 11:54:46.702,5.54,180.38,TAKE_PICTURE,2.77,2.82,171.26,0.53,241.75
2026-02-03 11:54:46.910,5.56,180.02,TAKE_PICTURE,2.84,2.43,170.60,0.55,241.75
2026-02-03 11:54:47.129,5.23,191.28,TAKE_PICTURE,4.18,1.29,182.14,0.57,241.75
2026-02-03 11:54:47.450,3.42,292.55,TAKE_PICTURE,3.10,125.63,160.14,0.55,241.75
2026-02-03 11:54:47.663,5.40,185.31,TAKE_PICTURE,4.71,1.23,176.10,0.68,241.75
2026-02-03 11:54:47.863,5.47,182.86,TAKE_PICTURE,2.54,1.26,174.46,0.60,241.75
2026-02-03 11:54:48.053,5.81,172.21,TAKE_PICTURE,3.46,0.87,165.07,0.57,241.75
2026-02-03 11:54:48.242,5.77,173.24,TAKE_PICTURE,2.63,0.89,165.21,1.13,241.75
2026-02-03 11:54:48.540,3.54,282.22,TAKE_PICTURE,2.22,116.52,159.63,0.53,241.75
2026-02-03 11:54:48.750,5.33,187.51,TAKE_PICTURE,2.54,1.06,180.05,0.58,241.75
2026-02-03 11:54:48.942,5.70,175.30,TAKE_PICTURE,2.39,1.42,166.88,0.59,241.75
2026-02-03 11:54:49.131,5.79,172.73,TAKE_PICTURE,2.24,0.91,165.34,0.55,241.75
2026-02-03 11:54:49.318,5.84,171.10,TAKE_PICTURE,2.28,1.27,163.53,0.58,241.75
2026-02-03 11:54:49.612,3.59,278.44,TAKE_PICTURE,2.30,112.45,159.49,0.55,241.75
2026-02-03 11:54:49.816,5.48,182.47,TAKE_PICTURE,1.41,1.46,176.29,0.59,241.75
2026-02-03 11:54:50.006,5.81,172.19,TAKE_PICTURE,2.22,1.29,163.98,0.57,241.75
2026-02-03 11:54:50.194,5.82,171.82,TAKE_PICTURE,2.34,1.20,164.31,0.56,241.75
2026-02-03 11:54:50.380,5.88,170.14,TAKE_PICTURE,2.25,0.76,162.96,0.56,241.75
2026-02-03 11:54:50.674,3.60,278.01,TAKE_PICTURE,2.36,113.27,158.21,0.55,241.75
2026-02-03 11:54:50.878,5.45,183.33,TAKE_PICTURE,1.32,1.31,176.91,0.60,241.75
2026-02-03 11:54:51.066,5.84,171.10,TAKE_PICTURE,1.98,0.61,165.09,0.56,241.75
2026-02-03 11:54:51.253,5.85,170.81,TAKE_PICTURE,2.17,0.62,164.34,0.58,241.75
2026-02-03 11:54:51.439,5.85,170.91,TAKE_PICTURE,1.89,0.66,165.20,0.56,241.75
2026-02-03 11:54:51.737,3.55,281.82,TAKE_PICTURE,2.06,117.12,159.24,0.54,241.75
2026-02-03 11:54:51.942,5.45,183.42,TAKE_PICTURE,1.52,0.91,178.35,0.57,241.75
2026-02-03 11:54:52.138,5.58,179.11,TAKE_PICTURE,7.40,1.19,167.88,0.56,241.75
2026-02-03 11:54:52.325,5.84,171.19,TAKE_PICTURE,2.23,0.73,164.56,0.56,241.75
2026-02-03 11:54:52.510,5.94,168.48,TAKE_PICTURE,2.05,0.55,161.85,0.54,241.75
2026-02-03 11:54:52.803,3.60,277.60,TAKE_PICTURE,1.85,113.25,158.55,0.53,241.75
2026-02-03 11:54:53.007,5.50,181.87,TAKE_PICTURE,1.33,1.26,176.11,0.59,241.75
2026-02-03 11:54:53.200,5.68,175.91,TAKE_PICTURE,1.92,1.05,169.10,0.56,241.75
2026-02-03 11:54:53.385,5.90,169.61,TAKE_PICTURE,2.10,1.18,161.99,0.65,241.75
2026-02-03 11:54:53.574,5.80,172.35,TAKE_PICTURE,2.44,0.99,164.55,0.56,241.75
2026-02-03 11:54:53.867,3.60,277.41,TAKE_PICTURE,2.36,114.64,156.05,0.53,241.75
2026-02-03 11:54:54.086,5.06,197.74,TAKE_PICTURE,1.98,1.47,190.53,0.75,241.75
2026-02-03 11:54:54.281,5.74,174.07,TAKE_PICTURE,2.40,0.61,165.62,0.53,241.75
2026-02-03 11:54:54.468,5.85,170.95,TAKE_PICTURE,2.34,0.80,163.97,0.52,241.75
2026-02-03 11:54:54.652,5.92,169.02,TAKE_PICTURE,2.18,1.09,162.12,0.53,241.75
2026-02-03 11:54:54.951,3.54,282.50,TAKE_PICTURE,2.35,118.06,158.24,0.55,241.75
2026-02-03 11:54:55.144,5.83,171.53,TAKE_PICTURE,1.76,1.49,164.85,0.60,241.75
2026-02-03 11:54:55.337,5.69,175.78,TAKE_PICTURE,2.06,0.52,169.78,0.95,241.75
2026-02-03 11:54:55.525,5.82,171.96,TAKE_PICTURE,1.89,0.86,166.25,0.53,241.75
2026-02-03 11:54:55.725,5.47,182.85,TAKE_PICTURE,3.79,0.57,174.84,0.53,241.75
2026-02-03 11:54:56.034,3.42,292.73,TAKE_PICTURE,2.00,129.36,158.32,0.52,241.75
2026-02-03 11:54:56.259,4.90,204.10,TAKE_PICTURE,1.65,1.47,197.06,0.70,241.75
2026-02-03 11:54:56.462,5.44,183.92,TAKE_PICTURE,2.54,0.75,177.80,0.57,241.75
2026-02-03 11:54:56.669,5.24,190.72,TAKE_PICTURE,4.04,0.86,181.13,0.72,241.75
2026-02-03 11:54:56.864,5.62,177.92,TAKE_PICTURE,2.65,1.38,170.29,0.67,241.75
2026-02-03 11:54:57.171,3.46,289.37,TAKE_PICTURE,3.22,119.03,164.03,0.55,241.75
2026-02-03 11:54:57.384,5.23,191.23,TAKE_PICTURE,2.36,0.68,184.87,0.83,241.75
2026-02-03 11:54:57.576,5.77,173.17,TAKE_PICTURE,2.07,1.28,165.38,0.57,241.75
2026-02-03 11:54:57.765,5.79,172.74,TAKE_PICTURE,2.45,1.18,164.75,0.59,241.75
2026-02-03 11:54:57.952,5.86,170.64,TAKE_PICTURE,2.45,1.08,163.03,0.57,241.75
2026-02-03 11:54:58.242,3.64,274.87,TAKE_PICTURE,2.39,110.58,157.56,0.60,241.75
2026-02-03 11:54:58.449,5.40,185.10,TAKE_PICTURE,2.43,1.56,176.78,0.91,241.75
2026-02-03 11:54:58.641,5.72,174.77,TAKE_PICTURE,2.47,1.13,165.91,0.56,241.75
2026-02-03 11:54:58.831,5.78,172.88,TAKE_PICTURE,2.35,0.59,165.36,0.52,241.75
2026-02-03 11:54:59.019,5.78,172.88,TAKE_PICTURE,1.30,1.36,165.22,0.55,241.75
2026-02-03 11:54:59.417,2.62,381.70,TAKE_PICTURE,2.23,217.59,157.51,0.56,241.75
2026-02-03 11:54:59.627,5.33,187.73,TAKE_PICTURE,1.67,1.40,180.80,0.61,241.75
2026-02-03 11:54:59.822,5.76,173.68,TAKE_PICTURE,1.26,0.60,167.98,0.56,241.75
2026-02-03 11:55:00.010,5.80,172.46,TAKE_PICTURE,2.54,1.27,164.39,0.59,241.75
2026-02-03 11:55:00.200,5.74,174.15,TAKE_PICTURE,2.42,0.91,167.74,0.55,241.75
2026-02-03 11:55:00.502,3.49,286.30,TAKE_PICTURE,2.25,118.50,162.47,0.56,241.75
2026-02-03 11:55:00.708,5.44,183.91,TAKE_PICTURE,1.80,1.55,176.63,0.53,241.75
2026-02-03 11:55:00.905,5.58,179.35,TAKE_PICTURE,2.28,1.14,170.49,0.59,241.75
2026-02-03 11:55:01.095,5.77,173.27,TAKE_PICTURE,2.28,0.56,165.64,0.61,241.75
2026-02-03 11:55:01.279,5.92,168.91,TAKE_PICTURE,2.27,1.07,161.43,0.56,241.75
2026-02-03 11:55:01.673,2.65,377.98,TAKE_PICTURE,2.34,215.28,156.32,0.53,241.75
2026-02-03 11:55:01.876,5.52,181.20,TAKE_PICTURE,1.50,1.30,174.72,0.58,241.75
2026-02-03 11:55:02.064,5.84,171.34,TAKE_PICTURE,1.99,0.82,164.54,0.56,241.75
2026-02-03 11:55:02.252,5.80,172.33,TAKE_PICTURE,1.92,0.58,166.52,0.53,241.75
2026-02-03 11:55:02.437,5.90,169.56,TAKE_PICTURE,1.95,0.52,163.98,0.60,241.75
2026-02-03 11:55:02.732,3.59,278.76,TAKE_PICTURE,1.95,113.70,159.28,0.53,241.75
2026-02-03 11:55:02.937,5.45,183.63,TAKE_PICTURE,1.99,1.50,176.72,0.56,241.75
2026-02-03 11:55:03.127,5.78,173.00,TAKE_PICTURE,1.94,0.63,166.73,0.61,241.75
2026-02-03 11:55:03.314,5.84,171.32,TAKE_PICTURE,1.98,0.76,165.26,0.54,241.75
2026-02-03 11:55:03.507,5.70,175.31,TAKE_PICTURE,1.40,0.59,168.07,0.62,241.75
2026-02-03 11:55:03.812,3.46,289.42,TAKE_PICTURE,2.67,120.72,161.68,0.58,241.75
2026-02-03 11:55:04.024,5.26,190.00,TAKE_PICTURE,1.62,1.30,183.29,0.55,241.75
2026-02-03 11:55:04.225,5.48,182.61,TAKE_PICTURE,2.74,1.13,174.89,0.61,241.75
2026-02-03 11:55:04.418,5.67,176.23,TAKE_PICTURE,2.46,0.58,168.82,0.54,241.75
2026-02-03 11:55:04.622,5.31,188.43,TAKE_PICTURE,2.31,0.60,181.54,0.62,241.75
2026-02-03 11:55:04.936,3.37,297.08,TAKE_PICTURE,2.26,115.51,176.08,0.60,241.70
2026-02-03 11:55:05.157,5.04,198.51,TAKE_PICTURE,3.15,2.14,187.42,0.59,241.70
2026-02-03 11:55:05.351,5.64,177.19,TAKE_PICTURE,2.08,0.71,169.48,0.58,241.75
2026-02-03 11:55:05.542,5.71,175.07,TAKE_PICTURE,2.03,1.10,167.47,0.62,241.75
2026-02-03 11:55:05.731,5.80,172.28,TAKE_PICTURE,2.25,0.81,164.79,0.58,241.75
2026-02-03 11:55:06.030,3.53,283.22,TAKE_PICTURE,2.25,114.69,161.62,0.61,241.75
2026-02-03 11:55:06.244,5.24,190.83,TAKE_PICTURE,1.63,1.38,184.54,0.54,241.75
2026-02-03 11:55:06.437,5.69,175.87,TAKE_PICTURE,2.23,1.02,168.48,0.56,241.75
2026-02-03 11:55:06.627,5.76,173.60,TAKE_PICTURE,2.97,0.95,166.00,0.61,241.75
2026-02-03 11:55:06.814,5.82,171.89,TAKE_PICTURE,1.30,1.16,163.95,0.59,241.75
2026-02-03 11:55:07.108,3.60,277.57,TAKE_PICTURE,2.35,112.85,158.96,0.57,241.75
2026-02-03 11:55:07.313,5.42,184.39,TAKE_PICTURE,1.42,1.60,178.45,0.55,241.75
2026-02-03 11:55:07.504,5.73,174.47,TAKE_PICTURE,3.36,0.72,166.83,0.63,241.75
2026-02-03 11:55:07.693,5.91,169.17,TAKE_PICTURE,2.22,0.76,163.56,0.55,241.75
2026-02-03 11:55:07.879,5.86,170.78,TAKE_PICTURE,2.21,0.50,163.77,0.54,241.75
2026-02-03 11:55:08.171,3.62,275.90,TAKE_PICTURE,2.28,112.03,157.17,0.54,241.75
2026-02-03 11:55:08.376,5.46,183.18,TAKE_PICTURE,1.66,1.20,175.46,0.54,241.75
2026-02-03 11:55:08.567,5.74,174.14,TAKE_PICTURE,2.19,0.48,166.82,0.65,241.75
2026-02-03 11:55:08.754,5.83,171.53,TAKE_PICTURE,2.20,0.79,164.87,0.56,241.75
2026-02-03 11:55:08.940,5.89,169.82,TAKE_PICTURE,2.37,0.60,163.07,0.56,241.75
2026-02-03 11:55:09.241,3.50,285.83,TAKE_PICTURE,2.35,114.40,164.33,0.61,241.75
2026-02-03 11:55:09.464,5.12,195.14,TAKE_PICTURE,1.64,1.75,187.68,0.59,241.75
2026-02-03 11:55:09.656,5.73,174.37,TAKE_PICTURE,2.02,0.55,167.85,0.57,241.75
2026-02-03 11:55:09.843,5.83,171.44,TAKE_PICTURE,2.06,1.09,163.92,0.55,241.75
2026-02-03 11:55:10.033,5.74,174.17,TAKE_PICTURE,1.97,0.96,167.66,0.58,241.75
2026-02-03 11:55:10.327,3.60,277.92,TAKE_PICTURE,2.05,112.89,158.88,0.60,241.75
2026-02-03 11:55:10.531,5.48,182.63,TAKE_PICTURE,1.67,1.34,175.46,0.91,241.75
2026-02-03 11:55:10.722,5.74,174.21,TAKE_PICTURE,2.00,0.55,168.44,0.53,241.75
2026-02-03 11:55:10.908,5.87,170.33,TAKE_PICTURE,2.03,0.71,164.49,0.58,241.75
2026-02-03 11:55:11.095,5.83,171.65,TAKE_PICTURE,1.93,0.53,166.09,0.55,241.75
2026-02-03 11:55:11.388,3.62,276.51,TAKE_PICTURE,1.96,114.77,156.63,0.56,241.75
2026-02-03 11:55:11.591,5.51,181.53,TAKE_PICTURE,2.20,1.51,174.47,0.59,241.75
2026-02-03 11:55:11.781,5.81,172.09,TAKE_PICTURE,2.32,1.18,164.79,0.53,241.75
2026-02-03 11:55:11.969,5.84,171.23,TAKE_PICTURE,2.46,1.19,163.61,0.53,241.75
2026-02-03 11:55:12.153,5.94,168.27,TAKE_PICTURE,2.27,1.00,161.22,0.53,241.75
2026-02-03 11:55:12.444,3.63,275.50,TAKE_PICTURE,2.48,112.85,156.20,0.58,241.75
2026-02-03 11:55:12.647,5.51,181.59,TAKE_PICTURE,2.10,1.27,174.37,0.59,241.75
2026-02-03 11:55:12.833,5.89,169.67,TAKE_PICTURE,2.26,1.09,162.35,0.54,241.75
2026-02-03 11:55:13.019,5.91,169.16,TAKE_PICTURE,2.30,1.06,161.78,0.66,241.75
2026-02-03 11:55:13.202,5.96,167.86,TAKE_PICTURE,2.20,1.05,160.66,0.59,241.75
2026-02-03 11:55:13.495,3.61,276.78,TAKE_PICTURE,2.21,113.32,157.45,0.56,241.75
2026-02-03 11:55:13.698,5.50,181.97,TAKE_PICTURE,1.27,1.56,175.87,0.54,241.75
2026-02-03 11:55:13.888,5.78,172.91,TAKE_PICTURE,2.07,0.79,165.24,1.96,241.75
2026-02-03 11:55:14.075,5.83,171.55,TAKE_PICTURE,2.27,1.14,163.97,0.81,241.75
2026-02-03 11:55:14.260,5.91,169.07,TAKE_PICTURE,2.08,0.72,163.36,0.55,241.75
2026-02-03 11:55:14.557,3.56,280.61,TAKE_PICTURE,2.90,119.68,155.47,0.59,241.75
2026-02-03 11:55:14.752,5.57,179.41,TAKE_PICTURE,1.88,0.69,172.63,0.56,241.75
2026-02-03 11:55:14.939,5.85,170.81,TAKE_PICTURE,2.03,1.16,163.48,0.76,241.75
2026-02-03 11:55:15.125,5.88,170.17,TAKE_PICTURE,2.04,0.59,164.34,0.59,241.75
2026-02-03 11:55:15.315,5.75,173.98,TAKE_PICTURE,1.89,0.67,167.14,0.63,241.75
2026-02-03 11:55:15.608,3.60,277.45,TAKE_PICTURE,2.03,114.46,157.69,0.55,241.75
2026-02-03 11:55:15.813,5.49,182.20,TAKE_PICTURE,1.47,0.82,177.32,0.60,241.75
2026-02-03 11:55:16.007,5.62,177.92,TAKE_PICTURE,4.86,1.39,168.18,0.56,241.75
2026-02-03 11:55:16.194,5.86,170.68,TAKE_PICTURE,2.32,0.92,162.95,0.55,241.75
2026-02-03 11:55:16.383,5.78,173.07,TAKE_PICTURE,2.89,1.12,165.39,0.64,241.75
2026-02-03 11:55:16.682,3.54,282.79,TAKE_PICTURE,2.22,118.52,157.94,0.56,241.75
2026-02-03 11:55:16.883,5.58,179.26,TAKE_PICTURE,1.29,0.58,174.62,0.61,241.75
2026-02-03 11:55:17.074,5.73,174.43,TAKE_PICTURE,2.26,1.12,167.16,0.68,241.75
2026-02-03 11:55:17.260,5.90,169.49,TAKE_PICTURE,2.24,1.02,162.22,0.54,241.75
2026-02-03 11:55:17.443,5.97,167.46,TAKE_PICTURE,2.21,1.07,160.14,0.60,241.75
2026-02-03 11:55:17.735,3.62,276.46,TAKE_PICTURE,2.20,113.51,156.98,0.56,241.75
2026-02-03 11:55:17.938,5.51,181.61,TAKE_PICTURE,1.25,1.35,175.52,0.55,241.75
2026-02-03 11:55:18.127,5.80,172.33,TAKE_PICTURE,2.11,1.25,164.89,0.52,241.75
2026-02-03 11:55:18.313,5.87,170.23,TAKE_PICTURE,2.01,1.09,162.96,0.55,241.75
2026-02-03 11:55:18.501,5.84,171.31,TAKE_PICTURE,2.06,0.55,165.65,0.56,241.75
2026-02-03 11:55:18.797,3.56,280.85,TAKE_PICTURE,2.01,114.97,158.73,2.58,241.75
2026-02-03 11:55:18.999,5.51,181.44,TAKE_PICTURE,1.65,0.65,176.53,0.58,241.75
2026-02-03 11:55:19.188,5.82,171.91,TAKE_PICTURE,1.83,1.19,164.76,0.57,241.75
2026-02-03 11:55:19.374,5.89,169.69,TAKE_PICTURE,2.29,0.66,163.94,0.58,241.75
2026-02-03 11:55:19.561,5.84,171.11,TAKE_PICTURE,4.98,0.62,162.93,0.60,241.75
2026-02-03 11:55:19.859,3.54,282.74,TAKE_PICTURE,2.09,117.85,158.75,0.62,241.75
2026-02-03 11:55:20.062,5.50,181.68,TAKE_PICTURE,1.46,1.43,175.18,0.59,241.75
2026-02-03 11:55:20.253,5.75,173.97,TAKE_PICTURE,1.96,0.59,167.44,0.57,241.75
2026-02-03 11:55:20.439,5.88,170.12,TAKE_PICTURE,2.01,0.71,164.61,0.60,241.75
2026-02-03 11:55:20.623,5.93,168.58,TAKE_PICTURE,1.49,0.65,163.32,0.59,241.75
2026-02-03 11:55:21.014,2.67,374.15,TAKE_PICTURE,1.96,213.28,155.99,0.53,241.75
2026-02-03 11:55:21.220,5.40,185.07,TAKE_PICTURE,1.38,1.27,178.87,0.56,241.75
2026-02-03 11:55:21.409,5.80,172.43,TAKE_PICTURE,2.88,0.58,164.97,0.57,241.75
2026-02-03 11:55:21.594,5.90,169.42,TAKE_PICTURE,2.23,0.50,162.62,0.60,241.75
2026-02-03 11:55:21.779,5.93,168.50,TAKE_PICTURE,2.41,0.64,162.02,0.63,241.75
2026-02-03 11:55:22.077,3.54,282.51,TAKE_PICTURE,2.17,119.94,157.08,0.57,241.75
2026-02-03 11:55:22.280,5.51,181.52,TAKE_PICTURE,1.43,1.45,175.06,0.58,241.75
2026-02-03 11:55:22.468,5.84,171.23,TAKE_PICTURE,2.01,0.73,165.86,0.54,241.75
2026-02-03 11:55:22.655,5.86,170.67,TAKE_PICTURE,2.07,0.69,165.09,0.59,241.75
2026-02-03 11:55:22.842,5.84,171.19,TAKE_PICTURE,2.02,0.73,165.15,0.55,241.75
2026-02-03 11:55:23.135,3.61,277.03,TAKE_PICTURE,4.84,111.87,157.61,0.71,241.75
2026-02-03 11:55:23.340,5.46,183.29,TAKE_PICTURE,2.43,1.35,175.65,0.56,241.75
2026-02-03 11:55:23.531,5.76,173.47,TAKE_PICTURE,2.22,0.53,166.66,0.59,241.75
2026-02-03 11:55:23.716,5.90,169.57,TAKE_PICTURE,2.33,0.88,162.84,0.56,241.75
2026-02-03 11:55:23.900,5.94,168.43,TAKE_PICTURE,2.41,0.57,160.96,0.55,241.75
2026-02-03 11:55:24.199,3.53,283.18,TAKE_PICTURE,2.26,119.07,157.48,0.53,241.75
2026-02-03 11:55:24.405,5.46,183.30,TAKE_PICTURE,3.20,0.63,175.63,0.55,241.75
2026-02-03 11:55:24.594,5.80,172.32,TAKE_PICTURE,2.19,1.37,165.85,0.57,241.75
2026-02-03 11:55:24.780,5.90,169.47,TAKE_PICTURE,2.46,0.88,162.44,0.56,241.75
2026-02-03 11:55:24.964,5.93,168.55,TAKE_PICTURE,2.24,0.80,161.21,0.57,241.75
2026-02-03 11:55:25.255,3.63,275.51,TAKE_PICTURE,2.30,112.33,156.46,0.54,241.75
2026-02-03 11:55:25.467,5.27,189.63,TAKE_PICTURE,2.88,1.70,181.07,0.64,241.75
2026-02-03 11:55:25.664,5.57,179.59,TAKE_PICTURE,2.29,0.56,171.88,0.55,241.75
2026-02-03 11:55:25.862,5.56,180.01,TAKE_PICTURE,2.57,1.53,172.19,0.54,241.75
2026-02-03 11:55:26.054,5.70,175.35,TAKE_PICTURE,2.40,1.31,167.35,0.55,241.75
2026-02-03 11:55:26.348,3.61,276.83,TAKE_PICTURE,2.24,112.79,158.54,0.88,241.75
2026-02-03 11:55:26.559,5.28,189.30,TAKE_PICTURE,1.80,1.53,182.62,0.55,241.75
2026-02-03 11:55:26.761,5.48,182.61,TAKE_PICTURE,3.00,0.82,175.80,0.57,241.75
2026-02-03 11:55:26.956,5.59,178.73,TAKE_PICTURE,2.02,0.75,172.89,0.57,241.75
2026-02-03 11:55:27.147,5.75,173.89,TAKE_PICTURE,2.10,0.71,168.19,0.60,241.75
2026-02-03 11:55:27.439,3.63,275.75,TAKE_PICTURE,2.18,110.34,158.86,0.62,241.87
2026-02-03 11:55:27.648,5.33,187.51,TAKE_PICTURE,1.47,1.26,180.84,0.54,241.87
2026-02-03 11:55:27.857,5.21,191.83,TAKE_PICTURE,1.97,1.44,183.65,0.58,241.87
2026-02-03 11:55:28.049,5.72,174.97,TAKE_PICTURE,2.42,1.03,167.40,0.54,241.87
2026-02-03 11:55:28.238,5.79,172.78,TAKE_PICTURE,2.14,0.79,165.45,0.54,241.87
2026-02-03 11:55:28.542,3.48,287.63,TAKE_PICTURE,2.52,116.69,164.35,0.56,241.87
2026-02-03 11:55:28.763,5.01,199.49,TAKE_PICTURE,2.41,1.23,192.00,0.53,241.87
2026-02-03 11:55:28.973,5.20,192.20,TAKE_PICTURE,4.68,1.72,180.35,0.55,241.87
2026-02-03 11:55:29.174,5.40,185.02,TAKE_PICTURE,2.29,0.54,177.43,0.59,241.87
2026-02-03 11:55:29.372,5.50,181.71,TAKE_PICTURE,2.56,0.54,174.37,0.61,241.87
2026-02-03 11:55:29.677,3.47,288.27,TAKE_PICTURE,2.25,117.81,163.60,0.55,241.87
2026-02-03 11:55:29.894,5.12,195.19,TAKE_PICTURE,2.36,1.30,187.78,0.56,241.87
2026-02-03 11:55:30.099,5.33,187.58,TAKE_PICTURE,2.32,1.13,179.23,0.65,241.87
2026-02-03 11:55:30.287,5.79,172.83,TAKE_PICTURE,2.16,1.18,165.45,0.56,241.87
2026-02-03 11:55:30.473,5.89,169.74,TAKE_PICTURE,2.34,0.67,163.81,0.60,241.87
2026-02-03 11:55:30.770,3.58,279.67,TAKE_PICTURE,3.11,114.23,158.40,0.57,241.87
2026-02-03 11:55:30.980,5.36,186.51,TAKE_PICTURE,1.90,1.53,179.38,0.53,241.87
2026-02-03 11:55:31.170,5.89,169.92,TAKE_PICTURE,1.42,0.62,163.59,0.60,241.87
2026-02-03 11:55:31.356,5.88,170.07,TAKE_PICTURE,2.47,0.74,162.44,0.56,241.87
2026-02-03 11:55:31.542,5.88,170.21,TAKE_PICTURE,2.47,0.74,162.48,0.64,241.87
2026-02-03 11:55:31.835,3.60,277.41,TAKE_PICTURE,2.39,111.86,158.51,0.53,241.87
2026-02-03 11:55:32.040,5.47,182.88,TAKE_PICTURE,1.56,1.47,175.70,0.54,241.87
2026-02-03 11:55:32.229,5.82,171.93,TAKE_PICTURE,2.51,0.59,164.95,0.56,241.87
2026-02-03 11:55:32.414,5.93,168.70,TAKE_PICTURE,2.26,0.51,161.85,0.59,241.87
2026-02-03 11:55:32.598,5.95,168.00,TAKE_PICTURE,2.25,0.59,161.48,0.54,241.87
2026-02-03 11:55:32.891,3.60,277.93,TAKE_PICTURE,2.27,115.30,156.57,0.53,241.87
2026-02-03 11:55:33.087,5.57,179.65,TAKE_PICTURE,2.24,0.68,172.32,0.58,241.87
2026-02-03 11:55:33.276,5.78,173.14,TAKE_PICTURE,2.41,0.57,165.79,0.61,241.87
2026-02-03 11:55:33.462,5.87,170.27,TAKE_PICTURE,2.54,0.57,162.76,0.55,241.87
2026-02-03 11:55:33.648,5.88,170.17,TAKE_PICTURE,2.34,0.56,162.75,0.63,241.87
2026-02-03 11:55:33.939,3.64,274.87,TAKE_PICTURE,2.47,111.47,156.53,0.55,241.87
2026-02-03 11:55:34.142,5.52,181.20,TAKE_PICTURE,2.00,1.64,173.64,0.61,241.87
2026-02-03 11:55:34.329,5.87,170.42,TAKE_PICTURE,2.36,1.46,161.75,0.56,241.87
2026-02-03 11:55:34.514,5.94,168.34,TAKE_PICTURE,2.37,0.54,160.78,0.62,241.87
2026-02-03 11:55:34.701,5.84,171.34,TAKE_PICTURE,2.37,0.55,163.91,0.60,241.87
2026-02-03 11:55:35.012,3.39,294.83,TAKE_PICTURE,2.90,122.03,165.80,0.54,241.87
2026-02-03 11:55:35.206,5.59,178.88,TAKE_PICTURE,1.89,0.89,171.53,0.58,241.87
2026-02-03 11:55:35.393,5.86,170.57,TAKE_PICTURE,2.51,0.54,163.12,0.53,241.87
2026-02-03 11:55:35.578,5.92,168.92,TAKE_PICTURE,2.29,0.54,161.59,0.95,241.87
2026-02-03 11:55:35.762,5.96,167.85,TAKE_PICTURE,2.28,0.72,161.14,0.53,241.87
2026-02-03 11:55:36.053,3.62,275.96,TAKE_PICTURE,2.34,113.16,156.66,0.57,241.87
2026-02-03 11:55:36.255,5.55,180.09,TAKE_PICTURE,1.34,1.54,174.37,0.55,241.87
2026-02-03 11:55:36.444,5.79,172.67,TAKE_PICTURE,2.11,1.01,165.09,0.53,241.87
2026-02-03 11:55:36.631,5.87,170.39,TAKE_PICTURE,2.20,0.56,163.09,0.60,241.87
2026-02-03 11:55:36.816,5.91,169.07,TAKE_PICTURE,2.13,0.60,162.49,1.16,241.87
2026-02-03 11:55:37.108,3.61,276.75,TAKE_PICTURE,2.19,111.82,157.98,0.54,241.87
2026-02-03 11:55:37.312,5.48,182.33,TAKE_PICTURE,1.83,0.63,174.75,0.60,241.87
2026-02-03 11:55:37.501,5.84,171.12,TAKE_PICTURE,5.05,0.89,161.93,0.53,241.87
2026-02-03 11:55:37.686,5.91,169.32,TAKE_PICTURE,3.14,0.72,162.35,0.57,241.87
2026-02-03 11:55:37.870,5.94,168.27,TAKE_PICTURE,2.10,1.06,162.14,0.58,241.87
2026-02-03 11:55:38.164,3.61,277.38,TAKE_PICTURE,2.41,116.72,155.10,0.54,241.87
2026-02-03 11:55:38.373,5.33,187.46,TAKE_PICTURE,2.53,1.85,179.24,0.56,241.87
2026-02-03 11:55:38.562,5.81,172.24,TAKE_PICTURE,2.36,1.16,164.22,0.57,241.87
2026-02-03 11:55:38.752,5.74,174.30,TAKE_PICTURE,2.36,0.89,166.63,0.54,241.83
2026-02-03 11:55:38.939,5.89,169.81,TAKE_PICTURE,2.36,0.54,162.53,0.59,241.87
2026-02-03 11:55:39.238,3.53,283.34,TAKE_PICTURE,2.36,114.10,161.97,0.58,241.87
2026-02-03 11:55:39.445,5.36,186.43,TAKE_PICTURE,1.49,1.42,180.41,0.55,241.87
2026-02-03 11:55:39.637,5.71,175.18,TAKE_PICTURE,2.45,1.32,166.35,0.57,241.87
2026-02-03 11:55:39.830,5.66,176.53,TAKE_PICTURE,2.55,0.56,168.97,0.54,241.87
2026-02-03 11:55:40.016,5.88,169.96,TAKE_PICTURE,2.41,0.55,162.45,0.57,241.87
2026-02-03 11:55:40.307,3.63,275.28,TAKE_PICTURE,2.51,111.86,156.29,0.57,241.87
2026-02-03 11:55:40.506,5.61,178.12,TAKE_PICTURE,1.44,0.60,173.47,0.59,241.87
2026-02-03 11:55:40.693,5.86,170.70,TAKE_PICTURE,1.69,0.54,165.45,0.57,241.87
2026-02-03 11:55:40.882,5.80,172.50,TAKE_PICTURE,1.74,0.61,167.26,0.55,241.87
2026-02-03 11:55:41.067,5.91,169.09,TAKE_PICTURE,5.40,0.60,160.47,0.66,241.87
2026-02-03 11:55:41.357,3.64,275.04,TAKE_PICTURE,1.96,112.54,157.24,0.59,241.87
2026-02-03 11:55:41.568,5.17,193.49,TAKE_PICTURE,3.51,1.14,185.32,0.55,241.87
2026-02-03 11:55:41.763,5.61,178.10,TAKE_PICTURE,5.20,1.06,168.87,0.55,241.87
2026-02-03 11:55:41.951,5.83,171.46,TAKE_PICTURE,2.18,0.72,165.70,0.57,241.87
2026-02-03 11:55:42.136,5.89,169.76,TAKE_PICTURE,2.08,0.72,164.14,0.58,241.87
2026-02-03 11:55:42.426,3.65,273.78,TAKE_PICTURE,2.11,113.36,155.52,0.59,241.87
2026-02-03 11:55:42.635,5.26,190.01,TAKE_PICTURE,2.62,0.95,183.33,0.61,241.87
2026-02-03 11:55:42.823,5.84,171.23,TAKE_PICTURE,2.16,0.97,164.00,0.56,241.87
2026-02-03 11:55:43.012,5.78,173.00,TAKE_PICTURE,1.96,1.04,165.89,0.53,241.87
2026-02-03 11:55:43.197,5.93,168.50,TAKE_PICTURE,2.03,0.60,163.06,0.58,241.87
2026-02-03 11:55:43.492,3.58,279.56,TAKE_PICTURE,2.31,116.76,156.25,0.56,241.87
2026-02-03 11:55:43.695,5.50,181.66,TAKE_PICTURE,2.10,1.60,174.27,0.56,241.87
2026-02-03 11:55:43.883,5.85,170.96,TAKE_PICTURE,2.02,1.21,163.46,0.59,241.87
2026-02-03 11:55:44.067,5.92,168.85,TAKE_PICTURE,2.00,0.86,162.80,0.58,241.87
2026-02-03 11:55:44.251,5.96,167.73,TAKE_PICTURE,2.00,1.09,160.49,0.55,241.87
2026-02-03 11:55:44.543,3.62,276.57,TAKE_PICTURE,1.96,116.20,155.31,0.56,241.87
2026-02-03 11:55:44.745,5.55,180.02,TAKE_PICTURE,1.41,1.25,173.90,0.55,241.87
2026-02-03 11:55:44.930,5.92,169.03,TAKE_PICTURE,2.07,0.51,163.33,0.62,241.87
2026-02-03 11:55:45.116,5.90,169.59,TAKE_PICTURE,2.02,0.78,163.64,0.57,241.87
2026-02-03 11:55:45.299,6.00,166.71,TAKE_PICTURE,2.19,0.51,160.99,0.63,241.87
2026-02-03 11:55:45.591,3.62,276.18,TAKE_PICTURE,2.13,116.71,154.21,0.60,241.87
2026-02-03 11:55:45.789,5.63,177.48,TAKE_PICTURE,1.71,0.70,172.35,0.57,241.87
2026-02-03 11:55:45.981,5.69,175.83,TAKE_PICTURE,4.84,1.09,166.49,0.60,241.87
2026-02-03 11:55:46.166,5.93,168.49,TAKE_PICTURE,5.16,0.63,159.89,0.57,241.87
2026-02-03 11:55:46.348,6.00,166.79,TAKE_PICTURE,2.33,0.66,160.28,0.58,241.87
2026-02-03 11:55:46.637,3.67,272.38,TAKE_PICTURE,2.34,111.56,154.53,0.53,241.87
2026-02-03 11:55:46.836,5.62,177.88,TAKE_PICTURE,1.49,1.56,172.04,0.56,241.87
2026-02-03 11:55:47.023,5.86,170.68,TAKE_PICTURE,2.15,0.54,162.88,0.59,241.87
2026-02-03 11:55:47.208,5.94,168.36,TAKE_PICTURE,2.09,0.78,160.48,0.58,241.87
2026-02-03 11:55:47.392,5.96,167.77,TAKE_PICTURE,2.09,1.28,160.99,0.55,241.87
2026-02-03 11:55:47.683,3.63,275.75,TAKE_PICTURE,2.19,112.82,157.60,0.58,241.87
2026-02-03 11:55:47.885,5.55,180.24,TAKE_PICTURE,1.27,1.35,173.97,0.63,241.87
2026-02-03 11:55:48.075,5.76,173.49,TAKE_PICTURE,2.31,1.22,166.27,0.55,241.87
2026-02-03 11:55:48.259,5.97,167.64,TAKE_PICTURE,2.38,0.92,159.93,0.66,241.87
2026-02-03 11:55:48.442,5.98,167.33,TAKE_PICTURE,2.42,1.20,159.70,0.54,241.87
2026-02-03 11:55:48.731,3.66,272.91,TAKE_PICTURE,2.32,111.84,154.64,0.59,241.87
2026-02-03 11:55:48.925,5.61,178.16,TAKE_PICTURE,2.06,0.61,172.04,0.56,241.87
2026-02-03 11:55:49.109,5.95,168.17,TAKE_PICTURE,1.92,0.62,162.33,0.56,241.87
2026-02-03 11:55:49.292,5.97,167.58,TAKE_PICTURE,1.73,0.73,160.84,0.57,241.87
2026-02-03 11:55:49.474,6.02,166.15,TAKE_PICTURE,1.96,1.13,159.04,0.62,241.87
2026-02-03 11:55:49.770,3.58,279.53,TAKE_PICTURE,2.23,117.32,156.40,0.55,241.87
2026-02-03 11:55:49.971,5.54,180.49,TAKE_PICTURE,1.39,1.61,174.12,0.64,241.87
2026-02-03 11:55:50.162,5.76,173.66,TAKE_PICTURE,2.23,0.99,165.21,0.57,241.87
2026-02-03 11:55:50.348,5.88,170.19,TAKE_PICTURE,2.30,0.86,162.58,0.57,241.87
2026-02-03 11:55:50.535,5.84,171.09,TAKE_PICTURE,2.48,0.58,162.85,0.62,241.87
2026-02-03 11:55:50.832,3.57,280.36,TAKE_PICTURE,2.21,117.81,155.61,0.61,241.87
2026-02-03 11:55:51.038,5.41,184.87,TAKE_PICTURE,1.34,1.55,178.17,0.58,241.87
2026-02-03 11:55:51.226,5.83,171.52,TAKE_PICTURE,1.75,0.79,166.06,0.53,241.87
2026-02-03 11:55:51.411,5.90,169.56,TAKE_PICTURE,2.40,0.62,162.93,0.59,241.87
2026-02-03 11:55:51.596,5.92,168.79,TAKE_PICTURE,2.11,0.60,163.24,0.57,241.87
2026-02-03 11:55:51.886,3.65,274.16,TAKE_PICTURE,2.21,112.22,155.41,0.61,241.87
2026-02-03 11:55:52.089,5.50,181.77,TAKE_PICTURE,2.01,1.42,174.68,0.54,241.87
2026-02-03 11:55:52.277,5.84,171.23,TAKE_PICTURE,2.39,0.78,164.32,0.57,241.87
2026-02-03 11:55:52.461,5.94,168.23,TAKE_PICTURE,2.40,0.74,160.83,0.59,241.87
2026-02-03 11:55:52.646,5.97,167.40,TAKE_PICTURE,2.34,0.62,160.41,0.56,241.87
2026-02-03 11:55:52.941,3.58,279.00,TAKE_PICTURE,2.35,116.05,156.27,0.56,241.87
2026-02-03 11:55:53.147,5.44,183.80,TAKE_PICTURE,1.35,1.35,177.40,0.58,241.87
2026-02-03 11:55:53.335,5.84,171.29,TAKE_PICTURE,1.99,1.19,163.66,0.64,241.87
2026-02-03 11:55:53.520,5.90,169.44,TAKE_PICTURE,2.06,0.81,162.96,0.54,241.87
2026-02-03 11:55:53.703,5.99,167.07,TAKE_PICTURE,2.03,1.22,159.77,0.60,241.87
2026-02-03 11:55:54.000,3.56,280.86,TAKE_PICTURE,2.01,118.75,155.80,0.59,241.87
2026-02-03 11:55:54.204,5.48,182.52,TAKE_PICTURE,2.39,1.31,174.80,0.55,241.87
2026-02-03 11:55:54.392,5.84,171.24,TAKE_PICTURE,2.21,0.65,163.89,0.58,241.87
2026-02-03 11:55:54.578,5.91,169.15,TAKE_PICTURE,2.17,0.58,162.19,0.59,241.87
2026-02-03 11:55:54.762,5.94,168.31,TAKE_PICTURE,2.24,0.66,161.78,0.57,241.87
2026-02-03 11:55:55.059,3.55,281.39,TAKE_PICTURE,2.33,120.96,154.65,0.54,241.87
2026-02-03 11:55:55.262,5.51,181.44,TAKE_PICTURE,1.64,1.51,174.50,0.55,241.87
2026-02-03 11:55:55.451,5.78,172.89,TAKE_PICTURE,2.41,1.26,164.25,0.60,241.87
2026-02-03 11:55:55.637,5.93,168.75,TAKE_PICTURE,2.36,0.86,161.32,0.57,241.81
2026-02-03 11:55:55.824,5.84,171.35,TAKE_PICTURE,2.11,0.83,164.57,0.54,241.81
2026-02-03 11:55:56.112,3.67,272.23,TAKE_PICTURE,2.05,110.83,155.26,0.57,241.81
2026-02-03 11:55:56.311,5.64,177.22,TAKE_PICTURE,1.37,1.36,171.63,0.59,241.81
2026-02-03 11:55:56.497,5.89,169.82,TAKE_PICTURE,2.02,1.18,162.30,0.57,241.81
2026-02-03 11:55:56.681,5.95,168.05,TAKE_PICTURE,2.05,0.50,161.72,0.54,241.81
2026-02-03 11:55:56.864,5.98,167.25,TAKE_PICTURE,2.04,1.03,161.36,0.55,241.81
2026-02-03 11:55:57.154,3.66,273.39,TAKE_PICTURE,1.74,113.35,154.86,0.57,241.81
2026-02-03 11:55:57.359,5.42,184.51,TAKE_PICTURE,1.44,1.29,177.95,0.58,241.87
2026-02-03 11:55:57.546,5.89,169.67,TAKE_PICTURE,2.31,0.52,162.30,0.58,241.87
2026-02-03 11:55:57.729,5.98,167.18,TAKE_PICTURE,2.22,0.59,160.83,0.53,241.87
2026-02-03 11:55:57.911,6.01,166.36,TAKE_PICTURE,2.19,0.50,159.59,0.58,241.87
2026-02-03 11:55:58.200,3.66,273.10,TAKE_PICTURE,2.16,111.94,154.64,0.53,241.87
2026-02-03 11:55:58.395,5.73,174.42,TAKE_PICTURE,2.18,0.74,168.59,0.78,241.87
2026-02-03 11:55:58.583,5.82,171.96,TAKE_PICTURE,2.75,1.27,163.59,0.55,241.87
2026-02-03 11:55:58.771,5.81,172.21,TAKE_PICTURE,2.29,0.87,166.25,0.54,241.87
2026-02-03 11:55:58.957,5.94,168.31,TAKE_PICTURE,2.29,1.32,161.98,0.54,241.87
2026-02-03 11:55:59.246,3.66,273.57,TAKE_PICTURE,2.27,112.24,155.02,0.55,241.87
2026-02-03 11:55:59.448,5.54,180.51,TAKE_PICTURE,1.41,1.66,173.67,0.57,241.87
2026-02-03 11:55:59.634,5.91,169.20,TAKE_PICTURE,1.96,0.48,162.64,0.61,241.87
2026-02-03 11:55:59.830,5.61,178.28,TAKE_PICTURE,2.89,0.57,171.33,0.56,241.87
2026-02-03 11:56:00.020,5.77,173.42,TAKE_PICTURE,4.53,0.63,165.45,0.64,241.87
2026-02-03 11:56:00.314,3.61,277.14,TAKE_PICTURE,2.29,111.25,159.18,0.54,241.87
2026-02-03 11:56:00.529,5.18,193.14,TAKE_PICTURE,2.47,1.61,185.31,0.54,241.87
2026-02-03 11:56:00.728,5.51,181.52,TAKE_PICTURE,2.93,1.58,173.40,0.58,241.87
2026-02-03 11:56:00.927,5.47,182.96,TAKE_PICTURE,2.14,0.74,175.18,0.59,241.87
2026-02-03 11:56:01.120,5.67,176.29,TAKE_PICTURE,2.48,0.58,168.71,0.53,241.87
2026-02-03 11:56:01.423,3.49,286.56,TAKE_PICTURE,2.08,117.79,161.96,0.56,241.87
2026-02-03 11:56:01.634,5.29,188.98,TAKE_PICTURE,1.50,1.27,183.06,0.57,241.87
2026-02-03 11:56:01.833,5.51,181.54,TAKE_PICTURE,2.31,0.98,173.50,0.57,241.87
2026-02-03 11:56:02.025,5.70,175.56,TAKE_PICTURE,5.28,0.71,166.91,0.63,241.87
2026-02-03 11:56:02.213,5.81,172.13,TAKE_PICTURE,2.27,0.55,164.98,0.56,241.87
2026-02-03 11:56:02.508,3.59,278.32,TAKE_PICTURE,1.95,112.73,159.53,0.58,241.87
2026-02-03 11:56:02.726,5.11,195.62,TAKE_PICTURE,1.27,1.35,188.97,0.70,241.87
2026-02-03 11:56:02.931,5.34,187.30,TAKE_PICTURE,2.49,1.56,180.26,0.57,241.87
2026-02-03 11:56:03.124,5.68,176.00,TAKE_PICTURE,2.34,1.53,169.21,0.57,241.87
2026-02-03 11:56:03.312,5.80,172.47,TAKE_PICTURE,1.90,0.83,166.63,0.55,241.87
2026-02-03 11:56:03.605,3.62,276.11,TAKE_PICTURE,2.10,111.59,158.07,0.58,241.87
2026-02-03 11:56:03.817,5.26,190.11,TAKE_PICTURE,2.10,1.41,182.73,0.62,241.87
2026-02-03 11:56:04.006,5.84,171.33,TAKE_PICTURE,2.64,1.04,164.15,0.55,241.87
2026-02-03 11:56:04.189,5.97,167.58,TAKE_PICTURE,2.31,0.60,161.38,0.56,241.87
2026-02-03 11:56:04.372,5.98,167.24,TAKE_PICTURE,5.15,0.57,158.92,0.55,241.87
2026-02-03 11:56:04.664,3.63,275.82,TAKE_PICTURE,1.99,115.45,154.29,0.59,241.87
2026-02-03 11:56:04.871,5.43,184.21,TAKE_PICTURE,2.45,1.18,176.94,0.55,241.87
2026-02-03 11:56:05.074,5.40,185.13,TAKE_PICTURE,2.76,1.42,175.97,0.82,241.87
2026-02-03 11:56:05.258,5.95,168.00,TAKE_PICTURE,2.42,0.58,161.19,0.55,241.87
2026-02-03 11:56:05.445,5.85,170.83,TAKE_PICTURE,2.41,1.32,163.31,0.57,241.87
2026-02-03 11:56:05.735,3.65,274.26,TAKE_PICTURE,2.29,113.69,154.74,0.56,241.87
2026-02-03 11:56:05.938,5.49,182.09,TAKE_PICTURE,1.32,1.43,176.00,0.55,241.87
2026-02-03 11:56:06.125,5.88,169.96,TAKE_PICTURE,2.08,1.39,161.36,0.75,241.87
2026-02-03 11:56:06.312,5.84,171.26,TAKE_PICTURE,5.18,0.55,162.69,0.54,241.87
2026-02-03 11:56:06.495,5.98,167.15,TAKE_PICTURE,2.45,0.65,160.24,0.54,241.87
2026-02-03 11:56:06.788,3.62,276.40,TAKE_PICTURE,1.90,116.65,154.89,0.59,241.87
2026-02-03 11:56:06.993,5.48,182.36,TAKE_PICTURE,3.86,1.68,172.77,0.54,241.87
2026-02-03 11:56:07.179,5.90,169.48,TAKE_PICTURE,2.34,1.20,161.88,0.53,241.87
2026-02-03 11:56:07.362,5.99,166.96,TAKE_PICTURE,2.35,1.13,159.49,0.54,241.87
2026-02-03 11:56:07.544,6.02,166.06,TAKE_PICTURE,2.34,1.13,158.66,0.53,241.87
2026-02-03 11:56:07.838,3.59,278.22,TAKE_PICTURE,2.67,118.32,153.12,0.54,241.87
2026-02-03 11:56:08.030,5.67,176.51,TAKE_PICTURE,2.35,1.10,169.02,0.58,241.87
2026-02-03 11:56:08.213,5.99,167.04,TAKE_PICTURE,2.27,1.12,159.67,0.55,241.87
2026-02-03 11:56:08.395,6.02,165.98,TAKE_PICTURE,2.36,1.16,158.63,0.52,241.87
2026-02-03 11:56:08.578,5.98,167.09,TAKE_PICTURE,2.34,1.13,159.58,0.58,241.87
2026-02-03 11:56:08.869,3.63,275.33,TAKE_PICTURE,2.26,112.58,156.62,0.57,241.87
2026-02-03 11:56:09.072,5.52,181.07,TAKE_PICTURE,1.40,1.69,174.88,0.58,241.87
2026-02-03 11:56:09.258,5.95,168.06,TAKE_PICTURE,2.35,1.07,161.55,0.59,241.87
2026-02-03 11:56:09.442,5.95,168.09,TAKE_PICTURE,2.18,0.75,161.84,0.54,241.87
2026-02-03 11:56:09.627,5.89,169.78,TAKE_PICTURE,2.38,1.13,163.17,0.60,241.87
2026-02-03 11:56:09.925,3.56,281.16,TAKE_PICTURE,2.10,118.81,156.19,0.53,241.87
2026-02-03 11:56:10.133,5.34,187.34,TAKE_PICTURE,1.71,1.33,181.01,0.59,241.87
2026-02-03 11:56:10.331,5.53,180.71,TAKE_PICTURE,2.39,1.08,172.07,0.54,241.87
2026-02-03 11:56:10.525,5.64,177.25,TAKE_PICTURE,3.00,0.56,169.18,0.55,241.87
2026-02-03 11:56:10.720,5.61,178.14,TAKE_PICTURE,2.44,0.54,170.79,0.81,241.87
2026-02-03 11:56:11.029,3.42,292.67,TAKE_PICTURE,2.48,116.90,168.80,0.56,241.87
2026-02-03 11:56:11.242,5.24,190.76,TAKE_PICTURE,2.66,1.99,182.17,0.62,241.87
2026-02-03 11:56:11.443,5.43,184.06,TAKE_PICTURE,2.41,1.14,175.75,0.66,241.87
2026-02-03 11:56:11.640,5.58,179.33,TAKE_PICTURE,2.35,1.27,172.42,0.55,241.87
2026-02-03 11:56:11.835,5.58,179.07,TAKE_PICTURE,2.47,0.54,171.63,0.53,241.87
2026-02-03 11:56:12.140,3.47,287.85,TAKE_PICTURE,3.34,117.94,163.22,0.53,241.87
2026-02-03 11:56:12.352,5.28,189.44,TAKE_PICTURE,2.16,1.36,182.15,0.57,241.87
2026-02-03 11:56:12.551,5.50,181.90,TAKE_PICTURE,2.27,0.67,174.44,0.55,241.87
2026-02-03 11:56:12.741,5.78,173.15,TAKE_PICTURE,2.48,0.58,165.57,0.58,241.87
2026-02-03 11:56:12.933,5.72,174.80,TAKE_PICTURE,2.43,0.75,167.71,0.54,241.87
2026-02-03 11:56:13.238,3.46,289.00,TAKE_PICTURE,2.28,116.62,165.74,0.66,241.87
2026-02-03 11:56:13.453,5.14,194.67,TAKE_PICTURE,2.42,0.74,188.37,0.58,241.87
2026-02-03 11:56:13.655,5.43,184.23,TAKE_PICTURE,2.38,0.72,173.96,0.63,241.87
2026-02-03 11:56:13.848,5.65,176.84,TAKE_PICTURE,2.44,0.84,169.11,0.55,241.87
2026-02-03 11:56:14.040,5.70,175.30,TAKE_PICTURE,2.25,0.51,168.46,0.55,241.87
2026-02-03 11:56:14.343,3.49,286.76,TAKE_PICTURE,2.28,120.69,159.45,0.54,241.87
2026-02-03 11:56:14.549,5.46,183.23,TAKE_PICTURE,2.60,1.19,175.46,0.56,241.87
2026-02-03 11:56:14.736,5.85,170.97,TAKE_PICTURE,2.03,0.67,164.98,0.59,241.87
2026-02-03 11:56:14.920,5.97,167.50,TAKE_PICTURE,2.08,0.93,161.75,0.58,241.87
2026-02-03 11:56:15.101,6.03,165.86,TAKE_PICTURE,1.94,0.57,159.93,0.56,241.87
2026-02-03 11:56:15.390,3.68,271.69,TAKE_PICTURE,1.87,111.32,154.68,0.57,241.87
2026-02-03 11:56:15.588,5.55,180.07,TAKE_PICTURE,3.63,0.76,172.25,0.57,241.87
2026-02-03 11:56:15.784,5.60,178.73,TAKE_PICTURE,2.21,0.66,171.88,0.57,241.83
2026-02-03 11:56:15.976,5.68,176.01,TAKE_PICTURE,2.52,0.51,168.56,0.59,241.83
2026-02-03 11:56:16.174,5.51,181.64,TAKE_PICTURE,2.23,0.48,174.51,0.68,241.83
2026-02-03 11:56:16.469,3.60,278.02,TAKE_PICTURE,2.03,114.03,158.50,0.56,241.83
2026-02-03 11:56:16.675,5.41,184.90,TAKE_PICTURE,1.60,1.39,178.01,0.56,241.83
2026-02-03 11:56:16.862,5.90,169.62,TAKE_PICTURE,1.84,0.76,163.19,0.59,241.83
2026-02-03 11:56:17.049,5.88,170.15,TAKE_PICTURE,2.31,0.54,162.34,0.52,241.83
2026-02-03 11:56:17.232,6.01,166.50,TAKE_PICTURE,2.23,0.96,159.00,0.53,241.83
2026-02-03 11:56:17.524,3.62,276.26,TAKE_PICTURE,2.36,116.42,153.35,0.55,241.83
2026-02-03 11:56:17.724,5.58,179.23,TAKE_PICTURE,1.35,1.48,172.29,0.57,241.83
2026-02-03 11:56:17.910,5.92,168.91,TAKE_PICTURE,2.21,0.73,162.92,0.56,241.83
2026-02-03 11:56:18.101,5.73,174.55,TAKE_PICTURE,2.93,0.71,167.68,0.57,241.83
2026-02-03 11:56:18.284,5.98,167.13,TAKE_PICTURE,2.11,0.62,160.28,0.52,241.83
2026-02-03 11:56:18.572,3.68,271.64,TAKE_PICTURE,2.09,112.81,154.28,0.54,241.83
2026-02-03 11:56:18.772,5.60,178.69,TAKE_PICTURE,1.55,1.18,172.73,0.57,241.83
2026-02-03 11:56:18.959,5.86,170.61,TAKE_PICTURE,2.16,0.52,163.51,0.55,241.83
2026-02-03 11:56:19.143,5.97,167.59,TAKE_PICTURE,2.26,0.53,161.42,0.74,241.83
2026-02-03 11:56:19.325,6.00,166.70,TAKE_PICTURE,2.39,0.51,160.56,0.58,241.83
2026-02-03 11:56:19.617,3.62,276.21,TAKE_PICTURE,5.28,111.66,156.66,0.56,241.83
2026-02-03 11:56:19.819,5.55,180.30,TAKE_PICTURE,1.62,1.43,173.25,0.61,241.83
2026-02-03 11:56:20.005,5.90,169.39,TAKE_PICTURE,2.12,0.71,163.76,0.58,241.83
2026-02-03 11:56:20.189,5.96,167.72,TAKE_PICTURE,2.09,1.02,161.12,0.57,241.83
2026-02-03 11:56:20.372,5.99,167.08,TAKE_PICTURE,2.07,0.97,160.26,0.61,241.83
2026-02-03 11:56:20.659,3.69,271.23,TAKE_PICTURE,2.02,111.75,153.43,0.61,241.83
2026-02-03 11:56:20.856,5.66,176.63,TAKE_PICTURE,1.30,1.51,170.95,0.53,241.83
2026-02-03 11:56:21.042,5.92,168.90,TAKE_PICTURE,2.07,0.55,162.38,0.53,241.83
2026-02-03 11:56:21.226,5.94,168.29,TAKE_PICTURE,2.28,0.68,161.88,0.58,241.83
2026-02-03 11:56:21.411,5.91,169.08,TAKE_PICTURE,2.20,1.24,162.66,0.57,241.83
2026-02-03 11:56:21.701,3.66,273.41,TAKE_PICTURE,1.95,111.96,155.45,0.54,241.83
2026-02-03 11:56:21.901,5.57,179.58,TAKE_PICTURE,1.49,1.54,173.47,0.55,241.83
2026-02-03 11:56:22.087,5.92,168.91,TAKE_PICTURE,2.40,0.72,162.59,0.62,241.83
2026-02-03 11:56:22.271,5.94,168.29,TAKE_PICTURE,2.04,1.07,160.80,0.57,241.83
2026-02-03 11:56:22.455,5.96,167.88,TAKE_PICTURE,2.31,1.11,160.08,0.59,241.83
2026-02-03 11:56:22.742,3.69,270.92,TAKE_PICTURE,1.97,111.64,154.22,0.56,241.83
2026-02-03 11:56:22.812,18.60,53.77,READY,1.93,0.25,47.92,0.69,241.83
2026-02-03 11:56:23.086,4.20,238.33,READY,22.79,109.32,102.02,0.57,241.83
2026-02-03 11:56:23.228,8.36,119.56,READY,1.38,0.61,113.62,0.70,241.83
2026-02-03 11:56:23.361,8.61,116.12,READY,2.42,0.85,108.55,0.58,241.83
2026-02-03 11:56:23.491,8.84,113.12,READY,2.01,0.75,106.21,0.56,241.83
2026-02-03 11:56:23.623,8.61,116.15,READY,2.00,1.02,108.09,0.64,241.83
2026-02-03 11:56:23.871,4.32,231.52,READY,1.99,122.11,102.83,0.59,241.83
2026-02-03 11:56:24.024,7.72,129.53,READY,3.01,1.61,120.95,0.60,241.83
2026-02-03 11:56:24.158,8.61,116.19,READY,2.24,0.62,109.27,0.61,241.83
2026-02-03 11:56:24.288,8.76,114.11,READY,2.19,0.63,107.72,0.57,241.83
2026-02-03 11:56:24.417,8.85,112.94,READY,1.94,0.76,107.08,0.58,241.83
2026-02-03 11:56:24.652,4.56,219.42,READY,1.99,111.68,101.54,0.57,241.83
2026-02-03 11:56:24.794,8.33,120.01,READY,1.47,0.69,115.22,0.63,241.83
2026-02-03 11:56:24.930,8.47,118.13,READY,2.36,0.76,112.07,0.55,241.83
2026-02-03 11:56:25.064,8.56,116.86,READY,1.42,1.54,109.76,0.58,241.83
2026-02-03 11:56:25.196,8.62,116.03,READY,2.61,1.30,108.94,0.60,241.83
2026-02-03 11:56:25.433,4.52,221.39,READY,2.02,112.96,102.68,0.54,241.83
2026-02-03 11:56:25.586,7.54,132.57,READY,2.95,1.81,124.42,0.70,241.83
2026-02-03 11:56:25.722,8.42,118.70,READY,2.24,1.06,110.89,0.58,241.83
2026-02-03 11:56:25.853,8.72,114.66,READY,2.16,0.91,107.74,0.56,241.83
2026-02-03 11:56:25.984,8.65,115.54,READY,2.05,1.04,108.42,0.55,241.83
2026-02-03 11:56:26.218,4.60,217.48,READY,2.03,111.21,100.76,0.56,241.83
2026-02-03 11:56:26.359,8.33,120.05,READY,1.51,1.40,113.87,0.62,241.83
2026-02-03 11:56:26.497,8.26,121.11,READY,4.31,1.00,112.35,0.60,241.83
2026-02-03 11:56:26.627,8.79,113.79,READY,2.29,1.04,106.48,0.58,241.83
2026-02-03 11:56:26.757,8.73,114.56,READY,2.32,0.99,107.17,0.53,241.83
2026-02-03 11:56:26.994,4.54,220.40,READY,2.22,113.66,100.73,0.60,241.83
2026-02-03 11:56:27.141,7.93,126.04,READY,3.60,1.60,117.17,0.69,241.83
2026-02-03 11:56:27.274,8.68,115.16,READY,2.07,0.63,108.94,0.55,241.83
2026-02-03 11:56:27.404,8.73,114.54,READY,4.79,1.04,105.72,0.58,241.83
2026-02-03 11:56:27.532,8.92,112.09,READY,2.09,0.88,105.06,0.55,241.83
2026-02-03 11:56:27.771,4.49,222.85,READY,2.09,114.46,102.27,0.56,241.83
2026-02-03 11:56:27.917,8.01,124.78,READY,1.35,1.56,118.72,0.59,241.83
2026-02-03 11:56:28.054,8.37,119.45,READY,1.95,1.15,113.08,0.57,241.83
2026-02-03 11:56:28.186,8.63,115.89,READY,1.95,0.57,110.07,0.57,241.83
2026-02-03 11:56:28.318,8.54,117.05,READY,2.10,0.68,110.95,0.62,241.83
2026-02-03 11:56:28.556,4.52,221.21,READY,1.65,112.75,103.18,0.60,241.83
2026-02-03 11:56:28.704,7.97,125.46,READY,1.33,1.29,118.40,0.71,241.83
2026-02-03 11:56:28.847,7.95,125.86,READY,10.84,0.57,110.90,0.56,241.83
2026-02-03 11:56:28.987,8.11,123.36,READY,2.40,0.52,115.91,0.62,241.83
2026-02-03 11:56:29.115,8.93,111.96,READY,2.40,0.52,104.50,0.58,241.83
2026-02-03 11:56:29.360,4.36,229.60,READY,6.74,119.19,101.03,0.57,241.83
2026-02-03 11:56:29.502,8.28,120.77,READY,1.34,1.39,114.30,0.59,241.83
2026-02-03 11:56:29.637,8.51,117.54,READY,2.08,0.90,110.93,0.56,241.83
2026-02-03 11:56:29.771,8.49,117.78,READY,5.61,0.69,108.66,0.63,241.83
2026-02-03 11:56:29.902,8.70,114.90,READY,2.01,1.02,107.96,0.57,241.83
2026-02-03 11:56:30.138,4.54,220.32,READY,1.91,114.33,100.35,0.57,241.83
2026-02-03 11:56:30.285,8.02,124.66,READY,3.43,1.19,116.16,0.67,241.87
2026-02-03 11:56:30.420,8.50,117.65,READY,2.39,0.74,111.57,0.56,241.87
2026-02-03 11:56:30.550,8.81,113.55,READY,1.94,0.58,108.20,0.56,241.87
2026-02-03 11:56:30.679,8.81,113.46,READY,2.69,0.61,107.55,0.61,241.87
2026-02-03 11:56:30.933,4.20,238.10,READY,2.35,124.03,108.92,0.61,241.87
2026-02-03 11:56:31.094,7.23,138.34,READY,2.45,1.82,129.53,0.73,241.87
2026-02-03 11:56:31.238,8.16,122.50,READY,1.43,1.14,116.00,0.56,241.87
2026-02-03 11:56:31.376,8.16,122.49,READY,3.34,1.57,113.89,0.61,241.87
2026-02-03 11:56:31.516,8.12,123.10,READY,5.30,0.80,114.33,0.55,241.87
2026-02-03 11:56:31.760,4.41,226.73,READY,2.11,112.54,107.77,0.55,241.87
2026-02-03 11:56:31.909,7.83,127.71,READY,2.08,1.24,116.25,3.13,241.87
2026-02-03 11:56:32.044,8.53,117.28,READY,1.77,0.58,111.39,0.58,241.87
2026-02-03 11:56:32.180,8.58,116.49,READY,1.79,1.36,109.86,0.56,241.87
2026-02-03 11:56:32.311,8.66,115.49,READY,2.31,1.13,108.11,0.59,241.87
2026-02-03 11:56:32.547,4.56,219.38,READY,2.09,112.66,100.54,0.63,241.87
2026-02-03 11:56:32.685,8.53,117.19,READY,1.39,0.61,112.21,0.69,241.87
2026-02-03 11:56:32.824,8.27,120.88,READY,2.31,0.76,114.16,0.57,241.87
2026-02-03 11:56:32.955,8.70,114.92,READY,1.65,1.13,107.65,0.61,241.87
2026-02-03 11:56:33.085,8.77,114.01,READY,2.20,1.12,106.05,0.56,241.87
2026-02-03 11:56:33.329,4.40,227.31,READY,4.92,116.58,103.03,0.58,241.87
2026-02-03 11:56:33.465,8.60,116.31,READY,1.99,0.58,110.56,0.73,241.87
2026-02-03 11:56:33.599,8.52,117.35,READY,2.33,1.04,109.09,0.54,241.87
2026-02-03 11:56:33.742,7.87,126.99,READY,3.54,1.82,116.07,0.61,241.87
2026-02-03 11:56:33.874,8.68,115.27,READY,3.15,0.58,107.25,0.56,241.87
2026-02-03 11:56:34.118,4.38,228.25,READY,2.07,119.70,102.60,0.59,241.87
2026-02-03 11:56:34.261,8.22,121.67,READY,1.42,0.70,116.83,0.74,241.87
2026-02-03 11:56:34.396,8.51,117.48,READY,2.33,1.02,109.32,0.58,241.87
2026-02-03 11:56:34.526,8.80,113.58,READY,2.05,0.95,106.53,0.64,241.87
2026-02-03 11:56:34.654,8.89,112.44,READY,1.96,0.65,106.22,0.61,241.87
2026-02-03 11:56:34.898,4.39,227.68,READY,2.37,121.99,100.05,0.56,241.87
2026-02-03 11:56:35.041,8.21,121.86,READY,1.33,1.11,116.31,0.70,241.87
2026-02-03 11:56:35.177,8.42,118.77,READY,2.08,1.21,111.89,0.56,241.87
2026-02-03 11:56:35.306,8.81,113.49,READY,1.91,0.69,106.81,0.60,241.87
2026-02-03 11:56:35.434,8.97,111.49,READY,1.88,0.56,105.49,0.55,241.87
2026-02-03 11:56:35.668,4.58,218.17,READY,1.96,112.21,100.20,0.56,241.87
2026-02-03 11:56:35.821,7.62,131.25,READY,2.63,1.21,123.06,0.70,241.87
2026-02-03 11:56:35.969,7.63,130.99,READY,1.32,1.08,123.52,0.61,241.87
2026-02-03 11:56:36.111,7.97,125.54,READY,2.38,0.88,118.04,0.65,241.87
2026-02-03 11:56:36.250,8.17,122.44,READY,2.50,0.53,115.20,0.54,241.87
2026-02-03 11:56:36.489,4.49,222.73,READY,2.67,111.39,104.79,0.60,241.87
2026-02-03 11:56:36.644,7.56,132.29,READY,1.75,0.66,126.80,0.68,241.87
2026-02-03 11:56:36.795,7.50,133.32,READY,2.17,0.53,127.01,0.77,241.87
2026-02-03 11:56:36.937,7.90,126.52,READY,3.25,0.67,119.10,0.63,241.87
2026-02-03 11:56:37.076,8.19,122.06,READY,2.03,0.62,116.72,0.55,241.87
2026-02-03 11:56:37.322,4.36,229.38,READY,1.97,113.13,110.85,0.55,241.87
2026-02-03 11:56:37.473,7.70,129.81,READY,1.61,2.29,121.73,0.71,241.87
2026-02-03 11:56:37.609,8.46,118.23,READY,2.37,0.80,111.63,0.58,241.87
2026-02-03 11:56:37.740,8.66,115.51,READY,2.28,1.27,109.29,0.57,241.87
2026-02-03 11:56:37.869,8.88,112.62,READY,2.31,1.29,106.04,0.56,241.87
2026-02-03 11:56:38.111,4.43,225.58,READY,2.31,112.90,107.52,0.59,241.87
2026-02-03 11:56:38.264,7.60,131.55,READY,2.38,1.46,123.66,0.69,241.87
2026-02-03 11:56:38.405,8.16,122.54,READY,1.94,0.59,116.31,0.54,241.87
2026-02-03 11:56:38.543,8.24,121.38,READY,1.94,0.52,115.18,0.56,241.87
2026-02-03 11:56:38.679,8.38,119.27,READY,2.68,0.68,112.31,0.53,241.87
2026-02-03 11:56:38.922,4.41,226.87,READY,1.63,117.39,103.17,0.56,241.87
2026-02-03 11:56:39.073,7.73,129.31,READY,1.74,1.47,122.65,0.62,241.87
2026-02-03 11:56:39.207,8.59,116.36,READY,2.04,0.53,110.45,0.64,241.87
2026-02-03 11:56:39.336,8.85,113.05,READY,2.09,0.70,107.44,0.59,241.87
2026-02-03 11:56:39.468,8.72,114.68,READY,1.72,1.06,108.68,0.57,241.87
2026-02-03 11:56:39.706,4.51,221.57,READY,2.39,114.83,99.73,0.57,241.87
2026-02-03 11:56:39.846,8.43,118.68,READY,1.30,1.30,113.27,0.65,241.87
2026-02-03 11:56:39.982,8.43,118.57,READY,2.20,0.70,112.09,0.63,241.87
2026-02-03 11:56:40.110,8.86,112.85,READY,2.19,0.52,106.37,0.58,241.87
2026-02-03 11:56:40.239,8.88,112.55,READY,2.29,0.68,105.90,0.63,241.87
2026-02-03 11:56:40.479,4.47,223.72,READY,2.05,116.90,100.48,0.54,241.87
2026-02-03 11:56:40.618,8.42,118.76,READY,1.71,0.71,113.55,0.69,241.87
2026-02-03 11:56:40.752,8.53,117.17,READY,1.97,1.11,109.23,0.55,241.87
2026-02-03 11:56:40.882,8.77,114.04,READY,2.33,0.48,106.90,0.65,241.87
2026-02-03 11:56:41.011,8.85,113.04,READY,2.18,0.78,106.45,0.61,241.87
2026-02-03 11:56:41.248,4.54,220.24,READY,1.88,113.24,100.72,0.54,241.87
2026-02-03 11:56:41.391,8.16,122.53,READY,1.70,1.56,115.34,0.68,241.87
2026-02-03 11:56:41.527,8.42,118.75,READY,2.30,0.56,111.55,0.61,241.87
2026-02-03 11:56:41.654,8.99,111.19,READY,1.95,0.99,103.96,0.62,241.87
2026-02-03 11:56:41.784,8.79,113.83,READY,1.92,0.60,108.01,0.61,241.87
2026-02-03 11:56:42.017,4.61,216.76,READY,2.00,111.34,100.01,0.57,241.87
2026-02-03 11:56:42.161,8.17,122.47,READY,1.83,1.58,115.22,0.74,241.87
2026-02-03 11:56:42.294,8.62,116.04,READY,1.61,1.30,109.55,0.53,241.87
2026-02-03 11:56:42.423,8.86,112.84,READY,2.38,1.01,106.41,0.56,241.87
2026-02-03 11:56:42.554,8.70,114.97,READY,2.18,1.12,108.57,0.64,241.87
2026-02-03 11:56:42.789,4.56,219.35,READY,2.02,114.50,99.77,0.60,241.87
2026-02-03 11:56:42.933,8.10,123.39,READY,1.34,1.33,116.90,0.68,241.87
2026-02-03 11:56:43.070,8.41,118.96,READY,2.21,1.20,111.13,0.55,241.87
2026-02-03 11:56:43.198,8.86,112.81,READY,2.07,0.58,106.04,0.62,241.87
2026-02-03 11:56:43.327,8.88,112.61,READY,1.92,0.58,107.22,0.57,241.87
2026-02-03 11:56:43.569,4.43,225.66,READY,1.92,118.33,101.27,0.57,241.87
2026-02-03 11:56:43.712,7.99,125.15,READY,1.34,1.00,117.55,0.72,241.87
2026-02-03 11:56:43.847,8.48,117.93,READY,2.32,1.46,109.74,0.54,241.87
2026-02-03 11:56:43.977,8.78,113.84,READY,2.22,0.71,107.62,0.53,241.87
2026-02-03 11:56:44.107,8.76,114.19,READY,2.07,0.63,107.32,0.55,241.87
2026-02-03 11:56:44.344,4.55,219.70,READY,1.75,112.75,101.19,0.56,241.87
2026-02-03 11:56:44.486,8.26,121.04,READY,1.44,1.44,114.30,0.74,241.87
2026-02-03 11:56:44.622,8.47,118.05,READY,2.56,0.89,109.35,0.63,241.87
2026-02-03 11:56:44.752,8.77,113.99,READY,2.12,0.56,107.51,0.55,241.87
2026-02-03 11:56:44.882,8.75,114.25,READY,2.07,1.29,107.16,0.54,241.87
2026-02-03 11:56:45.128,4.35,229.83,READY,2.41,120.80,103.59,0.56,241.87
2026-02-03 11:56:45.271,8.23,121.54,READY,1.43,1.44,114.54,0.80,241.87
2026-02-03 11:56:45.415,7.86,127.23,READY,4.22,0.64,115.09,0.58,241.87
2026-02-03 11:56:45.548,8.56,116.78,READY,1.99,1.02,109.87,0.56,241.87
2026-02-03 11:56:45.677,8.85,112.93,READY,1.77,0.97,106.16,0.54,241.87
2026-02-03 11:56:45.913,4.54,220.47,READY,5.36,110.98,101.48,0.54,241.87
2026-02-03 11:56:46.059,8.01,124.79,READY,1.34,1.61,117.50,0.70,241.87
2026-02-03 11:56:46.195,8.61,116.10,READY,1.32,0.53,107.95,0.55,241.87
2026-02-03 11:56:46.325,8.81,113.45,READY,2.84,0.87,105.59,0.54,241.87
2026-02-03 11:56:46.455,8.76,114.14,READY,2.31,1.00,106.82,0.60,241.87
2026-02-03 11:56:46.794,3.10,322.98,READY,2.17,212.60,102.42,1.26,241.87
2026-02-03 11:56:46.953,7.29,137.09,READY,3.24,1.07,128.91,0.72,241.87
2026-02-03 11:56:47.100,7.92,126.29,READY,1.79,0.84,119.14,0.58,241.87
2026-02-03 11:56:47.243,7.99,125.20,READY,2.89,0.62,117.59,0.58,241.87
2026-02-03 11:56:47.384,8.09,123.54,READY,2.76,0.74,114.84,0.61,241.87
2026-02-03 11:56:47.627,4.42,226.29,READY,2.66,111.65,107.55,0.66,241.87
2026-02-03 11:56:47.772,7.84,127.49,READY,2.04,0.56,121.03,0.70,241.87
2026-02-03 11:56:47.906,8.52,117.36,READY,2.41,0.73,109.39,0.60,241.87
2026-02-03 11:56:48.037,8.76,114.21,READY,2.05,0.74,106.97,0.57,241.87
2026-02-03 11:56:48.170,8.57,116.75,READY,2.11,0.57,109.85,0.61,241.87
2026-02-03 11:56:48.411,4.44,224.99,READY,2.04,114.22,105.01,0.54,241.87
2026-02-03 11:56:48.562,7.78,128.49,READY,2.48,1.60,120.46,0.66,241.87
2026-02-03 11:56:48.705,8.23,121.53,READY,1.38,0.64,115.36,0.57,241.87
2026-02-03 11:56:48.841,8.51,117.44,READY,3.01,0.73,110.41,0.54,241.87
2026-02-03 11:56:48.971,8.81,113.50,READY,2.23,1.08,105.95,0.56,241.87
2026-02-03 11:56:49.215,4.39,227.74,READY,2.21,119.80,102.45,0.69,241.87
2026-02-03 11:56:49.382,6.82,146.69,READY,1.99,0.57,140.98,0.76,241.87
2026-02-03 11:56:49.533,7.91,126.40,READY,2.77,0.73,117.08,0.69,241.87
2026-02-03 11:56:49.670,8.41,118.96,READY,2.06,0.85,111.40,0.59,241.87
2026-02-03 11:56:49.803,8.55,117.01,READY,1.46,1.12,110.33,0.60,241.87
2026-02-03 11:56:50.036,4.61,216.81,READY,2.22,110.01,100.22,0.55,241.87
2026-02-03 11:56:50.182,8.01,124.83,READY,1.30,1.39,118.54,0.68,241.87
2026-02-03 11:56:50.324,8.00,124.94,READY,2.58,1.12,116.99,0.53,241.87
2026-02-03 11:56:50.473,7.81,128.00,READY,1.29,1.34,119.92,0.74,241.87
2026-02-03 11:56:50.604,8.71,114.85,READY,1.95,0.81,107.66,0.56,241.87
2026-02-03 11:56:50.839,4.55,219.90,READY,2.32,112.28,101.37,0.57,241.87
2026-02-03 11:56:50.986,7.97,125.43,READY,1.56,1.56,119.21,0.68,241.87
2026-02-03 11:56:51.122,8.41,118.87,READY,2.16,0.99,111.53,0.54,241.87
2026-02-03 11:56:51.265,7.91,126.39,READY,2.55,0.69,119.12,0.56,241.87
2026-02-03 11:56:51.402,8.28,120.84,READY,3.11,0.55,113.42,0.53,241.87
2026-02-03 11:56:51.647,4.41,226.63,READY,1.42,119.54,101.94,0.54,241.87
2026-02-03 11:56:51.805,7.42,134.72,READY,2.80,1.83,124.42,0.94,241.87
2026-02-03 11:56:51.940,8.56,116.76,READY,2.30,0.69,111.06,0.56,241.87
2026-02-03 11:56:52.073,8.54,117.16,READY,2.17,0.86,109.77,0.57,241.87
2026-02-03 11:56:52.205,8.64,115.70,READY,2.06,0.80,109.49,0.54,241.87
2026-02-03 11:56:52.449,4.38,228.35,READY,2.02,117.61,102.80,0.54,241.87
2026-02-03 11:56:52.600,7.73,129.41,READY,1.31,1.70,121.39,0.69,241.87
2026-02-03 11:56:52.734,8.59,116.36,READY,2.34,0.60,109.56,0.56,241.87
2026-02-03 11:56:52.865,8.70,115.01,READY,4.86,0.66,106.81,0.56,241.87
2026-02-03 11:56:52.994,8.78,113.90,READY,2.30,0.59,107.57,0.86,241.87
2026-02-03 11:56:53.233,4.48,222.97,READY,2.18,117.11,100.34,0.57,241.87
2026-02-03 11:56:53.378,8.10,123.39,READY,1.35,1.23,116.91,0.71,241.87
2026-02-03 11:56:53.523,7.86,127.27,READY,2.18,0.88,119.37,0.57,241.87
2026-02-03 11:56:53.661,8.32,120.26,READY,2.11,1.02,113.08,0.58,241.87
2026-02-03 11:56:53.794,8.57,116.70,READY,2.51,0.64,109.72,0.58,241.87
2026-02-03 11:56:54.031,4.52,221.04,READY,2.47,111.46,103.31,0.65,241.87
2026-02-03 11:56:54.174,8.28,120.85,READY,1.57,1.40,114.65,0.61,241.87
2026-02-03 11:56:54.311,8.39,119.23,READY,2.28,0.91,112.59,0.59,241.87
2026-02-03 11:56:54.452,7.97,125.53,READY,2.29,0.47,119.40,0.65,241.87
2026-02-03 11:56:54.599,7.97,125.50,READY,2.61,0.67,119.04,0.55,241.87
2026-02-03 11:56:54.837,4.51,221.58,READY,2.17,114.79,101.61,0.57,241.87
2026-02-03 11:56:54.981,8.13,123.08,READY,1.34,1.62,117.22,0.68,241.87
2026-02-03 11:56:55.117,8.40,119.03,READY,1.59,1.31,112.06,0.55,241.87
2026-02-03 11:56:55.246,8.88,112.55,READY,2.33,0.88,106.50,0.55,241.87
2026-02-03 11:56:55.375,8.85,112.97,READY,3.07,1.06,105.53,0.74,241.87
2026-02-03 11:56:55.608,4.59,217.85,READY,2.23,112.60,100.15,0.58,241.87
2026-02-03 11:56:55.751,8.23,121.54,READY,1.84,1.42,114.71,0.71,241.87
2026-02-03 11:56:55.885,8.59,116.42,READY,2.35,0.82,109.84,0.55,241.87
2026-02-03 11:56:56.013,8.94,111.84,READY,2.20,0.59,106.31,0.56,241.87
2026-02-03 11:56:56.141,8.87,112.77,READY,2.25,0.59,107.23,0.54,241.87
2026-02-03 11:56:56.375,4.60,217.56,READY,2.24,111.96,100.13,1.20,241.87
2026-02-03 11:56:56.517,8.27,120.85,READY,1.30,1.33,115.27,0.67,241.87
2026-02-03 11:56:56.655,8.30,120.47,READY,2.36,0.78,113.63,0.70,241.87
2026-02-03 11:56:56.785,8.76,114.16,READY,2.21,0.72,107.89,0.59,241.87
2026-02-03 11:56:56.914,8.83,113.21,READY,2.23,0.69,107.73,0.56,241.87
2026-02-03 11:56:57.158,4.38,228.39,READY,2.22,121.39,101.12,0.57,241.87
2026-02-03 11:56:57.300,8.35,119.71,READY,1.28,0.56,114.85,0.69,241.87
2026-02-03 11:56:57.435,8.47,118.07,READY,2.26,0.69,111.22,0.60,241.87
2026-02-03 11:56:57.565,8.72,114.62,READY,2.05,0.72,108.38,0.54,241.87
2026-02-03 11:56:57.699,8.47,118.00,READY,2.22,0.62,111.74,0.61,241.87
2026-02-03 11:56:57.935,4.56,219.47,READY,2.30,112.18,100.65,0.56,241.87
2026-02-03 11:56:58.079,8.31,120.37,READY,1.44,1.41,114.39,0.63,241.87
2026-02-03 11:56:58.222,7.96,125.69,READY,2.04,1.76,117.64,0.64,241.87
2026-02-03 11:56:58.351,8.83,113.26,READY,2.08,0.68,106.86,0.60,241.87
2026-02-03 11:56:58.479,8.89,112.43,READY,2.11,1.14,105.04,0.54,241.87
2026-02-03 11:56:58.816,3.12,320.71,READY,2.05,214.15,100.36,0.56,241.87
2026-02-03 11:56:58.957,8.36,119.56,READY,1.32,0.57,114.56,0.75,241.87
2026-02-03 11:56:59.093,8.43,118.68,READY,2.20,1.22,111.41,0.62,241.87
2026-02-03 11:56:59.223,8.78,113.84,READY,2.08,0.49,107.42,0.58,241.87
2026-02-03 11:56:59.356,8.56,116.78,READY,2.01,1.04,109.49,0.58,241.87
2026-02-03 11:56:59.593,4.53,220.67,READY,2.06,112.48,101.67,0.59,241.87
2026-02-03 11:56:59.730,8.63,115.86,READY,1.28,0.79,111.03,0.55,241.87
2026-02-03 11:56:59.868,8.50,117.71,READY,1.57,1.48,110.02,0.87,241.87
2026-02-03 11:56:59.997,8.79,113.81,READY,2.27,0.71,106.44,0.55,241.87
2026-02-03 11:57:00.127,8.79,113.81,READY,2.32,0.68,107.08,0.53,241.87
2026-02-03 11:57:00.364,4.52,221.22,READY,2.26,113.83,100.73,0.57,241.87
2026-02-03 11:57:00.503,8.60,116.26,READY,1.68,1.32,109.86,0.55,241.87
2026-02-03 11:57:00.634,8.82,113.37,READY,1.99,0.83,107.46,0.54,241.87
2026-02-03 11:57:00.763,8.79,113.73,READY,4.99,0.62,105.48,0.55,241.87
2026-02-03 11:57:00.896,8.54,117.09,READY,2.14,0.51,108.73,3.05,241.87
2026-02-03 11:57:01.131,4.57,218.79,READY,1.93,113.45,100.00,0.55,241.87
2026-02-03 11:57:01.267,8.72,114.74,READY,1.34,1.33,108.36,0.55,241.87
2026-02-03 11:57:01.401,8.54,117.12,READY,2.04,1.15,109.70,0.63,241.87
2026-02-03 11:57:01.540,8.15,122.70,READY,5.52,0.73,113.10,0.56,241.87
2026-02-03 11:57:01.669,8.85,112.98,READY,2.15,0.94,106.84,0.63,241.87
2026-02-03 11:57:01.912,4.40,227.22,READY,2.09,120.37,101.87,0.55,241.87
2026-02-03 11:57:02.053,8.34,119.85,READY,1.57,1.42,113.07,0.72,241.87
2026-02-03 11:57:02.186,8.59,116.45,READY,2.51,0.88,109.64,0.61,241.87
2026-02-03 11:57:02.315,8.90,112.38,READY,2.15,1.12,106.51,0.61,241.87
2026-02-03 11:57:02.443,8.90,112.35,READY,2.22,1.18,105.89,0.62,241.87
2026-02-03 11:57:02.679,4.54,220.30,READY,2.10,114.58,100.79,0.54,241.87
2026-02-03 11:57:02.823,8.14,122.87,READY,1.32,1.40,116.24,0.71,241.87
2026-02-03 11:57:02.955,8.67,115.27,READY,1.60,0.55,109.61,0.56,241.87
2026-02-03 11:57:03.085,8.79,113.73,READY,2.28,1.10,105.85,0.56,241.87
2026-02-03 11:57:03.213,8.90,112.41,READY,2.25,0.55,105.55,0.56,241.87
2026-02-03 11:57:03.450,4.53,220.70,READY,2.28,111.88,102.56,0.57,241.87
2026-02-03 11:57:03.586,8.34,119.92,READY,1.36,1.15,111.48,0.66,241.87
2026-02-03 11:57:03.718,8.63,115.81,READY,2.30,0.65,108.87,0.56,241.87
2026-02-03 11:57:03.850,8.65,115.63,READY,2.27,0.63,108.23,0.57,241.87
2026-02-03 11:57:03.980,8.86,112.83,READY,2.33,1.10,106.38,0.71,241.87
2026-02-03 11:57:04.218,4.50,222.10,READY,2.08,111.58,103.66,0.63,241.87
2026-02-03 11:57:04.364,8.01,124.83,READY,1.48,1.42,118.34,0.68,241.87
2026-02-03 11:57:04.503,8.34,119.97,READY,3.26,0.71,113.65,0.57,241.87
2026-02-03 11:57:04.632,8.84,113.15,READY,1.92,0.68,106.45,0.55,241.87
2026-02-03 11:57:04.765,8.55,116.93,READY,2.04,1.07,109.70,0.68,241.87
2026-02-03 11:57:05.012,4.33,230.74,READY,5.06,119.69,103.50,0.56,241.87
2026-02-03 11:57:05.165,7.69,130.12,READY,2.96,1.47,121.36,0.66,241.87
2026-02-03 11:57:05.315,7.73,129.34,READY,2.43,0.65,121.57,0.60,241.87
2026-02-03 11:57:05.457,8.08,123.83,READY,2.24,0.59,118.02,0.64,241.87
2026-02-03 11:57:05.599,7.95,125.78,READY,2.35,0.61,118.44,0.60,241.87
2026-02-03 11:57:05.844,4.37,228.87,READY,2.39,113.91,107.94,0.56,241.87
2026-02-03 11:57:05.991,7.94,125.94,READY,1.31,1.42,119.52,0.76,241.87
2026-02-03 11:57:06.134,7.97,125.39,READY,6.20,1.18,111.46,0.62,241.87
2026-02-03 11:57:06.264,8.84,113.10,READY,1.96,0.69,107.52,0.56,241.87
2026-02-03 11:57:06.394,8.74,114.39,READY,2.04,0.71,108.88,0.59,241.87
2026-02-03 11:57:06.641,4.34,230.42,READY,2.12,120.64,104.08,0.59,241.87
2026-02-03 11:57:06.779,8.57,116.67,READY,1.27,0.57,111.66,0.64,241.87
2026-02-03 11:57:06.915,8.43,118.69,READY,2.43,0.62,110.44,0.59,241.87
2026-02-03 11:57:07.044,8.77,113.98,READY,2.17,1.13,106.76,0.58,241.87
2026-02-03 11:57:07.174,8.78,113.93,READY,2.21,1.02,106.59,0.60,241.87
2026-02-03 11:57:07.419,4.36,229.44,READY,2.10,121.27,102.09,0.55,241.87
2026-02-03 11:57:07.563,8.18,122.23,READY,1.32,1.40,115.14,1.15,241.87
2026-02-03 11:57:07.696,8.59,116.41,READY,2.32,1.31,109.61,0.57,241.87
2026-02-03 11:57:07.828,8.67,115.39,READY,2.31,0.56,109.14,0.59,241.87
2026-02-03 11:57:07.958,8.75,114.28,READY,1.99,0.65,108.39,0.55,241.87
2026-02-03 11:57:08.196,4.51,221.84,READY,2.26,115.88,100.93,0.57,241.87
2026-02-03 11:57:08.338,8.22,121.62,READY,1.48,1.25,115.07,0.72,241.87
2026-02-03 11:57:08.474,8.43,118.58,READY,2.58,0.89,110.58,0.61,241.87
2026-02-03 11:57:08.603,8.84,113.06,READY,2.21,1.15,106.22,0.82,241.87
2026-02-03 11:57:08.732,8.88,112.63,READY,1.95,0.51,107.04,0.55,241.87
2026-02-03 11:57:08.969,4.51,221.79,READY,2.46,113.93,102.36,0.60,241.87
2026-02-03 11:57:09.112,8.26,121.11,READY,1.46,1.46,114.50,0.70,241.87
2026-02-03 11:57:09.248,8.39,119.17,READY,2.38,0.80,111.43,1.15,241.87
2026-02-03 11:57:09.378,8.84,113.11,READY,2.00,0.72,107.59,0.55,241.87
2026-02-03 11:57:09.507,8.87,112.73,READY,1.95,0.62,106.76,0.65,241.87
2026-02-03 11:57:09.750,4.40,227.07,READY,2.31,120.57,101.05,0.56,241.87
2026-02-03 11:57:09.896,8.03,124.61,READY,1.26,1.29,118.19,0.67,241.87
2026-02-03 11:57:10.031,8.53,117.28,READY,2.46,0.61,110.53,0.57,241.87
2026-02-03 11:57:10.161,8.79,113.78,READY,1.88,0.96,106.48,0.58,241.87
2026-02-03 11:57:10.292,8.68,115.18,READY,1.98,0.68,108.55,0.55,241.87
2026-02-03 11:57:10.632,3.08,324.39,READY,1.96,218.59,101.03,0.57,241.87
2026-02-03 11:57:10.773,8.30,120.50,READY,1.39,1.52,114.03,0.76,241.87
2026-02-03 11:57:10.909,8.46,118.22,READY,2.39,0.89,111.64,0.58,241.87
2026-02-03 11:57:11.042,8.51,117.48,READY,2.12,0.77,110.69,0.56,241.87
2026-02-03 11:57:11.172,8.75,114.24,READY,1.94,0.71,108.63,0.61,241.87
2026-02-03 11:57:11.413,4.45,224.83,READY,1.91,118.35,100.46,0.56,241.87
2026-02-03 11:57:11.555,8.24,121.39,READY,1.60,0.60,116.09,1.09,241.87
2026-02-03 11:57:11.689,8.52,117.36,READY,2.57,0.64,109.62,0.63,241.87
2026-02-03 11:57:11.820,8.68,115.20,READY,1.72,0.64,109.75,0.57,241.87
2026-02-03 11:57:11.952,8.62,116.02,READY,1.80,0.57,110.02,0.95,241.87
2026-02-03 11:57:12.194,4.44,225.12,READY,2.12,114.09,104.47,0.55,241.87
2026-02-03 11:57:12.336,8.25,121.19,READY,1.31,1.29,114.68,0.68,241.87
2026-02-03 11:57:12.473,8.47,118.10,READY,1.63,1.51,111.12,0.62,241.87
2026-02-03 11:57:12.603,8.84,113.16,READY,2.32,0.57,106.67,0.59,241.87
2026-02-03 11:57:12.733,8.77,114.08,READY,4.20,0.90,105.78,0.58,241.87
2026-02-03 11:57:12.966,4.60,217.38,READY,2.03,109.95,101.33,0.61,241.87
2026-02-03 11:57:13.116,7.71,129.63,READY,2.75,2.35,120.80,0.69,241.87
2026-02-03 11:57:13.265,7.61,131.36,READY,2.17,0.63,123.93,1.10,241.87
2026-02-03 11:57:13.402,8.54,117.08,READY,6.03,0.58,106.83,0.59,241.87
2026-02-03 11:57:13.531,8.85,113.01,READY,2.27,0.64,106.51,0.63,241.87
2026-02-03 11:57:13.767,4.54,220.16,READY,3.93,112.06,101.10,0.57,241.87
2026-02-03 11:57:13.919,7.56,132.33,READY,3.66,0.74,125.17,0.74,241.87
2026-02-03 11:57:14.065,7.78,128.55,READY,1.71,1.10,121.52,0.51,241.87
2026-02-03 11:57:14.205,8.09,123.57,READY,2.48,0.64,115.89,0.96,241.87
2026-02-03 11:57:14.345,8.10,123.52,READY,2.40,0.75,116.45,0.52,241.87
2026-02-03 11:57:14.585,4.48,223.16,READY,2.30,112.84,104.06,0.56,241.87
2026-02-03 11:57:14.748,7.23,138.34,READY,3.24,1.35,129.18,0.68,241.87
2026-02-03 11:57:14.891,7.97,125.49,READY,2.33,1.03,117.70,0.61,241.87
2026-02-03 11:57:15.022,8.77,114.08,READY,2.27,1.05,107.74,0.61,241.87
2026-02-03 11:57:15.150,8.89,112.45,READY,2.20,0.57,106.07,0.58,241.87
2026-02-03 11:57:15.392,4.43,225.48,READY,2.24,115.44,104.51,0.58,241.87
2026-02-03 11:57:15.553,7.15,139.87,READY,5.26,1.61,127.82,0.58,241.87
2026-02-03 11:57:15.695,8.11,123.28,READY,3.20,0.89,114.72,0.57,241.87
2026-02-03 11:57:15.834,8.14,122.81,READY,1.69,0.77,116.94,0.63,241.87
2026-02-03 11:57:15.970,8.47,118.07,READY,2.79,0.68,109.02,0.66,241.87
2026-02-03 11:57:16.210,4.46,224.25,READY,2.22,111.62,106.99,0.67,241.87
2026-02-03 11:57:16.365,7.49,133.52,READY,1.47,0.61,128.36,0.76,241.87
2026-02-03 11:57:16.499,8.61,116.13,READY,1.35,0.48,107.71,0.57,241.87
2026-02-03 11:57:16.631,8.66,115.50,READY,2.32,0.55,108.23,0.58,241.87
2026-02-03 11:57:16.761,8.79,113.80,READY,2.34,1.19,106.08,0.59,241.87
2026-02-03 11:57:17.002,4.43,225.57,READY,3.54,116.31,102.03,0.60,241.87
2026-02-03 11:57:17.144,8.27,120.98,READY,1.47,1.39,114.52,0.65,241.87
2026-02-03 11:57:17.281,8.37,119.44,READY,2.24,1.24,112.73,0.58,241.87
2026-02-03 11:57:17.410,8.82,113.36,READY,2.23,1.10,106.75,1.08,241.87
2026-02-03 11:57:17.540,8.81,113.52,READY,2.25,1.10,107.17,0.54,241.87
2026-02-03 11:57:17.778,4.51,221.93,READY,2.30,116.35,100.31,0.97,241.87
2026-02-03 11:57:17.919,8.34,119.90,READY,1.33,1.40,114.03,0.67,241.87
2026-02-03 11:57:18.053,8.53,117.23,READY,2.45,0.57,109.68,0.57,241.87
2026-02-03 11:57:18.185,8.65,115.54,READY,2.34,1.05,108.32,0.56,241.87
2026-02-03 11:57:18.313,8.91,112.24,READY,2.45,0.99,104.94,0.55,241.87
2026-02-03 11:57:18.547,4.59,218.00,READY,2.32,110.78,101.10,0.54,241.87
2026-02-03 11:57:18.690,8.20,121.98,READY,1.88,1.48,114.81,0.72,241.87
2026-02-03 11:57:18.835,7.89,126.79,READY,4.72,0.72,116.10,0.72,241.87
2026-02-03 11:57:18.978,7.86,127.26,READY,2.07,0.97,118.83,0.56,241.87
2026-02-03 11:57:19.125,7.67,130.44,READY,2.10,0.82,122.94,0.65,241.87
2026-02-03 11:57:19.372,4.36,229.17,READY,2.12,118.72,104.98,0.61,241.87
2026-02-03 11:57:19.531,7.28,137.40,READY,2.46,1.24,127.02,1.41,241.87
2026-02-03 11:57:19.665,8.72,114.63,READY,1.85,0.55,108.36,0.57,241.87
2026-02-03 11:57:19.796,8.71,114.82,READY,2.17,0.51,107.48,0.71,241.87
2026-02-03 11:57:19.927,8.77,114.06,READY,1.94,0.54,106.81,0.64,241.87
2026-02-03 11:57:20.170,4.40,227.13,READY,2.05,118.65,103.20,0.58,241.87
2026-02-03 11:57:20.311,8.28,120.80,READY,1.52,0.78,115.86,0.68,241.87
2026-02-03 11:57:20.447,8.44,118.46,READY,1.94,1.07,112.37,0.54,241.87
2026-02-03 11:57:20.579,8.59,116.43,READY,1.88,1.10,109.13,0.55,241.87
2026-02-03 11:57:20.708,8.83,113.25,READY,2.51,0.73,107.23,0.58,241.87
2026-02-03 11:57:20.950,4.43,225.84,READY,1.99,113.63,107.44,0.56,241.87
2026-02-03 11:57:21.099,7.83,127.70,READY,2.18,0.60,121.95,0.65,241.87
2026-02-03 11:57:21.240,8.06,124.10,READY,2.83,1.03,117.16,0.56,241.87
2026-02-03 11:57:21.378,8.30,120.41,READY,2.75,1.46,112.95,0.55,241.87
2026-02-03 11:57:21.518,8.11,123.26,READY,3.37,1.45,114.72,0.68,241.87
2026-02-03 11:57:21.759,4.45,224.52,READY,2.72,112.61,106.04,0.70,241.87
2026-02-03 11:57:21.909,7.78,128.51,READY,1.56,1.55,121.22,0.69,241.87
2026-02-03 11:57:22.049,8.19,122.11,READY,2.44,0.70,115.28,0.70,241.87
2026-02-03 11:57:22.186,8.33,120.04,READY,2.51,0.57,112.54,0.60,241.87
2026-02-03 11:57:22.324,8.26,121.13,READY,2.44,0.65,113.58,0.57,241.87
2026-02-03 11:57:22.569,4.38,228.36,READY,2.58,113.21,108.52,0.55,241.87
2026-02-03 11:57:22.723,7.56,132.22,READY,2.13,1.21,124.79,0.88,241.87
2026-02-03 11:57:22.864,8.10,123.47,READY,2.54,0.64,117.47,0.55,241.87
2026-02-03 11:57:23.000,8.37,119.45,READY,2.59,0.63,113.48,0.54,241.87
2026-02-03 11:57:23.137,8.31,120.40,READY,2.37,0.59,114.71,0.56,241.87
2026-02-03 11:57:23.378,4.47,223.94,READY,2.34,115.09,102.81,0.60,241.87
2026-02-03 11:57:23.536,7.31,136.88,READY,1.67,1.66,129.70,0.55,241.87
2026-02-03 11:57:23.681,8.17,122.44,READY,2.38,0.89,116.58,0.61,241.87
2026-02-03 11:57:23.822,8.01,124.83,READY,2.79,0.70,116.65,0.59,241.87
2026-02-03 11:57:23.962,8.17,122.40,READY,2.27,0.56,115.19,0.58,241.87
2026-02-03 11:57:24.202,4.46,224.22,READY,2.44,113.22,104.03,0.60,241.87
2026-02-03 11:57:24.342,8.32,120.13,READY,2.58,0.58,113.71,0.70,241.87
2026-02-03 11:57:24.507,6.92,144.45,READY,3.36,0.77,137.33,0.74,241.87
2026-02-03 11:57:24.642,8.51,117.46,READY,2.16,0.54,110.37,0.64,241.87
2026-02-03 11:57:24.773,8.70,114.91,READY,2.56,1.26,106.82,0.56,241.87
2026-02-03 11:57:25.009,4.56,219.48,READY,2.08,112.70,100.60,0.57,241.87
2026-02-03 11:57:25.160,7.68,130.27,READY,1.36,1.32,123.74,0.73,241.87
2026-02-03 11:57:25.297,8.37,119.45,READY,2.39,0.80,111.75,0.53,241.87
2026-02-03 11:57:25.432,8.44,118.43,READY,4.97,1.43,108.48,0.54,241.87
2026-02-03 11:57:25.563,8.69,115.12,READY,2.33,1.09,107.03,1.00,241.87
2026-02-03 11:57:25.803,4.47,223.52,READY,2.23,116.05,101.79,0.58,241.87
2026-02-03 11:57:25.946,8.37,119.54,READY,5.06,1.62,109.01,0.57,241.87
2026-02-03 11:57:26.099,7.37,135.63,READY,2.40,1.38,126.51,0.70,241.87
2026-02-03 11:57:26.247,7.82,127.82,READY,2.53,0.61,119.23,0.57,241.87
2026-02-03 11:57:26.395,7.63,131.02,READY,2.11,0.46,123.39,0.55,241.87
2026-02-03 11:57:26.641,4.35,229.75,READY,2.07,117.67,106.83,0.56,241.87
2026-02-03 11:57:26.787,8.04,124.30,READY,1.95,0.75,118.89,0.73,241.87
2026-02-03 11:57:26.931,7.95,125.72,READY,2.26,1.21,119.40,0.53,241.87
2026-02-03 11:57:27.074,7.88,126.84,READY,2.39,0.57,119.75,0.56,241.87
2026-02-03 11:57:27.214,8.20,121.99,READY,2.76,0.67,114.62,0.53,241.87
2026-02-03 11:57:27.454,4.46,224.07,READY,2.51,112.13,104.94,0.61,241.87
2026-02-03 11:57:27.604,7.87,127.01,READY,2.49,1.15,119.64,0.59,241.87
2026-02-03 11:57:27.749,7.86,127.16,READY,2.64,0.81,120.21,0.55,241.87
2026-02-03 11:57:27.884,8.55,116.95,READY,2.36,1.22,107.74,0.56,241.87
2026-02-03 11:57:28.015,8.67,115.31,READY,2.02,0.55,109.63,0.61,241.87
2026-02-03 11:57:28.252,4.52,221.16,READY,2.09,113.26,102.72,0.54,241.87
2026-02-03 11:57:28.403,7.81,128.09,READY,5.30,1.34,115.53,0.78,241.87
2026-02-03 11:57:28.538,8.79,113.83,READY,1.37,0.66,108.21,0.61,241.87
2026-02-03 11:57:28.666,8.91,112.27,READY,2.08,0.71,105.99,0.59,241.87
2026-02-03 11:57:28.795,8.88,112.63,READY,2.51,0.71,106.05,0.56,241.87
2026-02-03 11:57:29.033,4.50,222.22,READY,7.51,109.54,101.81,0.56,241.87
2026-02-03 11:57:29.170,8.61,116.09,READY,1.32,1.27,109.40,0.71,241.87
2026-02-03 11:57:29.312,7.99,125.11,READY,2.36,1.14,117.08,0.58,241.87
2026-02-03 11:57:29.441,8.85,113.02,READY,2.08,0.78,106.01,0.58,241.87
2026-02-03 11:57:29.570,8.90,112.36,READY,2.08,0.48,105.89,0.57,241.87
2026-02-03 11:57:29.808,4.50,222.34,READY,2.06,111.53,104.67,0.59,241.87
2026-02-03 11:57:29.959,7.76,128.80,READY,1.77,1.51,119.31,0.75,241.87
2026-02-03 11:57:30.093,8.55,116.92,READY,2.22,0.67,109.85,0.53,241.87
2026-02-03 11:57:30.222,8.89,112.47,READY,2.16,0.52,105.90,0.57,241.87
2026-02-03 11:57:30.351,8.83,113.26,READY,2.15,0.62,106.53,0.90,241.87
2026-02-03 11:57:30.589,4.51,221.94,READY,2.27,113.81,102.78,0.52,241.87
2026-02-03 11:57:30.726,8.65,115.66,READY,1.84,1.36,108.54,0.51,241.87
2026-02-03 11:57:30.857,8.75,114.28,READY,2.35,1.25,106.51,0.52,241.87
2026-02-03 11:57:30.995,8.14,122.89,READY,2.18,0.82,115.95,0.77,241.87
2026-02-03 11:57:31.137,7.99,125.22,READY,2.54,1.01,115.77,0.58,241.87
2026-02-03 11:57:31.375,4.52,221.20,READY,1.93,113.21,101.87,0.58,241.87
2026-02-03 11:57:31.513,8.42,118.72,READY,1.48,0.71,113.98,0.59,241.87
2026-02-03 11:57:31.652,8.55,116.99,READY,1.93,1.36,110.44,0.61,241.87
2026-02-03 11:57:31.792,8.05,124.17,READY,2.07,0.94,116.80,0.73,241.81
2026-02-03 11:57:31.926,8.54,117.04,READY,5.28,0.73,108.41,0.58,241.81
2026-02-03 11:57:32.172,4.35,229.91,READY,2.27,121.81,102.19,0.61,241.81
2026-02-03 11:57:32.312,8.34,119.89,READY,2.21,0.84,113.69,0.56,241.81
2026-02-03 11:57:32.455,7.92,126.25,READY,1.79,0.56,120.57,0.60,241.81
2026-02-03 11:57:32.584,8.97,111.54,READY,1.50,1.25,104.87,0.58,241.81
2026-02-03 11:57:32.714,8.76,114.22,READY,2.21,1.22,106.57,0.57,241.81
2026-02-03 11:57:32.954,4.46,224.09,READY,2.12,112.09,105.43,0.57,241.81
2026-02-03 11:57:33.091,8.64,115.70,READY,1.56,1.67,108.76,0.56,241.81
2026-02-03 11:57:33.222,8.77,114.07,READY,2.07,1.13,106.66,0.57,241.81
2026-02-03 11:57:33.351,8.84,113.11,READY,2.25,0.66,107.06,0.58,241.81
2026-02-03 11:57:33.484,8.51,117.52,READY,2.11,0.97,110.75,0.73,241.81
2026-02-03 11:57:33.830,3.04,329.24,READY,2.43,220.57,102.04,0.54,241.81
2026-02-03 11:57:33.968,8.57,116.65,READY,1.40,1.44,109.73,0.64,241.81
2026-02-03 11:57:34.101,8.63,115.89,READY,2.04,0.51,108.99,0.61,241.81
2026-02-03 11:57:34.228,8.94,111.86,READY,2.11,0.70,104.87,0.55,241.81
2026-02-03 11:57:34.360,8.66,115.54,READY,2.09,0.81,108.39,0.57,241.81
2026-02-03 11:57:34.611,4.33,230.96,READY,2.06,114.22,110.95,0.60,241.87
2026-02-03 11:57:34.750,8.52,117.40,READY,2.21,1.40,109.79,0.58,241.87
2026-02-03 11:57:34.884,8.56,116.88,READY,2.44,1.55,108.17,0.56,241.87
2026-02-03 11:57:35.013,8.84,113.15,READY,2.42,1.35,106.29,0.72,241.87
2026-02-03 11:57:35.147,8.48,117.93,READY,5.78,1.55,107.56,0.60,241.87
2026-02-03 11:57:35.404,4.15,241.21,READY,2.30,125.55,110.55,0.59,241.87
2026-02-03 11:57:35.544,8.59,116.43,READY,1.34,1.24,109.93,0.54,241.87
2026-02-03 11:57:35.675,8.69,115.06,READY,2.12,0.57,108.92,0.56,241.87
2026-02-03 11:57:35.805,8.76,114.16,READY,1.99,1.47,106.42,0.58,241.87
2026-02-03 11:57:35.939,8.67,115.39,READY,2.24,0.64,108.26,0.58,241.87
2026-02-03 11:57:36.190,4.25,235.11,READY,2.22,124.06,104.89,0.56,241.87
2026-02-03 11:57:36.327,8.54,117.11,READY,1.41,0.71,112.53,0.56,241.87
2026-02-03 11:57:36.462,8.48,117.96,READY,2.04,1.05,111.90,0.56,241.87
2026-02-03 11:57:36.592,8.75,114.35,READY,2.19,0.70,108.00,0.56,241.87
2026-02-03 11:57:36.726,8.47,118.10,READY,2.27,0.87,111.96,0.75,241.87
2026-02-03 11:57:36.978,4.25,235.24,READY,2.27,127.68,101.76,0.56,241.87
2026-02-03 11:57:37.115,8.61,116.12,READY,1.30,1.41,109.69,0.56,241.87
2026-02-03 11:57:37.247,8.68,115.18,READY,2.14,0.53,109.26,0.56,241.87
2026-02-03 11:57:37.378,8.71,114.85,READY,2.06,0.68,108.88,0.56,241.87
2026-02-03 11:57:37.506,8.89,112.50,READY,2.57,1.02,105.74,0.56,241.87
2026-02-03 11:57:37.758,4.24,236.01,READY,2.36,116.45,114.26,0.71,241.87
2026-02-03 11:57:37.905,8.03,124.52,READY,2.79,1.62,116.37,0.57,241.87
2026-02-03 11:57:38.036,8.77,114.07,READY,1.92,0.67,107.95,0.57,241.87
2026-02-03 11:57:38.168,8.60,116.32,READY,2.28,0.87,107.97,1.63,241.87
2026-02-03 11:57:38.300,8.62,116.02,READY,2.50,0.64,108.60,0.65,241.87
2026-02-03 11:57:38.536,4.55,219.61,READY,2.09,112.10,101.41,0.56,241.87
2026-02-03 11:57:38.692,7.36,135.88,READY,1.94,0.70,130.31,0.54,241.87
2026-02-03 11:57:38.821,8.87,112.75,READY,2.07,0.50,106.24,0.56,241.87
2026-02-03 11:57:38.951,8.81,113.47,READY,2.08,0.49,106.61,0.85,241.87
2026-02-03 11:57:39.085,8.46,118.21,READY,2.27,0.74,111.65,0.58,241.87
2026-02-03 11:57:39.323,4.49,222.59,READY,1.77,112.14,104.54,0.71,241.87
2026-02-03 11:57:39.472,7.88,126.96,READY,1.77,2.25,119.59,0.54,241.87
2026-02-03 11:57:39.605,8.62,115.95,READY,2.01,0.59,109.13,0.53,241.87
2026-02-03 11:57:39.734,8.85,113.02,READY,2.12,0.54,106.09,0.55,241.87
2026-02-03 11:57:39.864,8.80,113.59,READY,2.35,1.06,107.09,0.55,241.87
2026-02-03 11:57:40.100,4.54,220.47,READY,1.94,113.25,100.99,0.61,241.87
2026-02-03 11:57:40.241,8.34,119.88,READY,1.38,1.42,113.08,0.70,241.87
2026-02-03 11:57:40.376,8.47,118.11,READY,2.18,0.65,111.31,0.58,241.87
2026-02-03 11:57:40.505,8.85,112.99,READY,1.88,0.75,105.66,0.99,241.87
2026-02-03 11:57:40.634,8.84,113.14,READY,1.95,0.84,106.49,0.60,241.87
2026-02-03 11:57:40.871,4.52,221.15,READY,1.85,112.80,102.78,0.58,241.87
2026-02-03 11:57:41.013,8.44,118.46,READY,2.32,1.25,111.07,0.57,241.87
2026-02-03 11:57:41.158,7.77,128.67,READY,1.97,0.75,122.79,0.63,241.87
2026-02-03 11:57:41.289,8.81,113.56,READY,1.64,0.81,108.08,0.56,241.87
2026-02-03 11:57:41.419,8.73,114.52,READY,2.03,0.70,107.74,0.58,241.87
2026-02-03 11:57:41.654,4.56,219.43,READY,1.98,112.56,101.70,0.62,241.87
2026-02-03 11:57:41.791,8.64,115.68,READY,1.31,1.44,108.91,0.96,241.87
2026-02-03 11:57:41.933,7.95,125.79,READY,1.74,0.88,118.44,0.68,241.87
2026-02-03 11:57:42.065,8.64,115.77,READY,1.89,1.44,108.17,0.60,241.87
2026-02-03 11:57:42.195,8.81,113.57,READY,2.22,0.54,107.62,0.57,241.87
2026-02-03 11:57:42.442,4.32,231.46,READY,2.94,121.57,103.91,0.57,241.87
2026-02-03 11:57:42.590,7.91,126.45,READY,3.53,1.22,117.44,0.72,241.87
2026-02-03 11:57:42.725,8.55,116.98,READY,2.00,0.83,109.40,0.54,241.87
2026-02-03 11:57:42.860,8.45,118.37,READY,4.83,0.63,109.60,0.54,241.87
2026-02-03 11:57:42.991,8.74,114.44,READY,2.33,0.51,106.89,0.54,241.87
2026-02-03 11:57:43.232,4.43,225.68,READY,2.24,119.80,100.73,0.56,241.87
2026-02-03 11:57:43.375,8.25,121.24,READY,1.50,1.29,114.64,0.76,241.87
2026-02-03 11:57:43.511,8.41,118.85,READY,2.76,1.33,110.01,0.58,241.87
2026-02-03 11:57:43.640,8.84,113.10,READY,2.19,0.68,107.10,0.55,241.87
2026-02-03 11:57:43.769,8.84,113.09,READY,2.19,1.16,106.72,0.55,241.87
2026-02-03 11:57:44.003,4.58,218.50,READY,2.53,112.27,100.96,0.59,241.87
2026-02-03 11:57:44.151,7.77,128.72,READY,3.75,0.95,120.75,0.64,241.87
2026-02-03 11:57:44.296,7.88,126.89,READY,2.51,0.76,118.98,0.60,241.87
2026-02-03 11:57:44.427,8.73,114.56,READY,2.27,0.52,106.91,0.56,241.87
2026-02-03 11:57:44.559,8.67,115.41,READY,2.26,0.62,107.79,0.60,241.87
2026-02-03 11:57:44.796,4.53,220.87,READY,2.14,113.72,102.21,0.55,241.87
2026-02-03 11:57:44.939,8.24,121.42,READY,2.27,1.18,113.80,0.66,241.87
2026-02-03 11:57:45.070,8.77,114.06,READY,2.42,1.41,105.38,0.58,241.87
2026-02-03 11:57:45.202,8.61,116.17,READY,2.22,0.89,108.40,0.64,241.87
2026-02-03 11:57:45.343,7.99,125.17,READY,2.69,1.49,116.39,0.61,241.87
2026-02-03 11:57:45.582,4.49,222.93,READY,1.78,112.42,104.89,0.59,241.87
2026-02-03 11:57:45.717,8.80,113.61,READY,1.31,1.30,107.53,0.54,241.87
2026-02-03 11:57:45.847,8.82,113.36,READY,2.01,0.56,106.99,0.57,241.87
2026-02-03 11:57:45.976,8.85,112.98,READY,1.94,1.17,106.43,0.57,241.87
2026-02-03 11:57:46.105,8.83,113.19,READY,1.99,0.70,107.36,0.92,241.87
2026-02-03 11:57:46.349,4.38,228.09,READY,3.94,117.15,104.39,0.52,241.87
2026-02-03 11:57:46.486,8.70,114.92,READY,1.51,1.67,108.59,0.52,241.87
2026-02-03 11:57:46.620,8.50,117.69,READY,2.31,1.01,110.28,0.64,241.87
2026-02-03 11:57:46.758,8.27,120.86,READY,4.20,0.94,111.53,0.52,241.87
2026-02-03 11:57:46.886,8.92,112.06,READY,2.30,0.96,105.08,0.53,241.87
2026-02-03 11:57:47.120,4.58,218.23,READY,2.43,111.51,100.49,0.52,241.87
2026-02-03 11:57:47.262,8.25,121.23,READY,1.69,1.49,114.69,0.77,241.87
2026-02-03 11:57:47.397,8.51,117.44,READY,2.17,0.54,111.63,0.57,241.87
2026-02-03 11:57:47.525,8.87,112.69,READY,2.33,0.58,105.71,0.56,241.87
2026-02-03 11:57:47.655,8.81,113.47,READY,3.19,0.73,106.64,0.92,241.87
2026-02-03 11:57:47.888,4.60,217.57,READY,2.00,111.98,100.35,0.52,241.87
2026-02-03 11:57:48.031,8.22,121.68,READY,1.64,1.37,114.81,1.18,241.87
2026-02-03 11:57:48.165,8.57,116.70,READY,2.45,0.98,109.19,0.54,241.87
2026-02-03 11:57:48.298,8.55,116.92,READY,2.38,0.96,109.56,0.60,241.87
2026-02-03 11:57:48.428,8.77,114.01,READY,2.32,0.82,107.82,0.56,241.87
2026-02-03 11:57:48.664,4.54,220.41,READY,1.91,112.98,102.42,0.58,241.87
2026-02-03 11:57:48.795,8.68,115.21,READY,1.96,0.62,109.38,0.62,241.87
2026-02-03 11:57:48.935,8.09,123.63,READY,2.22,0.65,116.97,0.60,241.87
2026-02-03 11:57:49.066,8.69,115.11,READY,2.05,0.55,109.25,0.61,241.87
2026-02-03 11:57:49.197,8.72,114.73,READY,2.27,1.09,108.52,0.56,241.87
2026-02-03 11:57:49.433,4.55,219.88,READY,2.03,112.73,101.91,0.56,241.87
2026-02-03 11:57:49.577,8.12,123.10,READY,2.12,1.33,116.10,0.67,241.87
2026-02-03 11:57:49.710,8.62,116.04,READY,1.91,0.53,110.38,0.61,241.87
2026-02-03 11:57:49.840,8.78,113.93,READY,2.09,0.65,108.56,0.59,241.87
2026-02-03 11:57:49.969,8.82,113.40,READY,1.94,0.52,107.83,0.55,241.87
2026-02-03 11:57:50.208,4.50,222.45,READY,2.11,115.19,101.91,0.56,241.87
2026-02-03 11:57:50.351,8.15,122.69,READY,1.47,0.70,116.43,1.51,241.87
2026-02-03 11:57:50.485,8.65,115.62,READY,1.55,0.71,110.73,0.55,241.87
2026-02-03 11:57:50.613,8.88,112.66,READY,2.06,0.69,107.11,0.57,241.87
2026-02-03 11:57:50.742,8.86,112.92,READY,2.47,0.78,106.91,0.63,241.87
2026-02-03 11:57:50.977,4.57,218.87,READY,1.97,112.75,100.70,0.60,241.87
2026-02-03 11:57:51.118,8.38,119.35,READY,1.34,1.18,112.95,0.73,241.87
2026-02-03 11:57:51.251,8.63,115.82,READY,2.08,1.00,109.59,0.59,241.87
2026-02-03 11:57:51.379,8.85,112.94,READY,2.05,0.58,107.50,0.59,241.87
2026-02-03 11:57:51.507,9.00,111.13,READY,1.93,0.59,105.70,0.63,241.87
2026-02-03 11:57:51.740,4.60,217.35,READY,1.95,111.59,100.53,0.57,241.87
2026-02-03 11:57:51.885,8.12,123.11,READY,1.59,1.46,116.49,0.71,241.87
2026-02-03 11:57:52.018,8.58,116.51,READY,2.32,1.12,109.94,0.59,241.87
2026-02-03 11:57:52.147,8.83,113.27,READY,2.00,0.69,107.11,0.56,241.87
2026-02-03 11:57:52.278,8.74,114.40,READY,2.12,1.20,107.79,0.55,241.87
2026-02-03 11:57:52.520,4.41,226.54,READY,1.94,118.58,102.37,0.55,241.87
2026-02-03 11:57:52.655,8.87,112.69,READY,1.33,0.55,107.98,0.63,241.87
2026-02-03 11:57:52.799,7.86,127.20,READY,2.87,0.51,120.18,0.62,241.87
2026-02-03 11:57:52.929,8.75,114.31,READY,3.81,0.49,105.81,0.55,241.87
2026-02-03 11:57:53.058,8.85,112.99,READY,1.90,0.59,106.55,0.67,241.87
2026-02-03 11:57:53.298,4.46,223.97,READY,2.04,117.19,101.11,0.57,241.87
2026-02-03 11:57:53.439,8.38,119.33,READY,1.56,1.53,112.13,0.77,241.87
2026-02-03 11:57:53.576,8.34,119.92,READY,2.39,0.86,111.79,0.59,241.87
2026-02-03 11:57:53.707,8.72,114.68,READY,2.03,0.80,107.00,0.81,241.87
2026-02-03 11:57:53.837,8.74,114.38,READY,1.99,1.05,106.98,0.55,241.87
2026-02-03 11:57:54.074,4.53,220.67,READY,2.05,114.31,100.41,0.57,241.87
2026-02-03 11:57:54.220,8.02,124.66,READY,1.44,1.28,117.94,0.70,241.87
2026-02-03 11:57:54.354,8.56,116.86,READY,1.43,0.87,110.54,0.56,241.87
2026-02-03 11:57:54.484,8.76,114.14,READY,2.47,1.17,106.43,0.57,241.87
2026-02-03 11:57:54.613,8.82,113.42,READY,2.43,0.56,106.04,0.59,241.87
2026-02-03 11:57:54.846,4.62,216.47,READY,2.41,109.67,100.39,0.53,241.87
2026-02-03 11:57:54.992,7.96,125.70,READY,1.32,1.30,119.22,0.68,241.87
2026-02-03 11:57:55.124,8.76,114.09,READY,2.05,0.58,108.20,0.61,241.87
2026-02-03 11:57:55.254,8.78,113.89,READY,2.10,1.04,106.70,0.53,241.87
2026-02-03 11:57:55.382,8.92,112.05,READY,1.95,0.59,105.70,0.63,241.87
2026-02-03 11:57:55.615,4.59,217.80,READY,1.94,111.50,100.49,0.62,241.87
2026-02-03 11:57:55.755,8.43,118.58,READY,1.32,0.73,113.69,0.74,241.87
2026-02-03 11:57:55.888,8.59,116.40,READY,2.42,0.82,108.83,0.57,241.87
2026-02-03 11:57:56.018,8.82,113.40,READY,2.05,0.97,106.32,0.56,241.87
2026-02-03 11:57:56.146,8.91,112.24,READY,1.90,0.49,105.93,0.60,241.87
2026-02-03 11:57:56.383,4.53,220.93,READY,2.21,113.36,101.97,0.63,241.87
2026-02-03 11:57:56.519,8.57,116.68,READY,1.97,0.67,110.54,0.72,241.87
2026-02-03 11:57:56.664,7.95,125.86,READY,4.02,1.60,114.07,0.57,241.87
2026-02-03 11:57:56.796,8.59,116.40,READY,2.48,1.14,108.78,0.79,241.87
2026-02-03 11:57:56.926,8.82,113.38,READY,2.46,1.11,105.94,0.55,241.87
2026-02-03 11:57:57.162,4.54,220.14,READY,2.46,112.63,101.21,0.59,241.87
2026-02-03 11:57:57.314,7.66,130.50,READY,1.37,1.24,123.95,0.78,241.87
2026-02-03 11:57:57.451,8.46,118.21,READY,2.67,1.16,110.15,0.60,241.87
2026-02-03 11:57:57.583,8.62,116.06,READY,2.28,1.05,108.73,0.57,241.87
2026-02-03 11:57:57.714,8.71,114.76,READY,2.37,1.11,107.22,0.58,241.87
2026-02-03 11:57:57.952,4.49,222.87,READY,2.34,115.41,101.28,0.56,241.87
2026-02-03 11:57:58.101,7.88,126.93,READY,1.41,1.47,120.51,0.72,241.87
2026-02-03 11:57:58.233,8.68,115.20,READY,2.11,0.67,108.75,0.59,241.87
2026-02-03 11:57:58.363,8.74,114.42,READY,2.25,0.71,108.63,0.58,241.87
2026-02-03 11:57:58.495,8.63,115.88,READY,2.06,0.72,110.35,0.56,241.87
2026-02-03 11:57:58.735,4.47,223.88,READY,2.04,116.95,101.86,0.70,241.87
2026-02-03 11:57:58.888,7.60,131.51,READY,1.31,1.52,124.00,0.72,241.87
2026-02-03 11:57:59.035,7.76,128.84,READY,2.10,0.81,122.55,0.60,241.87
2026-02-03 11:57:59.164,8.89,112.48,READY,2.03,0.58,106.49,0.66,241.87
2026-02-03 11:57:59.293,8.83,113.28,READY,2.15,0.60,107.70,0.55,241.87
2026-02-03 11:57:59.531,4.50,222.38,READY,2.11,113.78,102.10,0.53,241.87
2026-02-03 11:57:59.677,8.04,124.37,READY,1.73,1.39,116.32,0.66,241.87
2026-02-03 11:57:59.814,8.37,119.44,READY,2.37,0.86,110.47,0.61,241.87
2026-02-03 11:57:59.944,8.80,113.61,READY,2.23,0.84,106.02,0.59,241.87
2026-02-03 11:58:00.076,8.67,115.28,READY,2.38,0.53,107.92,0.56,241.87
2026-02-03 11:58:00.314,4.49,222.49,READY,2.18,113.28,102.08,0.56,241.87
2026-02-03 11:58:00.467,7.65,130.63,READY,3.79,1.63,121.30,0.77,241.87
2026-02-03 11:58:00.607,8.25,121.24,READY,4.62,0.60,113.59,0.54,241.87
2026-02-03 11:58:00.740,8.54,117.08,READY,2.19,0.73,109.75,0.56,241.87
2026-02-03 11:58:00.868,8.96,111.64,READY,1.81,0.46,105.90,0.59,241.87
2026-02-03 11:58:01.108,4.49,222.84,READY,6.00,113.57,100.36,0.59,241.87
2026-02-03 11:58:01.248,8.40,119.05,READY,1.46,0.71,114.18,0.71,241.87
2026-02-03 11:58:01.380,8.66,115.50,READY,2.23,0.81,108.88,0.64,241.87
2026-02-03 11:58:01.509,8.90,112.34,READY,2.05,0.84,106.67,0.59,241.87
2026-02-03 11:58:01.639,8.78,113.94,READY,2.32,1.08,106.54,0.60,241.87
2026-02-03 11:58:01.890,4.27,233.94,READY,2.66,125.19,102.30,0.58,241.87
2026-02-03 11:58:02.022,9.01,110.98,READY,1.43,0.63,106.40,0.57,241.87
2026-02-03 11:58:02.154,8.69,115.05,READY,2.07,1.08,107.56,0.55,241.87
2026-02-03 11:58:02.284,8.78,113.85,READY,1.77,0.99,106.83,0.72,241.87
2026-02-03 11:58:02.425,8.01,124.77,READY,2.10,1.15,117.60,0.55,241.87
2026-02-03 11:58:02.661,4.54,220.27,READY,3.31,111.85,102.13,0.54,241.87
2026-02-03 11:58:02.798,8.66,115.50,READY,1.28,1.51,109.01,0.58,241.87
2026-02-03 11:58:02.931,8.57,116.73,READY,1.77,0.68,110.74,0.60,241.87
2026-02-03 11:58:03.062,8.78,113.87,READY,1.77,0.78,108.22,0.58,241.87
2026-02-03 11:58:03.204,7.99,125.17,READY,2.21,0.78,118.86,0.55,241.87
2026-02-03 11:58:03.439,4.56,219.18,READY,2.61,111.16,101.06,0.54,241.87
2026-02-03 11:58:03.576,8.61,116.13,READY,2.10,1.28,108.75,0.77,241.87
2026-02-03 11:58:03.708,8.71,114.86,READY,2.32,1.16,107.31,0.54,241.87
2026-02-03 11:58:03.842,8.47,118.10,READY,2.37,0.86,110.55,0.72,241.87
2026-02-03 11:58:03.979,8.54,117.03,READY,2.16,0.59,111.33,0.59,241.87
2026-02-03 11:58:04.216,4.53,220.89,READY,2.09,111.68,102.90,0.60,241.87
2026-02-03 11:58:04.355,8.53,117.27,READY,2.06,1.63,109.77,1.02,241.87
2026-02-03 11:58:04.486,8.72,114.72,READY,2.13,0.66,109.06,0.62,241.87
2026-02-03 11:58:04.615,8.87,112.78,READY,2.38,1.01,106.32,0.57,241.87
2026-02-03 11:58:04.744,8.79,113.71,READY,2.13,0.60,107.60,0.76,241.87
2026-02-03 11:58:04.989,4.38,228.45,READY,2.14,117.60,105.82,0.55,241.87
2026-02-03 11:58:05.126,8.55,116.89,READY,3.89,0.61,109.83,0.55,241.87
2026-02-03 11:58:05.258,8.70,114.89,READY,2.02,1.19,107.12,0.56,241.87
2026-02-03 11:58:05.388,8.71,114.76,READY,2.06,0.52,108.47,0.55,241.87
2026-02-03 11:58:05.522,8.71,114.77,READY,1.83,0.65,108.91,0.63,241.87
2026-02-03 11:58:05.763,4.44,225.22,READY,2.48,118.22,101.56,0.57,241.87
2026-02-03 11:58:05.898,8.76,114.22,READY,1.79,0.72,109.09,0.57,241.87
2026-02-03 11:58:06.033,8.44,118.54,READY,1.86,0.96,112.62,0.67,241.87
2026-02-03 11:58:06.167,8.54,117.15,READY,2.46,0.75,110.37,0.62,241.87
2026-02-03 11:58:06.297,8.77,114.04,READY,1.81,0.70,108.20,0.60,241.87
2026-02-03 11:58:06.540,4.38,228.15,READY,1.86,119.76,102.92,0.57,241.87
2026-02-03 11:58:06.690,7.82,127.86,READY,1.54,1.42,120.55,0.65,241.87
2026-02-03 11:58:06.825,8.48,117.86,READY,2.38,0.48,109.32,0.57,241.87
2026-02-03 11:58:06.955,8.81,113.50,READY,2.41,0.61,106.36,0.59,241.87
2026-02-03 11:58:07.085,8.82,113.43,READY,2.37,0.64,105.68,0.60,241.87
2026-02-03 11:58:07.318,4.61,216.86,READY,2.17,111.33,100.36,0.55,241.87
2026-02-03 11:58:07.460,8.22,121.61,READY,1.52,0.72,116.66,0.68,241.87
2026-02-03 11:58:07.596,8.44,118.45,READY,1.91,1.49,110.89,0.60,241.87
2026-02-03 11:58:07.727,8.72,114.74,READY,2.17,0.69,107.02,0.59,241.87
2026-02-03 11:58:07.858,8.73,114.53,READY,2.12,0.53,108.49,0.64,241.87
2026-02-03 11:58:08.095,4.52,221.43,READY,2.49,112.90,102.41,0.59,241.87
2026-02-03 11:58:08.238,8.23,121.50,READY,1.54,1.44,114.48,0.70,241.87
2026-02-03 11:58:08.377,8.18,122.20,READY,2.34,0.76,113.43,0.58,241.87
2026-02-03 11:58:08.508,8.71,114.81,READY,2.42,1.08,106.88,0.58,241.87
2026-02-03 11:58:08.638,8.76,114.16,READY,2.43,0.59,106.70,0.58,241.87
2026-02-03 11:58:08.874,4.54,220.18,READY,2.45,112.73,101.22,0.59,241.87
2026-02-03 11:58:09.016,8.22,121.62,READY,1.58,1.58,115.16,0.68,241.87
2026-02-03 11:58:09.154,8.33,120.04,READY,2.49,1.19,111.76,0.59,241.87
2026-02-03 11:58:09.287,8.62,115.95,READY,1.91,0.98,109.42,0.56,241.87
2026-02-03 11:58:09.417,8.75,114.23,READY,3.76,0.79,106.26,0.67,241.87
2026-02-03 11:58:09.661,4.38,228.37,READY,2.03,120.99,101.44,0.59,241.87
2026-02-03 11:58:09.805,8.18,122.25,READY,1.27,1.24,115.73,0.67,241.87
2026-02-03 11:58:09.939,8.52,117.32,READY,1.60,0.73,111.41,0.54,241.87
2026-02-03 11:58:10.068,8.86,112.80,READY,1.78,0.57,106.03,0.55,241.87
2026-02-03 11:58:10.199,8.74,114.43,READY,1.88,0.78,107.79,0.54,241.87
2026-02-03 11:58:10.440,4.46,224.12,READY,1.83,116.12,101.38,0.58,241.87
2026-02-03 11:58:10.587,8.00,125.00,READY,2.51,1.33,117.05,0.75,241.87
2026-02-03 11:58:10.721,8.51,117.49,READY,2.77,0.95,109.28,0.60,241.87
2026-02-03 11:58:10.851,8.79,113.74,READY,2.32,0.84,107.53,0.58,241.87
2026-02-03 11:58:10.980,8.80,113.60,READY,1.98,0.53,107.85,0.63,241.87
2026-02-03 11:58:11.213,4.62,216.60,READY,2.09,111.83,99.68,0.58,241.87
2026-02-03 11:58:11.355,8.31,120.41,READY,1.45,1.42,113.27,0.72,241.87
2026-02-03 11:58:11.493,8.31,120.33,READY,5.33,0.69,108.99,0.57,241.87
2026-02-03 11:58:11.624,8.71,114.83,READY,5.05,0.58,106.61,0.56,241.87
2026-02-03 11:58:11.756,8.62,116.04,READY,2.00,0.98,108.97,0.56,241.87
2026-02-03 11:58:11.995,4.48,223.42,READY,1.95,114.90,102.56,0.57,241.87
2026-02-03 11:58:12.141,8.12,123.08,READY,1.47,0.76,118.21,0.68,241.87
2026-02-03 11:58:12.285,7.96,125.57,READY,2.39,2.05,114.63,1.06,241.87
2026-02-03 11:58:12.418,8.54,117.03,READY,2.10,1.07,109.20,0.57,241.87
2026-02-03 11:58:12.553,8.41,118.97,READY,2.11,0.93,111.76,0.54,241.87
2026-02-03 11:58:12.790,4.57,218.66,READY,1.80,110.98,102.15,0.56,241.87
2026-02-03 11:58:12.936,7.99,125.14,READY,1.26,1.51,118.68,0.67,241.87
2026-02-03 11:58:13.073,8.72,114.70,READY,1.79,0.59,109.82,0.62,241.87
2026-02-03 11:58:13.202,8.87,112.68,READY,2.24,1.04,106.02,0.56,241.87
2026-02-03 11:58:13.331,8.82,113.35,READY,2.32,0.92,105.88,0.54,241.87
2026-02-03 11:58:13.563,4.62,216.35,READY,2.30,110.11,99.84,0.56,241.87
2026-02-03 11:58:13.697,8.85,112.95,READY,1.32,1.56,106.71,0.54,241.87
2026-02-03 11:58:13.827,8.80,113.63,READY,2.28,1.13,106.11,0.57,241.87
2026-02-03 11:58:13.956,8.88,112.66,READY,2.24,1.02,105.14,0.59,241.87
2026-02-03 11:58:14.082,9.04,110.67,READY,2.14,0.81,103.35,0.61,241.87
2026-02-03 11:58:14.327,4.37,229.09,READY,2.34,122.16,101.20,0.55,241.87
2026-02-03 11:58:14.462,8.80,113.64,READY,1.45,1.28,107.33,0.57,241.87
2026-02-03 11:58:14.597,8.45,118.40,READY,1.93,0.51,112.59,0.64,241.87
2026-02-03 11:58:14.731,8.52,117.34,READY,5.02,0.67,108.74,0.57,241.87
2026-02-03 11:58:14.859,8.87,112.73,READY,1.92,0.58,107.37,0.56,241.87
2026-02-03 11:58:15.094,4.57,218.98,READY,2.01,113.58,100.52,0.63,241.87
2026-02-03 11:58:15.240,8.00,124.95,READY,1.60,1.45,118.13,0.60,241.87
2026-02-03 11:58:15.375,8.53,117.30,READY,2.23,1.24,110.64,0.65,241.87
2026-02-03 11:58:15.506,8.69,115.01,READY,2.22,1.27,108.65,0.55,241.87
2026-02-03 11:58:15.633,8.97,111.50,READY,2.36,1.04,104.98,0.58,241.87
2026-02-03 11:58:15.872,4.50,222.12,READY,2.25,115.55,101.65,0.57,241.87
2026-02-03 11:58:16.013,8.34,119.96,READY,1.48,1.50,113.39,0.57,241.87
2026-02-03 11:58:16.146,8.61,116.20,READY,2.59,1.15,109.14,0.64,241.87
2026-02-03 11:58:16.292,8.01,124.77,READY,7.08,1.35,112.81,0.57,241.87
2026-02-03 11:58:16.427,8.43,118.63,READY,2.28,0.94,111.34,0.57,241.87
2026-02-03 11:58:16.666,4.48,223.01,READY,2.47,114.28,102.29,0.63,241.87
2026-02-03 11:58:16.809,8.07,123.98,READY,2.26,0.65,117.56,0.69,241.87
2026-02-03 11:58:16.946,8.35,119.80,READY,2.30,1.27,112.71,0.64,241.87
2026-02-03 11:58:17.076,8.76,114.11,READY,1.47,0.76,108.63,0.57,241.87
2026-02-03 11:58:17.207,8.75,114.23,READY,2.10,0.67,107.04,0.93,241.87
2026-02-03 11:58:17.546,3.09,323.87,READY,2.19,217.08,100.91,0.60,241.87
2026-02-03 11:58:17.689,8.25,121.17,READY,1.82,1.34,114.23,0.78,241.87
2026-02-03 11:58:17.822,8.63,115.87,READY,2.15,0.61,109.67,0.61,241.87
2026-02-03 11:58:17.952,8.77,114.04,READY,1.92,0.68,107.69,0.56,241.87
2026-02-03 11:58:18.082,8.80,113.58,READY,2.79,0.56,107.47,0.55,241.87
2026-02-03 11:58:18.316,4.58,218.50,READY,1.95,111.56,101.31,0.55,241.87
2026-02-03 11:58:18.467,7.80,128.27,READY,1.29,0.62,122.71,0.81,241.87
2026-02-03 11:58:18.600,8.69,115.13,READY,2.89,1.02,106.70,0.55,241.87
2026-02-03 11:58:18.729,8.85,113.01,READY,1.87,0.67,105.75,0.55,241.87
2026-02-03 11:58:18.860,8.75,114.26,READY,1.87,0.67,107.49,0.71,241.87
2026-02-03 11:58:19.098,4.52,221.11,READY,1.97,113.32,101.73,0.54,241.87
2026-02-03 11:58:19.238,8.43,118.61,READY,1.27,0.63,113.79,0.81,241.87
2026-02-03 11:58:19.372,8.56,116.79,READY,2.72,0.98,108.60,0.53,241.87
2026-02-03 11:58:19.503,8.69,115.06,READY,2.11,0.74,109.11,0.59,241.87
2026-02-03 11:58:19.633,8.79,113.82,READY,2.10,0.48,108.17,0.60,241.87
2026-02-03 11:58:19.873,4.47,223.66,READY,2.09,118.61,99.94,0.54,241.87
2026-02-03 11:58:20.015,8.26,121.01,READY,1.42,1.43,114.33,0.69,241.87
2026-02-03 11:58:20.150,8.48,117.88,READY,3.18,1.16,109.62,0.55,241.87
2026-02-03 11:58:20.280,8.75,114.29,READY,2.31,1.09,106.95,0.56,241.87
2026-02-03 11:58:20.414,8.50,117.63,READY,2.40,0.65,110.02,0.55,241.87
2026-02-03 11:58:20.651,4.52,221.37,READY,2.29,113.64,101.02,0.58,241.87
2026-02-03 11:58:20.805,7.60,131.52,READY,1.45,1.36,124.85,0.70,241.87
2026-02-03 11:58:20.946,8.04,124.38,READY,2.52,1.00,117.33,0.70,241.87
2026-02-03 11:58:21.075,8.90,112.34,READY,2.06,0.58,106.41,0.87,241.87
2026-02-03 11:58:21.205,8.72,114.65,READY,2.31,0.63,108.46,0.61,241.87
2026-02-03 11:58:21.441,4.54,220.27,READY,5.26,111.73,100.71,0.54,241.87
2026-02-03 11:58:21.586,8.11,123.25,READY,1.41,1.79,115.95,0.72,241.87
2026-02-03 11:58:21.721,8.52,117.44,READY,2.35,1.34,108.83,0.61,241.87
2026-02-03 11:58:21.853,8.63,115.89,READY,2.43,0.53,108.45,0.61,241.87
2026-02-03 11:58:21.983,8.72,114.74,READY,3.25,0.75,106.22,0.56,241.87
2026-02-03 11:58:22.218,4.57,218.91,READY,2.40,111.35,100.72,0.59,241.87
2026-02-03 11:58:22.364,8.07,123.85,READY,1.27,0.53,119.11,0.61,241.87
2026-02-03 11:58:22.499,8.49,117.84,READY,2.77,1.35,108.68,0.57,241.87
2026-02-03 11:58:22.631,8.79,113.82,READY,2.49,0.53,106.56,0.54,241.87
2026-02-03 11:58:22.762,8.71,114.86,READY,2.38,0.53,107.50,0.52,241.87
2026-02-03 11:58:23.002,4.47,223.76,READY,2.39,114.69,101.96,0.57,241.87
2026-02-03 11:58:23.149,8.00,124.93,READY,1.73,2.49,116.18,0.70,241.87
2026-02-03 11:58:23.282,8.57,116.71,READY,2.53,1.12,109.78,0.59,241.87
2026-02-03 11:58:23.415,8.55,116.99,READY,2.46,1.37,109.46,1.33,241.87
2026-02-03 11:58:23.544,8.87,112.77,READY,2.42,0.61,106.35,0.55,241.87
2026-02-03 11:58:23.778,4.60,217.54,READY,2.32,112.15,100.38,0.55,241.87
2026-02-03 11:58:23.922,8.11,123.36,READY,1.51,1.29,116.59,0.69,241.87
2026-02-03 11:58:24.057,8.64,115.72,READY,2.41,0.68,109.06,0.61,241.87
2026-02-03 11:58:24.186,8.82,113.32,READY,2.20,0.47,106.56,0.52,241.87
2026-02-03 11:58:24.317,8.67,115.36,READY,2.41,0.95,107.79,0.54,241.87
2026-02-03 11:58:24.562,4.37,228.79,READY,2.33,118.55,104.95,0.56,241.87
2026-02-03 11:58:24.714,7.69,130.01,READY,2.39,1.42,122.56,0.70,241.87
2026-02-03 11:58:24.863,7.61,131.34,READY,2.25,0.97,123.70,0.64,241.87
2026-02-03 11:58:25.001,8.27,120.92,READY,2.07,0.98,113.50,0.54,241.87
2026-02-03 11:58:25.136,8.36,119.59,READY,2.37,0.69,113.83,0.54,241.87
2026-02-03 11:58:25.377,4.47,223.90,READY,3.43,113.08,104.19,0.55,241.87
2026-02-03 11:58:25.531,7.61,131.35,READY,1.53,1.27,124.23,0.77,241.87
2026-02-03 11:58:25.676,8.03,124.46,READY,1.29,1.37,118.02,0.60,241.87
2026-02-03 11:58:25.806,8.78,113.85,READY,2.42,1.15,106.32,0.57,241.87
2026-02-03 11:58:25.936,8.76,114.21,READY,2.43,0.86,106.76,0.56,241.87
2026-02-03 11:58:26.170,4.57,218.73,READY,2.41,111.95,100.33,0.64,241.87
2026-02-03 11:58:26.314,8.16,122.54,READY,1.65,1.48,115.39,0.68,241.87
2026-02-03 11:58:26.453,8.40,119.04,READY,1.80,2.38,110.16,0.58,241.87
2026-02-03 11:58:26.583,8.76,114.17,READY,2.06,0.51,107.31,0.62,241.87
2026-02-03 11:58:26.713,8.78,113.83,READY,1.96,0.62,107.07,0.60,241.87
2026-02-03 11:58:26.946,4.61,216.97,READY,2.06,110.90,100.00,0.60,241.87
2026-02-03 11:58:27.094,7.92,126.31,READY,1.35,1.30,119.72,0.69,241.87
2026-02-03 11:58:27.237,7.98,125.26,READY,4.17,0.69,116.37,0.61,241.87
2026-02-03 11:58:27.380,7.95,125.79,READY,2.04,1.57,118.50,0.57,241.87
2026-02-03 11:58:27.515,8.49,117.76,READY,4.13,1.27,107.68,0.60,241.87
2026-02-03 11:58:27.759,4.38,228.31,READY,2.27,118.70,103.04,0.59,241.87
2026-02-03 11:58:27.902,8.17,122.35,READY,1.38,1.51,115.00,0.70,241.87
2026-02-03 11:58:28.037,8.56,116.86,READY,2.17,0.97,110.43,0.56,241.87
2026-02-03 11:58:28.165,8.92,112.13,READY,2.03,0.65,105.62,0.56,241.87
2026-02-03 11:58:28.293,8.89,112.51,READY,1.99,1.09,106.40,0.58,241.87
2026-02-03 11:58:28.632,3.10,322.40,READY,5.03,214.08,100.49,0.58,241.87
2026-02-03 11:58:28.777,8.05,124.23,READY,1.42,1.49,117.11,0.65,241.87
2026-02-03 11:58:28.911,8.57,116.70,READY,2.33,0.72,109.83,0.68,241.87
2026-02-03 11:58:29.042,8.67,115.40,READY,1.93,0.55,109.53,0.68,241.87
2026-02-03 11:58:29.170,8.94,111.87,READY,2.02,0.49,106.22,0.60,241.87
2026-02-03 11:58:29.410,4.46,224.05,READY,2.25,118.78,100.24,0.63,241.87
2026-02-03 11:58:29.555,8.13,122.97,READY,1.40,1.33,116.27,0.78,241.87
2026-02-03 11:58:29.689,8.53,117.18,READY,1.99,1.07,109.25,0.56,241.87
2026-02-03 11:58:29.822,8.60,116.24,READY,2.47,0.57,108.54,0.60,241.87
2026-02-03 11:58:29.953,8.83,113.28,READY,2.07,0.67,106.44,0.60,241.87
2026-02-03 11:58:30.192,4.52,221.45,READY,2.96,112.63,102.04,0.56,241.87
2026-02-03 11:58:30.335,8.16,122.56,READY,1.36,1.15,116.17,0.73,241.87
2026-02-03 11:58:30.469,8.61,116.15,READY,2.38,0.60,108.77,0.56,241.87
2026-02-03 11:58:30.599,8.98,111.34,READY,1.48,0.81,105.28,0.59,241.87
2026-02-03 11:58:30.727,8.91,112.19,READY,1.88,0.59,106.18,0.62,241.87
2026-02-03 11:58:30.968,4.44,225.45,READY,2.22,118.69,101.33,0.59,241.87
2026-02-03 11:58:31.109,8.35,119.70,READY,1.59,1.46,112.85,0.60,241.87
2026-02-03 11:58:31.245,8.44,118.49,READY,1.70,1.24,111.78,0.58,241.87
2026-02-03 11:58:31.374,8.83,113.30,READY,2.15,0.66,106.52,0.55,241.87
2026-02-03 11:58:31.503,8.82,113.44,READY,2.25,0.69,106.94,0.65,241.87
2026-02-03 11:58:31.743,4.47,223.95,READY,1.94,117.40,100.63,0.55,241.87
2026-02-03 11:58:31.885,8.30,120.55,READY,1.46,1.45,113.76,0.71,241.87
2026-02-03 11:58:32.019,8.57,116.72,READY,2.69,1.16,109.36,0.61,241.87
2026-02-03 11:58:32.147,8.92,112.15,READY,1.95,0.94,105.97,0.64,241.87
2026-02-03 11:58:32.276,8.82,113.32,READY,1.99,0.47,107.56,0.59,241.87
2026-02-03 11:58:32.510,4.59,217.78,READY,1.98,112.10,100.64,0.60,241.87
2026-02-03 11:58:32.647,8.56,116.83,READY,3.18,0.70,110.15,0.79,241.87
2026-02-03 11:58:32.782,8.45,118.28,READY,2.70,0.61,110.56,0.62,241.87
2026-02-03 11:58:32.912,8.77,114.04,READY,1.84,0.69,107.94,0.57,241.87
2026-02-03 11:58:33.049,8.27,120.87,READY,2.12,0.66,114.21,0.60,241.87
2026-02-03 11:58:33.294,4.39,227.90,READY,1.93,121.65,101.10,0.57,241.87
2026-02-03 11:58:33.436,8.24,121.43,READY,1.55,1.28,113.79,0.62,241.87
2026-02-03 11:58:33.591,7.45,134.17,READY,4.94,1.38,122.77,0.56,241.87
2026-02-03 11:58:33.725,8.63,115.87,READY,2.14,0.61,109.34,0.59,241.87
2026-02-03 11:58:33.856,8.64,115.77,READY,2.24,0.68,108.51,0.55,241.87
2026-02-03 11:58:34.097,4.45,224.62,READY,2.26,117.59,100.70,0.54,241.87
2026-02-03 11:58:34.243,8.03,124.55,READY,1.79,1.56,117.21,0.75,241.87
2026-02-03 11:58:34.379,8.66,115.54,READY,2.64,0.73,109.46,0.58,241.87
2026-02-03 11:58:34.509,8.79,113.74,READY,2.15,0.63,107.35,0.57,241.87
2026-02-03 11:58:34.636,8.97,111.52,READY,2.03,0.79,104.68,0.57,241.87
2026-02-03 11:58:34.875,4.48,223.10,READY,2.05,112.09,104.95,0.59,241.87
2026-02-03 11:58:35.027,7.63,131.08,READY,1.44,1.24,124.61,0.71,241.87
2026-02-03 11:58:35.162,8.72,114.63,READY,2.34,0.64,108.42,0.53,241.87
2026-02-03 11:58:35.293,8.72,114.68,READY,2.15,0.78,107.29,0.63,241.87
2026-02-03 11:58:35.423,8.74,114.43,READY,2.34,0.94,107.01,0.57,241.87
2026-02-03 11:58:35.663,4.48,223.15,READY,2.37,112.24,103.47,0.57,241.87
2026-02-03 11:58:35.808,8.10,123.48,READY,1.37,1.57,116.59,0.66,241.87
2026-02-03 11:58:35.957,7.60,131.49,READY,8.13,0.51,117.01,0.57,241.87
2026-02-03 11:58:36.093,8.45,118.37,READY,2.85,1.00,111.00,0.67,241.87
2026-02-03 11:58:36.231,8.19,122.04,READY,2.12,0.52,115.83,0.57,241.87
2026-02-03 11:58:36.474,4.41,226.69,READY,2.27,114.18,105.78,0.58,241.87
2026-02-03 11:58:36.640,6.96,143.61,READY,1.41,1.63,136.49,1.00,241.87
2026-02-03 11:58:36.792,7.53,132.81,READY,5.04,1.07,124.07,0.55,241.87
2026-02-03 11:58:36.928,8.68,115.18,READY,1.65,0.64,110.28,0.61,241.87
2026-02-03 11:58:37.055,8.94,111.88,READY,2.10,1.12,104.42,0.56,241.87
2026-02-03 11:58:37.292,4.53,220.56,READY,2.10,113.95,100.48,0.56,241.87
2026-02-03 11:58:37.433,8.28,120.70,READY,1.40,0.71,115.82,0.70,241.87
2026-02-03 11:58:37.570,8.33,120.10,READY,1.61,1.20,113.24,0.62,241.87
2026-02-03 11:58:37.703,8.57,116.71,READY,2.30,0.75,110.14,0.54,241.87
2026-02-03 11:58:37.833,8.74,114.38,READY,1.98,0.78,108.31,0.54,241.87
2026-02-03 11:58:38.067,4.59,217.80,READY,2.58,110.59,100.98,0.54,241.87
2026-02-03 11:58:38.216,7.79,128.34,READY,1.29,1.47,121.39,0.92,241.87
2026-02-03 11:58:38.353,8.52,117.40,READY,1.38,0.52,108.49,0.55,241.87
2026-02-03 11:58:38.483,8.73,114.54,READY,2.15,0.79,108.81,0.62,241.87
2026-02-03 11:58:38.613,8.79,113.78,READY,2.24,1.01,106.20,0.64,241.87
2026-02-03 11:58:38.848,4.58,218.51,READY,2.50,110.90,101.28,0.55,241.87
2026-02-03 11:58:38.992,8.11,123.26,READY,1.29,0.79,118.05,0.74,241.87
2026-02-03 11:58:39.133,8.17,122.45,READY,3.96,0.70,112.64,0.56,241.87
2026-02-03 11:58:39.262,8.82,113.42,READY,1.77,0.76,107.66,0.60,241.87
2026-02-03 11:58:39.404,7.91,126.47,READY,3.05,1.21,118.17,0.55,241.87
2026-02-03 11:58:39.747,3.07,325.43,READY,2.02,215.64,104.56,0.57,241.87
2026-02-03 11:58:39.903,7.46,134.12,READY,1.56,1.75,125.66,0.67,241.87
2026-02-03 11:58:40.036,8.60,116.23,READY,2.28,0.57,109.22,0.95,241.87
2026-02-03 11:58:40.165,8.85,113.01,READY,2.02,0.73,106.88,0.58,241.87
2026-02-03 11:58:40.295,8.77,114.08,READY,2.22,0.95,107.84,0.58,241.87
2026-02-03 11:58:40.534,4.49,222.64,READY,1.96,114.90,102.47,0.61,241.87
2026-02-03 11:58:40.675,8.26,121.09,READY,1.31,0.61,116.27,0.67,241.87
2026-02-03 11:58:40.815,8.19,122.06,READY,1.81,1.31,115.13,0.63,241.87
2026-02-03 11:58:40.951,8.32,120.21,READY,2.14,0.73,114.07,0.55,241.87
2026-02-03 11:58:41.081,8.77,114.07,READY,2.10,0.66,108.07,0.56,241.87
2026-02-03 11:58:41.319,4.50,222.09,READY,2.10,114.72,102.38,0.56,241.87
2026-02-03 11:58:41.469,7.81,127.97,READY,1.85,1.35,120.71,0.64,241.87
2026-02-03 11:58:41.604,8.44,118.49,READY,2.27,1.19,110.42,0.60,241.87
2026-02-03 11:58:41.735,8.72,114.69,READY,2.62,1.10,106.68,0.56,241.87
2026-02-03 11:58:41.866,8.66,115.44,READY,2.38,1.22,107.39,0.68,241.87
2026-02-03 11:58:42.106,4.46,224.19,READY,2.42,115.20,102.20,0.61,241.87
2026-02-03 11:58:42.254,7.91,126.39,READY,1.51,1.58,119.30,0.80,241.87
2026-02-03 11:58:42.391,8.36,119.58,READY,2.69,0.95,111.43,0.57,241.87
2026-02-03 11:58:42.521,8.74,114.42,READY,2.08,1.15,107.03,0.56,241.87
2026-02-03 11:58:42.654,8.60,116.28,READY,4.91,0.70,108.11,0.57,241.87
2026-02-03 11:58:42.891,4.51,221.82,READY,4.81,113.14,101.17,0.58,241.87
2026-02-03 11:58:43.032,8.35,119.79,READY,1.38,1.38,113.90,0.74,241.87
2026-02-03 11:58:43.170,8.30,120.50,READY,1.61,1.63,113.33,0.61,241.87
2026-02-03 11:58:43.300,8.79,113.74,READY,1.88,0.58,108.02,0.55,241.87
2026-02-03 11:58:43.429,8.82,113.36,READY,2.10,0.82,105.91,0.55,241.87
2026-02-03 11:58:43.665,4.54,220.14,READY,2.17,111.58,102.21,0.57,241.87
2026-02-03 11:58:43.812,7.94,125.93,READY,1.39,1.47,119.29,0.63,241.87
2026-02-03 11:58:43.949,8.35,119.75,READY,2.22,0.75,113.12,0.55,241.87
2026-02-03 11:58:44.081,8.58,116.60,READY,2.31,0.53,108.41,1.50,241.87
2026-02-03 11:58:44.214,8.56,116.78,READY,5.41,0.64,107.17,0.59,241.87
2026-02-03 11:58:44.452,4.52,221.46,READY,2.33,113.59,102.06,0.55,241.87
2026-02-03 11:58:44.587,8.39,119.23,READY,1.95,1.02,111.89,0.72,241.87
2026-02-03 11:58:44.722,8.43,118.67,READY,3.23,0.59,110.07,0.58,241.87
2026-02-03 11:58:44.850,8.90,112.35,READY,2.43,0.58,105.74,0.54,241.87
2026-02-03 11:58:44.978,8.93,112.00,READY,2.27,0.56,105.70,0.56,241.87
2026-02-03 11:58:45.220,4.42,226.36,READY,2.25,115.83,104.37,0.54,241.87
2026-02-03 11:58:45.365,8.08,123.81,READY,2.67,1.13,116.13,0.66,241.87
2026-02-03 11:58:45.502,8.36,119.59,READY,2.23,1.30,112.22,0.63,241.87
2026-02-03 11:58:45.634,8.65,115.58,READY,1.97,0.65,109.47,0.56,241.87
2026-02-03 11:58:45.768,8.45,118.32,READY,4.89,0.72,110.11,0.57,241.87
2026-02-03 11:58:46.009,4.43,225.52,READY,2.02,119.19,100.30,0.56,241.87
2026-02-03 11:58:46.153,8.15,122.66,READY,1.40,1.28,116.03,0.67,241.87
2026-02-03 11:58:46.286,8.68,115.18,READY,2.16,0.67,108.85,0.56,241.87
2026-02-03 11:58:46.416,8.73,114.51,READY,4.84,0.60,106.50,0.56,241.87
2026-02-03 11:58:46.545,8.86,112.90,READY,1.86,1.10,106.45,0.56,241.87
2026-02-03 11:58:46.779,4.59,218.05,READY,2.50,111.92,100.87,0.52,241.87
2026-02-03 11:58:46.922,8.25,121.27,READY,1.49,1.40,114.40,0.74,241.87
2026-02-03 11:58:47.058,8.35,119.71,READY,2.67,1.15,111.02,0.62,241.87
2026-02-03 11:58:47.188,8.77,114.02,READY,2.25,1.02,106.43,0.54,241.87
2026-02-03 11:58:47.319,8.75,114.26,READY,2.45,0.85,106.53,0.58,241.87
2026-02-03 11:58:47.552,4.59,217.65,READY,2.27,109.95,100.99,1.07,241.87
2026-02-03 11:58:47.693,8.37,119.41,READY,1.40,1.43,113.13,0.76,241.87
2026-02-03 11:58:47.827,8.57,116.67,READY,1.62,1.05,110.88,0.62,241.87
2026-02-03 11:58:47.956,8.87,112.80,READY,1.96,0.65,107.20,0.59,241.87
2026-02-03 11:58:48.084,8.87,112.79,READY,2.02,0.62,106.90,0.56,241.87
2026-02-03 11:58:48.318,4.59,217.81,READY,2.04,111.10,100.28,0.63,241.87
2026-02-03 11:58:48.460,8.31,120.27,READY,1.34,1.70,113.35,0.64,241.87
2026-02-03 11:58:48.598,8.24,121.34,READY,2.89,1.29,112.55,0.75,241.87
2026-02-03 11:58:48.727,8.86,112.81,READY,2.00,0.68,106.50,0.55,241.87
2026-02-03 11:58:48.856,8.81,113.56,READY,2.04,0.85,107.11,0.54,241.87
2026-02-03 11:58:49.090,4.59,217.64,READY,2.00,112.19,99.82,0.55,241.87
2026-02-03 11:58:49.226,8.69,115.05,READY,1.38,0.68,110.32,0.70,241.87
2026-02-03 11:58:49.362,8.38,119.38,READY,2.32,1.21,111.11,0.77,241.87
2026-02-03 11:58:49.493,8.74,114.41,READY,2.01,0.61,109.21,0.58,241.87
2026-02-03 11:58:49.619,9.04,110.64,READY,1.66,0.67,104.04,0.55,241.87
2026-02-03 11:58:49.853,4.60,217.39,READY,2.14,111.91,100.45,0.55,241.87
2026-02-03 11:58:49.993,8.40,119.00,READY,1.52,1.62,112.84,0.64,241.87
2026-02-03 11:58:50.128,8.46,118.25,READY,2.30,0.85,112.27,0.56,241.87
2026-02-03 11:58:50.258,8.74,114.40,READY,1.97,0.93,107.22,0.59,241.87
2026-02-03 11:58:50.387,8.98,111.34,READY,1.90,0.55,104.71,0.54,241.87
2026-02-03 11:58:50.621,4.60,217.39,READY,2.13,112.05,100.33,0.54,241.87
2026-02-03 11:58:50.763,8.24,121.37,READY,1.40,1.56,115.28,0.74,241.87
2026-02-03 11:58:50.898,8.45,118.34,READY,2.27,0.59,112.13,0.71,241.87
2026-02-03 11:58:51.028,8.83,113.19,READY,2.16,0.61,106.83,0.57,241.87
2026-02-03 11:58:51.161,8.51,117.57,READY,5.90,1.37,107.45,0.56,241.87
2026-02-03 11:58:51.396,4.57,218.94,READY,1.94,111.57,101.09,0.54,241.87
2026-02-03 11:58:51.537,8.30,120.43,READY,1.34,1.43,113.89,0.69,241.87
2026-02-03 11:58:51.674,8.37,119.44,READY,2.18,0.82,112.58,0.55,241.87
2026-02-03 11:58:51.803,8.81,113.50,READY,2.07,0.69,106.96,0.54,241.87
2026-02-03 11:58:51.933,8.79,113.74,READY,3.36,1.05,106.71,0.55,241.87
2026-02-03 11:58:52.167,4.60,217.58,READY,2.04,110.54,100.72,0.63,241.87
2026-02-03 11:58:52.304,8.57,116.68,READY,1.51,0.58,111.37,1.17,241.87
2026-02-03 11:58:52.438,8.61,116.20,READY,2.38,0.65,109.25,0.55,241.87
2026-02-03 11:58:52.569,8.71,114.78,READY,2.11,0.59,108.24,0.63,241.87
2026-02-03 11:58:52.697,8.86,112.83,READY,2.02,1.15,106.20,0.54,241.87
2026-02-03 11:58:52.937,4.46,224.19,READY,2.40,116.94,100.80,0.55,241.87
2026-02-03 11:58:53.082,8.16,122.55,READY,1.30,1.75,116.39,0.71,241.87
2026-02-03 11:58:53.216,8.55,117.01,READY,2.09,0.69,110.82,0.55,241.87
2026-02-03 11:58:53.348,8.71,114.81,READY,2.12,0.67,107.99,0.56,241.87
2026-02-03 11:58:53.477,8.86,112.90,READY,2.40,0.48,105.28,0.55,241.87
2026-02-03 11:58:53.712,4.58,218.28,READY,2.15,111.25,100.40,0.97,241.87
2026-02-03 11:58:53.855,8.22,121.66,READY,1.53,1.33,114.41,0.73,241.87
2026-02-03 11:58:53.992,8.39,119.25,READY,2.29,0.75,112.18,0.60,241.87
2026-02-03 11:58:54.121,8.84,113.08,READY,2.02,0.70,105.52,0.55,241.87
2026-02-03 11:58:54.250,8.88,112.57,READY,1.97,0.54,105.90,0.59,241.87
2026-02-03 11:58:54.486,4.55,219.63,READY,1.97,112.41,101.70,0.56,241.87
2026-02-03 11:58:54.634,7.83,127.66,READY,2.47,1.62,117.90,0.70,241.87
2026-02-03 11:58:54.777,7.96,125.69,READY,2.13,1.16,118.16,0.64,241.87
2026-02-03 11:58:54.907,8.83,113.24,READY,2.13,0.53,106.76,0.60,241.87
2026-02-03 11:58:55.036,8.79,113.71,READY,2.11,0.69,107.61,0.57,241.87
2026-02-03 11:58:55.270,4.59,218.02,READY,2.28,111.42,100.22,0.57,241.87
2026-02-03 11:58:55.419,7.87,127.14,READY,1.27,0.56,121.87,1.16,241.87
2026-02-03 11:58:55.564,7.93,126.07,READY,1.40,1.17,117.48,0.69,241.87
2026-02-03 11:58:55.698,8.51,117.44,READY,1.82,0.50,111.34,0.58,241.87
2026-02-03 11:58:55.834,8.45,118.34,READY,1.89,0.97,111.16,0.58,241.87
2026-02-03 11:58:56.073,4.50,222.33,READY,1.95,112.44,104.43,0.60,241.87
2026-02-03 11:58:56.227,7.37,135.74,READY,2.08,0.54,129.43,0.74,241.87
2026-02-03 11:58:56.385,7.14,140.03,READY,2.55,0.77,132.08,0.86,241.87
2026-02-03 11:58:56.527,8.01,124.92,READY,2.47,1.14,117.78,0.58,241.87
2026-02-03 11:58:56.673,7.75,128.97,READY,2.13,0.81,121.29,0.55,241.87
2026-02-03 11:58:56.911,4.52,221.45,READY,2.46,111.79,103.36,0.59,241.87
2026-02-03 11:58:57.062,7.75,129.11,READY,1.60,1.42,122.02,0.74,241.87
2026-02-03 11:58:57.206,7.90,126.54,READY,1.98,0.58,120.67,0.61,241.87
2026-02-03 11:58:57.341,8.75,114.23,READY,2.35,0.61,107.09,0.56,241.87
2026-02-03 11:58:57.468,8.96,111.64,READY,1.97,0.46,104.69,0.58,241.87
2026-02-03 11:58:57.705,4.53,220.73,READY,2.17,111.07,103.04,0.54,241.87
2026-02-03 11:58:57.845,8.07,123.98,READY,2.27,0.69,118.13,0.73,241.87
2026-02-03 11:58:57.977,8.59,116.37,READY,2.46,1.45,107.68,0.52,241.87
2026-02-03 11:58:58.107,8.76,114.19,READY,2.25,0.55,107.72,0.55,241.87
2026-02-03 11:58:58.241,8.53,117.17,READY,2.14,1.01,109.68,0.56,241.87
2026-02-03 11:58:58.476,4.55,219.72,READY,2.32,112.33,100.80,0.58,241.87
2026-02-03 11:58:58.624,7.90,126.59,READY,2.44,1.26,118.69,0.67,241.87
2026-02-03 11:58:58.760,8.41,118.85,READY,2.28,0.73,112.29,0.54,241.87
2026-02-03 11:58:58.893,8.65,115.56,READY,2.71,1.38,107.54,0.55,241.87
2026-02-03 11:58:59.024,8.66,115.42,READY,2.11,0.75,108.30,0.77,241.87
2026-02-03 11:58:59.259,4.58,218.48,READY,2.08,111.42,100.25,0.62,241.87
2026-02-03 11:58:59.399,8.44,118.51,READY,1.30,1.32,112.02,0.65,241.87
2026-02-03 11:58:59.536,8.38,119.34,READY,2.26,0.89,111.87,0.65,241.87
2026-02-03 11:58:59.665,8.84,113.16,READY,2.06,1.11,105.84,0.56,241.87
2026-02-03 11:58:59.793,8.91,112.19,READY,2.08,0.78,105.32,0.54,241.87
2026-02-03 11:59:00.026,4.60,217.20,READY,2.21,110.74,99.90,0.54,241.87
2026-02-03 11:59:00.165,8.46,118.14,READY,1.41,1.28,111.55,0.67,241.87
2026-02-03 11:59:00.300,8.49,117.84,READY,2.46,0.66,111.50,0.59,241.87
2026-02-03 11:59:00.432,8.64,115.69,READY,2.07,1.05,108.48,0.59,241.87
2026-02-03 11:59:00.562,8.75,114.30,READY,2.04,1.28,106.70,0.58,241.87
2026-02-03 11:59:00.800,4.50,222.16,READY,2.16,115.27,101.02,0.73,241.87
2026-02-03 11:59:00.946,8.03,124.48,READY,1.36,1.71,117.39,0.67,241.87
2026-02-03 11:59:01.081,8.49,117.77,READY,2.39,0.79,110.71,0.54,241.87
2026-02-03 11:59:01.211,8.72,114.74,READY,1.99,0.82,108.33,0.55,241.87
2026-02-03 11:59:01.341,8.82,113.33,READY,2.22,0.94,106.04,0.68,241.87
2026-02-03 11:59:01.576,4.56,219.37,READY,2.08,112.70,101.80,0.57,241.87
2026-02-03 11:59:01.721,8.08,123.74,READY,1.37,1.56,117.84,0.78,241.87
2026-02-03 11:59:01.857,8.48,117.97,READY,2.34,0.68,111.22,0.60,241.87
2026-02-03 11:59:01.990,8.47,118.03,READY,2.36,0.52,110.00,0.60,241.87
2026-02-03 11:59:02.133,8.01,124.78,READY,2.87,0.51,117.24,0.52,241.87
2026-02-03 11:59:02.378,4.37,228.98,READY,2.73,120.22,101.74,0.63,241.87
2026-02-03 11:59:02.525,8.06,123.99,READY,3.29,1.37,115.61,0.72,241.87
2026-02-03 11:59:02.659,8.48,117.86,READY,2.18,0.77,112.40,0.55,241.87
2026-02-03 11:59:02.789,8.84,113.12,READY,1.98,1.09,106.67,0.62,241.87
2026-02-03 11:59:02.918,8.83,113.21,READY,1.98,0.83,106.36,0.54,241.87
2026-02-03 11:59:03.152,4.57,218.72,READY,2.03,112.59,100.44,0.57,241.87
2026-02-03 11:59:03.289,8.30,120.54,READY,2.00,0.95,113.33,0.72,241.87
2026-02-03 11:59:03.422,8.57,116.63,READY,5.60,0.57,107.83,0.58,241.87
2026-02-03 11:59:03.549,8.96,111.60,READY,1.98,0.54,105.29,0.64,241.87
2026-02-03 11:59:03.678,8.89,112.45,READY,4.53,0.61,104.57,0.59,241.87
2026-02-03 11:59:04.019,3.07,325.38,READY,8.62,211.80,101.03,0.62,241.87
2026-02-03 11:59:04.163,8.14,122.87,READY,1.28,1.49,116.44,0.70,241.87
2026-02-03 11:59:04.302,8.20,121.92,READY,1.72,1.12,109.28,0.62,241.87
2026-02-03 11:59:04.432,8.82,113.38,READY,1.99,0.70,107.26,0.63,241.87
2026-02-03 11:59:04.563,8.65,115.60,READY,1.98,0.54,109.32,0.58,241.87
2026-02-03 11:59:04.802,4.49,222.83,READY,2.07,115.75,100.73,0.58,241.87
2026-02-03 11:59:04.943,8.31,120.39,READY,1.35,1.22,114.70,0.74,241.87
2026-02-03 11:59:05.084,8.16,122.54,READY,3.46,1.23,113.53,0.59,241.87
2026-02-03 11:59:05.212,8.93,111.97,READY,1.96,0.58,105.94,0.58,241.87
2026-02-03 11:59:05.348,8.35,119.75,READY,5.53,1.31,108.67,0.57,241.87
2026-02-03 11:59:05.590,4.44,225.35,READY,2.02,116.90,102.03,0.58,241.87
2026-02-03 11:59:05.737,7.90,126.54,READY,1.34,1.60,119.41,0.74,241.87
2026-02-03 11:59:05.875,8.28,120.74,READY,2.18,0.69,113.25,0.58,241.87
2026-02-03 11:59:06.007,8.64,115.72,READY,2.08,1.14,108.32,0.55,241.87
2026-02-03 11:59:06.137,8.75,114.29,READY,2.10,1.12,107.03,0.57,241.87
2026-02-03 11:59:06.382,4.36,229.10,READY,2.12,122.26,100.92,0.59,241.87
2026-02-03 11:59:06.524,8.31,120.31,READY,1.36,1.47,113.83,0.71,241.87
2026-02-03 11:59:06.660,8.44,118.49,READY,1.87,1.29,111.34,0.56,241.87
2026-02-03 11:59:06.789,8.83,113.31,READY,2.07,1.00,105.76,0.58,241.87
2026-02-03 11:59:06.917,8.94,111.84,READY,1.95,0.71,105.12,0.57,241.87
2026-02-03 11:59:07.158,4.43,225.83,READY,1.63,120.45,100.47,0.65,241.87
2026-02-03 11:59:07.299,8.45,118.40,READY,1.44,0.63,113.36,0.71,241.87
2026-02-03 11:59:07.437,8.24,121.41,READY,2.71,1.39,112.59,0.59,241.87
2026-02-03 11:59:07.565,8.92,112.13,READY,2.27,1.07,104.68,0.55,241.87
2026-02-03 11:59:07.698,8.53,117.19,READY,2.98,0.84,109.13,0.59,241.87
2026-02-03 11:59:07.935,4.53,220.71,READY,2.50,111.53,100.50,1.29,241.87
2026-02-03 11:59:08.075,8.40,118.99,READY,1.76,1.48,112.41,0.68,241.87
2026-02-03 11:59:08.214,8.22,121.58,READY,1.83,0.65,115.88,0.56,241.87
2026-02-03 11:59:08.344,8.76,114.11,READY,2.39,0.73,107.24,0.58,241.87
2026-02-03 11:59:08.476,8.66,115.52,READY,2.11,0.85,108.35,0.58,241.87
2026-02-03 11:59:08.708,4.61,216.80,READY,2.13,110.54,100.05,0.58,241.87
2026-02-03 11:59:08.851,8.25,121.15,READY,1.48,1.43,114.18,0.72,241.87
2026-02-03 11:59:08.985,8.53,117.17,READY,2.32,0.82,111.30,0.56,241.87
2026-02-03 11:59:09.114,8.84,113.07,READY,2.20,1.38,106.48,0.55,241.87
2026-02-03 11:59:09.242,8.95,111.68,READY,2.30,0.70,105.15,0.56,241.87
2026-02-03 11:59:09.480,4.49,222.67,READY,4.82,115.14,100.08,0.55,241.87
2026-02-03 11:59:09.627,8.05,124.21,READY,4.75,1.32,114.67,0.73,241.87
2026-02-03 11:59:09.761,8.60,116.30,READY,2.24,0.58,109.71,0.56,241.87
2026-02-03 11:59:09.890,8.81,113.55,READY,1.98,0.54,106.55,0.58,241.87
2026-02-03 11:59:10.017,8.99,111.24,READY,2.34,0.60,104.93,0.58,241.87
2026-02-03 11:59:10.257,4.47,223.53,READY,2.86,117.46,99.63,0.55,241.87
2026-02-03 11:59:10.398,8.30,120.51,READY,1.29,1.59,113.86,0.71,241.87
2026-02-03 11:59:10.535,8.37,119.43,READY,2.28,0.57,113.07,0.57,241.87
2026-02-03 11:59:10.667,8.62,116.03,READY,2.00,0.58,110.32,0.57,241.87
2026-02-03 11:59:10.795,8.93,111.93,READY,2.02,0.59,105.96,0.73,241.87
2026-02-03 11:59:11.038,4.40,227.43,READY,1.98,120.01,102.42,0.57,241.87
2026-02-03 11:59:11.181,8.24,121.38,READY,1.38,1.28,114.70,0.69,241.87
2026-02-03 11:59:11.317,8.38,119.28,READY,2.60,1.09,112.39,0.56,241.87
2026-02-03 11:59:11.447,8.75,114.35,READY,2.02,0.48,108.61,0.58,241.87
2026-02-03 11:59:11.575,8.99,111.28,READY,1.98,0.50,105.53,0.69,241.87
2026-02-03 11:59:11.810,4.56,219.37,READY,1.93,113.85,100.53,0.58,241.87
2026-02-03 11:59:11.951,8.32,120.26,READY,1.28,1.49,113.80,0.77,241.87
2026-02-03 11:59:12.087,8.43,118.64,READY,2.41,1.26,110.52,0.56,241.87
2026-02-03 11:59:12.218,8.69,115.13,READY,2.00,1.13,108.28,0.58,241.87
2026-02-03 11:59:12.350,8.59,116.40,READY,1.94,0.73,110.59,0.61,241.87
2026-02-03 11:59:12.598,4.31,232.22,READY,1.86,124.63,102.71,0.61,241.87
2026-02-03 11:59:12.738,8.49,117.75,READY,1.33,0.56,113.00,0.68,241.87
2026-02-03 11:59:12.879,8.05,124.23,READY,2.03,0.70,118.01,0.57,241.87
2026-02-03 11:59:13.009,8.81,113.55,READY,1.95,1.06,107.30,0.56,241.87
2026-02-03 11:59:13.138,8.85,112.95,READY,1.98,0.52,107.38,0.56,241.87
2026-02-03 11:59:13.378,4.46,224.44,READY,2.25,119.68,99.79,0.59,241.87
2026-02-03 11:59:13.517,8.44,118.51,READY,1.36,1.63,112.63,0.74,241.87
2026-02-03 11:59:13.653,8.45,118.34,READY,2.17,1.33,111.34,0.56,241.87
2026-02-03 11:59:13.780,8.96,111.65,READY,2.28,0.48,104.63,0.55,241.87
2026-02-03 11:59:13.909,8.86,112.89,READY,2.35,0.58,105.45,0.78,241.87
2026-02-03 11:59:14.143,4.60,217.62,READY,2.23,110.29,100.80,0.59,241.87
2026-02-03 11:59:14.289,8.13,123.00,READY,1.46,1.23,116.46,0.74,241.87
2026-02-03 11:59:14.421,8.70,114.88,READY,1.45,0.58,109.29,0.58,241.87
2026-02-03 11:59:14.550,8.85,112.95,READY,2.33,0.90,106.92,0.62,241.87
2026-02-03 11:59:14.681,8.73,114.59,READY,5.12,0.59,106.17,0.58,241.87
2026-02-03 11:59:14.918,4.52,221.07,READY,7.56,109.80,99.90,0.55,241.87
2026-02-03 11:59:15.053,8.77,114.00,READY,1.28,1.47,107.56,0.56,241.87
2026-02-03 11:59:15.184,8.74,114.42,READY,2.29,1.05,107.81,0.76,241.87
2026-02-03 11:59:15.323,8.15,122.76,READY,2.39,1.28,115.74,0.55,241.87
2026-02-03 11:59:15.451,8.94,111.88,READY,2.37,0.80,106.04,0.54,241.87
2026-02-03 11:59:15.688,4.53,220.88,READY,2.25,113.96,101.65,0.55,241.87
2026-02-03 11:59:15.830,8.31,120.27,READY,3.03,1.56,111.58,0.59,241.87
2026-02-03 11:59:15.973,8.02,124.67,READY,4.54,0.63,115.53,0.55,241.87
2026-02-03 11:59:16.107,8.53,117.21,READY,2.27,0.70,110.19,0.55,241.87
2026-02-03 11:59:16.245,8.23,121.47,READY,2.68,0.58,113.63,0.70,241.87
2026-02-03 11:59:16.498,4.24,235.79,READY,2.86,125.61,103.16,0.67,241.87
2026-02-03 11:59:16.637,8.49,117.77,READY,1.64,1.49,111.10,0.63,241.87
2026-02-03 11:59:16.766,8.92,112.05,READY,2.12,1.18,105.74,0.61,241.87
2026-02-03 11:59:16.900,8.48,117.90,READY,2.20,1.16,111.99,0.53,241.87
2026-02-03 11:59:17.034,8.48,117.94,READY,2.31,1.27,111.40,0.58,241.87
2026-02-03 11:59:17.293,4.11,243.14,READY,2.68,129.95,106.20,0.53,241.87
2026-02-03 11:59:17.433,8.44,118.54,READY,1.45,1.81,111.39,0.60,241.87
2026-02-03 11:59:17.567,8.58,116.52,READY,1.90,1.14,110.48,0.82,241.87
2026-02-03 11:59:17.707,8.06,124.04,READY,2.52,0.90,116.62,0.57,241.87
2026-02-03 11:59:17.835,8.90,112.34,READY,2.24,1.16,106.23,0.56,241.87
2026-02-03 11:59:18.073,4.50,222.37,READY,2.22,114.01,103.23,0.55,241.87
2026-02-03 11:59:18.221,7.94,125.91,READY,2.48,1.82,117.61,0.70,241.87
2026-02-03 11:59:18.363,8.03,124.52,READY,9.43,1.18,109.58,0.60,241.87
2026-02-03 11:59:18.494,8.67,115.30,READY,2.43,1.09,107.65,0.56,241.87
2026-02-03 11:59:18.626,8.62,116.05,READY,3.44,0.84,107.80,0.79,241.87
2026-02-03 11:59:18.865,4.49,222.94,READY,2.15,117.75,100.51,0.57,241.87
2026-02-03 11:59:19.003,8.40,119.06,READY,1.29,0.55,114.16,0.66,241.87
2026-02-03 11:59:19.136,8.58,116.55,READY,2.18,0.56,110.19,0.54,241.87
2026-02-03 11:59:19.266,8.81,113.54,READY,2.05,0.50,107.54,0.56,241.87
2026-02-03 11:59:19.395,8.80,113.66,READY,2.28,0.71,107.78,0.53,241.87
2026-02-03 11:59:19.637,4.42,226.00,READY,2.17,118.54,102.14,0.58,241.87
2026-02-03 11:59:19.781,8.13,122.97,READY,1.77,1.36,115.74,0.66,241.87
2026-02-03 11:59:19.921,8.22,121.68,READY,2.27,1.09,114.42,0.56,241.87
2026-02-03 11:59:20.050,8.83,113.27,READY,2.66,0.74,107.05,0.63,241.87
2026-02-03 11:59:20.180,8.89,112.50,READY,1.97,0.66,106.44,0.54,241.87
2026-02-03 11:59:20.417,4.53,220.98,READY,2.00,112.35,102.98,0.55,241.87
2026-02-03 11:59:20.561,7.77,128.75,READY,2.33,1.16,120.90,0.71,241.87
2026-02-03 11:59:20.696,8.66,115.51,READY,1.31,1.08,109.45,0.55,241.87
2026-02-03 11:59:20.827,8.70,114.93,READY,2.38,1.07,107.35,0.65,241.87
2026-02-03 11:59:20.960,8.52,117.40,READY,2.32,1.06,110.01,0.55,241.87
2026-02-03 11:59:21.199,4.48,223.04,READY,2.39,114.86,101.72,0.57,241.87
2026-02-03 11:59:21.343,8.15,122.75,READY,1.53,1.35,115.97,0.71,241.87
2026-02-03 11:59:21.479,8.44,118.46,READY,2.12,0.73,112.07,0.64,241.87
2026-02-03 11:59:21.614,8.71,114.84,READY,2.31,2.21,106.44,0.56,241.87
2026-02-03 11:59:21.745,8.72,114.68,READY,2.25,0.78,107.55,0.58,241.87
2026-02-03 11:59:21.988,4.39,227.82,READY,2.32,121.35,100.90,0.56,241.87
2026-02-03 11:59:22.135,7.98,125.29,READY,1.68,1.34,118.54,0.58,241.87
2026-02-03 11:59:22.269,8.54,117.13,READY,2.29,0.65,111.12,0.58,241.87
2026-02-03 11:59:22.399,8.80,113.57,READY,3.44,0.58,106.86,0.62,241.87
2026-02-03 11:59:22.529,8.77,114.09,READY,2.03,1.16,106.75,0.55,241.87
2026-02-03 11:59:22.761,4.63,215.95,READY,1.88,110.16,99.85,0.60,241.87
2026-02-03 11:59:22.901,8.42,118.78,READY,1.39,1.64,112.88,0.59,241.87
2026-02-03 11:59:23.038,8.31,120.34,READY,2.33,1.30,112.00,0.65,241.87
2026-02-03 11:59:23.169,8.69,115.02,READY,1.86,0.64,109.05,0.56,241.87
2026-02-03 11:59:23.297,8.95,111.72,READY,1.86,0.63,105.26,0.57,241.87
2026-02-03 11:59:23.533,4.55,219.89,READY,1.87,113.57,100.51,0.54,241.87
2026-02-03 11:59:23.668,8.35,119.69,READY,2.31,0.71,112.04,0.65,241.87
2026-02-03 11:59:23.810,7.94,125.88,READY,2.30,0.51,118.43,0.59,241.87
2026-02-03 11:59:23.948,8.36,119.62,READY,1.87,0.78,114.17,0.57,241.87
2026-02-03 11:59:24.082,8.49,117.72,READY,2.16,1.01,111.52,0.57,241.87
2026-02-03 11:59:24.320,4.52,221.33,READY,2.31,112.30,102.93,0.58,241.87
2026-02-03 11:59:24.461,8.36,119.60,READY,1.54,1.60,113.38,0.71,241.87
2026-02-03 11:59:24.596,8.47,118.01,READY,2.37,1.43,109.59,0.55,241.87
2026-02-03 11:59:24.726,8.74,114.41,READY,2.37,1.06,106.78,0.66,241.87
2026-02-03 11:59:24.854,8.93,111.98,READY,2.03,0.68,106.12,0.62,241.87
2026-02-03 11:59:25.090,4.55,219.97,READY,2.23,112.65,101.14,0.61,241.87
2026-02-03 11:59:25.229,8.46,118.22,READY,1.66,0.63,113.28,0.69,241.87
2026-02-03 11:59:25.362,8.64,115.74,READY,2.57,0.68,108.69,0.60,241.87
2026-02-03 11:59:25.489,8.97,111.53,READY,2.22,0.62,105.13,0.56,241.87
2026-02-03 11:59:25.621,8.65,115.64,READY,2.34,0.85,108.18,0.59,241.87
2026-02-03 11:59:25.853,4.63,216.20,READY,1.85,111.75,99.79,0.56,241.87
2026-02-03 11:59:25.993,8.42,118.71,READY,1.45,1.54,112.51,0.69,241.87
2026-02-03 11:59:26.127,8.56,116.86,READY,2.27,0.78,110.32,0.61,241.87
2026-02-03 11:59:26.254,9.00,111.08,READY,1.98,1.05,103.61,0.70,241.87
2026-02-03 11:59:26.383,8.89,112.45,READY,2.15,0.65,106.23,0.60,241.87
2026-02-03 11:59:26.619,4.53,220.78,READY,2.05,115.27,100.22,0.58,241.87
2026-02-03 11:59:26.759,8.45,118.41,READY,1.25,0.77,113.22,0.75,241.87
2026-02-03 11:59:26.897,8.29,120.56,READY,2.37,1.25,112.42,0.57,241.87
2026-02-03 11:59:27.029,8.58,116.57,READY,1.86,0.66,111.03,0.58,241.87
2026-02-03 11:59:27.158,8.84,113.12,READY,1.88,0.49,106.66,0.61,241.87
2026-02-03 11:59:27.392,4.58,218.12,READY,1.95,111.85,100.90,0.56,241.87
2026-02-03 11:59:27.540,7.93,126.07,READY,1.50,1.56,119.86,0.76,241.87
2026-02-03 11:59:27.679,8.64,115.69,READY,1.31,1.34,110.02,0.69,241.87
2026-02-03 11:59:27.810,8.71,114.82,READY,1.95,0.69,108.80,0.58,241.87
2026-02-03 11:59:27.941,8.67,115.39,READY,1.92,0.50,109.33,0.57,241.87
2026-02-03 11:59:28.178,4.54,220.23,READY,1.86,112.18,102.18,0.59,241.87
2026-02-03 11:59:28.320,8.22,121.71,READY,1.32,1.44,115.99,0.73,241.87
2026-02-03 11:59:28.455,8.55,116.99,READY,2.07,0.60,111.37,0.60,241.87
2026-02-03 11:59:28.583,8.94,111.85,READY,1.81,0.61,106.06,0.59,241.87
2026-02-03 11:59:28.711,8.92,112.10,READY,2.03,0.61,106.09,0.62,241.87
2026-02-03 11:59:28.949,4.51,221.77,READY,1.79,114.38,102.28,0.55,241.87
2026-02-03 11:59:29.085,8.37,119.52,READY,2.05,0.93,112.24,0.71,241.87
2026-02-03 11:59:29.219,8.56,116.84,READY,2.10,0.92,108.79,0.56,241.87
2026-02-03 11:59:29.351,8.65,115.65,READY,1.96,0.99,108.76,0.59,241.87
2026-02-03 11:59:29.483,8.83,113.27,READY,1.73,1.04,107.94,0.63,241.87
2026-02-03 11:59:29.823,3.09,323.71,READY,1.97,214.89,102.91,0.59,241.87
2026-02-03 11:59:29.966,8.22,121.70,READY,1.27,1.39,115.51,0.72,241.87
2026-02-03 11:59:30.104,8.50,117.67,READY,2.00,0.89,111.02,0.56,241.87
2026-02-03 11:59:30.233,8.82,113.42,READY,1.97,0.64,107.78,0.55,241.87
2026-02-03 11:59:30.362,8.84,113.12,READY,1.88,0.47,106.76,0.58,241.87
2026-02-03 11:59:30.600,4.50,222.01,READY,2.01,115.86,101.11,0.54,241.87
2026-02-03 11:59:30.742,8.31,120.40,READY,1.34,1.45,114.25,0.69,241.87
2026-02-03 11:59:30.882,8.14,122.86,READY,1.61,1.04,115.16,0.55,241.87
2026-02-03 11:59:31.013,8.74,114.44,READY,2.12,1.01,107.28,0.55,241.87
2026-02-03 11:59:31.142,8.81,113.56,READY,2.20,1.11,107.31,0.59,241.87
2026-02-03 11:59:31.382,4.48,223.32,READY,2.09,117.40,100.90,0.54,241.87
2026-02-03 11:59:31.525,8.18,122.31,READY,1.49,1.38,115.55,0.67,241.87
2026-02-03 11:59:31.658,8.60,116.34,READY,2.21,0.63,109.90,0.68,241.87
2026-02-03 11:59:31.790,8.67,115.39,READY,2.97,1.12,108.09,0.55,241.87
2026-02-03 11:59:31.917,8.97,111.44,READY,2.37,0.57,104.93,0.56,241.87
2026-02-03 11:59:32.150,4.60,217.28,READY,2.08,110.86,100.22,0.61,241.87
2026-02-03 11:59:32.293,8.24,121.40,READY,1.28,1.64,114.70,0.72,241.87
2026-02-03 11:59:32.427,8.54,117.13,READY,2.37,0.84,110.35,0.58,241.87
2026-02-03 11:59:32.556,8.83,113.19,READY,2.19,0.72,107.28,0.56,241.87
2026-02-03 11:59:32.685,8.90,112.41,READY,1.88,1.40,105.60,0.55,241.87
2026-02-03 11:59:32.917,4.63,216.20,READY,1.93,110.55,99.52,0.55,241.87
2026-02-03 11:59:33.059,8.26,121.06,READY,1.31,1.44,115.27,0.71,241.87
2026-02-03 11:59:33.195,8.40,119.06,READY,1.67,0.57,113.49,0.56,241.87
2026-02-03 11:59:33.323,8.89,112.48,READY,1.97,1.01,105.26,0.56,241.87
2026-02-03 11:59:33.451,8.92,112.09,READY,1.79,1.01,105.04,0.54,241.87
2026-02-03 11:59:33.687,4.55,220.02,READY,1.78,113.00,101.00,0.55,241.87
2026-02-03 11:59:33.830,8.27,120.91,READY,1.39,1.67,113.78,0.65,241.87
2026-02-03 11:59:33.965,8.51,117.52,READY,2.27,0.58,109.92,0.64,241.87
2026-02-03 11:59:34.094,8.87,112.72,READY,2.30,1.01,106.56,0.54,241.87
2026-02-03 11:59:34.221,8.98,111.36,READY,2.44,0.73,104.65,0.55,241.87
2026-02-03 11:59:34.458,4.53,220.72,READY,4.92,113.13,100.09,0.54,241.87
2026-02-03 11:59:34.602,8.13,122.95,READY,1.36,1.51,116.24,0.70,241.87
2026-02-03 11:59:34.742,8.16,122.54,READY,8.92,0.60,109.37,0.55,241.87
2026-02-03 11:59:34.874,8.65,115.62,READY,2.07,0.58,109.31,0.55,241.87
2026-02-03 11:59:35.002,8.85,113.04,READY,2.63,0.63,106.10,0.66,241.87
2026-02-03 11:59:35.242,4.47,223.61,READY,2.38,117.95,99.95,0.54,241.87
2026-02-03 11:59:35.382,8.40,119.00,READY,1.35,1.35,112.53,0.70,241.87
2026-02-03 11:59:35.518,8.44,118.49,READY,2.40,0.76,112.39,0.56,241.87
2026-02-03 11:59:35.647,8.80,113.67,READY,2.15,0.66,107.06,0.64,241.87
2026-02-03 11:59:35.777,8.82,113.39,READY,2.14,1.10,105.91,0.54,241.87
2026-02-03 11:59:36.010,4.60,217.59,READY,2.00,112.24,100.21,0.88,241.87
2026-02-03 11:59:36.152,8.29,120.67,READY,1.43,1.33,114.02,0.76,241.87
2026-02-03 11:59:36.288,8.43,118.60,READY,2.01,0.63,111.52,0.54,241.87
2026-02-03 11:59:36.419,8.73,114.55,READY,2.48,1.25,107.21,0.84,241.87
2026-02-03 11:59:36.549,8.73,114.49,READY,2.18,0.68,107.96,0.56,241.87
2026-02-03 11:59:36.794,4.37,228.84,READY,2.27,117.51,105.71,0.58,241.87
2026-02-03 11:59:36.960,6.94,144.15,READY,2.51,1.71,135.08,0.55,241.87
2026-02-03 11:59:37.102,8.46,118.16,READY,3.44,1.09,109.47,0.60,241.87
2026-02-03 11:59:37.235,8.54,117.05,READY,1.90,0.83,109.58,1.24,241.87
2026-02-03 11:59:37.365,8.77,114.04,READY,1.86,0.85,108.56,0.59,241.87
2026-02-03 11:59:37.705,3.09,323.41,READY,2.05,217.90,99.81,0.56,241.87
2026-02-03 11:59:37.848,8.18,122.20,READY,1.34,1.22,115.59,0.68,241.87
2026-02-03 11:59:37.989,8.21,121.80,READY,7.65,0.73,110.49,0.57,241.87
2026-02-03 11:59:38.118,8.85,113.03,READY,1.99,0.77,107.21,0.56,241.87
2026-02-03 11:59:38.246,8.85,113.00,READY,1.99,0.47,106.71,0.59,241.87
2026-02-03 11:59:38.478,4.63,215.86,READY,2.14,109.78,100.52,0.55,241.87
2026-02-03 11:59:38.620,8.30,120.48,READY,1.36,1.59,114.38,0.70,241.87
2026-02-03 11:59:38.754,8.57,116.64,READY,2.36,0.73,110.21,0.55,241.87
2026-02-03 11:59:38.885,8.68,115.20,READY,2.02,0.73,108.35,0.93,241.87
2026-02-03 11:59:39.013,8.90,112.35,READY,1.80,0.83,106.12,0.57,241.87
2026-02-03 11:59:39.250,4.54,220.43,READY,2.01,113.20,101.31,0.56,241.87
2026-02-03 11:59:39.395,8.03,124.51,READY,1.38,0.99,119.14,0.81,241.87
2026-02-03 11:59:39.528,8.71,114.78,READY,2.07,0.75,108.03,0.59,241.87
2026-02-03 11:59:39.657,8.81,113.45,READY,2.10,1.12,106.04,0.63,241.87
2026-02-03 11:59:39.787,8.79,113.73,READY,2.00,0.53,107.08,0.63,241.87
2026-02-03 11:59:40.026,4.48,223.42,READY,1.86,116.50,101.86,0.52,241.87
2026-02-03 11:59:40.166,8.36,119.60,READY,1.43,1.29,113.15,0.72,241.87
2026-02-03 11:59:40.302,8.46,118.25,READY,2.40,1.11,110.62,0.56,241.87
2026-02-03 11:59:40.433,8.68,115.23,READY,2.25,0.63,108.87,0.58,241.87
2026-02-03 11:59:40.562,8.85,113.06,READY,2.03,0.75,106.42,0.62,241.87
2026-02-03 11:59:40.802,4.45,224.73,READY,2.01,111.70,107.26,0.68,241.87
2026-02-03 11:59:40.945,8.25,121.26,READY,1.42,1.67,114.75,0.96,241.87
2026-02-03 11:59:41.082,8.43,118.57,READY,3.60,0.73,111.52,0.58,241.87
2026-02-03 11:59:41.213,8.69,115.06,READY,2.06,0.49,108.80,0.57,241.87
2026-02-03 11:59:41.346,8.54,117.05,READY,1.83,0.99,110.33,0.65,241.87
2026-02-03 11:59:41.585,4.48,223.39,READY,2.36,115.06,101.55,0.57,241.87
2026-02-03 11:59:41.730,8.09,123.60,READY,1.35,1.39,117.41,0.66,241.87
2026-02-03 11:59:41.866,8.41,118.86,READY,2.51,0.69,111.28,0.57,241.87
2026-02-03 11:59:41.997,8.67,115.29,READY,2.30,0.71,108.32,0.66,241.87
2026-02-03 11:59:42.130,8.60,116.24,READY,5.12,0.64,107.86,0.59,241.87
2026-02-03 11:59:42.373,4.40,227.08,READY,1.92,119.06,102.28,0.60,241.87
2026-02-03 11:59:42.517,8.15,122.67,READY,2.22,1.27,115.25,0.59,241.87
2026-02-03 11:59:42.652,8.47,118.06,READY,2.61,0.83,110.86,0.58,241.87
2026-02-03 11:59:42.783,8.72,114.65,READY,2.61,0.60,107.89,0.63,241.87
2026-02-03 11:59:42.912,8.85,112.95,READY,1.97,1.09,105.64,0.57,241.87
2026-02-03 11:59:43.144,4.61,216.71,READY,2.06,111.36,100.47,0.58,241.87
2026-02-03 11:59:43.292,7.86,127.20,READY,1.35,1.44,117.25,2.43,241.87
2026-02-03 11:59:43.429,8.39,119.12,READY,2.86,1.05,110.16,0.65,241.87
2026-02-03 11:59:43.562,8.54,117.14,READY,2.93,0.65,109.69,0.72,241.87
2026-02-03 11:59:43.693,8.80,113.68,READY,1.89,0.70,107.35,0.57,241.87
2026-02-03 11:59:43.935,4.41,226.82,READY,2.00,120.08,101.33,0.56,241.87
2026-02-03 11:59:44.077,8.27,120.90,READY,1.30,1.41,114.09,0.74,241.87
2026-02-03 11:59:44.216,8.24,121.29,READY,2.45,1.01,113.39,0.54,241.87
2026-02-03 11:59:44.346,8.74,114.46,READY,1.83,0.75,107.40,0.58,241.87
2026-02-03 11:59:44.476,8.74,114.44,READY,2.18,0.72,108.35,0.70,241.87
2026-02-03 11:59:44.715,4.50,222.42,READY,2.33,112.29,103.55,0.58,241.87
2026-02-03 11:59:44.858,8.21,121.84,READY,1.34,1.46,115.35,0.68,241.87
2026-02-03 11:59:44.995,8.31,120.30,READY,1.86,1.07,114.36,0.54,241.87
2026-02-03 11:59:45.127,8.64,115.69,READY,2.09,0.92,108.41,0.54,241.87
2026-02-03 11:59:45.256,8.84,113.15,READY,2.20,1.03,106.26,0.54,241.87
2026-02-03 11:59:45.491,4.56,219.07,READY,2.14,111.52,101.39,0.53,241.87
2026-02-03 11:59:45.643,7.64,130.97,READY,1.63,1.56,123.96,0.71,241.87
2026-02-03 11:59:45.792,7.77,128.77,READY,2.38,1.32,121.84,0.57,241.87
2026-02-03 11:59:45.939,7.66,130.51,READY,5.37,0.59,120.84,0.67,241.87
2026-02-03 11:59:46.080,8.16,122.53,READY,2.00,0.55,115.56,0.54,241.87
2026-02-03 11:59:46.329,4.29,233.23,READY,1.97,123.20,103.75,0.57,241.87
2026-02-03 11:59:46.470,8.31,120.29,READY,1.44,0.81,115.40,0.74,241.87
2026-02-03 11:59:46.608,8.25,121.27,READY,1.89,0.73,114.99,0.59,241.87
2026-02-03 11:59:46.742,8.52,117.36,READY,2.25,0.80,110.09,0.66,241.87
2026-02-03 11:59:46.877,8.36,119.57,READY,2.68,0.70,112.39,1.04,241.87
2026-02-03 11:59:47.233,2.94,340.08,READY,2.43,231.36,102.58,0.58,241.87
2026-02-03 11:59:47.372,8.14,122.92,READY,1.98,0.62,117.45,0.62,241.87
2026-02-03 11:59:47.507,8.47,118.02,READY,2.01,0.73,112.36,0.61,241.87
2026-02-03 11:59:47.638,8.75,114.23,READY,2.77,0.53,106.27,0.70,241.87
2026-02-03 11:59:47.767,8.84,113.16,READY,1.98,0.56,107.11,0.58,241.87
2026-02-03 11:59:48.013,4.35,229.95,READY,2.21,121.72,102.18,0.57,241.87
2026-02-03 11:59:48.153,8.44,118.46,READY,1.25,1.25,112.22,0.63,241.87
2026-02-03 11:59:48.291,8.26,121.11,READY,1.76,0.87,114.61,0.55,241.87
2026-02-03 11:59:48.423,8.68,115.17,READY,2.25,1.00,107.71,0.78,241.87
2026-02-03 11:59:48.553,8.72,114.70,READY,2.25,1.02,107.35,0.58,241.87
2026-02-03 11:59:48.792,4.48,223.05,READY,2.29,115.00,101.60,0.56,241.87
2026-02-03 11:59:48.941,7.90,126.53,READY,1.59,1.17,117.39,1.59,241.87
2026-02-03 11:59:49.082,8.24,121.32,READY,2.93,0.71,111.99,0.61,241.87
2026-02-03 11:59:49.213,8.72,114.73,READY,2.26,0.86,108.58,0.57,241.87
2026-02-03 11:59:49.344,8.70,115.01,READY,2.15,0.62,108.12,0.59,241.87
2026-02-03 11:59:49.578,4.58,218.51,READY,1.95,111.05,101.25,0.67,241.87
2026-02-03 11:59:49.723,8.17,122.42,READY,2.13,1.45,114.95,0.75,241.87
2026-02-03 11:59:49.866,8.14,122.85,READY,1.63,1.20,115.80,0.61,241.87
2026-02-03 11:59:49.996,8.74,114.38,READY,2.36,0.80,107.55,0.57,241.87
2026-02-03 11:59:50.124,8.93,111.98,READY,2.08,0.93,105.00,0.57,241.87
2026-02-03 11:59:50.360,4.55,219.71,READY,2.09,111.76,101.87,0.57,241.87
2026-02-03 11:59:50.503,8.28,120.72,READY,1.27,0.61,115.83,0.83,241.87
2026-02-03 11:59:50.637,8.53,117.16,READY,2.15,1.28,110.16,0.59,241.87
2026-02-03 11:59:50.766,8.89,112.49,READY,2.08,0.61,107.18,0.57,241.87
2026-02-03 11:59:50.898,8.57,116.65,READY,2.21,1.00,109.85,0.62,241.87
2026-02-03 11:59:51.142,4.39,228.04,READY,1.92,113.98,109.15,0.62,241.87
2026-02-03 11:59:51.295,7.62,131.24,READY,1.36,1.18,123.28,0.56,241.87
2026-02-03 11:59:51.431,8.39,119.22,READY,2.47,1.07,112.14,0.54,241.87
2026-02-03 11:59:51.562,8.73,114.61,READY,2.30,1.02,107.48,0.52,241.87
2026-02-03 11:59:51.690,8.91,112.21,READY,1.98,0.68,106.89,0.52,241.87
2026-02-03 11:59:51.934,4.39,227.81,READY,6.33,113.08,104.68,0.63,241.87
2026-02-03 11:59:52.094,7.32,136.62,READY,1.58,1.17,128.51,0.77,241.87
2026-02-03 11:59:52.231,8.44,118.42,READY,4.10,0.67,109.39,0.56,241.87
2026-02-03 11:59:52.360,8.87,112.79,READY,1.99,1.01,106.42,0.58,241.87
2026-02-03 11:59:52.492,8.62,115.94,READY,2.62,1.05,109.02,0.58,241.87
2026-02-03 11:59:52.728,4.55,219.60,READY,1.85,112.19,102.14,0.54,241.87
2026-02-03 11:59:52.870,8.25,121.24,READY,1.41,1.57,115.09,0.82,241.87
2026-02-03 11:59:53.006,8.42,118.71,READY,2.23,0.71,113.16,0.62,241.87
2026-02-03 11:59:53.136,8.75,114.29,READY,1.77,0.84,109.04,0.57,241.87
2026-02-03 11:59:53.265,8.89,112.54,READY,1.82,1.07,106.42,0.57,241.87
2026-02-03 11:59:53.510,4.37,228.99,READY,1.95,120.81,103.04,0.56,241.87
2026-02-03 11:59:53.659,7.65,130.68,READY,2.08,0.88,123.37,0.69,241.87
2026-02-03 11:59:53.797,8.28,120.72,READY,2.39,0.65,113.24,0.54,241.87
2026-02-03 11:59:53.928,8.67,115.37,READY,1.87,0.63,108.70,0.58,241.87
2026-02-03 11:59:54.061,8.81,113.55,READY,1.28,0.61,108.32,0.54,241.87
2026-02-03 11:59:54.309,4.31,231.87,READY,1.98,122.55,103.27,0.56,241.87
2026-02-03 11:59:54.454,8.08,123.78,READY,1.35,1.57,116.93,0.63,241.87
2026-02-03 11:59:54.590,8.38,119.39,READY,2.29,1.31,111.51,0.59,241.87
2026-02-03 11:59:54.719,8.90,112.41,READY,2.05,0.75,105.98,0.55,241.87
2026-02-03 11:59:54.848,8.79,113.71,READY,2.09,0.67,107.75,0.54,241.87
2026-02-03 11:59:55.082,4.60,217.31,READY,2.13,111.45,99.65,0.55,241.87
2026-02-03 11:59:55.220,8.53,117.26,READY,1.29,0.55,112.44,0.73,241.87
2026-02-03 11:59:55.357,8.35,119.81,READY,1.72,0.63,114.67,0.55,241.87
2026-02-03 11:59:55.489,8.66,115.53,READY,2.39,0.58,108.21,0.62,241.87
2026-02-03 11:59:55.619,8.80,113.60,READY,2.45,0.61,106.05,0.74,241.87
2026-02-03 11:59:55.851,4.62,216.26,READY,2.27,109.88,99.83,0.55,241.87
2026-02-03 11:59:55.994,8.23,121.50,READY,2.05,1.50,114.03,0.67,241.87
2026-02-03 11:59:56.127,8.64,115.78,READY,2.73,1.36,106.97,0.58,241.87
2026-02-03 11:59:56.256,8.80,113.59,READY,2.35,1.02,105.91,0.56,241.87
2026-02-03 11:59:56.385,8.84,113.10,READY,2.78,1.15,104.85,0.56,241.87
2026-02-03 11:59:56.731,3.03,329.71,READY,2.45,221.94,101.03,0.58,241.87
2026-02-03 11:59:56.873,8.31,120.33,READY,1.32,1.11,113.97,0.72,241.87
2026-02-03 11:59:57.009,8.42,118.74,READY,2.10,0.73,113.05,0.61,241.87
2026-02-03 11:59:57.138,8.77,114.00,READY,1.96,0.73,107.03,0.62,241.87
2026-02-03 11:59:57.268,8.82,113.32,READY,1.80,0.99,107.71,0.58,241.87
2026-02-03 11:59:57.600,3.16,316.08,READY,2.34,211.18,99.86,0.58,241.87
2026-02-03 11:59:57.740,8.41,118.96,READY,1.48,1.56,112.79,0.72,241.87
2026-02-03 11:59:57.875,8.46,118.15,READY,5.62,0.78,108.92,0.58,241.87
2026-02-03 11:59:58.004,8.87,112.73,READY,1.96,0.69,107.18,0.55,241.87
2026-02-03 11:59:58.132,8.91,112.29,READY,1.99,0.71,106.73,0.56,241.87
2026-02-03 11:59:58.369,4.53,220.89,READY,1.98,114.54,101.59,0.54,241.87
2026-02-03 11:59:58.515,8.04,124.39,READY,1.61,1.48,116.80,0.83,241.87
2026-02-03 11:59:58.657,8.07,123.96,READY,2.01,0.66,116.96,0.57,241.87
2026-02-03 11:59:58.785,8.88,112.65,READY,2.20,0.66,105.55,0.55,241.87
2026-02-03 11:59:58.913,8.94,111.84,READY,1.97,0.46,105.08,0.57,241.87
2026-02-03 11:59:59.151,4.50,222.31,READY,2.13,115.46,100.28,0.55,241.87
2026-02-03 11:59:59.289,8.43,118.69,READY,2.31,0.71,112.71,0.69,241.87
2026-02-03 11:59:59.424,8.54,117.04,READY,2.34,0.93,108.53,0.54,241.87
2026-02-03 11:59:59.553,8.85,113.00,READY,2.29,0.95,105.52,0.55,241.87
2026-02-03 11:59:59.682,8.86,112.88,READY,2.14,0.50,106.09,0.57,241.87
2026-02-03 11:59:59.921,4.50,222.01,READY,1.40,114.97,102.28,0.58,241.87
2026-02-03 12:00:00.064,8.28,120.80,READY,2.35,1.23,113.42,0.69,241.87
2026-02-03 12:00:00.209,7.83,127.76,READY,2.06,1.28,121.01,0.63,241.87
2026-02-03 12:00:00.337,8.96,111.64,READY,1.69,0.63,104.81,0.71,241.87
2026-02-03 12:00:00.466,8.80,113.60,READY,1.98,0.49,107.63,0.96,241.87
2026-02-03 12:00:00.703,4.52,221.15,READY,2.38,115.08,100.94,0.56,241.87
2026-02-03 12:00:00.848,8.16,122.52,READY,2.34,1.39,115.34,0.72,241.87
2026-02-03 12:00:00.996,7.68,130.23,READY,2.37,0.78,123.32,0.58,241.87
2026-02-03 12:00:01.124,8.90,112.40,READY,1.98,1.04,105.10,0.58,241.87
2026-02-03 12:00:01.258,8.74,114.45,READY,1.51,1.04,108.75,0.57,241.87
2026-02-03 12:00:01.504,4.35,230.14,READY,2.32,124.43,100.40,0.54,241.87
2026-02-03 12:00:01.650,8.05,124.26,READY,2.15,1.32,116.81,0.74,241.87
2026-02-03 12:00:01.794,7.96,125.71,READY,2.34,0.78,118.03,0.54,241.87
2026-02-03 12:00:01.927,8.51,117.58,READY,2.04,0.55,110.98,0.58,241.87
2026-02-03 12:00:02.057,8.75,114.34,READY,2.11,0.78,107.60,0.57,241.87
2026-02-03 12:00:02.297,4.51,221.87,READY,1.87,112.75,103.40,0.55,241.87
2026-02-03 12:00:02.445,7.91,126.49,READY,1.30,1.47,120.11,0.67,241.87
2026-02-03 12:00:02.584,8.26,121.08,READY,2.62,0.79,114.48,0.54,241.87
2026-02-03 12:00:02.717,8.55,116.91,READY,2.36,0.94,109.37,0.74,241.87
2026-02-03 12:00:02.850,8.52,117.43,READY,2.08,0.83,111.10,0.67,241.87
2026-02-03 12:00:03.090,4.46,224.21,READY,2.17,115.24,103.17,0.55,241.87
2026-02-03 12:00:03.247,7.43,134.50,READY,2.43,1.70,125.47,0.73,241.87
2026-02-03 12:00:03.403,7.28,137.28,READY,2.55,0.98,128.29,0.57,241.87
2026-02-03 12:00:03.544,8.08,123.71,READY,1.92,0.46,117.80,0.57,241.87
2026-02-03 12:00:03.690,7.77,128.65,READY,2.88,0.75,120.22,0.64,241.87
2026-02-03 12:00:03.940,4.29,233.14,READY,2.27,115.38,112.18,0.64,241.87
2026-02-03 12:00:04.103,7.11,140.56,READY,1.74,1.47,133.11,0.78,241.87
2026-02-03 12:00:04.245,8.15,122.64,READY,3.14,0.72,115.38,0.58,241.87
2026-02-03 12:00:04.378,8.53,117.28,READY,2.24,0.70,111.60,0.58,241.87
2026-02-03 12:00:04.509,8.71,114.87,READY,2.41,0.69,109.03,0.56,241.87
2026-02-03 12:00:04.746,4.51,221.65,READY,1.79,114.86,102.12,0.59,241.87
2026-02-03 12:00:04.901,7.56,132.35,READY,1.27,0.58,127.49,0.75,241.87
2026-02-03 12:00:05.040,8.17,122.36,READY,1.33,1.19,114.71,0.61,241.87
2026-02-03 12:00:05.170,8.82,113.35,READY,2.09,0.77,107.41,0.57,241.87
2026-02-03 12:00:05.301,8.65,115.59,READY,2.08,0.57,109.84,0.57,241.87
2026-02-03 12:00:05.541,4.47,223.47,READY,2.12,115.34,103.12,0.58,241.87
2026-02-03 12:00:05.677,8.71,114.85,READY,2.28,1.28,107.97,0.57,241.87
2026-02-03 12:00:05.814,8.31,120.39,READY,1.99,0.65,113.96,0.72,241.87
2026-02-03 12:00:05.951,8.27,120.98,READY,1.69,1.18,114.74,0.55,241.87
2026-02-03 12:00:06.081,8.77,114.05,READY,1.97,0.72,108.15,0.53,241.87
2026-02-03 12:00:06.320,4.48,222.97,READY,2.24,114.90,102.06,0.62,241.87
2026-02-03 12:00:06.484,7.10,140.75,READY,1.74,1.33,133.66,0.71,241.87
2026-02-03 12:00:06.647,6.93,144.30,READY,1.30,1.15,135.38,0.58,241.87
2026-02-03 12:00:06.785,8.17,122.44,READY,2.24,0.58,114.84,0.59,241.87
2026-02-03 12:00:06.925,8.29,120.70,READY,1.25,0.57,115.61,0.61,241.87
2026-02-03 12:00:07.163,4.51,221.94,READY,2.24,112.81,102.82,0.57,241.87
2026-02-03 12:00:07.306,8.21,121.87,READY,1.32,1.38,115.43,0.64,241.87
2026-02-03 12:00:07.444,8.28,120.74,READY,2.35,1.64,112.37,0.64,241.87
2026-02-03 12:00:07.576,8.57,116.70,READY,2.12,1.14,109.29,0.61,241.87
2026-02-03 12:00:07.706,8.78,113.83,READY,2.23,0.71,106.69,0.57,241.87
2026-02-03 12:00:07.946,4.47,223.82,READY,1.99,112.16,106.25,0.59,241.87
2026-02-03 12:00:08.083,8.62,115.96,READY,1.49,0.55,111.13,0.67,241.87
2026-02-03 12:00:08.219,8.41,118.90,READY,2.39,0.58,111.59,0.57,241.87
2026-02-03 12:00:08.349,8.78,113.93,READY,2.30,0.63,108.20,0.62,241.87
2026-02-03 12:00:08.480,8.71,114.75,READY,2.23,0.49,108.09,0.65,241.87
2026-02-03 12:00:08.719,4.56,219.33,READY,1.40,113.30,101.39,0.61,241.87
2026-02-03 12:00:08.861,8.24,121.42,READY,1.49,1.61,114.75,0.67,241.87
2026-02-03 12:00:09.006,7.86,127.18,READY,7.45,0.69,115.33,0.60,241.87
2026-02-03 12:00:09.139,8.58,116.56,READY,2.12,1.04,109.88,0.54,241.87
2026-02-03 12:00:09.268,8.85,112.98,READY,1.97,1.18,105.32,0.71,241.87
2026-02-03 12:00:09.517,4.29,232.94,READY,2.12,125.40,101.28,0.55,241.87
2026-02-03 12:00:09.656,8.24,121.34,READY,2.54,0.53,113.43,0.71,241.87
2026-02-03 12:00:09.793,8.38,119.34,READY,2.40,0.66,111.88,0.83,241.87
2026-02-03 12:00:09.925,8.64,115.80,READY,2.13,0.50,108.76,0.59,241.87
2026-02-03 12:00:10.054,8.81,113.54,READY,2.09,0.61,107.30,0.59,241.87
2026-02-03 12:00:10.301,4.33,231.10,READY,2.30,123.84,101.54,0.56,241.87
2026-02-03 12:00:10.447,8.07,123.95,READY,1.79,1.41,116.89,0.73,241.87
2026-02-03 12:00:10.583,8.37,119.41,READY,1.65,1.42,111.81,0.57,241.87
2026-02-03 12:00:10.716,8.56,116.77,READY,2.42,1.10,108.55,0.57,241.87
2026-02-03 12:00:10.845,8.80,113.66,READY,2.61,0.52,105.75,0.59,241.87
2026-02-03 12:00:11.084,4.50,222.38,READY,2.33,114.43,101.72,0.55,241.87
2026-02-03 12:00:11.223,8.43,118.68,READY,1.40,0.58,113.90,0.73,241.87
2026-02-03 12:00:11.365,8.19,122.17,READY,1.81,0.67,113.49,0.60,241.87
2026-02-03 12:00:11.497,8.67,115.30,READY,2.15,0.52,108.74,0.56,241.87
2026-02-03 12:00:11.627,8.76,114.13,READY,2.82,0.54,106.70,0.60,241.87
2026-02-03 12:00:11.875,4.30,232.38,READY,2.11,124.93,101.79,0.61,241.87
2026-02-03 12:00:12.024,7.87,127.09,READY,2.27,0.74,120.85,0.68,241.87
2026-02-03 12:00:12.166,8.01,124.79,READY,2.40,1.17,115.78,0.58,241.87
2026-02-03 12:00:12.295,8.90,112.38,READY,2.44,0.94,105.38,0.57,241.87
2026-02-03 12:00:12.425,8.70,114.91,READY,3.95,0.90,106.52,0.55,241.87
2026-02-03 12:00:12.662,4.53,220.54,READY,2.28,114.11,101.21,0.56,241.87
2026-02-03 12:00:12.808,7.96,125.70,READY,1.53,0.61,120.80,0.72,241.87
2026-02-03 12:00:12.947,8.24,121.39,READY,2.05,0.65,115.96,0.53,241.87
2026-02-03 12:00:13.079,8.62,116.02,READY,2.10,1.03,109.05,0.70,241.87
2026-02-03 12:00:13.208,8.81,113.47,READY,2.03,0.97,106.51,0.54,241.87
2026-02-03 12:00:13.444,4.55,219.69,READY,2.03,112.47,101.36,0.55,241.87
2026-02-03 12:00:13.587,8.18,122.22,READY,1.27,1.39,115.66,0.74,241.87
2026-02-03 12:00:13.726,8.17,122.42,READY,2.87,1.27,112.71,1.42,241.87
2026-02-03 12:00:13.863,8.29,120.66,READY,4.18,0.73,112.67,0.55,241.87
2026-02-03 12:00:13.993,8.85,112.98,READY,1.87,0.53,106.78,0.56,241.87
2026-02-03 12:00:14.329,3.12,320.44,READY,2.19,213.82,101.28,0.54,241.87
2026-02-03 12:00:14.472,8.19,122.14,READY,1.43,1.46,116.18,0.66,241.87
2026-02-03 12:00:14.609,8.32,120.14,READY,2.09,0.63,113.83,0.56,241.87
2026-02-03 12:00:14.742,8.55,116.91,READY,1.92,0.60,111.05,0.58,241.87
2026-02-03 12:00:14.872,8.76,114.19,READY,1.88,0.53,108.01,0.59,241.87
2026-02-03 12:00:15.111,4.47,223.57,READY,1.94,116.74,101.92,0.59,241.87
2026-02-03 12:00:15.259,7.84,127.50,READY,1.69,0.71,121.97,0.74,241.87
2026-02-03 12:00:15.394,8.47,118.04,READY,2.39,0.78,111.78,0.59,241.87
2026-02-03 12:00:15.526,8.63,115.91,READY,2.44,0.52,108.27,0.72,241.87
2026-02-03 12:00:15.658,8.57,116.73,READY,5.26,0.68,108.11,0.61,241.87
2026-02-03 12:00:15.899,4.45,224.68,READY,2.48,115.07,102.51,0.56,241.87
2026-02-03 12:00:16.042,8.19,122.14,READY,1.36,1.54,114.99,0.68,241.87
2026-02-03 12:00:16.180,8.28,120.80,READY,2.38,1.01,114.01,0.56,241.87
2026-02-03 12:00:16.309,8.84,113.09,READY,2.38,0.59,107.34,0.56,241.87
2026-02-03 12:00:16.440,8.68,115.25,READY,1.80,0.61,109.96,0.53,241.87
2026-02-03 12:00:16.678,4.50,222.25,READY,2.08,115.62,100.60,0.58,241.87
2026-02-03 12:00:16.825,8.03,124.52,READY,1.31,0.65,119.55,0.68,241.81
2026-02-03 12:00:16.965,8.11,123.34,READY,1.62,1.46,116.06,0.58,241.81
2026-02-03 12:00:17.097,8.63,115.84,READY,5.30,0.68,107.04,0.61,241.81
2026-02-03 12:00:17.230,8.58,116.60,READY,5.29,0.63,108.04,0.58,241.81
2026-02-03 12:00:17.468,4.49,222.77,READY,5.61,114.52,100.05,0.54,241.81
2026-02-03 12:00:17.611,8.24,121.31,READY,1.36,0.71,116.56,0.69,241.81
2026-02-03 12:00:17.749,8.41,118.85,READY,2.50,0.91,112.02,0.54,241.81
2026-02-03 12:00:17.887,8.16,122.49,READY,2.26,1.06,114.51,0.83,241.81
2026-02-03 12:00:18.017,8.85,112.94,READY,1.49,0.94,105.76,0.57,241.81
2026-02-03 12:00:18.255,4.51,221.70,READY,2.34,114.67,100.53,0.56,241.81
2026-02-03 12:00:18.396,8.33,120.00,READY,1.27,1.61,113.68,0.69,241.81
2026-02-03 12:00:18.531,8.47,118.08,READY,2.32,0.69,111.33,0.58,241.81
2026-02-03 12:00:18.660,8.84,113.15,READY,1.95,1.01,106.10,0.58,241.81
2026-02-03 12:00:18.789,8.87,112.68,READY,2.14,0.72,107.09,0.58,241.81
2026-02-03 12:00:19.029,4.46,224.32,READY,1.56,115.02,104.29,0.56,241.81
2026-02-03 12:00:19.169,8.23,121.51,READY,1.32,0.97,114.44,0.69,241.81
2026-02-03 12:00:19.303,8.55,116.91,READY,2.36,0.68,109.49,0.81,241.81
2026-02-03 12:00:19.434,8.68,115.21,READY,2.06,0.61,109.23,0.60,241.81
2026-02-03 12:00:19.562,8.95,111.68,READY,1.91,0.55,105.64,0.60,241.81
2026-02-03 12:00:19.747,5.89,169.80,PRE_ADJUST,5.35,112.71,48.68,0.57,241.81
2026-02-03 12:00:19.974,4.87,205.43,PRE_ADJUST,1.40,0.12,199.80,0.57,241.81
2026-02-03 12:00:20.194,5.06,197.78,PRE_ADJUST,1.71,0.16,191.57,0.60,241.81
2026-02-03 12:00:20.414,5.03,198.96,PRE_ADJUST,2.20,0.06,193.63,0.58,241.81
2026-02-03 12:00:20.637,4.93,202.76,PRE_ADJUST,1.87,0.07,197.59,0.55,241.81
2026-02-03 12:00:20.863,4.90,204.04,PRE_ADJUST,2.73,0.06,198.13,0.59,241.81
2026-02-03 12:00:21.082,5.02,199.06,PRE_ADJUST,2.32,0.15,191.40,0.55,241.81
2026-02-03 12:00:21.345,4.23,236.60,PRE_ADJUST,3.17,0.12,226.40,0.63,241.81
2026-02-03 12:00:21.590,4.58,218.17,PRE_ADJUST,3.52,0.10,210.95,0.58,241.87
2026-02-03 12:00:21.818,4.88,204.73,PRE_ADJUST,1.96,0.10,198.39,0.64,241.87
2026-02-03 12:00:22.043,4.94,202.59,PRE_ADJUST,1.84,0.13,197.89,0.61,241.87
2026-02-03 12:00:22.265,4.99,200.60,PRE_ADJUST,1.90,0.07,195.68,0.58,241.87
2026-02-03 12:00:22.485,4.93,202.82,PRE_ADJUST,1.97,0.07,197.73,0.80,241.87
2026-02-03 12:00:22.711,4.81,207.96,PRE_ADJUST,1.48,0.75,201.68,0.54,241.87
2026-02-03 12:00:22.925,5.22,191.63,PRE_ADJUST,1.43,0.11,187.40,0.54,241.87
2026-02-03 12:00:23.151,4.86,205.77,PRE_ADJUST,2.66,0.07,200.49,0.54,241.87
2026-02-03 12:00:23.377,5.01,199.67,PRE_ADJUST,1.78,0.08,195.34,0.54,241.87
2026-02-03 12:00:23.595,5.12,195.24,PRE_ADJUST,1.40,0.13,190.75,0.77,241.87
2026-02-03 12:00:23.812,4.99,200.47,PRE_ADJUST,2.40,0.07,194.76,0.61,241.87
2026-02-03 12:00:24.026,5.20,192.37,PRE_ADJUST,1.38,0.16,187.95,0.57,241.87
2026-02-03 12:00:24.250,4.98,200.76,PRE_ADJUST,1.72,0.15,195.66,0.54,241.87
2026-02-03 12:00:24.467,5.13,195.06,PRE_ADJUST,1.41,0.13,190.75,0.71,241.87
2026-02-03 12:00:24.694,4.91,203.73,PRE_ADJUST,2.55,0.08,198.31,0.60,241.87
2026-02-03 12:00:24.919,4.95,202.14,PRE_ADJUST,1.77,0.09,196.82,0.72,241.87
2026-02-03 12:00:25.137,5.15,194.23,PRE_ADJUST,1.74,0.06,189.87,0.56,241.87
2026-02-03 12:00:25.360,4.99,200.33,PRE_ADJUST,1.48,0.07,196.08,0.68,241.87
2026-02-03 12:00:25.585,4.99,200.55,PRE_ADJUST,2.62,0.08,195.01,0.58,241.87
2026-02-03 12:00:25.801,5.16,193.68,PRE_ADJUST,1.45,0.07,188.48,1.56,241.87
2026-02-03 12:00:26.022,5.03,198.85,PRE_ADJUST,1.47,0.07,194.47,0.63,241.87
2026-02-03 12:00:26.244,5.02,199.25,PRE_ADJUST,2.36,0.06,192.73,0.59,241.87
2026-02-03 12:00:26.327,16.41,60.94,ADJUST,1.39,0.37,56.43,0.57,241.87
2026-02-03 12:00:26.609,3.94,253.49,ADJUST,29.99,111.96,107.25,0.61,241.87
2026-02-03 12:00:26.751,8.38,119.37,ADJUST,1.49,1.70,112.99,0.56,241.87
2026-02-03 12:00:26.892,8.04,124.36,ADJUST,2.07,1.34,114.28,0.54,241.87
2026-02-03 12:00:27.048,7.13,140.29,ADJUST,2.03,1.27,133.26,0.57,241.87
2026-02-03 12:00:27.182,8.49,117.72,ADJUST,2.22,0.79,110.29,0.53,241.87
2026-02-03 12:00:27.415,4.61,216.71,ADJUST,2.44,116.87,93.95,0.62,241.87
2026-02-03 12:00:27.539,9.55,104.67,ADJUST,2.32,0.97,98.85,0.57,241.87
2026-02-03 12:00:27.675,8.40,119.01,ADJUST,2.47,2.05,111.17,0.80,241.87
2026-02-03 12:00:27.797,9.39,106.54,ADJUST,2.18,1.29,100.20,0.60,241.87
2026-02-03 12:00:27.917,9.61,104.11,ADJUST,2.30,0.84,97.12,0.64,241.87
2026-02-03 12:00:28.156,4.49,222.56,ADJUST,2.33,110.73,105.72,0.55,241.87
2026-02-03 12:00:28.291,8.76,114.10,ADJUST,1.45,1.76,107.26,0.72,241.87
2026-02-03 12:00:28.427,9.18,108.98,ADJUST,2.80,2.05,100.85,0.62,241.87
2026-02-03 12:00:28.557,8.83,113.26,ADJUST,9.36,2.78,97.78,0.60,241.87
2026-02-03 12:00:28.689,8.70,114.94,ADJUST,11.52,1.66,98.32,0.58,241.87
2026-02-03 12:00:28.939,4.29,233.33,ADJUST,2.68,110.56,115.74,0.73,241.87
2026-02-03 12:00:29.066,9.42,106.21,ADJUST,2.30,1.70,98.37,0.63,241.87
2026-02-03 12:00:29.197,9.21,108.53,ADJUST,2.92,1.63,100.44,0.55,241.87
2026-02-03 12:00:29.322,9.23,108.30,ADJUST,2.33,2.06,99.57,0.59,241.87
2026-02-03 12:00:29.448,9.11,109.75,ADJUST,2.35,1.16,101.89,0.66,241.87
2026-02-03 12:00:29.716,3.98,250.95,ADJUST,2.60,126.91,112.75,0.59,241.87
2026-02-03 12:00:29.847,9.20,108.64,ADJUST,2.61,1.94,99.93,0.63,241.87
2026-02-03 12:00:29.994,8.10,123.43,ADJUST,1.72,2.23,116.05,0.59,241.87
2026-02-03 12:00:30.115,9.58,104.38,ADJUST,1.96,1.28,97.95,0.89,241.87
2026-02-03 12:00:30.235,9.63,103.90,ADJUST,1.95,1.76,96.76,0.59,241.87
2026-02-03 12:00:30.591,2.94,340.63,ADJUST,2.24,225.05,110.11,0.62,241.87
2026-02-03 12:00:30.729,8.57,116.73,ADJUST,1.28,1.32,110.52,0.55,241.87
2026-02-03 12:00:30.864,8.50,117.65,ADJUST,2.11,0.77,111.29,0.58,241.87
2026-02-03 12:00:30.999,8.39,119.17,ADJUST,2.21,1.12,111.77,0.54,241.87
2026-02-03 12:00:31.135,8.46,118.16,ADJUST,1.96,0.75,112.55,0.72,241.87
2026-02-03 12:00:31.465,3.19,313.21,ADJUST,2.83,127.06,179.08,0.55,241.87
2026-02-03 12:00:31.680,5.14,194.65,ADJUST,1.78,1.62,187.93,0.54,241.87
2026-02-03 12:00:31.908,4.74,211.01,ADJUST,2.08,0.90,204.40,0.62,241.87
2026-02-03 12:00:32.115,5.26,190.05,ADJUST,2.43,2.30,181.62,0.79,241.87
2026-02-03 12:00:32.321,5.26,190.14,ADJUST,1.84,1.03,184.73,0.61,241.87
2026-02-03 12:00:32.574,4.21,237.49,ADJUST,2.27,125.37,107.02,0.56,241.87
2026-02-03 12:00:32.723,7.99,125.23,ADJUST,1.50,1.45,118.51,0.68,241.87
2026-02-03 12:00:32.871,7.69,130.05,ADJUST,2.83,1.92,120.68,0.82,241.87
2026-02-03 12:00:33.005,8.48,117.93,ADJUST,2.12,0.78,111.49,1.03,241.87
2026-02-03 12:00:33.138,8.55,116.96,ADJUST,2.10,0.73,109.99,0.59,241.87
2026-02-03 12:00:33.378,4.46,224.06,ADJUST,2.06,113.07,105.30,0.58,241.87
2026-02-03 12:00:33.535,7.36,135.85,ADJUST,1.35,1.62,129.13,0.64,241.87
2026-02-03 12:00:33.675,8.14,122.91,ADJUST,6.28,0.88,112.06,0.53,241.87
2026-02-03 12:00:33.809,8.53,117.22,ADJUST,2.05,1.38,109.99,0.55,241.87
2026-02-03 12:00:33.943,8.45,118.40,ADJUST,2.11,0.97,111.36,0.56,241.87
2026-02-03 12:00:34.184,4.43,225.53,ADJUST,1.42,115.25,104.33,0.57,241.87
2026-02-03 12:00:34.336,7.64,130.87,ADJUST,1.71,1.62,123.59,0.70,241.87
2026-02-03 12:00:34.476,8.17,122.43,ADJUST,2.39,0.95,114.82,0.59,241.87
2026-02-03 12:00:34.615,8.37,119.48,ADJUST,1.95,1.53,112.22,0.55,241.87
2026-02-03 12:00:34.748,8.53,117.28,ADJUST,2.20,0.77,109.83,0.55,241.87
2026-02-03 12:00:34.993,4.36,229.49,ADJUST,2.23,115.71,107.17,0.56,241.87
2026-02-03 12:00:35.143,7.83,127.77,ADJUST,1.55,1.66,120.27,0.71,241.87
2026-02-03 12:00:35.282,8.23,121.52,ADJUST,2.18,0.61,113.62,0.53,241.87
2026-02-03 12:00:35.417,8.44,118.49,ADJUST,2.49,1.66,110.43,0.56,241.87
2026-02-03 12:00:35.551,8.44,118.43,ADJUST,2.22,1.38,111.90,0.66,241.87
2026-02-03 12:00:35.799,4.32,231.67,ADJUST,2.17,120.56,106.10,0.54,241.87
2026-02-03 12:00:35.945,7.95,125.78,ADJUST,1.45,0.75,120.83,0.67,241.87
2026-02-03 12:00:36.087,8.01,124.84,ADJUST,2.24,0.96,117.87,0.56,241.87
2026-02-03 12:00:36.222,8.39,119.19,ADJUST,2.00,1.36,111.65,0.62,241.87
2026-02-03 12:00:36.356,8.52,117.36,ADJUST,1.69,0.66,111.62,0.56,241.87
2026-02-03 12:00:36.596,4.46,224.20,ADJUST,1.83,113.05,105.38,0.58,241.87
2026-02-03 12:00:36.742,7.98,125.33,ADJUST,1.26,1.71,119.26,0.62,241.87
2026-02-03 12:00:36.882,8.13,122.93,ADJUST,2.34,1.40,115.04,0.54,241.87
2026-02-03 12:00:37.015,8.51,117.56,ADJUST,2.18,0.72,111.06,0.61,241.87
2026-02-03 12:00:37.150,8.45,118.39,ADJUST,2.22,0.94,110.69,0.54,241.87
2026-02-03 12:00:37.392,4.41,226.69,ADJUST,2.21,114.61,106.20,0.60,241.87
2026-02-03 12:00:37.540,7.88,126.85,ADJUST,1.35,1.62,119.79,0.82,241.87
2026-02-03 12:00:37.682,8.33,120.08,ADJUST,1.74,0.70,114.08,0.66,241.87
2026-02-03 12:00:37.816,8.51,117.55,ADJUST,2.05,0.74,111.30,0.57,241.87
2026-02-03 12:00:37.948,8.54,117.08,ADJUST,1.95,1.38,109.50,0.59,241.87
2026-02-03 12:00:38.188,4.47,223.81,ADJUST,1.86,115.03,104.24,0.57,241.87
2026-02-03 12:00:38.338,7.80,128.23,ADJUST,1.95,1.64,121.13,0.68,241.87
2026-02-03 12:00:38.479,8.25,121.27,ADJUST,2.00,0.97,114.85,1.10,241.87
2026-02-03 12:00:38.615,8.46,118.16,ADJUST,1.88,1.18,111.78,0.61,241.87
2026-02-03 12:00:38.747,8.59,116.38,ADJUST,2.34,1.63,109.42,0.59,241.87
2026-02-03 12:00:38.968,4.90,204.23,TAKE_PICTURE,2.26,114.71,84.46,0.58,241.87
2026-02-03 12:00:39.171,5.33,187.54,TAKE_PICTURE,2.25,0.97,179.60,0.55,241.87
2026-02-03 12:00:39.369,5.68,176.18,TAKE_PICTURE,1.95,2.40,167.96,0.55,241.87
2026-02-03 12:00:39.576,5.42,184.41,TAKE_PICTURE,1.40,2.66,177.56,0.60,241.87
2026-02-03 12:00:39.771,5.81,172.21,TAKE_PICTURE,1.42,1.16,167.18,0.56,241.87
2026-02-03 12:00:40.086,3.43,291.84,TAKE_PICTURE,1.52,115.52,171.79,0.58,241.87
2026-02-03 12:00:40.286,5.66,176.56,TAKE_PICTURE,1.96,1.27,168.67,0.54,241.87
2026-02-03 12:00:40.477,5.75,173.95,TAKE_PICTURE,2.17,1.11,167.59,0.54,241.87
2026-02-03 12:00:40.669,5.66,176.54,TAKE_PICTURE,2.32,1.31,169.93,0.67,241.87
2026-02-03 12:00:40.870,5.42,184.62,TAKE_PICTURE,3.39,0.79,175.39,0.61,241.87
2026-02-03 12:00:41.163,3.61,277.18,TAKE_PICTURE,1.97,114.17,157.42,0.57,241.87
2026-02-03 12:00:41.361,5.50,181.92,TAKE_PICTURE,2.03,0.53,175.02,0.60,241.87
2026-02-03 12:00:41.547,5.89,169.88,TAKE_PICTURE,2.26,0.53,163.28,0.60,241.87
2026-02-03 12:00:41.734,5.85,170.82,TAKE_PICTURE,2.08,1.13,163.34,0.59,241.87
2026-02-03 12:00:41.919,5.93,168.77,TAKE_PICTURE,2.33,0.61,162.14,0.71,241.87
2026-02-03 12:00:42.211,3.61,276.76,TAKE_PICTURE,2.04,114.17,157.14,0.55,241.87
2026-02-03 12:00:42.423,5.28,189.24,TAKE_PICTURE,1.30,1.65,181.05,0.54,241.87
2026-02-03 12:00:42.616,5.69,175.64,TAKE_PICTURE,2.13,0.72,169.33,0.58,241.87
2026-02-03 12:00:42.803,5.85,171.01,TAKE_PICTURE,2.41,0.81,163.60,0.52,241.87
2026-02-03 12:00:42.999,5.55,180.12,TAKE_PICTURE,2.40,0.54,172.52,0.52,241.87
2026-02-03 12:00:43.291,3.63,275.28,TAKE_PICTURE,2.55,111.15,157.27,0.68,241.87
2026-02-03 12:00:43.502,5.27,189.79,TAKE_PICTURE,3.95,0.59,181.54,0.59,241.87
2026-02-03 12:00:43.692,5.78,173.09,TAKE_PICTURE,1.98,0.87,165.30,0.58,241.87
2026-02-03 12:00:43.882,5.77,173.36,TAKE_PICTURE,2.18,1.09,165.82,0.55,241.87
2026-02-03 12:00:44.071,5.77,173.30,TAKE_PICTURE,2.33,0.90,166.35,0.57,241.87
2026-02-03 12:00:44.374,3.49,286.89,TAKE_PICTURE,2.07,120.18,159.82,0.59,241.87
2026-02-03 12:00:44.581,5.35,186.82,TAKE_PICTURE,1.29,1.57,180.24,0.61,241.87
2026-02-03 12:00:44.773,5.71,175.10,TAKE_PICTURE,2.39,1.04,167.08,0.58,241.87
2026-02-03 12:00:44.962,5.79,172.80,TAKE_PICTURE,2.40,0.92,165.08,0.67,241.87
2026-02-03 12:00:45.150,5.83,171.62,TAKE_PICTURE,2.43,0.57,164.98,0.60,241.87
2026-02-03 12:00:45.458,3.42,292.17,TAKE_PICTURE,1.80,128.72,158.63,0.55,241.87
2026-02-03 12:00:45.663,5.46,183.26,TAKE_PICTURE,1.49,1.40,177.04,0.66,241.87
2026-02-03 12:00:45.851,5.83,171.65,TAKE_PICTURE,2.10,0.55,165.72,0.55,241.87
2026-02-03 12:00:46.038,5.86,170.52,TAKE_PICTURE,1.96,0.50,164.89,0.57,241.87
2026-02-03 12:00:46.225,5.82,171.78,TAKE_PICTURE,2.05,0.57,165.82,0.57,241.87
2026-02-03 12:00:46.524,3.54,282.43,TAKE_PICTURE,2.01,120.88,156.34,0.58,241.87
2026-02-03 12:00:46.729,5.44,183.82,TAKE_PICTURE,1.37,1.32,177.43,0.60,241.87
2026-02-03 12:00:46.918,5.80,172.35,TAKE_PICTURE,4.90,0.71,164.18,0.56,241.87
2026-02-03 12:00:47.110,5.73,174.48,TAKE_PICTURE,1.54,0.76,168.86,0.66,241.87
2026-02-03 12:00:47.296,5.87,170.36,TAKE_PICTURE,2.50,0.86,162.83,0.57,241.87
2026-02-03 12:00:47.596,3.52,284.05,TAKE_PICTURE,2.40,119.41,157.94,0.59,241.87
2026-02-03 12:00:47.800,5.47,182.73,TAKE_PICTURE,1.61,1.39,175.76,0.62,241.87
2026-02-03 12:00:47.992,5.79,172.82,TAKE_PICTURE,2.08,0.59,166.27,0.53,241.87
2026-02-03 12:00:48.183,5.72,174.77,TAKE_PICTURE,2.30,0.94,167.99,0.60,241.87
2026-02-03 12:00:48.367,5.93,168.52,TAKE_PICTURE,2.12,0.59,162.53,0.55,241.87
2026-02-03 12:00:48.659,3.63,275.55,TAKE_PICTURE,2.19,111.52,157.44,0.57,241.87
2026-02-03 12:00:48.863,5.46,183.27,TAKE_PICTURE,1.36,1.43,177.23,0.54,241.87
2026-02-03 12:00:49.052,5.79,172.64,TAKE_PICTURE,2.33,1.17,164.82,0.57,241.87
2026-02-03 12:00:49.241,5.79,172.74,TAKE_PICTURE,2.34,1.11,165.12,0.59,241.87
2026-02-03 12:00:49.427,5.89,169.72,TAKE_PICTURE,2.31,0.94,162.45,0.53,241.87
2026-02-03 12:00:49.731,3.47,287.86,TAKE_PICTURE,3.10,121.33,159.25,0.58,241.87
2026-02-03 12:00:49.938,5.41,184.81,TAKE_PICTURE,2.54,1.14,177.86,0.56,241.87
2026-02-03 12:00:50.125,5.85,170.96,TAKE_PICTURE,1.96,0.62,164.98,0.55,241.87
2026-02-03 12:00:50.316,5.72,174.69,TAKE_PICTURE,2.01,0.53,168.85,0.68,241.87
2026-02-03 12:00:50.505,5.78,172.97,TAKE_PICTURE,1.94,0.56,167.26,0.58,241.87
2026-02-03 12:00:50.796,3.64,274.69,TAKE_PICTURE,2.01,111.67,158.00,0.55,241.87
2026-02-03 12:00:50.999,5.49,182.11,TAKE_PICTURE,1.68,1.53,175.48,0.55,241.87
2026-02-03 12:00:51.190,5.78,173.12,TAKE_PICTURE,2.38,1.13,164.59,0.54,241.87
2026-02-03 12:00:51.375,5.90,169.63,TAKE_PICTURE,2.31,0.98,162.19,0.66,241.87
2026-02-03 12:00:51.560,5.91,169.26,TAKE_PICTURE,2.25,1.11,161.91,0.54,241.87
2026-02-03 12:00:51.953,2.65,377.04,TAKE_PICTURE,2.31,214.75,156.44,0.54,241.87
2026-02-03 12:00:52.156,5.51,181.48,TAKE_PICTURE,1.36,1.36,174.86,0.54,241.87
2026-02-03 12:00:52.344,5.81,172.01,TAKE_PICTURE,1.99,0.82,165.12,0.55,241.87
2026-02-03 12:00:52.531,5.87,170.34,TAKE_PICTURE,1.99,0.87,163.48,0.61,241.87
2026-02-03 12:00:52.716,5.90,169.59,TAKE_PICTURE,2.21,0.98,162.24,0.54,241.87
2026-02-03 12:00:53.014,3.55,281.86,TAKE_PICTURE,2.28,117.65,157.68,0.55,241.87
2026-02-03 12:00:53.217,5.50,181.67,TAKE_PICTURE,1.41,1.43,175.42,0.61,241.87
2026-02-03 12:00:53.404,5.86,170.75,TAKE_PICTURE,2.30,1.14,162.94,0.54,241.87
2026-02-03 12:00:53.592,5.82,171.75,TAKE_PICTURE,2.36,1.14,164.11,0.60,241.87
2026-02-03 12:00:53.782,5.75,173.81,TAKE_PICTURE,2.30,1.13,166.39,0.53,241.87
2026-02-03 12:00:54.041,4.11,243.32,TAKE_PICTURE,2.29,116.30,120.70,0.64,241.87
2026-02-03 12:00:54.211,6.74,148.41,TAKE_PICTURE,1.51,0.18,143.36,0.60,241.87
2026-02-03 12:00:54.373,7.25,137.95,TAKE_PICTURE,1.49,0.11,133.39,0.55,241.87
2026-02-03 12:00:54.530,7.39,135.24,TAKE_PICTURE,2.34,0.09,130.24,0.55,241.87
2026-02-03 12:00:54.700,6.76,147.94,TAKE_PICTURE,1.36,0.15,143.36,0.73,241.87
2026-02-03 12:00:54.862,7.22,138.46,TAKE_PICTURE,1.52,0.12,132.74,0.59,241.87
2026-02-03 12:00:55.023,7.27,137.50,TAKE_PICTURE,1.63,0.14,131.69,0.57,241.87
2026-02-03 12:00:55.181,7.39,135.31,TAKE_PICTURE,1.59,0.16,130.44,0.59,241.87
2026-02-03 12:00:55.348,6.97,143.56,TAKE_PICTURE,1.32,0.15,139.08,0.73,241.87
2026-02-03 12:00:55.507,7.35,136.04,TAKE_PICTURE,1.33,0.18,131.55,0.55,241.87
2026-02-03 12:00:55.665,7.36,135.82,TAKE_PICTURE,2.06,0.08,131.01,0.55,241.87
2026-02-03 12:00:55.832,6.95,143.92,TAKE_PICTURE,1.38,0.13,139.32,0.70,241.87
2026-02-03 12:00:55.993,7.29,137.17,TAKE_PICTURE,1.43,0.13,132.89,0.55,241.87
2026-02-03 12:00:56.149,7.49,133.53,TAKE_PICTURE,1.38,0.10,129.57,0.55,241.87
2026-02-03 12:00:56.307,7.36,135.82,TAKE_PICTURE,1.37,0.11,131.78,0.57,241.87
2026-02-03 12:00:56.476,6.83,146.46,TAKE_PICTURE,1.51,0.09,142.31,0.56,241.87
2026-02-03 12:00:56.636,7.30,137.02,TAKE_PICTURE,1.78,0.08,132.50,0.57,241.87
2026-02-03 12:00:56.792,7.54,132.68,TAKE_PICTURE,1.28,0.13,128.40,0.56,241.87
2026-02-03 12:00:56.950,7.44,134.44,TAKE_PICTURE,1.39,0.08,130.44,0.65,241.87
2026-02-03 12:00:57.110,7.25,137.90,TAKE_PICTURE,1.39,0.08,133.24,1.29,241.87
2026-02-03 12:00:57.286,6.57,152.25,TAKE_PICTURE,2.93,0.17,145.65,0.54,241.87
2026-02-03 12:00:57.445,7.35,136.03,TAKE_PICTURE,1.42,0.16,131.98,0.58,241.87
2026-02-03 12:00:57.601,7.48,133.71,TAKE_PICTURE,1.30,0.19,129.35,0.56,241.87
2026-02-03 12:00:57.759,7.40,135.14,TAKE_PICTURE,1.29,0.17,130.33,0.84,241.87
2026-02-03 12:00:57.957,5.87,170.47,TAKE_PICTURE,4.42,0.12,160.76,0.59,241.87
2026-02-03 12:00:58.128,6.86,145.82,TAKE_PICTURE,2.06,0.12,139.99,0.57,241.87
2026-02-03 12:00:58.297,6.98,143.30,TAKE_PICTURE,2.53,0.14,136.93,0.55,241.87
2026-02-03 12:00:58.464,6.98,143.32,TAKE_PICTURE,1.41,0.12,137.65,0.54,241.87
2026-02-03 12:00:58.639,6.61,151.25,TAKE_PICTURE,1.28,0.12,145.57,0.62,241.87
2026-02-03 12:00:58.806,7.04,142.02,TAKE_PICTURE,1.95,0.12,135.79,0.60,241.87
2026-02-03 12:00:58.973,6.99,142.98,TAKE_PICTURE,2.48,0.12,136.71,0.57,241.87
2026-02-03 12:00:59.142,6.97,143.39,TAKE_PICTURE,2.27,0.11,136.99,0.68,241.87
2026-02-03 12:00:59.311,6.83,146.41,TAKE_PICTURE,2.11,0.08,140.25,0.61,241.87
2026-02-03 12:00:59.484,6.73,148.65,TAKE_PICTURE,2.29,0.10,142.69,0.57,241.87
2026-02-03 12:00:59.648,6.93,144.36,TAKE_PICTURE,1.70,0.18,138.82,0.77,241.87
2026-02-03 12:00:59.814,6.96,143.71,TAKE_PICTURE,1.52,0.10,138.45,0.62,241.87
2026-02-03 12:00:59.967,7.67,130.32,TAKE_PICTURE,1.72,0.11,125.64,0.64,241.87
2026-02-03 12:01:00.133,6.99,143.03,TAKE_PICTURE,1.50,0.08,138.56,0.69,241.87
2026-02-03 12:01:00.300,6.83,146.42,TAKE_PICTURE,3.54,0.07,138.38,1.02,241.87
2026-02-03 12:01:00.457,7.40,135.21,TAKE_PICTURE,1.46,0.12,130.04,0.54,241.87
2026-02-03 12:01:00.614,7.49,133.60,TAKE_PICTURE,1.32,0.11,128.59,0.57,241.87
2026-02-03 12:01:00.768,7.61,131.48,TAKE_PICTURE,1.96,0.08,126.26,0.71,241.87
2026-02-03 12:01:00.939,6.84,146.19,TAKE_PICTURE,1.78,0.17,140.65,0.62,241.87
2026-02-03 12:01:01.094,7.57,132.17,TAKE_PICTURE,2.62,0.15,125.66,0.56,241.87
2026-02-03 12:01:01.249,7.61,131.46,TAKE_PICTURE,1.50,0.11,125.89,0.57,241.87
2026-02-03 12:01:01.366,10.68,93.61,PICTURE_COOLDOWN,1.30,7.55,81.52,0.54,241.87
2026-02-03 12:01:01.592,4.93,202.88,PICTURE_COOLDOWN,4.86,5.98,188.53,0.58,241.87
2026-02-03 12:01:01.807,5.12,195.12,PICTURE_COOLDOWN,1.77,4.07,186.12,0.58,241.87
2026-02-03 12:01:02.031,4.96,201.48,PICTURE_COOLDOWN,1.49,6.68,189.97,0.57,241.87
2026-02-03 12:01:02.249,5.12,195.16,PICTURE_COOLDOWN,1.43,6.05,184.72,0.57,241.87
2026-02-03 12:01:02.470,5.08,196.85,PICTURE_COOLDOWN,1.91,5.08,186.97,0.56,241.87
2026-02-03 12:01:02.692,5.01,199.70,PICTURE_COOLDOWN,1.40,6.11,189.22,0.71,241.87
2026-02-03 12:01:02.910,5.11,195.53,PICTURE_COOLDOWN,1.53,4.36,184.54,0.55,241.87
2026-02-03 12:01:03.126,5.13,194.81,PICTURE_COOLDOWN,2.15,3.70,186.25,0.65,241.87
2026-02-03 12:01:03.352,5.00,200.18,PICTURE_COOLDOWN,2.83,8.08,185.19,0.60,241.87
2026-02-03 12:01:03.571,5.08,196.67,PICTURE_COOLDOWN,2.00,5.18,186.20,1.12,241.87
2026-02-03 12:01:03.802,4.83,207.05,PICTURE_COOLDOWN,1.97,7.67,193.81,0.59,241.87
2026-02-03 12:01:04.015,5.23,191.39,PICTURE_COOLDOWN,2.55,4.56,181.45,0.61,241.87
2026-02-03 12:01:04.243,4.86,205.61,PICTURE_COOLDOWN,1.53,5.77,195.50,0.58,241.87
2026-02-03 12:01:04.457,5.23,191.27,PICTURE_COOLDOWN,1.45,5.36,181.68,0.56,241.87
2026-02-03 12:01:04.687,4.81,208.02,PICTURE_COOLDOWN,1.88,4.87,196.68,0.81,241.87
2026-02-03 12:01:04.913,5.03,198.95,PICTURE_COOLDOWN,1.59,4.06,190.76,0.56,241.87
2026-02-03 12:01:05.137,4.97,201.28,PICTURE_COOLDOWN,1.48,6.00,190.75,0.58,241.87
2026-02-03 12:01:05.351,5.24,190.91,PICTURE_COOLDOWN,1.49,5.43,181.01,0.58,241.87
2026-02-03 12:01:05.565,5.24,190.99,PICTURE_COOLDOWN,1.67,5.49,181.17,0.55,241.87
2026-02-03 12:01:05.792,4.89,204.44,PICTURE_COOLDOWN,1.47,6.69,192.78,0.78,241.87
2026-02-03 12:01:06.015,5.00,199.91,PICTURE_COOLDOWN,1.43,5.66,189.55,0.79,241.87
2026-02-03 12:01:06.242,4.91,203.76,PICTURE_COOLDOWN,2.45,4.32,194.03,0.58,241.87
2026-02-03 12:01:06.456,5.23,191.12,PICTURE_COOLDOWN,1.38,5.31,181.55,0.61,241.87
2026-02-03 12:01:06.682,4.95,202.07,PICTURE_COOLDOWN,1.96,5.99,191.12,0.54,241.87
2026-02-03 12:01:06.893,5.29,189.03,PICTURE_COOLDOWN,1.40,4.93,179.99,0.56,241.87
2026-02-03 12:01:07.118,4.96,201.50,PICTURE_COOLDOWN,1.39,6.10,190.80,0.56,241.87
2026-02-03 12:01:07.337,5.14,194.63,PICTURE_COOLDOWN,3.92,6.88,180.42,0.53,241.87
2026-02-03 12:01:07.545,5.37,186.32,PICTURE_COOLDOWN,1.83,3.84,177.71,0.54,241.87
2026-02-03 12:01:07.761,5.13,194.96,PICTURE_COOLDOWN,1.46,5.08,183.20,0.57,241.87
2026-02-03 12:01:07.967,5.45,183.48,PICTURE_COOLDOWN,1.31,0.15,178.59,0.59,241.87
2026-02-03 12:01:08.093,9.84,101.60,TAKE_PICTURE,2.44,0.40,95.03,0.55,241.87
2026-02-03 12:01:08.299,5.46,183.19,TAKE_PICTURE,11.39,1.98,166.53,0.55,241.87
2026-02-03 12:01:08.496,5.74,174.12,TAKE_PICTURE,1.37,2.35,166.69,0.55,241.87
2026-02-03 12:01:08.697,5.59,178.96,TAKE_PICTURE,1.75,1.15,173.27,0.77,241.87
2026-02-03 12:01:08.912,5.23,191.37,TAKE_PICTURE,2.05,1.39,184.77,0.63,241.87
2026-02-03 12:01:09.215,3.57,280.44,TAKE_PICTURE,1.48,115.51,160.56,0.58,241.87
2026-02-03 12:01:09.417,5.63,177.73,TAKE_PICTURE,1.70,1.36,171.20,0.57,241.87
2026-02-03 12:01:09.625,5.24,190.67,TAKE_PICTURE,2.30,1.31,183.92,0.57,241.87
2026-02-03 12:01:09.814,5.78,173.05,TAKE_PICTURE,1.84,0.91,167.55,0.54,241.87
2026-02-03 12:01:10.011,5.59,178.76,TAKE_PICTURE,2.65,0.58,168.55,3.82,241.87
2026-02-03 12:01:10.317,3.45,289.99,TAKE_PICTURE,4.63,116.54,165.98,0.55,241.87
2026-02-03 12:01:10.527,5.32,187.81,TAKE_PICTURE,1.70,1.41,181.33,0.58,241.87
2026-02-03 12:01:10.732,5.34,187.25,TAKE_PICTURE,1.63,0.54,181.70,0.64,241.87
2026-02-03 12:01:10.925,5.66,176.80,TAKE_PICTURE,5.98,0.63,167.46,0.53,241.87
2026-02-03 12:01:11.113,5.79,172.66,TAKE_PICTURE,2.25,0.63,167.18,0.54,241.87
2026-02-03 12:01:11.411,3.55,281.52,TAKE_PICTURE,5.17,114.87,158.44,1.02,241.87
2026-02-03 12:01:11.621,5.29,189.01,TAKE_PICTURE,2.36,1.30,181.79,0.56,241.87
2026-02-03 12:01:11.814,5.70,175.36,TAKE_PICTURE,2.23,1.47,167.07,0.56,241.87
2026-02-03 12:01:12.003,5.77,173.21,TAKE_PICTURE,2.44,0.72,166.73,0.55,241.87
2026-02-03 12:01:12.193,5.75,173.99,TAKE_PICTURE,2.27,0.71,168.19,0.61,241.87
2026-02-03 12:01:12.494,3.52,284.34,TAKE_PICTURE,5.13,115.22,161.05,0.62,241.87
2026-02-03 12:01:12.697,5.51,181.44,TAKE_PICTURE,1.32,0.61,176.63,0.61,241.87
2026-02-03 12:01:12.888,5.74,174.13,TAKE_PICTURE,2.27,1.28,166.17,0.58,241.87
2026-02-03 12:01:13.075,5.86,170.52,TAKE_PICTURE,2.33,0.71,163.37,0.55,241.87
2026-02-03 12:01:13.261,5.87,170.23,TAKE_PICTURE,2.31,1.04,162.81,0.59,241.87
2026-02-03 12:01:13.563,3.50,285.84,TAKE_PICTURE,2.29,121.52,157.99,0.56,241.87
2026-02-03 12:01:13.768,5.43,184.22,TAKE_PICTURE,1.89,1.41,177.05,0.53,241.87
2026-02-03 12:01:13.963,5.63,177.65,TAKE_PICTURE,2.05,1.03,171.57,0.59,241.87
2026-02-03 12:01:14.149,5.86,170.68,TAKE_PICTURE,2.07,0.54,164.89,0.58,241.87
2026-02-03 12:01:14.336,5.84,171.24,TAKE_PICTURE,5.12,0.71,162.86,0.53,241.87
2026-02-03 12:01:14.635,3.53,282.90,TAKE_PICTURE,2.18,119.15,158.84,0.53,241.87
2026-02-03 12:01:14.848,5.25,190.52,TAKE_PICTURE,2.82,1.28,182.55,0.54,241.87
2026-02-03 12:01:15.038,5.80,172.41,TAKE_PICTURE,2.24,1.14,164.47,0.71,241.87
2026-02-03 12:01:15.222,5.92,168.87,TAKE_PICTURE,2.22,0.96,161.54,0.58,241.87
2026-02-03 12:01:15.406,5.95,168.11,TAKE_PICTURE,2.24,1.15,160.24,0.60,241.87
2026-02-03 12:01:15.704,3.55,281.71,TAKE_PICTURE,2.19,119.40,156.03,0.54,241.87
2026-02-03 12:01:15.907,5.49,182.04,TAKE_PICTURE,1.47,1.58,176.07,0.56,241.87
2026-02-03 12:01:16.101,5.65,177.15,TAKE_PICTURE,2.17,1.07,169.92,0.62,241.87
2026-02-03 12:01:16.289,5.80,172.29,TAKE_PICTURE,1.99,0.60,165.69,0.58,241.87
2026-02-03 12:01:16.475,5.89,169.82,TAKE_PICTURE,5.08,0.72,161.50,0.55,241.87
2026-02-03 12:01:16.778,3.48,286.94,TAKE_PICTURE,2.01,123.07,157.84,0.54,241.87
2026-02-03 12:01:16.985,5.40,185.26,TAKE_PICTURE,1.55,1.44,179.25,0.55,241.87
2026-02-03 12:01:17.175,5.79,172.85,TAKE_PICTURE,2.05,0.54,166.62,0.59,241.87
2026-02-03 12:01:17.361,5.87,170.47,TAKE_PICTURE,1.97,0.61,164.45,0.58,241.87
2026-02-03 12:01:17.546,5.90,169.41,TAKE_PICTURE,1.97,0.67,162.67,0.61,241.87
2026-02-03 12:01:17.848,3.50,285.84,TAKE_PICTURE,1.92,123.24,157.15,0.56,241.87
2026-02-03 12:01:18.059,5.29,189.17,TAKE_PICTURE,2.51,1.44,181.11,0.58,241.87
2026-02-03 12:01:18.249,5.75,173.94,TAKE_PICTURE,2.14,0.72,168.36,0.56,241.87
2026-02-03 12:01:18.438,5.80,172.37,TAKE_PICTURE,5.10,0.71,163.99,0.61,241.87
2026-02-03 12:01:18.625,5.84,171.29,TAKE_PICTURE,4.83,0.72,163.21,0.54,241.87
2026-02-03 12:01:18.879,4.20,238.25,TAKE_PICTURE,2.31,114.23,117.66,0.53,241.87
2026-02-03 12:01:19.049,6.71,149.11,TAKE_PICTURE,1.33,0.14,143.61,0.60,241.87
2026-02-03 12:01:19.202,7.35,136.06,TAKE_PICTURE,2.34,0.08,130.32,0.59,241.87
2026-02-03 12:01:19.353,7.44,134.42,TAKE_PICTURE,2.39,0.08,128.70,0.55,241.87
2026-02-03 12:01:19.513,7.20,138.80,TAKE_PICTURE,3.03,0.21,131.62,0.56,241.87
2026-02-03 12:01:19.671,7.36,135.88,TAKE_PICTURE,1.34,0.17,131.14,0.56,241.87
2026-02-03 12:01:19.829,7.43,134.56,TAKE_PICTURE,1.25,0.14,129.63,0.62,241.87
2026-02-03 12:01:19.992,7.23,138.28,TAKE_PICTURE,2.73,0.20,129.19,0.59,241.87
2026-02-03 12:01:20.148,7.53,132.77,TAKE_PICTURE,1.33,0.14,127.96,0.58,241.87
2026-02-03 12:01:20.307,7.26,137.67,TAKE_PICTURE,1.44,0.07,130.25,0.71,241.87
2026-02-03 12:01:20.487,6.33,158.07,TAKE_PICTURE,2.13,0.20,150.83,0.56,241.87
2026-02-03 12:01:20.642,7.58,131.91,TAKE_PICTURE,1.30,0.09,127.90,0.60,241.87
2026-02-03 12:01:20.804,7.15,139.94,TAKE_PICTURE,3.51,0.22,133.24,0.54,241.87
2026-02-03 12:01:20.955,7.48,133.71,TAKE_PICTURE,2.19,0.07,127.20,0.73,241.87
2026-02-03 12:01:21.112,7.34,136.25,TAKE_PICTURE,1.53,0.14,131.24,0.66,241.87
2026-02-03 12:01:21.267,7.60,131.60,TAKE_PICTURE,1.30,0.08,127.74,0.57,241.87
2026-02-03 12:01:21.419,7.68,130.18,TAKE_PICTURE,1.50,0.09,126.12,0.55,241.87
2026-02-03 12:01:21.569,7.51,133.23,TAKE_PICTURE,2.16,0.18,126.22,0.55,241.87
2026-02-03 12:01:21.717,7.59,131.73,TAKE_PICTURE,2.26,0.07,125.45,0.55,241.87
2026-02-03 12:01:21.871,7.51,133.07,TAKE_PICTURE,1.33,0.12,128.04,0.57,241.87
2026-02-03 12:01:22.027,7.54,132.63,TAKE_PICTURE,1.29,0.14,127.79,0.58,241.87
2026-02-03 12:01:22.183,7.57,132.16,TAKE_PICTURE,1.58,0.12,127.26,0.57,241.87
2026-02-03 12:01:22.339,7.54,132.56,TAKE_PICTURE,1.51,0.19,127.99,0.55,241.87
2026-02-03 12:01:22.493,7.64,130.88,TAKE_PICTURE,1.28,0.08,126.79,0.54,241.87
2026-02-03 12:01:22.646,7.63,131.00,TAKE_PICTURE,1.37,0.10,126.97,0.58,241.87
2026-02-03 12:01:22.802,7.54,132.61,TAKE_PICTURE,1.53,0.17,128.30,0.54,241.87
2026-02-03 12:01:22.965,7.14,140.06,TAKE_PICTURE,1.42,0.14,135.46,0.72,241.87
2026-02-03 12:01:23.136,6.67,149.91,TAKE_PICTURE,1.62,0.09,141.82,0.56,241.87
2026-02-03 12:01:23.293,7.15,139.88,TAKE_PICTURE,3.19,0.16,132.30,0.58,241.87
2026-02-03 12:01:23.454,7.20,138.92,TAKE_PICTURE,1.34,0.21,134.40,0.67,241.87
2026-02-03 12:01:23.611,7.11,140.57,TAKE_PICTURE,2.22,0.08,135.01,0.58,241.87
2026-02-03 12:01:23.763,7.66,130.51,TAKE_PICTURE,1.39,0.13,124.99,0.70,241.87
2026-02-03 12:01:23.918,7.66,130.53,TAKE_PICTURE,1.46,0.19,125.98,0.57,241.87
2026-02-03 12:01:24.075,7.40,135.05,TAKE_PICTURE,1.39,0.09,130.92,0.70,241.87
2026-02-03 12:01:24.241,6.90,144.86,TAKE_PICTURE,1.75,0.19,138.78,0.90,241.87
2026-02-03 12:01:24.393,7.75,129.06,TAKE_PICTURE,1.54,0.17,124.45,0.59,241.87
2026-02-03 12:01:24.553,7.21,138.67,TAKE_PICTURE,1.73,0.07,133.28,0.62,241.87
2026-02-03 12:01:24.717,7.09,141.00,TAKE_PICTURE,2.06,0.08,135.71,0.56,241.87
2026-02-03 12:01:24.870,7.66,130.54,TAKE_PICTURE,2.12,0.07,125.61,0.82,241.87
2026-02-03 12:01:25.020,7.83,127.65,TAKE_PICTURE,1.59,0.09,123.41,0.61,241.87
2026-02-03 12:01:25.176,7.47,133.94,TAKE_PICTURE,1.98,0.08,129.21,0.81,241.83
2026-02-03 12:01:25.338,7.24,138.16,TAKE_PICTURE,2.19,0.09,133.03,0.58,241.83
2026-02-03 12:01:25.492,7.62,131.22,TAKE_PICTURE,1.55,0.14,127.00,0.60,241.83
2026-02-03 12:01:25.643,7.75,128.96,TAKE_PICTURE,1.52,0.08,124.94,0.60,241.83
2026-02-03 12:01:25.812,6.79,147.23,TAKE_PICTURE,1.68,0.08,141.35,0.72,241.83
2026-02-03 12:01:25.935,10.37,96.45,PICTURE_COOLDOWN,2.71,7.36,82.80,0.65,241.83
2026-02-03 12:01:26.151,5.13,194.99,PICTURE_COOLDOWN,2.22,5.01,185.07,0.60,241.83
2026-02-03 12:01:26.375,4.97,201.29,PICTURE_COOLDOWN,1.71,7.32,189.17,0.61,241.83
2026-02-03 12:01:26.603,4.87,205.19,PICTURE_COOLDOWN,1.31,6.48,194.03,0.55,241.87
2026-02-03 12:01:26.823,5.13,194.83,PICTURE_COOLDOWN,2.99,6.62,181.59,0.58,241.87
2026-02-03 12:01:27.045,4.98,200.96,PICTURE_COOLDOWN,2.11,4.00,190.22,0.59,241.87
2026-02-03 12:01:27.263,5.13,195.03,PICTURE_COOLDOWN,1.67,4.42,186.02,0.73,241.87
2026-02-03 12:01:27.483,5.08,196.74,PICTURE_COOLDOWN,1.61,6.69,184.99,0.55,241.87
2026-02-03 12:01:27.706,4.99,200.27,PICTURE_COOLDOWN,1.33,5.98,190.23,0.56,241.87
2026-02-03 12:01:27.923,5.15,194.05,PICTURE_COOLDOWN,2.31,4.83,183.49,0.67,241.87
2026-02-03 12:01:28.146,5.01,199.78,PICTURE_COOLDOWN,1.30,5.93,189.67,0.59,241.87
2026-02-03 12:01:28.373,4.93,203.02,PICTURE_COOLDOWN,1.76,7.95,189.93,0.58,241.87
2026-02-03 12:01:28.591,5.13,195.09,PICTURE_COOLDOWN,1.34,5.00,185.69,0.60,241.87
2026-02-03 12:01:28.821,4.84,206.63,PICTURE_COOLDOWN,1.36,5.60,195.83,0.62,241.87
2026-02-03 12:01:29.041,5.06,197.45,PICTURE_COOLDOWN,1.41,5.02,187.90,0.71,241.87
2026-02-03 12:01:29.267,4.94,202.58,PICTURE_COOLDOWN,2.03,4.32,193.25,0.65,241.87
2026-02-03 12:01:29.483,5.18,192.93,PICTURE_COOLDOWN,1.41,5.69,182.88,0.62,241.87
2026-02-03 12:01:29.697,5.23,191.05,PICTURE_COOLDOWN,1.55,6.19,180.30,0.59,241.87
2026-02-03 12:01:29.926,4.87,205.20,PICTURE_COOLDOWN,2.22,4.38,195.53,0.60,241.87
2026-02-03 12:01:30.142,5.17,193.25,PICTURE_COOLDOWN,1.42,6.27,182.70,0.57,241.87
2026-02-03 12:01:30.370,4.92,203.38,PICTURE_COOLDOWN,2.95,7.76,188.56,0.60,241.87
2026-02-03 12:01:30.584,5.24,190.78,PICTURE_COOLDOWN,1.44,6.34,179.66,0.56,241.87
2026-02-03 12:01:30.800,5.02,199.03,PICTURE_COOLDOWN,2.81,4.64,187.23,0.68,241.87
2026-02-03 12:01:31.025,4.84,206.59,PICTURE_COOLDOWN,4.82,5.01,190.06,2.04,241.87
2026-02-03 12:01:31.242,5.19,192.74,PICTURE_COOLDOWN,1.64,5.42,182.99,0.60,241.87
2026-02-03 12:01:31.471,4.82,207.46,PICTURE_COOLDOWN,2.03,3.64,198.77,1.01,241.87
2026-02-03 12:01:31.687,5.13,194.83,PICTURE_COOLDOWN,1.65,3.92,186.62,0.64,241.87
2026-02-03 12:01:31.902,5.22,191.71,PICTURE_COOLDOWN,1.49,5.15,182.17,0.58,241.87
2026-02-03 12:01:32.126,4.97,201.23,PICTURE_COOLDOWN,1.31,5.45,191.53,0.58,241.87
2026-02-03 12:01:32.341,5.17,193.49,PICTURE_COOLDOWN,2.41,5.19,183.09,0.60,241.87
2026-02-03 12:01:32.545,5.50,181.84,PICTURE_COOLDOWN,1.92,0.09,177.29,0.59,241.87
2026-02-03 12:01:32.672,9.67,103.41,TAKE_PICTURE,1.58,0.67,98.05,0.67,241.87
2026-02-03 12:01:32.885,5.19,192.56,TAKE_PICTURE,2.07,1.90,180.56,1.45,241.87
2026-02-03 12:01:33.085,5.65,177.08,TAKE_PICTURE,1.93,1.07,170.68,0.79,241.87
2026-02-03 12:01:33.294,5.36,186.70,TAKE_PICTURE,1.44,2.12,179.63,0.62,241.87
2026-02-03 12:01:33.492,5.71,175.16,TAKE_PICTURE,1.37,1.98,168.89,0.63,241.87
2026-02-03 12:01:33.805,3.44,290.35,TAKE_PICTURE,1.42,116.85,169.06,0.60,241.87
2026-02-03 12:01:34.009,5.56,179.70,TAKE_PICTURE,2.98,1.01,171.73,0.80,241.87
2026-02-03 12:01:34.203,5.64,177.39,TAKE_PICTURE,1.42,1.41,168.37,0.56,241.87
2026-02-03 12:01:34.400,5.51,181.36,TAKE_PICTURE,1.84,0.80,175.56,0.68,241.87
2026-02-03 12:01:34.593,5.71,175.00,TAKE_PICTURE,1.75,1.33,168.03,0.60,241.87
2026-02-03 12:01:34.847,4.20,238.25,TAKE_PICTURE,2.06,113.63,118.65,0.57,241.87
2026-02-03 12:01:35.016,6.77,147.79,TAKE_PICTURE,1.37,0.12,142.65,0.66,241.87
2026-02-03 12:01:35.176,7.28,137.32,TAKE_PICTURE,1.63,0.13,132.33,0.66,241.87
2026-02-03 12:01:35.335,7.36,135.91,TAKE_PICTURE,1.41,0.20,131.13,0.62,241.87
2026-02-03 12:01:35.498,6.88,145.35,TAKE_PICTURE,2.04,0.07,138.52,0.69,241.87
2026-02-03 12:01:35.658,7.22,138.56,TAKE_PICTURE,1.73,0.14,133.36,0.56,241.87
2026-02-03 12:01:35.827,6.87,145.50,TAKE_PICTURE,1.72,0.12,139.81,0.70,241.87
2026-02-03 12:01:35.997,6.81,146.89,TAKE_PICTURE,1.68,0.14,142.17,0.57,241.87
2026-02-03 12:01:36.162,7.15,139.87,TAKE_PICTURE,3.00,0.13,133.07,0.58,241.87
2026-02-03 12:01:36.325,7.15,139.94,TAKE_PICTURE,2.31,0.07,134.68,0.58,241.87
2026-02-03 12:01:36.487,6.94,144.01,TAKE_PICTURE,1.44,0.13,139.45,0.72,241.87
2026-02-03 12:01:36.646,7.28,137.27,TAKE_PICTURE,1.94,0.11,132.58,0.55,241.87
2026-02-03 12:01:36.813,7.01,142.75,TAKE_PICTURE,4.82,0.22,134.20,0.59,241.87
2026-02-03 12:01:36.977,7.12,140.52,TAKE_PICTURE,1.33,0.14,135.57,0.61,241.87
2026-02-03 12:01:37.133,7.50,133.29,TAKE_PICTURE,1.36,0.12,129.15,0.58,241.87
2026-02-03 12:01:37.304,6.74,148.31,TAKE_PICTURE,1.48,0.17,142.76,0.55,241.87
2026-02-03 12:01:37.459,7.54,132.66,TAKE_PICTURE,1.47,0.11,128.42,0.54,241.87
2026-02-03 12:01:37.614,7.58,131.96,TAKE_PICTURE,1.90,0.08,126.50,0.57,241.87
2026-02-03 12:01:37.794,6.32,158.13,TAKE_PICTURE,1.66,0.19,152.34,0.56,241.87
2026-02-03 12:01:37.946,7.40,135.07,TAKE_PICTURE,2.61,0.09,129.08,0.56,241.87
2026-02-03 12:01:38.102,7.40,135.11,TAKE_PICTURE,1.36,0.22,129.54,0.61,241.87
2026-02-03 12:01:38.276,6.82,146.63,TAKE_PICTURE,2.00,0.08,141.51,0.54,241.87
2026-02-03 12:01:38.430,7.61,131.41,TAKE_PICTURE,1.59,0.09,127.31,0.56,241.87
2026-02-03 12:01:38.582,7.65,130.71,TAKE_PICTURE,2.00,0.07,126.26,0.61,241.87
2026-02-03 12:01:38.741,7.27,137.55,TAKE_PICTURE,2.37,0.12,132.48,0.69,241.87
2026-02-03 12:01:38.911,6.58,151.96,TAKE_PICTURE,1.96,0.08,145.71,1.40,241.87
2026-02-03 12:01:39.063,7.60,131.54,TAKE_PICTURE,1.62,0.07,127.39,0.56,241.87
2026-02-03 12:01:39.229,6.98,143.19,TAKE_PICTURE,2.10,0.07,137.98,0.88,241.87
2026-02-03 12:01:39.398,6.57,152.14,TAKE_PICTURE,1.87,0.08,142.41,0.58,241.87
2026-02-03 12:01:39.556,7.30,137.00,TAKE_PICTURE,1.35,0.11,131.68,0.65,241.87
2026-02-03 12:01:39.714,7.34,136.25,TAKE_PICTURE,2.03,0.07,129.72,1.37,241.87
2026-02-03 12:01:39.886,6.70,149.17,TAKE_PICTURE,2.91,0.15,143.12,0.59,241.87
2026-02-03 12:01:40.039,7.64,130.94,TAKE_PICTURE,1.75,0.08,126.62,0.56,241.87
2026-02-03 12:01:40.195,7.47,133.84,TAKE_PICTURE,2.12,0.08,128.67,0.57,241.87
2026-02-03 12:01:40.372,6.42,155.84,TAKE_PICTURE,6.24,0.12,145.87,0.72,241.87
2026-02-03 12:01:40.544,6.75,148.24,TAKE_PICTURE,2.29,0.09,143.09,0.61,241.87
2026-02-03 12:01:40.705,7.30,136.96,TAKE_PICTURE,3.59,0.16,129.00,0.55,241.87
2026-02-03 12:01:40.859,7.62,131.25,TAKE_PICTURE,1.45,0.11,126.55,0.58,241.87
2026-02-03 12:01:41.013,7.58,131.85,TAKE_PICTURE,2.15,0.14,126.02,0.55,241.87
2026-02-03 12:01:41.194,6.48,154.28,TAKE_PICTURE,2.68,0.10,148.51,0.92,241.87
2026-02-03 12:01:41.352,7.27,137.63,TAKE_PICTURE,2.16,0.07,132.02,0.66,241.87
2026-02-03 12:01:41.513,6.96,143.63,TAKE_PICTURE,2.50,0.09,138.12,0.59,241.87
2026-02-03 12:01:41.665,7.66,130.54,TAKE_PICTURE,1.34,0.18,125.37,0.72,241.87
2026-02-03 12:01:41.815,7.81,127.97,TAKE_PICTURE,1.59,0.08,123.77,0.61,241.87
2026-02-03 12:01:41.985,6.74,148.36,TAKE_PICTURE,1.88,0.21,140.38,0.58,241.87
2026-02-03 12:01:42.061,18.67,53.57,RESULT,1.47,7.08,42.26,0.61,241.87
2026-02-03 12:01:42.404,3.27,305.53,RESULT,35.58,133.97,133.42,0.62,241.87
2026-02-03 12:01:42.572,6.85,146.02,RESULT,1.25,0.05,141.23,0.69,241.87
2026-02-03 12:01:42.748,6.62,151.15,RESULT,1.75,0.05,145.23,0.56,241.87
2026-02-03 12:01:42.920,6.69,149.53,RESULT,1.49,0.09,144.68,0.63,241.87
2026-02-03 12:01:43.088,6.90,144.89,RESULT,1.42,0.09,140.61,0.54,241.87
2026-02-03 12:01:43.269,6.35,157.60,RESULT,1.59,0.10,152.64,0.68,241.87
2026-02-03 12:01:43.433,6.77,147.75,RESULT,1.94,0.03,142.03,0.55,241.87
2026-02-03 12:01:43.600,6.89,145.21,RESULT,1.52,0.05,139.94,0.62,241.87
2026-02-03 12:01:43.785,5.94,168.32,RESULT,1.98,0.07,161.99,0.58,241.77
2026-02-03 12:01:43.971,6.19,161.62,RESULT,4.34,0.05,153.21,0.66,241.77
2026-02-03 12:01:44.163,6.01,166.51,RESULT,1.88,0.03,161.84,0.59,241.77
2026-02-03 12:01:44.355,6.03,165.81,RESULT,2.31,0.04,160.00,0.63,241.87
2026-02-03 12:01:44.524,6.83,146.32,RESULT,1.56,0.04,141.93,0.67,241.87
2026-02-03 12:01:44.703,6.32,158.24,RESULT,2.29,0.03,153.07,0.54,241.87
2026-02-03 12:01:44.876,6.67,150.00,RESULT,1.64,0.06,145.34,0.71,241.87
2026-02-03 12:01:45.043,6.93,144.32,RESULT,2.89,0.05,138.15,0.56,241.87
2026-02-03 12:01:45.209,6.97,143.47,RESULT,2.03,0.03,137.07,0.71,241.87
2026-02-03 12:01:45.387,6.47,154.61,RESULT,1.73,0.09,149.89,0.55,241.87
2026-02-03 12:01:45.555,6.93,144.25,RESULT,1.39,0.03,140.21,0.63,241.87
2026-02-03 12:01:45.750,5.98,167.36,RESULT,3.53,0.07,157.90,0.55,241.87
2026-02-03 12:01:45.925,6.41,155.95,RESULT,1.62,0.03,151.91,0.59,241.87
2026-02-03 12:01:46.091,7.00,142.88,RESULT,2.12,0.05,137.45,0.64,241.87
2026-02-03 12:01:46.262,6.72,148.70,RESULT,1.44,0.06,144.63,0.57,241.87
2026-02-03 12:01:46.438,6.61,151.20,RESULT,1.86,0.06,146.47,0.58,241.87
2026-02-03 12:01:46.603,6.98,143.19,RESULT,1.57,0.05,137.75,0.54,241.87
2026-02-03 12:01:46.776,6.65,150.28,RESULT,1.28,0.05,145.13,0.68,241.87
2026-02-03 12:01:46.939,6.86,145.78,RESULT,1.78,0.06,139.53,0.69,241.87
2026-02-03 12:01:47.112,6.45,154.94,RESULT,2.18,0.07,148.45,0.57,241.87
2026-02-03 12:01:47.286,6.64,150.66,RESULT,1.34,0.03,146.63,0.70,241.87
2026-02-03 12:01:47.451,6.98,143.36,RESULT,1.65,0.05,138.14,0.61,241.87
2026-02-03 12:01:47.618,6.94,144.00,RESULT,1.32,0.04,138.76,0.64,241.87
2026-02-03 12:01:47.784,6.98,143.31,RESULT,1.59,0.07,138.46,0.70,241.87
2026-02-03 12:01:47.967,6.28,159.31,RESULT,2.51,0.03,153.35,1.00,241.87
2026-02-03 12:01:48.135,6.88,145.35,RESULT,2.15,0.05,139.55,0.59,241.87
2026-02-03 12:01:48.300,6.99,143.01,RESULT,1.43,0.03,138.91,0.74,241.87
2026-02-03 12:01:48.474,6.66,150.12,RESULT,1.97,0.03,145.52,0.55,241.87
2026-02-03 12:01:48.638,7.03,142.25,RESULT,1.98,0.03,137.46,0.89,241.87
2026-02-03 12:01:48.810,6.69,149.48,RESULT,1.46,0.04,141.73,4.39,241.87
2026-02-03 12:01:48.985,6.57,152.29,RESULT,2.72,0.04,145.71,0.54,241.87
2026-02-03 12:01:49.169,6.21,160.94,RESULT,2.92,0.05,153.23,0.65,241.87
2026-02-03 12:01:49.349,6.46,154.71,RESULT,2.41,0.04,148.31,0.72,241.87
2026-02-03 12:01:49.522,6.86,145.73,RESULT,1.58,0.06,140.82,0.54,241.87
2026-02-03 12:01:49.697,6.66,150.06,RESULT,3.02,0.06,142.40,0.53,241.87
2026-02-03 12:01:49.879,6.34,157.84,RESULT,1.77,0.06,151.98,0.65,241.87
2026-02-03 12:01:50.055,6.53,153.20,RESULT,1.30,0.04,148.49,0.75,241.87
2026-02-03 12:01:50.235,6.32,158.22,RESULT,2.70,0.04,151.57,0.57,241.87
2026-02-03 12:01:50.406,6.77,147.69,RESULT,3.19,0.07,140.70,0.60,241.87
2026-02-03 12:01:50.581,6.57,152.31,RESULT,1.37,0.05,147.45,0.52,241.83
2026-02-03 12:01:50.753,6.64,150.50,RESULT,4.18,0.04,141.98,0.59,241.83
2026-02-03 12:01:50.928,6.59,151.71,RESULT,1.35,0.08,146.40,0.66,241.83
2026-02-03 12:01:51.094,6.96,143.59,RESULT,1.37,0.08,139.42,0.63,241.83
2026-02-03 12:01:51.261,6.94,144.01,RESULT,1.36,0.05,138.84,0.57,241.83
2026-02-03 12:01:51.427,6.99,143.03,RESULT,1.48,0.05,138.81,0.60,241.83
2026-02-03 12:01:51.624,5.54,180.35,RESULT,2.14,0.08,173.39,0.60,241.83
2026-02-03 12:01:51.813,5.91,169.13,RESULT,2.20,0.03,164.28,0.67,241.83
2026-02-03 12:01:52.001,6.19,161.47,RESULT,3.56,0.05,153.70,0.55,241.83
2026-02-03 12:01:52.191,6.30,158.77,RESULT,2.70,0.21,152.59,0.57,241.83
2026-02-03 12:01:52.387,6.01,166.37,RESULT,2.91,0.06,159.57,0.62,241.83
2026-02-03 12:01:52.576,6.25,160.10,RESULT,3.61,0.05,152.78,0.56,241.83
2026-02-03 12:01:52.754,6.67,150.01,RESULT,2.85,0.05,142.99,0.72,241.83
2026-02-03 12:01:52.943,6.22,160.88,RESULT,3.35,0.06,151.30,1.61,241.83
2026-02-03 12:01:53.120,6.64,150.63,RESULT,3.06,0.05,143.50,0.59,241.83
2026-02-03 12:01:53.296,6.80,147.09,RESULT,2.99,0.06,140.56,0.61,241.83
2026-02-03 12:01:53.487,6.15,162.62,RESULT,3.24,0.05,155.55,0.57,241.87
2026-02-03 12:01:53.669,6.63,150.91,RESULT,2.80,0.06,144.30,0.78,241.87
2026-02-03 12:01:53.847,6.66,150.23,RESULT,3.59,0.07,142.47,0.56,241.87
2026-02-03 12:01:54.023,6.68,149.64,RESULT,3.76,0.05,141.99,0.61,241.87
2026-02-03 12:01:54.216,6.19,161.60,RESULT,4.52,0.06,152.99,0.58,241.87
2026-02-03 12:01:54.399,6.42,155.78,RESULT,2.92,0.05,146.89,0.94,241.87
2026-02-03 12:01:54.582,6.50,153.96,RESULT,3.08,0.06,146.04,0.66,241.87
2026-02-03 12:01:54.767,6.39,156.58,RESULT,2.64,0.08,149.17,1.25,241.87
2026-02-03 12:01:54.950,6.50,153.80,RESULT,2.75,0.06,147.57,0.65,241.87
2026-02-03 12:01:55.127,6.76,147.90,RESULT,3.63,0.06,140.50,0.59,241.87
2026-02-03 12:01:55.323,6.10,163.87,RESULT,3.45,0.09,155.94,0.61,241.87
2026-02-03 12:01:55.498,6.78,147.45,RESULT,2.66,0.06,140.73,0.55,241.87
2026-02-03 12:01:55.673,6.72,148.72,RESULT,2.98,0.06,141.59,0.73,241.87
2026-02-03 12:01:55.862,6.26,159.77,RESULT,3.79,0.07,150.76,0.57,241.87
2026-02-03 12:01:56.036,6.73,148.55,RESULT,2.90,0.07,141.52,0.56,241.87
2026-02-03 12:01:56.229,6.08,164.60,RESULT,3.56,0.10,155.79,0.59,241.87
2026-02-03 12:01:56.409,6.52,153.40,RESULT,3.06,0.06,145.10,0.76,241.87
2026-02-03 12:01:56.581,6.56,152.50,RESULT,1.75,0.03,147.33,0.57,241.87
2026-02-03 12:01:56.757,6.35,157.50,RESULT,1.84,0.03,152.82,0.61,241.87
2026-02-03 12:01:56.940,6.11,163.75,RESULT,2.00,0.03,157.31,0.55,241.87
2026-02-03 12:01:57.108,6.89,145.13,RESULT,2.21,0.05,139.24,0.76,241.87
2026-02-03 12:01:57.282,6.65,150.30,RESULT,1.82,0.04,145.60,0.63,241.87
2026-02-03 12:01:57.448,7.02,142.51,RESULT,1.58,0.09,137.87,0.60,241.87
2026-02-03 12:01:57.615,6.93,144.40,RESULT,1.31,0.05,139.11,0.82,241.87
2026-02-03 12:01:57.786,6.79,147.29,RESULT,1.68,0.08,142.33,0.59,241.87
2026-02-03 12:01:57.951,7.03,142.18,RESULT,1.44,0.03,138.27,0.60,241.87
2026-02-03 12:01:58.117,6.99,143.11,RESULT,1.44,0.03,138.91,0.56,241.87
2026-02-03 12:01:58.285,6.85,146.00,RESULT,1.39,0.04,142.09,0.57,241.87
2026-02-03 12:01:58.453,6.96,143.61,RESULT,2.89,0.05,137.15,0.60,241.87
2026-02-03 12:01:58.631,6.74,148.26,RESULT,2.33,0.05,142.30,0.68,241.87
2026-02-03 12:01:58.810,6.62,151.16,RESULT,2.91,0.05,144.54,0.73,241.87
2026-02-03 12:01:58.994,6.40,156.35,RESULT,6.71,0.06,146.22,0.55,241.87
2026-02-03 12:01:59.172,6.70,149.24,RESULT,3.20,0.04,142.61,0.59,241.87
2026-02-03 12:01:59.359,6.22,160.71,RESULT,2.79,0.06,153.90,0.76,241.87
2026-02-03 12:01:59.540,6.60,151.58,RESULT,3.94,0.05,143.77,0.64,241.87
2026-02-03 12:01:59.716,6.72,148.72,RESULT,3.00,0.05,142.09,0.53,241.87
2026-02-03 12:01:59.889,6.40,156.24,RESULT,2.45,0.03,149.20,0.54,241.87
2026-02-03 12:02:00.060,6.54,152.80,RESULT,2.31,0.03,145.81,0.53,241.87
2026-02-03 12:02:00.222,7.04,142.04,RESULT,2.43,0.03,135.39,0.54,241.87
2026-02-03 12:02:00.420,5.63,177.62,RESULT,4.21,0.10,167.72,0.54,241.87
2026-02-03 12:02:00.595,6.62,150.99,RESULT,3.02,0.05,144.60,0.54,241.87
2026-02-03 12:02:00.768,6.73,148.54,RESULT,1.53,0.05,143.59,0.55,241.87
2026-02-03 12:02:00.959,6.01,166.36,RESULT,2.91,0.06,159.29,0.57,241.87
2026-02-03 12:02:01.134,6.58,151.94,RESULT,3.31,0.09,144.80,0.54,241.87
2026-02-03 12:02:01.307,6.73,148.60,RESULT,1.74,0.08,142.87,0.54,241.87
2026-02-03 12:02:01.492,6.23,160.56,RESULT,2.83,0.05,154.07,0.54,241.87
2026-02-03 12:02:01.666,6.66,150.23,RESULT,1.84,0.05,144.43,0.57,241.87
2026-02-03 12:02:01.842,6.57,152.26,RESULT,2.08,0.05,145.18,0.54,241.87
2026-02-03 12:02:02.017,6.59,151.77,RESULT,1.84,0.05,146.19,0.73,241.87
2026-02-03 12:02:02.200,6.35,157.48,RESULT,1.72,0.03,153.14,0.55,241.87
2026-02-03 12:02:02.378,6.54,152.82,RESULT,3.58,0.05,145.41,0.57,241.87
2026-02-03 12:02:02.561,6.27,159.49,RESULT,2.49,0.05,153.30,0.55,241.87
2026-02-03 12:02:02.739,6.48,154.34,RESULT,2.43,0.09,148.10,0.74,241.87
2026-02-03 12:02:02.921,6.37,156.91,RESULT,1.91,0.03,151.89,0.58,241.87
2026-02-03 12:02:03.089,6.67,149.95,RESULT,2.19,0.04,144.50,0.56,241.87
2026-02-03 12:02:03.268,6.24,160.30,RESULT,2.19,0.03,155.41,0.56,241.87
2026-02-03 12:02:03.451,6.31,158.47,RESULT,2.24,0.05,152.29,0.77,241.87
2026-02-03 12:02:03.625,6.70,149.16,RESULT,1.43,0.04,143.39,1.06,241.87
2026-02-03 12:02:03.802,6.61,151.30,RESULT,3.18,0.05,144.57,0.65,241.87
2026-02-03 12:02:03.967,6.76,148.00,RESULT,1.89,0.03,142.74,0.62,241.87
2026-02-03 12:02:04.148,6.28,159.19,RESULT,2.31,0.06,153.85,0.54,241.87
2026-02-03 12:02:04.324,6.59,151.79,RESULT,1.33,0.04,146.62,0.56,241.87
2026-02-03 12:02:04.497,6.71,149.03,RESULT,2.03,0.05,143.42,0.55,241.87
2026-02-03 12:02:04.685,6.07,164.67,RESULT,1.27,0.05,159.02,1.07,241.87
2026-02-03 12:02:04.859,6.68,149.59,RESULT,1.57,0.04,144.38,0.60,241.87
2026-02-03 12:02:05.038,6.50,153.73,RESULT,2.34,0.05,147.49,0.75,241.87
2026-02-03 12:02:05.217,6.55,152.64,RESULT,2.38,0.04,147.01,0.57,241.87
2026-02-03 12:02:05.394,6.59,151.74,RESULT,3.75,0.05,144.04,0.55,241.87
2026-02-03 12:02:05.574,6.47,154.62,RESULT,3.10,0.05,147.57,0.74,241.87
2026-02-03 12:02:05.759,6.29,159.02,RESULT,2.01,0.05,152.76,0.64,241.87
2026-02-03 12:02:05.936,6.60,151.42,RESULT,2.40,0.04,145.32,0.61,241.87
2026-02-03 12:02:06.120,6.24,160.33,RESULT,2.03,0.05,154.48,0.69,241.87
2026-02-03 12:02:06.294,6.68,149.78,RESULT,2.10,0.05,144.06,0.59,241.87
2026-02-03 12:02:06.470,6.57,152.29,RESULT,1.58,0.05,147.09,0.59,241.87
2026-02-03 12:02:06.654,6.24,160.17,RESULT,2.07,0.05,154.25,0.71,241.87
2026-02-03 12:02:06.828,6.62,151.05,RESULT,1.62,0.04,145.62,0.65,241.87
2026-02-03 12:02:07.004,6.64,150.66,RESULT,1.80,0.04,145.16,0.76,241.87
2026-02-03 12:02:07.201,5.77,173.30,RESULT,2.60,0.06,166.62,0.56,241.87
2026-02-03 12:02:07.369,6.64,150.69,RESULT,2.02,0.03,145.26,0.57,241.87
2026-02-03 12:02:07.550,6.16,162.41,RESULT,2.08,0.03,157.43,0.77,241.87
2026-02-03 12:02:07.740,6.10,163.85,RESULT,1.92,0.05,157.38,0.71,241.87
2026-02-03 12:02:07.923,6.29,158.89,RESULT,1.37,0.04,153.77,0.56,241.87
2026-02-03 12:02:08.099,6.63,150.89,RESULT,1.59,0.05,145.21,0.54,241.87
2026-02-03 12:02:08.274,6.62,151.04,RESULT,1.77,0.05,145.88,0.54,241.87
2026-02-03 12:02:08.461,6.20,161.17,RESULT,1.97,0.05,154.91,0.54,241.87
2026-02-03 12:02:08.637,6.63,150.72,RESULT,2.72,0.04,144.54,0.54,241.87
2026-02-03 12:02:08.821,6.25,160.08,RESULT,1.73,0.05,154.79,0.64,241.87
2026-02-03 12:02:08.999,6.54,152.98,RESULT,2.26,0.03,147.16,0.54,241.87
2026-02-03 12:02:09.170,6.78,147.54,RESULT,2.18,0.03,142.79,0.54,241.87
2026-02-03 12:02:09.349,6.42,155.76,RESULT,1.51,0.05,150.94,0.65,241.87
2026-02-03 12:02:09.525,6.62,151.14,RESULT,2.29,0.05,145.30,0.54,241.87
2026-02-03 12:02:09.696,6.49,153.97,RESULT,2.53,0.08,145.78,0.77,241.87
2026-02-03 12:02:09.886,5.89,169.64,RESULT,1.74,0.03,164.12,0.67,241.87
2026-02-03 12:02:10.051,7.01,142.57,RESULT,1.85,0.03,137.76,0.60,241.87
2026-02-03 12:02:10.235,6.24,160.25,RESULT,2.13,0.03,155.05,0.61,241.87
2026-02-03 12:02:10.422,6.02,166.04,RESULT,2.11,0.08,160.56,0.59,241.87
2026-02-03 12:02:10.596,6.56,152.46,RESULT,2.38,0.03,147.49,0.68,241.87
2026-02-03 12:02:10.768,6.65,150.42,RESULT,2.07,0.04,144.01,1.02,241.87
2026-02-03 12:02:10.948,6.41,156.00,RESULT,2.47,0.03,150.60,0.60,241.87
2026-02-03 12:02:11.115,6.92,144.54,RESULT,2.37,0.06,138.61,0.58,241.87
2026-02-03 12:02:11.285,6.80,147.00,RESULT,1.45,0.04,142.28,1.20,241.87
2026-02-03 12:02:11.449,7.06,141.68,RESULT,1.62,0.04,137.39,0.56,241.87
2026-02-03 12:02:11.621,6.63,150.88,RESULT,1.86,0.03,145.13,0.63,241.87
2026-02-03 12:02:11.797,6.52,153.36,RESULT,2.00,0.04,148.70,0.59,241.87
2026-02-03 12:02:11.967,6.82,146.69,RESULT,2.72,0.05,140.62,0.61,241.87
2026-02-03 12:02:12.140,6.60,151.56,RESULT,2.16,0.03,146.64,0.59,241.87
2026-02-03 12:02:12.312,6.67,149.87,RESULT,2.84,0.05,143.41,0.69,241.87
2026-02-03 12:02:12.480,6.64,150.64,RESULT,2.51,0.03,143.89,1.04,241.87
2026-02-03 12:02:12.653,6.43,155.49,RESULT,2.17,0.03,149.77,0.56,241.87
2026-02-03 12:02:12.822,6.84,146.14,RESULT,2.65,0.05,139.91,0.76,241.87
2026-02-03 12:02:13.002,6.40,156.30,RESULT,2.25,0.03,151.16,0.65,241.87
2026-02-03 12:02:13.168,6.96,143.72,RESULT,2.20,0.07,138.51,0.63,241.87
2026-02-03 12:02:13.335,6.86,145.67,RESULT,1.86,0.03,141.16,0.67,241.87
2026-02-03 12:02:13.511,6.59,151.71,RESULT,1.88,0.03,147.10,0.67,241.87
2026-02-03 12:02:13.676,6.96,143.61,RESULT,1.90,0.05,138.23,0.55,241.87
2026-02-03 12:02:13.844,6.88,145.36,RESULT,1.93,0.03,140.09,1.36,241.87
2026-02-03 12:02:14.021,6.44,155.36,RESULT,1.92,0.03,150.41,0.85,241.87
2026-02-03 12:02:14.195,6.63,150.87,RESULT,2.37,0.03,145.77,0.57,241.87
2026-02-03 12:02:14.372,6.47,154.64,RESULT,1.73,0.03,149.96,0.57,241.87
2026-02-03 12:02:14.541,6.83,146.38,RESULT,1.75,0.07,141.48,0.68,241.87
2026-02-03 12:02:14.708,6.93,144.39,RESULT,1.58,0.04,139.77,0.74,241.87
2026-02-03 12:02:14.887,6.43,155.53,RESULT,2.32,0.03,149.56,1.09,241.87
2026-02-03 12:02:15.054,6.90,144.83,RESULT,1.71,0.05,139.34,0.55,241.87
2026-02-03 12:02:15.225,6.74,148.47,RESULT,1.47,0.04,144.00,1.07,241.87
2026-02-03 12:02:15.402,6.42,155.86,RESULT,2.66,0.03,150.67,0.55,241.87
2026-02-03 12:02:15.572,6.92,144.46,RESULT,2.35,0.03,139.50,0.62,241.87
2026-02-03 12:02:15.745,6.66,150.18,RESULT,1.88,0.04,145.71,0.57,241.87
2026-02-03 12:02:15.924,6.31,158.52,RESULT,2.31,0.04,153.49,0.57,241.87
2026-02-03 12:02:16.099,6.52,153.42,RESULT,1.99,0.03,148.84,0.62,241.87
2026-02-03 12:02:16.265,7.01,142.68,RESULT,1.73,0.04,138.38,0.62,241.87
2026-02-03 12:02:16.444,6.33,158.08,RESULT,2.64,0.05,151.91,0.56,241.87
2026-02-03 12:02:16.618,6.61,151.33,RESULT,1.90,0.04,146.77,0.62,241.87
2026-02-03 12:02:16.789,6.71,149.13,RESULT,1.92,0.04,144.62,0.62,241.87
2026-02-03 12:02:16.962,6.63,150.72,RESULT,1.83,0.04,145.78,0.61,241.87
2026-02-03 12:02:17.129,6.92,144.49,RESULT,3.31,0.03,138.65,0.56,241.87
2026-02-03 12:02:17.295,6.94,144.12,RESULT,1.33,0.06,139.56,0.61,241.87
2026-02-03 12:02:17.482,6.14,162.89,RESULT,2.07,0.03,157.75,0.60,241.87
2026-02-03 12:02:17.648,6.92,144.51,RESULT,2.19,0.03,139.59,0.60,241.87
2026-02-03 12:02:17.810,6.91,144.82,RESULT,2.08,0.03,138.92,0.63,241.87
2026-02-03 12:02:17.994,6.02,166.21,RESULT,2.13,0.03,161.24,0.72,241.87
2026-02-03 12:02:18.166,6.70,149.35,RESULT,1.83,0.03,145.05,0.59,241.87
2026-02-03 12:02:18.336,6.81,146.89,RESULT,1.65,0.05,141.39,0.75,241.87
2026-02-03 12:02:18.515,6.43,155.51,RESULT,2.12,0.03,150.64,0.59,241.87
2026-02-03 12:02:18.683,6.82,146.64,RESULT,1.92,0.05,141.02,0.55,241.87
2026-02-03 12:02:18.854,6.72,148.81,RESULT,1.78,0.03,144.42,0.61,241.87
2026-02-03 12:02:19.027,6.75,148.06,RESULT,1.56,0.05,142.91,0.71,241.87
2026-02-03 12:02:19.198,6.76,147.91,RESULT,1.46,0.05,142.13,1.13,241.87
2026-02-03 12:02:19.376,6.47,154.60,RESULT,1.58,0.04,150.03,0.64,241.87
2026-02-03 12:02:19.543,6.94,143.99,RESULT,1.34,0.06,139.86,0.61,241.87
2026-02-03 12:02:19.712,6.81,146.77,RESULT,1.43,0.04,142.64,0.74,241.87
2026-02-03 12:02:19.900,6.03,165.97,RESULT,1.38,0.09,159.56,0.54,241.87
2026-02-03 12:02:20.084,6.24,160.30,RESULT,1.75,0.05,154.81,0.57,241.87
2026-02-03 12:02:20.260,6.56,152.36,RESULT,1.52,0.03,148.11,0.72,241.87
2026-02-03 12:02:20.439,6.48,154.37,RESULT,2.06,0.06,149.27,0.62,241.87
2026-02-03 12:02:20.605,6.94,144.16,RESULT,2.72,0.03,138.62,0.59,241.87
2026-02-03 12:02:20.772,6.90,145.01,RESULT,1.36,0.08,140.44,0.84,241.87
2026-02-03 12:02:20.948,6.60,151.62,RESULT,1.84,0.05,146.73,0.64,241.87
2026-02-03 12:02:21.114,7.02,142.39,RESULT,1.67,0.03,137.85,0.65,241.87
2026-02-03 12:02:21.293,6.40,156.29,RESULT,1.96,0.06,151.37,0.56,241.87
2026-02-03 12:02:21.462,6.87,145.52,RESULT,1.37,0.05,141.10,0.80,241.87
2026-02-03 12:02:21.629,6.89,145.10,RESULT,1.43,0.05,141.03,0.59,241.87
2026-02-03 12:02:21.807,6.45,155.07,RESULT,1.33,0.05,150.91,0.59,241.87
2026-02-03 12:02:21.976,6.86,145.85,RESULT,1.82,0.04,141.29,0.61,241.87
2026-02-03 12:02:22.148,6.71,149.09,RESULT,1.36,0.04,145.09,0.77,241.87
2026-02-03 12:02:22.324,6.51,153.72,RESULT,1.31,0.05,149.40,0.77,241.87
2026-02-03 12:02:22.496,6.79,147.38,RESULT,1.71,0.13,142.10,0.64,241.87
2026-02-03 12:02:22.660,7.10,140.77,RESULT,1.48,0.04,136.43,0.58,241.87
2026-02-03 12:02:22.827,6.93,144.31,RESULT,1.48,0.09,139.94,0.62,241.87
2026-02-03 12:02:23.007,6.41,156.04,RESULT,1.63,0.08,151.13,0.63,241.87
2026-02-03 12:02:23.176,6.84,146.30,RESULT,1.28,0.06,140.04,0.58,241.87
2026-02-03 12:02:23.345,6.87,145.46,RESULT,1.66,0.08,140.30,0.59,241.87
2026-02-03 12:02:23.522,6.47,154.67,RESULT,1.40,0.06,150.47,0.58,241.87
2026-02-03 12:02:23.687,7.03,142.34,RESULT,1.84,0.03,137.70,0.59,241.87
2026-02-03 12:02:23.857,6.74,148.36,RESULT,1.43,0.07,144.20,0.56,241.87
2026-02-03 12:02:24.032,6.66,150.11,RESULT,1.77,0.03,145.38,0.56,241.87
2026-02-03 12:02:24.201,6.81,146.93,RESULT,2.49,0.05,140.48,0.71,241.87
2026-02-03 12:02:24.372,6.79,147.22,RESULT,1.75,0.03,142.52,0.57,241.87
2026-02-03 12:02:24.541,6.90,144.93,RESULT,1.89,0.05,139.30,0.57,241.87
2026-02-03 12:02:24.708,7.01,142.71,RESULT,1.44,0.05,137.41,0.56,241.87
2026-02-03 12:02:24.877,6.80,147.12,RESULT,1.30,0.05,141.95,0.69,241.87
2026-02-03 12:02:25.040,6.85,145.97,RESULT,2.39,0.08,138.61,0.58,241.87
2026-02-03 12:02:25.212,6.50,153.86,RESULT,2.36,0.03,147.10,0.58,241.87
2026-02-03 12:02:25.395,6.30,158.63,RESULT,3.42,0.06,149.97,0.79,241.87
2026-02-03 12:02:25.560,7.02,142.36,RESULT,1.35,0.05,137.31,0.57,241.87
2026-02-03 12:02:25.725,7.02,142.55,RESULT,1.33,0.05,138.03,0.56,241.87
2026-02-03 12:02:25.911,6.13,163.25,RESULT,2.05,0.04,158.26,0.66,241.87
2026-02-03 12:02:26.075,7.05,141.92,RESULT,1.42,0.03,138.01,0.56,241.87
2026-02-03 12:02:26.249,6.71,148.94,RESULT,4.16,0.06,141.12,0.56,241.87
2026-02-03 12:02:26.429,6.39,156.46,RESULT,1.39,0.05,152.20,0.79,241.87
2026-02-03 12:02:26.591,6.88,145.34,RESULT,4.97,0.06,137.33,0.74,241.87
2026-02-03 12:02:26.787,5.85,171.03,RESULT,3.59,0.09,157.12,0.59,241.87
2026-02-03 12:02:26.957,6.81,146.91,RESULT,1.40,0.05,141.54,0.57,241.87
2026-02-03 12:02:27.130,6.67,149.88,RESULT,1.40,0.06,145.67,0.68,241.87
2026-02-03 12:02:27.293,6.82,146.53,RESULT,2.25,0.03,141.10,0.64,241.87
2026-02-03 12:02:27.461,6.82,146.58,RESULT,1.44,0.06,141.55,0.58,241.87
2026-02-03 12:02:27.626,7.07,141.47,RESULT,1.26,0.04,137.28,0.64,241.87
2026-02-03 12:02:27.795,6.84,146.20,RESULT,1.29,0.07,141.49,0.87,241.87
2026-02-03 12:02:27.968,6.63,150.73,RESULT,1.45,0.03,146.79,0.63,241.87
2026-02-03 12:02:28.135,6.92,144.45,RESULT,2.63,0.03,137.87,0.62,241.87
2026-02-03 12:02:28.307,6.70,149.21,RESULT,1.75,0.03,144.32,0.58,241.87
2026-02-03 12:02:28.474,6.95,143.89,RESULT,1.97,0.03,138.94,0.72,241.87
2026-02-03 12:02:28.653,6.47,154.58,RESULT,1.99,0.05,148.60,0.56,241.87
2026-02-03 12:02:28.819,6.97,143.49,RESULT,2.55,0.05,137.16,0.74,241.87
2026-02-03 12:02:28.983,6.78,147.42,RESULT,2.06,0.08,140.64,0.85,241.87
2026-02-03 12:02:29.159,6.49,154.03,RESULT,1.70,0.06,147.28,0.69,241.87
2026-02-03 12:02:29.323,7.09,141.06,RESULT,1.51,0.03,136.93,0.66,241.87
2026-02-03 12:02:29.488,7.02,142.46,RESULT,1.61,0.03,138.22,0.64,241.87
2026-02-03 12:02:29.663,6.55,152.57,RESULT,2.31,0.03,147.40,0.63,241.87
2026-02-03 12:02:29.835,6.66,150.05,RESULT,1.83,0.08,144.76,0.68,241.87
2026-02-03 12:02:30.002,6.88,145.40,RESULT,1.86,0.03,140.03,0.66,241.87
2026-02-03 12:02:30.182,6.38,156.65,RESULT,2.40,0.03,151.46,0.57,241.87
2026-02-03 12:02:30.351,6.73,148.48,RESULT,2.39,0.03,143.52,0.63,241.87
2026-02-03 12:02:30.517,6.94,144.01,RESULT,1.50,0.05,138.77,0.55,241.87
2026-02-03 12:02:30.681,7.05,141.77,RESULT,1.88,0.03,137.33,0.55,241.87
2026-02-03 12:02:30.844,6.84,146.18,RESULT,2.11,0.03,140.20,0.76,241.87
2026-02-03 12:02:31.020,6.51,153.71,RESULT,1.67,0.08,147.23,0.62,241.87
2026-02-03 12:02:31.192,6.65,150.28,RESULT,2.67,0.03,144.74,0.58,241.87
2026-02-03 12:02:31.366,6.60,151.49,RESULT,2.39,0.05,145.53,0.58,241.87
2026-02-03 12:02:31.549,6.23,160.56,RESULT,1.94,0.03,156.05,0.60,241.83
2026-02-03 12:02:31.722,6.65,150.46,RESULT,1.57,0.05,145.15,0.63,241.83
2026-02-03 12:02:31.891,6.94,144.06,RESULT,1.55,0.05,139.69,0.63,241.83
2026-02-03 12:02:32.062,6.73,148.54,RESULT,1.60,0.03,143.74,0.60,241.83
2026-02-03 12:02:32.237,6.54,152.83,RESULT,1.54,0.03,148.74,0.56,241.83
2026-02-03 12:02:32.405,6.86,145.68,RESULT,1.89,0.04,141.09,0.57,241.83
2026-02-03 12:02:32.572,6.91,144.67,RESULT,1.68,0.03,140.43,0.58,241.83
2026-02-03 12:02:32.746,6.60,151.44,RESULT,1.63,0.03,147.34,0.56,241.83
2026-02-03 12:02:32.914,6.95,143.86,RESULT,1.88,0.06,139.39,0.55,241.83
2026-02-03 12:02:33.085,6.69,149.49,RESULT,2.20,0.03,144.70,0.57,241.83
2026-02-03 12:02:33.253,6.85,145.94,RESULT,2.21,0.04,139.85,0.81,241.83
2026-02-03 12:02:33.432,6.37,156.92,RESULT,2.88,0.05,151.29,0.56,241.83
2026-02-03 12:02:33.600,6.89,145.12,RESULT,2.73,0.06,139.03,0.64,241.83
2026-02-03 12:02:33.768,6.88,145.44,RESULT,1.58,0.04,140.44,1.40,241.83
2026-02-03 12:02:33.933,6.97,143.48,RESULT,2.41,0.03,138.26,0.78,241.83
2026-02-03 12:02:34.102,6.88,145.38,RESULT,2.02,0.03,140.55,0.64,241.83
2026-02-03 12:02:34.274,6.78,147.47,RESULT,2.86,0.06,141.04,0.61,241.87
2026-02-03 12:02:34.444,6.88,145.41,RESULT,1.96,0.05,139.99,0.59,241.87
2026-02-03 12:02:34.612,6.84,146.16,RESULT,1.48,0.03,141.97,0.62,241.87
2026-02-03 12:02:34.687,19.22,52.02,READY,1.29,0.38,47.45,0.66,241.87
2026-02-03 12:02:34.965,4.19,238.40,READY,20.22,111.32,102.98,0.59,241.87
2026-02-03 12:02:35.097,8.65,115.60,READY,2.08,0.67,109.25,0.58,241.87
2026-02-03 12:02:35.230,8.54,117.14,READY,1.84,0.73,109.97,2.01,241.87
2026-02-03 12:02:35.358,8.90,112.41,READY,2.26,0.71,106.04,0.59,241.87
2026-02-03 12:02:35.496,8.23,121.57,READY,2.12,0.71,115.20,0.72,241.87
2026-02-03 12:02:35.742,4.35,229.99,READY,2.34,123.36,101.40,0.54,241.87
2026-02-03 12:02:35.880,8.60,116.27,READY,1.97,1.29,109.16,0.64,241.87
2026-02-03 12:02:36.013,8.65,115.64,READY,2.26,1.11,108.18,0.54,241.87
2026-02-03 12:02:36.144,8.66,115.46,READY,2.52,1.11,107.42,0.69,241.87
2026-02-03 12:02:36.272,8.88,112.67,READY,2.05,1.16,105.40,0.57,241.87
2026-02-03 12:02:36.540,3.98,251.16,READY,2.32,131.23,113.30,0.63,241.87
2026-02-03 12:02:36.690,7.86,127.15,READY,3.40,2.13,116.65,0.57,241.87
2026-02-03 12:02:36.833,7.98,125.32,READY,1.95,2.76,115.48,0.79,241.87
2026-02-03 12:02:36.972,8.22,121.71,READY,2.14,1.57,114.29,0.58,241.87
2026-02-03 12:02:37.110,8.23,121.55,READY,1.85,0.62,116.08,0.57,241.87
2026-02-03 12:02:37.371,4.09,244.25,READY,2.39,128.08,108.90,0.56,241.87
2026-02-03 12:02:37.517,8.09,123.65,READY,1.90,2.18,115.34,0.74,241.87
2026-02-03 12:02:37.654,8.37,119.45,READY,2.29,0.56,113.83,0.56,241.87
2026-02-03 12:02:37.791,8.24,121.40,READY,2.43,0.67,114.60,0.56,241.87
2026-02-03 12:02:37.931,8.14,122.83,READY,1.90,0.74,115.43,0.91,241.87
2026-02-03 12:02:38.184,4.25,235.36,READY,2.19,120.85,109.03,0.70,241.87
2026-02-03 12:02:38.334,7.89,126.78,READY,1.85,1.34,119.44,0.58,241.87
2026-02-03 12:02:38.503,6.74,148.30,READY,2.98,0.92,140.68,0.55,241.87
2026-02-03 12:02:38.648,7.88,126.88,READY,1.95,0.75,120.96,0.68,241.87
2026-02-03 12:02:38.789,8.06,124.14,READY,1.82,0.56,118.43,0.56,241.87
2026-02-03 12:02:39.054,4.04,247.78,READY,2.05,118.91,123.23,0.66,241.87
2026-02-03 12:02:39.202,7.86,127.23,READY,1.88,0.63,122.02,0.61,241.87
2026-02-03 12:02:39.347,8.00,125.01,READY,2.48,0.58,118.10,0.56,241.87
2026-02-03 12:02:39.484,8.26,121.02,READY,1.98,1.36,113.38,0.58,241.87
2026-02-03 12:02:39.620,8.49,117.80,READY,3.49,1.31,109.13,1.08,241.87
2026-02-03 12:02:39.865,4.37,228.89,READY,2.27,121.78,102.08,0.56,241.87
2026-02-03 12:02:40.019,7.42,134.72,READY,1.99,0.63,128.55,0.61,241.87
2026-02-03 12:02:40.169,7.70,129.86,READY,2.37,0.81,123.52,0.61,241.87
2026-02-03 12:02:40.304,8.43,118.60,READY,2.89,1.03,110.90,0.57,241.87
2026-02-03 12:02:40.452,7.58,131.86,READY,1.95,0.68,125.11,0.62,241.87
2026-02-03 12:02:40.698,4.35,229.81,READY,2.21,120.64,102.97,0.54,241.87
2026-02-03 12:02:40.840,8.33,120.07,READY,1.73,1.51,112.84,0.85,241.87
2026-02-03 12:02:40.985,7.88,126.98,READY,2.19,0.70,120.57,0.55,241.87
2026-02-03 12:02:41.116,8.72,114.62,READY,2.09,0.58,108.41,0.53,241.87
2026-02-03 12:02:41.247,8.69,115.11,READY,1.89,0.97,108.11,0.54,241.87
2026-02-03 12:02:41.490,4.42,226.50,READY,2.56,117.06,102.15,0.60,241.87
2026-02-03 12:02:41.630,8.52,117.41,READY,1.40,1.53,110.52,0.70,241.87
2026-02-03 12:02:41.771,8.08,123.77,READY,2.49,0.82,117.54,0.58,241.87
2026-02-03 12:02:41.915,8.05,124.30,READY,1.64,1.91,115.11,0.56,241.87
2026-02-03 12:02:42.052,8.66,115.45,READY,1.30,1.50,108.43,0.59,241.87
2026-02-03 12:02:42.293,4.43,225.55,READY,2.35,117.51,101.81,0.55,241.87
2026-02-03 12:02:42.435,8.28,120.73,READY,1.35,1.44,114.73,0.72,241.87
2026-02-03 12:02:42.572,8.32,120.15,READY,2.19,0.58,114.72,0.58,241.87
2026-02-03 12:02:42.703,8.73,114.61,READY,1.97,0.85,107.59,0.68,241.87
2026-02-03 12:02:42.832,8.84,113.09,READY,2.01,0.96,105.84,0.58,241.87
2026-02-03 12:02:43.069,4.53,220.76,READY,1.95,113.69,101.19,0.66,241.87
2026-02-03 12:02:43.208,8.52,117.40,READY,1.33,1.35,111.62,0.74,241.87
2026-02-03 12:02:43.348,8.14,122.87,READY,2.37,0.69,115.65,0.56,241.87
2026-02-03 12:02:43.479,8.67,115.35,READY,1.99,1.01,108.04,0.61,241.87
2026-02-03 12:02:43.610,8.71,114.87,READY,1.97,1.01,107.69,0.55,241.87
2026-02-03 12:02:43.852,4.42,226.48,READY,2.04,117.56,103.10,0.58,241.87
2026-02-03 12:02:43.985,8.91,112.24,READY,1.43,0.63,107.48,0.58,241.87
2026-02-03 12:02:44.124,8.13,123.00,READY,2.34,0.61,115.38,0.68,241.87
2026-02-03 12:02:44.257,8.55,116.97,READY,2.24,0.97,109.54,0.56,241.87
2026-02-03 12:02:44.386,8.85,112.94,READY,2.11,0.47,106.39,0.56,241.87
2026-02-03 12:02:44.625,4.49,222.93,READY,2.32,115.55,101.65,0.56,241.87
2026-02-03 12:02:44.767,7.93,126.05,READY,2.07,0.55,120.06,0.67,241.87
2026-02-03 12:02:44.902,8.41,118.84,READY,2.40,0.75,112.82,0.60,241.87
2026-02-03 12:02:45.033,8.67,115.38,READY,2.16,0.69,109.15,0.55,241.87
2026-02-03 12:02:45.166,8.55,116.89,READY,4.98,0.71,108.73,0.60,241.87
2026-02-03 12:02:45.404,4.50,222.05,READY,1.96,116.05,100.58,0.56,241.87
2026-02-03 12:02:45.550,8.05,124.29,READY,1.37,1.30,117.54,0.70,241.87
2026-02-03 12:02:45.686,8.43,118.64,READY,1.96,0.58,112.91,0.65,241.87
2026-02-03 12:02:45.816,8.78,113.84,READY,1.93,0.55,108.00,0.55,241.87
2026-02-03 12:02:45.944,8.91,112.23,READY,1.91,0.57,106.72,0.57,241.87
2026-02-03 12:02:46.185,4.44,225.32,READY,2.08,117.63,101.50,0.60,241.87
2026-02-03 12:02:46.331,8.04,124.44,READY,1.98,1.63,117.01,0.68,241.87
2026-02-03 12:02:46.469,8.61,116.12,READY,1.46,0.61,109.99,0.64,241.87
2026-02-03 12:02:46.598,8.79,113.72,READY,2.22,0.59,106.54,0.60,241.87
2026-02-03 12:02:46.727,8.85,112.99,READY,2.34,0.73,106.24,0.56,241.87
2026-02-03 12:02:46.969,4.43,225.60,READY,3.69,114.26,103.71,0.54,241.87
2026-02-03 12:02:47.115,7.99,125.20,READY,1.41,1.25,117.83,1.13,241.87
2026-02-03 12:02:47.251,8.44,118.44,READY,2.35,0.67,112.62,0.60,241.87
2026-02-03 12:02:47.380,8.82,113.44,READY,2.00,0.57,107.45,0.57,241.87
2026-02-03 12:02:47.508,8.89,112.48,READY,2.14,1.01,105.02,0.58,241.87
2026-02-03 12:02:47.747,4.49,222.79,READY,2.17,115.01,101.36,0.55,241.87
2026-02-03 12:02:47.890,8.21,121.73,READY,1.48,1.63,114.76,0.67,241.87
2026-02-03 12:02:48.032,8.00,125.00,READY,2.52,0.73,119.10,0.65,241.87
2026-02-03 12:02:48.161,8.84,113.09,READY,2.06,0.53,107.47,0.56,241.87
2026-02-03 12:02:48.291,8.83,113.23,READY,2.03,0.53,107.56,0.59,241.87
2026-02-03 12:02:48.527,4.53,220.57,READY,2.02,114.62,101.04,0.57,241.87
2026-02-03 12:02:48.671,8.09,123.56,READY,1.34,1.46,117.02,0.66,241.87
2026-02-03 12:02:48.804,8.68,115.22,READY,2.41,0.46,108.16,0.56,241.87
2026-02-03 12:02:48.936,8.61,116.10,READY,5.30,0.59,107.47,0.60,241.87
2026-02-03 12:02:49.064,8.92,112.10,READY,2.24,0.55,106.26,0.55,241.87
2026-02-03 12:02:49.304,4.46,224.09,READY,1.94,116.76,102.05,0.57,241.87
2026-02-03 12:02:49.456,7.64,130.83,READY,1.47,1.25,124.45,0.67,241.87
2026-02-03 12:02:49.601,7.84,127.55,READY,2.14,0.69,120.96,0.59,241.87
2026-02-03 12:02:49.731,8.80,113.64,READY,1.68,1.04,106.09,0.60,241.87
2026-02-03 12:02:49.862,8.69,115.07,READY,2.49,0.59,107.42,0.62,241.87
2026-02-03 12:02:50.099,4.51,221.68,READY,2.43,113.83,100.80,0.55,241.87
2026-02-03 12:02:50.245,8.04,124.33,READY,1.35,1.34,117.46,0.70,241.87
2026-02-03 12:02:50.382,8.36,119.63,READY,2.24,0.87,112.60,0.59,241.87
2026-02-03 12:02:50.512,8.79,113.73,READY,1.85,0.56,107.80,0.54,241.87
2026-02-03 12:02:50.640,8.88,112.64,READY,2.25,1.00,106.43,0.56,241.87
2026-02-03 12:02:50.877,4.53,220.94,READY,2.37,114.20,101.43,0.76,241.87
2026-02-03 12:02:51.017,8.43,118.61,READY,1.49,1.49,111.78,0.92,241.87
2026-02-03 12:02:51.148,8.73,114.59,READY,2.00,1.29,108.12,0.54,241.87
2026-02-03 12:02:51.292,7.89,126.70,READY,2.57,0.80,118.99,0.55,241.87
2026-02-03 12:02:51.424,8.62,116.04,READY,2.48,0.88,108.10,0.91,241.87
2026-02-03 12:02:51.662,4.51,221.96,READY,2.37,112.98,102.32,0.62,241.87
2026-02-03 12:02:51.807,8.07,123.85,READY,1.46,1.36,116.97,0.73,241.87
2026-02-03 12:02:51.947,8.16,122.54,READY,2.60,1.25,113.96,0.54,241.87
2026-02-03 12:02:52.077,8.81,113.50,READY,2.23,0.98,106.20,0.56,241.87
2026-02-03 12:02:52.207,8.74,114.47,READY,2.35,0.95,106.99,0.57,241.87
2026-02-03 12:02:52.449,4.43,225.98,READY,2.28,116.64,102.94,0.54,241.87
2026-02-03 12:02:52.592,8.21,121.80,READY,1.27,1.51,115.09,0.69,241.87
2026-02-03 12:02:52.739,7.74,129.27,READY,2.43,1.41,119.58,0.59,241.87
2026-02-03 12:02:52.877,8.42,118.78,READY,2.37,0.68,112.31,0.57,241.87
2026-02-03 12:02:53.007,8.72,114.68,READY,2.53,1.19,106.60,0.55,241.87
2026-02-03 12:02:53.248,4.46,224.44,READY,2.41,117.05,101.04,0.57,241.87
2026-02-03 12:02:53.388,8.41,118.86,READY,1.55,1.39,112.85,0.66,241.87
2026-02-03 12:02:53.529,8.16,122.54,READY,2.93,0.65,115.64,0.56,241.87
2026-02-03 12:02:53.658,8.86,112.88,READY,1.78,0.85,107.53,0.58,241.87
2026-02-03 12:02:53.794,8.34,119.97,READY,5.34,1.40,109.52,0.58,241.87
2026-02-03 12:02:54.032,4.50,222.38,READY,4.72,112.41,102.02,0.53,241.87
2026-02-03 12:02:54.173,8.36,119.66,READY,1.55,0.68,114.35,0.71,241.87
2026-02-03 12:02:54.309,8.40,118.98,READY,2.41,0.77,111.76,0.55,241.87
2026-02-03 12:02:54.441,8.68,115.25,READY,2.35,0.96,107.80,0.57,241.87
2026-02-03 12:02:54.574,8.53,117.21,READY,2.32,0.76,109.23,0.62,241.87
2026-02-03 12:02:54.816,4.41,226.55,READY,2.22,116.99,102.86,0.57,241.87
2026-02-03 12:02:54.959,8.06,124.04,READY,2.15,0.83,116.79,0.87,241.87
2026-02-03 12:02:55.096,8.29,120.65,READY,2.27,0.88,114.45,0.57,241.87
2026-02-03 12:02:55.228,8.61,116.13,READY,1.88,0.91,108.79,0.54,241.87
2026-02-03 12:02:55.359,8.70,114.94,READY,2.35,0.67,107.81,0.56,241.87
2026-02-03 12:02:55.596,4.52,221.15,READY,2.44,115.19,100.61,0.57,241.87
2026-02-03 12:02:55.741,8.11,123.37,READY,2.29,1.12,115.43,0.75,241.87
2026-02-03 12:02:55.879,8.39,119.16,READY,2.27,0.75,111.20,0.57,241.87
2026-02-03 12:02:56.008,8.87,112.71,READY,2.19,0.68,107.08,0.54,241.87
2026-02-03 12:02:56.139,8.74,114.37,READY,2.24,0.65,108.47,0.80,241.87
2026-02-03 12:02:56.376,4.52,221.24,READY,2.31,114.70,101.34,0.60,241.87
2026-02-03 12:02:56.520,8.10,123.43,READY,1.66,1.33,116.62,0.70,241.87
2026-02-03 12:02:56.655,8.50,117.69,READY,2.36,0.64,110.92,0.59,241.87
2026-02-03 12:02:56.785,8.84,113.07,READY,2.02,0.57,107.68,0.60,241.87
2026-02-03 12:02:56.913,8.87,112.78,READY,1.86,0.53,107.13,0.60,241.87
2026-02-03 12:02:57.150,4.54,220.34,READY,2.07,114.56,100.68,0.60,241.87
2026-02-03 12:02:57.291,8.29,120.60,READY,1.29,1.39,114.04,0.70,241.87
2026-02-03 12:02:57.425,8.59,116.39,READY,2.15,0.72,109.27,0.54,241.87
2026-02-03 12:02:57.557,8.56,116.81,READY,2.11,0.70,109.78,0.59,241.87
2026-02-03 12:02:57.685,8.92,112.05,READY,2.16,0.59,105.54,0.57,241.87
2026-02-03 12:02:57.920,4.58,218.36,READY,2.13,111.93,100.53,0.56,241.87
2026-02-03 12:02:58.064,8.14,122.79,READY,1.39,1.57,115.65,0.63,241.87
2026-02-03 12:02:58.198,8.58,116.60,READY,2.39,0.69,109.49,0.56,241.87
2026-02-03 12:02:58.326,8.96,111.62,READY,1.92,0.53,105.46,0.58,241.87
2026-02-03 12:02:58.462,8.37,119.45,READY,5.91,1.33,107.84,0.56,241.87
2026-02-03 12:02:58.700,4.50,222.19,READY,2.85,113.85,101.91,0.55,241.87
2026-02-03 12:02:58.841,8.36,119.56,READY,1.50,1.43,113.17,0.64,241.87
2026-02-03 12:02:58.976,8.49,117.75,READY,2.53,1.18,108.10,0.55,241.87
2026-02-03 12:02:59.109,8.56,116.87,READY,2.01,0.72,108.95,0.58,241.87
2026-02-03 12:02:59.240,8.73,114.55,READY,2.33,0.77,106.79,0.59,241.87
2026-02-03 12:02:59.478,4.52,221.39,READY,3.16,113.01,101.30,0.60,241.87
2026-02-03 12:02:59.621,8.23,121.56,READY,1.28,1.44,114.88,0.65,241.87
2026-02-03 12:02:59.755,8.58,116.60,READY,2.49,0.58,109.45,1.07,241.87
2026-02-03 12:02:59.884,8.81,113.48,READY,2.19,0.57,107.30,0.62,241.87
2026-02-03 12:03:00.013,8.88,112.64,READY,2.33,0.58,106.28,0.59,241.87
2026-02-03 12:03:00.262,4.29,233.37,READY,2.32,123.62,102.81,1.03,241.87
2026-02-03 12:03:00.415,7.67,130.43,READY,2.06,1.43,122.89,0.74,241.87
2026-02-03 12:03:00.555,8.19,122.06,READY,2.51,1.38,112.12,0.59,241.87
2026-02-03 12:03:00.687,8.64,115.69,READY,2.00,1.05,108.31,0.61,241.87
2026-02-03 12:03:00.818,8.64,115.80,READY,2.02,0.95,109.17,0.64,241.87
2026-02-03 12:03:01.060,4.51,221.84,READY,2.08,115.16,100.87,0.53,241.87
2026-02-03 12:03:01.203,8.22,121.67,READY,1.73,1.38,114.87,0.76,241.87
2026-02-03 12:03:01.338,8.50,117.60,READY,2.51,0.61,110.49,0.55,241.87
2026-02-03 12:03:01.468,8.74,114.42,READY,2.33,0.94,107.23,0.52,241.87
2026-02-03 12:03:01.598,8.81,113.53,READY,2.30,0.87,106.38,0.53,241.87
2026-02-03 12:03:01.839,4.44,225.35,READY,3.30,111.68,106.60,0.58,241.87
2026-02-03 12:03:01.993,7.67,130.38,READY,1.72,1.47,123.67,0.70,241.87
2026-02-03 12:03:02.137,7.87,127.13,READY,2.75,1.12,119.99,0.54,241.87
2026-02-03 12:03:02.284,7.77,128.69,READY,2.43,0.79,118.35,0.56,241.87
2026-02-03 12:03:02.423,8.14,122.81,READY,2.56,0.76,115.32,0.59,241.87
2026-02-03 12:03:02.667,4.50,222.44,READY,1.28,114.47,103.00,0.57,241.87
2026-02-03 12:03:02.809,8.26,121.05,READY,1.28,1.39,114.39,0.69,241.87
2026-02-03 12:03:02.945,8.40,119.02,READY,2.54,1.51,110.38,0.57,241.87
2026-02-03 12:03:03.076,8.68,115.18,READY,2.10,0.77,108.06,0.57,241.87
2026-02-03 12:03:03.207,8.66,115.44,READY,2.45,0.90,107.96,0.60,241.87
2026-02-03 12:03:03.446,4.49,222.73,READY,2.32,113.64,102.50,0.60,241.87
2026-02-03 12:03:03.596,7.73,129.44,READY,1.34,1.31,123.28,0.72,241.87
2026-02-03 12:03:03.743,7.71,129.76,READY,2.32,1.03,121.28,0.57,241.87
2026-02-03 12:03:03.884,8.05,124.29,READY,1.94,1.08,116.67,0.55,241.87
2026-02-03 12:03:04.027,7.97,125.52,READY,2.47,0.80,117.69,0.58,241.87
2026-02-03 12:03:04.272,4.38,228.29,READY,2.32,112.79,108.80,0.57,241.87
2026-02-03 12:03:04.431,7.28,137.28,READY,1.66,1.84,129.76,0.79,241.87
2026-02-03 12:03:04.575,7.90,126.55,READY,1.97,1.14,120.30,0.63,241.87
2026-02-03 12:03:04.725,7.57,132.10,READY,2.84,0.45,123.22,0.58,241.87
2026-02-03 12:03:04.863,8.23,121.53,READY,2.59,0.51,113.76,0.54,241.87
2026-02-03 12:03:05.119,4.17,239.67,READY,2.31,126.69,105.91,0.55,241.87
2026-02-03 12:03:05.274,7.57,132.18,READY,2.48,1.56,123.80,0.68,241.87
2026-02-03 12:03:05.411,8.68,115.21,READY,2.40,0.75,109.53,0.60,241.87
2026-02-03 12:03:05.542,8.65,115.63,READY,2.26,1.24,107.74,0.60,241.87
2026-02-03 12:03:05.674,8.66,115.44,READY,2.33,0.97,107.94,0.59,241.87
2026-02-03 12:03:05.914,4.46,223.97,READY,2.27,116.53,100.72,0.59,241.87
2026-02-03 12:03:06.055,8.31,120.32,READY,1.27,1.10,114.29,0.70,241.87
2026-02-03 12:03:06.192,8.48,117.94,READY,2.34,0.54,111.57,0.59,241.87
2026-02-03 12:03:06.325,8.54,117.07,READY,4.51,0.62,109.02,0.82,241.87
2026-02-03 12:03:06.463,8.32,120.23,READY,2.17,0.65,114.10,0.71,241.87
2026-02-03 12:03:06.706,4.42,226.32,READY,2.20,117.86,103.43,0.61,241.87
2026-02-03 12:03:06.850,8.18,122.22,READY,1.33,1.53,115.68,0.64,241.87
2026-02-03 12:03:06.983,8.60,116.28,READY,2.44,0.79,109.75,0.59,241.87
2026-02-03 12:03:07.115,8.63,115.82,READY,2.12,1.07,108.04,0.65,241.87
2026-02-03 12:03:07.249,8.44,118.45,READY,2.00,0.71,112.58,0.54,241.87
2026-02-03 12:03:07.492,4.40,227.36,READY,2.00,120.73,100.71,0.54,241.87
2026-02-03 12:03:07.635,8.26,121.09,READY,1.42,1.13,114.70,0.75,241.87
2026-02-03 12:03:07.773,8.28,120.77,READY,6.67,0.81,110.47,0.55,241.87
2026-02-03 12:03:07.904,8.63,115.86,READY,2.12,0.98,109.25,0.55,241.87
2026-02-03 12:03:08.035,8.70,114.93,READY,2.14,1.18,107.30,0.56,241.87
2026-02-03 12:03:08.274,4.49,222.59,READY,2.11,113.15,103.24,0.58,241.87
2026-02-03 12:03:08.430,7.52,132.98,READY,3.51,1.79,123.85,0.75,241.87
2026-02-03 12:03:08.575,8.12,123.08,READY,2.04,0.78,117.39,0.67,241.87
2026-02-03 12:03:08.713,8.28,120.76,READY,1.93,1.12,113.76,0.54,241.87
2026-02-03 12:03:08.851,8.22,121.62,READY,5.15,0.69,113.00,0.61,241.87
2026-02-03 12:03:09.102,4.25,235.04,READY,2.04,118.98,109.02,0.62,241.87
2026-02-03 12:03:09.258,7.46,134.08,READY,2.29,0.58,126.76,0.58,241.87
2026-02-03 12:03:09.404,7.84,127.63,READY,1.80,0.99,120.39,0.56,241.87
2026-02-03 12:03:09.544,8.08,123.77,READY,1.98,0.74,116.51,0.59,241.87
2026-02-03 12:03:09.680,8.45,118.28,READY,2.59,0.96,111.29,0.66,241.87
2026-02-03 12:03:09.923,4.41,226.87,READY,2.03,115.98,104.50,0.58,241.87
2026-02-03 12:03:10.069,8.07,123.85,READY,2.90,1.18,115.91,0.74,241.87
2026-02-03 12:03:10.204,8.51,117.45,READY,2.36,1.14,109.23,0.55,241.87
2026-02-03 12:03:10.334,8.73,114.51,READY,2.18,1.12,106.73,0.92,241.87
2026-02-03 12:03:10.466,8.65,115.63,READY,2.35,1.08,108.00,0.53,241.87
2026-02-03 12:03:10.705,4.48,223.24,READY,2.34,115.21,101.07,1.16,241.87
2026-02-03 12:03:10.852,7.97,125.53,READY,1.33,1.50,119.30,0.73,241.87
2026-02-03 12:03:10.987,8.58,116.60,READY,2.56,1.06,110.02,0.58,241.87
2026-02-03 12:03:11.119,8.56,116.81,READY,2.15,0.62,110.91,0.55,241.87
2026-02-03 12:03:11.257,8.19,122.09,READY,2.18,0.50,116.31,0.58,241.87
2026-02-03 12:03:11.497,4.47,223.67,READY,2.25,116.95,101.60,0.58,241.87
2026-02-03 12:03:11.648,7.69,130.09,READY,1.43,1.36,123.56,0.71,241.87
2026-02-03 12:03:11.790,8.07,123.85,READY,2.30,0.90,116.01,0.61,241.87
2026-02-03 12:03:11.919,8.81,113.53,READY,2.24,0.66,106.97,0.56,241.87
2026-02-03 12:03:12.049,8.77,114.05,READY,2.25,1.00,106.71,0.57,241.87
2026-02-03 12:03:12.296,4.34,230.52,READY,2.95,120.95,103.45,0.57,241.87
2026-02-03 12:03:12.440,8.11,123.34,READY,1.46,1.13,116.97,0.71,241.87
2026-02-03 12:03:12.577,8.40,119.08,READY,2.39,1.48,110.35,0.60,241.87
2026-02-03 12:03:12.711,8.44,118.44,READY,2.33,0.52,111.26,0.58,241.87
2026-02-03 12:03:12.842,8.67,115.37,READY,2.25,0.65,107.83,0.56,241.87
2026-02-03 12:03:13.079,4.53,220.60,READY,2.37,113.56,100.84,0.96,241.87
2026-02-03 12:03:13.224,8.03,124.57,READY,1.55,1.45,117.45,0.72,241.87
2026-02-03 12:03:13.357,8.63,115.84,READY,2.36,0.65,109.03,0.55,241.87
2026-02-03 12:03:13.486,8.89,112.44,READY,5.17,0.71,104.04,0.54,241.87
2026-02-03 12:03:13.614,8.88,112.65,READY,4.91,0.71,104.46,0.57,241.87
2026-02-03 12:03:13.851,4.53,220.59,READY,2.23,114.80,99.94,0.60,241.87
2026-02-03 12:03:13.987,8.70,114.91,READY,1.43,1.51,108.53,0.55,241.87
2026-02-03 12:03:14.116,8.87,112.71,READY,2.11,1.03,105.09,0.57,241.87
2026-02-03 12:03:14.245,8.85,113.01,READY,1.95,1.03,105.30,1.24,241.87
2026-02-03 12:03:14.386,7.98,125.26,READY,5.13,0.60,116.77,0.64,241.87
2026-02-03 12:03:14.623,4.53,220.88,READY,2.31,114.26,101.00,0.54,241.87
2026-02-03 12:03:14.759,8.73,114.59,READY,1.34,1.33,108.06,0.59,241.87
2026-02-03 12:03:14.893,8.73,114.50,READY,2.24,0.69,108.23,0.54,241.87
2026-02-03 12:03:15.036,7.89,126.78,READY,2.35,0.66,119.61,0.60,241.87
2026-02-03 12:03:15.167,8.64,115.69,READY,2.24,0.72,109.99,0.57,241.87
2026-02-03 12:03:15.409,4.43,225.64,READY,2.24,115.61,103.34,0.56,241.87
2026-02-03 12:03:15.547,8.21,121.74,READY,2.17,0.46,114.72,0.77,241.87
2026-02-03 12:03:15.679,8.59,116.40,READY,2.87,1.04,108.01,0.57,241.87
2026-02-03 12:03:15.811,8.69,115.13,READY,2.36,0.51,107.63,0.74,241.87
2026-02-03 12:03:15.940,8.82,113.34,READY,2.39,0.81,105.84,0.57,241.87
2026-02-03 12:03:16.178,4.50,222.19,READY,2.89,111.89,103.24,0.60,241.87
2026-02-03 12:03:16.321,8.27,120.97,READY,1.27,0.68,115.75,0.66,241.87
2026-02-03 12:03:16.470,7.71,129.77,READY,3.58,0.89,120.97,0.58,241.87
2026-02-03 12:03:16.613,8.06,124.05,READY,2.19,0.81,116.16,0.78,241.87
2026-02-03 12:03:16.751,8.26,121.03,READY,2.65,0.93,113.85,0.58,241.87
2026-02-03 12:03:16.998,4.33,230.75,READY,2.64,119.14,106.13,0.59,241.87
2026-02-03 12:03:17.148,7.83,127.79,READY,2.47,2.36,118.72,0.69,241.87
2026-02-03 12:03:17.281,8.60,116.32,READY,1.95,1.13,110.03,0.54,241.87
2026-02-03 12:03:17.412,8.75,114.22,READY,4.94,0.59,106.13,0.54,241.87
2026-02-03 12:03:17.539,9.00,111.17,READY,2.33,0.57,105.70,0.54,241.87
2026-02-03 12:03:17.773,4.58,218.56,READY,1.56,112.78,101.25,0.53,241.87
2026-02-03 12:03:17.920,7.62,131.18,READY,5.44,0.73,122.24,0.70,241.87
2026-02-03 12:03:18.054,8.78,113.85,READY,1.41,0.70,108.52,0.60,241.87
2026-02-03 12:03:18.185,8.70,114.89,READY,2.46,1.06,107.19,0.60,241.87
2026-02-03 12:03:18.314,8.85,112.95,READY,2.35,1.08,105.47,0.55,241.87
2026-02-03 12:03:18.551,4.51,221.53,READY,2.27,110.95,104.05,0.58,241.87
2026-02-03 12:03:18.693,8.34,119.95,READY,1.43,1.08,113.74,0.68,241.87
2026-02-03 12:03:18.825,8.70,115.01,READY,2.67,0.58,108.71,0.55,241.87
2026-02-03 12:03:18.956,8.73,114.51,READY,5.31,0.57,106.04,0.55,241.87
2026-02-03 12:03:19.084,8.93,112.04,READY,2.03,0.65,106.45,0.57,241.87
2026-02-03 12:03:19.325,4.44,225.34,READY,1.91,120.55,100.04,0.56,241.87
2026-02-03 12:03:19.465,8.41,118.95,READY,1.31,1.46,113.28,0.65,241.87
2026-02-03 12:03:19.600,8.49,117.76,READY,2.04,0.79,110.99,0.58,241.87
2026-02-03 12:03:19.728,8.92,112.10,READY,1.96,0.70,106.64,0.58,241.87
2026-02-03 12:03:19.856,8.90,112.35,READY,1.98,0.70,106.87,0.60,241.87
2026-02-03 12:03:20.095,4.48,223.15,READY,2.03,117.93,100.49,0.54,241.87
2026-02-03 12:03:20.237,8.25,121.16,READY,1.55,1.34,114.46,0.67,241.87
2026-02-03 12:03:20.371,8.61,116.15,READY,2.21,0.48,109.60,0.60,241.87
2026-02-03 12:03:20.499,8.90,112.40,READY,1.94,0.48,106.83,0.56,241.87
2026-02-03 12:03:20.627,8.89,112.54,READY,2.16,0.55,106.50,0.56,241.87
2026-02-03 12:03:20.863,4.55,219.68,READY,1.83,113.98,100.48,0.57,241.87
2026-02-03 12:03:21.006,8.18,122.26,READY,1.33,1.56,115.97,0.72,241.87
2026-02-03 12:03:21.141,8.51,117.44,READY,2.05,1.01,109.96,0.57,241.87
2026-02-03 12:03:21.272,8.70,114.89,READY,2.16,0.52,108.36,0.62,241.87
2026-02-03 12:03:21.403,8.71,114.75,READY,2.04,1.01,107.61,0.60,241.87
2026-02-03 12:03:21.638,4.56,219.22,READY,1.98,112.87,101.07,0.56,241.87
2026-02-03 12:03:21.783,8.16,122.54,READY,1.53,1.01,114.12,0.81,241.87
2026-02-03 12:03:21.917,8.53,117.27,READY,2.19,0.68,110.63,0.77,241.87
2026-02-03 12:03:22.046,8.86,112.87,READY,2.11,0.48,106.39,0.58,241.87
2026-02-03 12:03:22.174,8.95,111.75,READY,2.16,1.21,105.45,0.59,241.87
2026-02-03 12:03:22.407,4.61,216.85,READY,2.35,110.63,100.25,0.59,241.87
2026-02-03 12:03:22.550,8.24,121.33,READY,1.65,1.73,114.34,0.59,241.87
2026-02-03 12:03:22.685,8.44,118.43,READY,2.35,1.31,110.24,0.56,241.87
2026-02-03 12:03:22.817,8.67,115.36,READY,2.16,0.96,109.16,0.55,241.87
2026-02-03 12:03:22.957,8.18,122.23,READY,1.48,0.55,116.29,0.72,241.87
2026-02-03 12:03:23.196,4.50,222.26,READY,2.15,111.23,104.08,0.57,241.87
2026-02-03 12:03:23.345,7.94,125.91,READY,3.64,1.44,116.38,1.18,241.87
2026-02-03 12:03:23.481,8.79,113.78,READY,1.32,1.31,107.75,0.57,241.87
2026-02-03 12:03:23.610,8.82,113.41,READY,2.21,1.20,107.24,0.60,241.87
2026-02-03 12:03:23.742,8.66,115.45,READY,1.81,0.57,109.72,0.60,241.87
2026-02-03 12:03:23.982,4.46,224.41,READY,2.41,116.68,102.47,0.57,241.87
2026-02-03 12:03:24.123,8.32,120.24,READY,1.30,1.35,114.41,0.71,241.87
2026-02-03 12:03:24.259,8.40,119.01,READY,1.96,1.41,111.37,0.54,241.87
2026-02-03 12:03:24.389,8.82,113.40,READY,2.37,1.26,106.82,0.57,241.87
2026-02-03 12:03:24.519,8.76,114.11,READY,2.27,1.13,107.84,0.56,241.87
2026-02-03 12:03:24.755,4.55,219.79,READY,2.22,113.90,100.67,0.63,241.87
2026-02-03 12:03:24.894,8.38,119.38,READY,3.51,0.56,112.49,0.72,241.87
2026-02-03 12:03:25.030,8.42,118.75,READY,2.37,0.63,112.22,0.54,241.87
2026-02-03 12:03:25.160,8.74,114.37,READY,2.52,1.21,107.46,0.57,241.87
2026-02-03 12:03:25.291,8.69,115.10,READY,2.16,1.04,108.86,0.60,241.87
2026-02-03 12:03:25.528,4.52,221.41,READY,2.14,113.16,103.12,0.57,241.87
2026-02-03 12:03:25.673,8.09,123.61,READY,1.44,1.45,116.84,0.58,241.87
2026-02-03 12:03:25.810,8.35,119.82,READY,2.46,1.28,112.79,0.54,241.87
2026-02-03 12:03:25.941,8.64,115.74,READY,2.39,1.06,107.67,0.55,241.87
2026-02-03 12:03:26.078,8.35,119.72,READY,2.23,0.79,111.90,0.54,241.87
2026-02-03 12:03:26.316,4.51,221.68,READY,2.20,115.54,100.04,0.55,241.87
2026-02-03 12:03:26.456,8.37,119.47,READY,1.34,1.47,113.67,0.75,241.87
2026-02-03 12:03:26.592,8.43,118.68,READY,1.70,1.48,111.30,0.58,241.87
2026-02-03 12:03:26.722,8.74,114.36,READY,2.36,1.28,107.68,0.64,241.87
2026-02-03 12:03:26.853,8.79,113.81,READY,1.93,0.97,106.78,0.53,241.87
2026-02-03 12:03:27.090,4.54,220.35,READY,5.11,112.28,100.22,0.55,241.87
2026-02-03 12:03:27.233,8.17,122.36,READY,1.32,0.71,117.54,0.67,241.87
2026-02-03 12:03:27.368,8.47,118.13,READY,2.13,1.16,111.37,0.55,241.87
2026-02-03 12:03:27.497,8.80,113.64,READY,1.97,1.11,106.44,0.56,241.87
2026-02-03 12:03:27.628,8.71,114.75,READY,2.12,1.01,108.33,0.57,241.87
2026-02-03 12:03:27.868,4.47,223.90,READY,2.34,116.88,101.61,0.56,241.87
2026-02-03 12:03:28.012,8.14,122.88,READY,1.69,1.51,116.22,0.66,241.87
2026-02-03 12:03:28.151,8.26,121.00,READY,2.34,0.69,113.55,0.67,241.87
2026-02-03 12:03:28.286,8.38,119.39,READY,2.21,1.08,111.73,0.56,241.87
2026-02-03 12:03:28.417,8.70,115.00,READY,2.41,1.13,107.39,0.58,241.87
2026-02-03 12:03:28.652,4.57,218.92,READY,2.16,111.66,100.99,0.59,241.87
2026-02-03 12:03:28.795,8.19,122.04,READY,1.34,1.58,115.19,0.74,241.87
2026-02-03 12:03:28.931,8.43,118.57,READY,2.12,0.86,110.83,0.98,241.87
2026-02-03 12:03:29.071,8.20,121.96,READY,2.82,1.29,113.92,0.55,241.87
2026-02-03 12:03:29.204,8.63,115.84,READY,2.64,0.69,108.36,0.56,241.87
2026-02-03 12:03:29.440,4.54,220.28,READY,2.87,110.67,102.35,0.55,241.87
2026-02-03 12:03:29.592,7.68,130.27,READY,1.72,1.24,123.61,0.64,241.87
2026-02-03 12:03:29.727,8.69,115.10,READY,1.31,1.21,108.47,0.57,241.87
2026-02-03 12:03:29.862,8.46,118.15,READY,2.33,0.77,110.96,0.54,241.87
2026-02-03 12:03:29.989,8.97,111.50,READY,2.25,0.51,104.04,0.59,241.87
2026-02-03 12:03:30.222,4.62,216.68,READY,2.49,109.90,99.96,0.52,241.87
2026-02-03 12:03:30.361,8.47,118.13,READY,1.42,1.39,112.35,0.69,241.87
2026-02-03 12:03:30.495,8.57,116.75,READY,2.24,1.45,108.70,0.64,241.87
2026-02-03 12:03:30.628,8.53,117.26,READY,2.52,0.79,108.88,0.57,241.87
2026-02-03 12:03:30.757,8.87,112.73,READY,2.01,0.65,105.36,0.57,241.87
2026-02-03 12:03:30.990,4.60,217.39,READY,2.35,110.51,100.25,0.59,241.87
2026-02-03 12:03:31.131,8.34,119.87,READY,1.27,1.42,114.15,0.64,241.87
2026-02-03 12:03:31.268,8.48,117.89,READY,2.54,1.10,110.38,0.54,241.87
2026-02-03 12:03:31.399,8.67,115.28,READY,1.87,0.93,108.79,0.54,241.87
2026-02-03 12:03:31.529,8.78,113.83,READY,2.26,1.10,106.49,0.57,241.87
2026-02-03 12:03:31.773,4.38,228.32,READY,2.28,120.18,101.69,0.55,241.87
2026-02-03 12:03:31.914,8.31,120.39,READY,1.38,1.64,114.37,0.76,241.87
2026-02-03 12:03:32.053,8.31,120.29,READY,2.97,0.80,112.02,1.21,241.87
2026-02-03 12:03:32.183,8.79,113.70,READY,2.39,0.65,106.84,0.54,241.87
2026-02-03 12:03:32.312,8.83,113.26,READY,2.24,0.86,106.31,0.57,241.87
2026-02-03 12:03:32.554,4.43,225.78,READY,2.30,117.93,101.61,0.57,241.87
2026-02-03 12:03:32.697,8.25,121.17,READY,1.59,1.34,114.68,0.65,241.87
2026-02-03 12:03:32.832,8.49,117.73,READY,2.48,0.65,111.44,0.62,241.87
2026-02-03 12:03:32.965,8.51,117.53,READY,1.95,0.57,111.83,0.97,241.87
2026-02-03 12:03:33.093,8.97,111.46,READY,2.03,0.58,106.16,0.57,241.87
2026-02-03 12:03:33.333,4.45,224.54,READY,1.98,117.93,101.49,0.56,241.87
2026-02-03 12:03:33.485,7.47,133.90,READY,1.32,1.09,126.75,0.71,241.87
2026-02-03 12:03:33.625,8.52,117.36,READY,1.30,1.21,110.76,1.25,241.87
2026-02-03 12:03:33.754,8.82,113.32,READY,2.39,0.88,105.93,0.54,241.87
2026-02-03 12:03:33.888,8.46,118.16,READY,2.37,1.08,110.54,0.65,241.87
2026-02-03 12:03:34.139,4.25,235.36,READY,2.38,126.11,102.78,0.57,241.87
2026-02-03 12:03:34.284,8.08,123.81,READY,1.27,1.15,117.51,0.68,241.87
2026-02-03 12:03:34.420,8.40,118.99,READY,1.91,0.79,112.22,0.62,241.87
2026-02-03 12:03:34.547,8.98,111.37,READY,2.04,0.57,105.93,0.58,241.87
2026-02-03 12:03:34.677,8.80,113.58,READY,2.15,0.58,108.00,0.56,241.87
2026-02-03 12:03:34.923,4.35,229.97,READY,2.12,122.30,102.66,0.75,241.87
2026-02-03 12:03:35.071,7.73,129.30,READY,2.56,0.79,122.26,0.70,241.87
2026-02-03 12:03:35.215,7.99,125.22,READY,4.83,0.72,116.95,0.62,241.87
2026-02-03 12:03:35.352,8.55,116.90,READY,2.66,1.47,108.94,0.59,241.87
2026-02-03 12:03:35.482,8.78,113.89,READY,2.18,1.08,107.68,0.59,241.87
2026-02-03 12:03:35.723,4.45,224.92,READY,2.52,118.70,100.84,0.62,241.87
2026-02-03 12:03:35.869,8.05,124.27,READY,1.46,1.17,115.78,0.69,241.87
2026-02-03 12:03:36.009,8.15,122.72,READY,7.91,0.74,109.49,0.59,241.87
2026-02-03 12:03:36.139,8.83,113.25,READY,2.32,0.70,105.14,1.05,241.87
2026-02-03 12:03:36.268,8.89,112.51,READY,2.01,0.92,105.08,0.63,241.87
2026-02-03 12:03:36.512,4.39,227.81,READY,5.04,110.83,108.40,0.70,241.87
2026-02-03 12:03:36.671,7.26,137.65,READY,2.53,1.84,129.27,0.60,241.87
2026-02-03 12:03:36.819,7.72,129.45,READY,2.80,1.18,120.62,0.67,241.87
2026-02-03 12:03:36.968,7.60,131.65,READY,1.96,0.63,124.46,0.59,241.87
2026-02-03 12:03:37.098,8.84,113.11,READY,2.19,0.69,106.04,0.53,241.87
2026-02-03 12:03:37.334,4.54,220.20,READY,2.17,113.29,100.70,0.87,241.87
2026-02-03 12:03:37.478,7.92,126.25,READY,2.04,1.01,118.68,0.70,241.87
2026-02-03 12:03:37.612,8.53,117.21,READY,2.34,1.43,108.98,0.61,241.87
2026-02-03 12:03:37.741,8.84,113.06,READY,2.01,0.91,106.12,0.57,241.87
2026-02-03 12:03:37.877,8.41,118.97,READY,3.09,0.58,111.96,0.72,241.87
2026-02-03 12:03:38.117,4.47,223.73,READY,1.94,117.45,100.25,0.57,241.87
2026-02-03 12:03:38.265,7.85,127.37,READY,1.75,1.49,119.95,0.72,241.87
2026-02-03 12:03:38.404,8.69,115.11,READY,1.80,1.48,108.73,0.53,241.87
2026-02-03 12:03:38.535,8.71,114.78,READY,2.34,0.97,106.62,1.03,241.87
2026-02-03 12:03:38.665,8.79,113.79,READY,2.28,1.02,106.25,0.92,241.87
2026-02-03 12:03:38.900,4.55,219.62,READY,2.25,112.36,101.03,0.54,241.87
2026-02-03 12:03:39.043,8.28,120.71,READY,1.33,0.56,116.17,0.57,241.87
2026-02-03 12:03:39.184,8.09,123.64,READY,2.51,1.02,115.40,0.61,241.87
2026-02-03 12:03:39.330,7.66,130.55,READY,2.16,0.64,124.73,0.66,241.87
2026-02-03 12:03:39.479,7.59,131.80,READY,2.54,1.15,123.46,0.66,241.87
2026-02-03 12:03:39.772,3.61,276.88,READY,2.10,134.73,135.26,0.64,241.87
2026-02-03 12:03:39.954,6.37,157.04,READY,4.50,2.28,144.89,0.90,241.87
2026-02-03 12:03:40.130,6.33,158.02,READY,3.60,1.36,147.60,0.59,241.87
2026-02-03 12:03:40.301,6.63,150.81,READY,2.94,1.56,142.44,0.82,241.87
2026-02-03 12:03:40.463,6.91,144.71,READY,3.43,1.22,135.71,0.63,241.87
2026-02-03 12:03:40.741,3.84,260.29,READY,2.83,127.61,125.40,0.58,241.87
2026-02-03 12:03:40.927,6.20,161.26,READY,3.07,1.31,152.82,0.66,241.87
2026-02-03 12:03:41.100,6.53,153.08,READY,6.89,0.64,141.77,0.65,241.87
2026-02-03 12:03:41.270,6.55,152.60,READY,3.05,1.98,144.36,0.67,241.87
2026-02-03 12:03:41.436,6.74,148.31,READY,2.86,1.32,140.51,0.72,241.87
2026-02-03 12:03:41.717,3.80,262.87,READY,3.50,129.93,126.27,0.63,241.87
2026-02-03 12:03:41.898,6.35,157.50,READY,1.68,1.44,149.94,0.63,241.87
2026-02-03 12:03:42.069,6.56,152.39,READY,2.49,1.34,144.47,0.60,241.87
2026-02-03 12:03:42.232,6.84,146.09,READY,3.12,2.70,137.13,0.63,241.87
2026-02-03 12:03:42.395,6.89,145.19,READY,3.20,1.84,136.08,1.16,241.87
2026-02-03 12:03:42.696,3.53,283.32,READY,2.37,137.55,139.48,0.81,241.87
2026-02-03 12:03:42.868,6.84,146.24,READY,1.77,1.17,138.68,0.92,241.87
2026-02-03 12:03:43.015,7.77,128.62,READY,2.62,1.06,119.86,1.08,241.87
2026-02-03 12:03:43.148,8.51,117.51,READY,2.08,0.58,111.56,0.64,241.87
2026-02-03 12:03:43.281,8.57,116.66,READY,2.11,0.56,111.01,0.63,241.87
2026-02-03 12:03:43.545,4.03,247.96,READY,5.45,125.86,113.83,0.62,241.87
2026-02-03 12:03:43.705,7.29,137.22,READY,1.70,1.89,129.37,0.74,241.87
2026-02-03 12:03:43.857,7.46,134.02,READY,2.56,0.75,127.45,0.66,241.87
2026-02-03 12:03:44.014,7.18,139.36,READY,2.14,0.60,129.85,0.72,241.87
2026-02-03 12:03:44.157,7.92,126.27,READY,2.30,1.38,118.76,1.07,241.87
2026-02-03 12:03:44.417,4.12,242.87,READY,2.09,119.98,117.06,0.59,242.00
2026-02-03 12:03:44.609,5.90,169.50,READY,1.91,1.75,161.11,0.75,242.00
2026-02-03 12:03:44.775,6.76,147.98,READY,2.17,0.53,141.18,1.14,242.00
2026-02-03 12:03:44.954,6.22,160.85,READY,2.57,0.92,152.54,0.63,242.00
2026-02-03 12:03:45.109,7.40,135.19,READY,5.01,0.88,126.17,0.63,242.00
2026-02-03 12:03:45.369,4.09,244.50,READY,2.25,121.22,118.12,0.58,242.00
2026-02-03 12:03:45.535,7.00,142.83,READY,2.52,1.62,134.42,0.81,242.00
2026-02-03 12:03:45.688,7.36,135.86,READY,1.74,0.68,130.59,0.68,242.00
2026-02-03 12:03:45.846,7.07,141.45,READY,2.12,0.63,135.51,0.62,242.00
2026-02-03 12:03:46.002,7.17,139.56,READY,1.90,0.81,131.97,0.67,242.00
2026-02-03 12:03:46.267,4.03,248.10,READY,1.90,123.01,118.68,0.61,242.00
2026-02-03 12:03:46.429,7.20,138.93,READY,2.44,1.19,130.82,0.64,242.00
2026-02-03 12:03:46.568,8.27,120.98,READY,1.55,0.53,111.64,0.56,241.93
2026-02-03 12:03:46.698,8.78,113.92,READY,1.76,0.54,108.45,0.56,241.93
2026-02-03 12:03:46.826,8.93,112.04,READY,2.35,0.66,106.03,0.59,241.93
2026-02-03 12:03:47.061,4.57,219.00,READY,2.31,112.88,100.98,0.58,241.93
2026-02-03 12:03:47.204,8.21,121.74,READY,1.34,1.61,114.88,0.70,241.93
2026-02-03 12:03:47.339,8.54,117.04,READY,2.37,0.80,109.93,0.58,241.93
2026-02-03 12:03:47.470,8.68,115.19,READY,1.78,0.94,108.77,0.54,241.93
2026-02-03 12:03:47.600,8.74,114.43,READY,2.36,1.11,106.91,0.55,241.93
2026-02-03 12:03:47.844,4.39,228.02,READY,2.19,116.97,105.13,0.57,241.93
2026-02-03 12:03:47.983,8.44,118.44,READY,1.38,0.57,113.61,0.68,241.93
2026-02-03 12:03:48.119,8.38,119.35,READY,2.34,0.88,112.06,0.57,241.93
2026-02-03 12:03:48.250,8.72,114.65,READY,2.25,0.89,106.98,0.55,241.93
2026-02-03 12:03:48.379,8.86,112.90,READY,3.67,1.26,105.16,0.54,241.93
2026-02-03 12:03:48.618,4.47,223.52,READY,2.22,116.21,100.60,0.59,241.93
2026-02-03 12:03:48.762,8.20,121.95,READY,1.43,1.33,114.91,0.69,241.93
2026-02-03 12:03:48.896,8.52,117.42,READY,2.34,0.60,110.24,0.59,241.93
2026-02-03 12:03:49.025,8.85,112.99,READY,2.31,0.60,106.13,0.59,241.93
2026-02-03 12:03:49.159,8.46,118.21,READY,9.04,0.58,105.07,0.59,241.93
2026-02-03 12:03:49.399,4.47,223.90,READY,2.00,117.82,101.13,0.55,241.93
2026-02-03 12:03:49.543,8.17,122.45,READY,1.32,1.21,115.92,0.70,241.93
2026-02-03 12:03:49.678,8.74,114.37,READY,2.05,1.01,107.92,0.58,241.93
2026-02-03 12:03:49.807,8.87,112.77,READY,2.14,0.55,106.50,0.63,241.93
2026-02-03 12:03:49.937,8.75,114.31,READY,4.26,0.77,106.00,0.56,241.93
2026-02-03 12:03:50.182,4.36,229.31,READY,6.30,118.36,100.86,0.55,241.93
2026-02-03 12:03:50.325,8.22,121.71,READY,1.31,1.49,113.81,0.69,241.93
2026-02-03 12:03:50.463,8.32,120.20,READY,1.54,1.14,112.80,0.58,241.93
2026-02-03 12:03:50.593,8.78,113.93,READY,2.15,0.73,107.82,0.55,241.93
2026-02-03 12:03:50.724,8.70,114.91,READY,2.22,1.10,107.57,0.57,241.93
2026-02-03 12:03:50.966,4.41,226.57,READY,2.31,119.80,100.50,0.58,241.93
2026-02-03 12:03:51.105,8.52,117.34,READY,1.50,0.52,112.36,0.69,241.93
2026-02-03 12:03:51.239,8.57,116.71,READY,2.59,1.24,108.60,0.59,241.93
2026-02-03 12:03:51.369,8.79,113.71,READY,3.18,0.96,106.43,0.60,241.93
2026-02-03 12:03:51.498,8.84,113.12,READY,1.97,0.80,107.26,0.57,241.93
2026-02-03 12:03:51.737,4.48,223.34,READY,1.93,115.68,102.52,0.56,241.93
2026-02-03 12:03:51.881,8.16,122.53,READY,1.53,0.69,116.86,0.67,241.93
2026-02-03 12:03:52.020,8.17,122.34,READY,1.69,1.19,115.39,1.19,241.93
2026-02-03 12:03:52.162,8.04,124.31,READY,2.56,0.73,115.14,0.62,241.93
2026-02-03 12:03:52.292,8.84,113.09,READY,2.41,0.57,105.16,0.58,241.93
2026-02-03 12:03:52.540,4.32,231.43,READY,2.51,121.10,103.16,0.56,241.93
2026-02-03 12:03:52.685,8.08,123.72,READY,2.01,1.41,116.27,0.66,241.93
2026-02-03 12:03:52.820,8.46,118.26,READY,2.54,1.44,109.60,0.62,241.93
2026-02-03 12:03:52.951,8.69,115.02,READY,2.69,0.68,107.01,0.57,241.93
2026-02-03 12:03:53.082,8.70,114.88,READY,2.54,0.87,106.67,0.58,241.93
2026-02-03 12:03:53.318,4.55,219.57,READY,2.34,110.92,101.75,0.62,241.93
2026-02-03 12:03:53.462,8.11,123.35,READY,1.38,1.44,117.12,0.76,241.93
2026-02-03 12:03:53.602,8.34,119.89,READY,1.67,1.47,111.73,0.63,241.93
2026-02-03 12:03:53.735,8.52,117.35,READY,4.45,0.71,109.63,0.59,241.93
2026-02-03 12:03:53.868,8.56,116.76,READY,2.85,0.68,108.55,0.59,241.93
2026-02-03 12:03:54.104,4.54,220.07,READY,2.39,111.45,101.79,0.57,241.93
2026-02-03 12:03:54.245,8.35,119.83,READY,1.53,1.39,113.67,0.63,241.93
2026-02-03 12:03:54.385,8.17,122.42,READY,2.32,1.38,112.10,0.57,241.93
2026-02-03 12:03:54.522,8.58,116.61,READY,2.88,0.53,110.21,0.55,241.93
2026-02-03 12:03:54.653,8.73,114.53,READY,2.24,0.98,108.25,0.55,241.93
2026-02-03 12:03:54.892,4.47,223.69,READY,2.22,117.74,100.74,0.56,241.93
2026-02-03 12:03:55.037,8.08,123.77,READY,1.50,1.46,117.23,0.67,241.93
2026-02-03 12:03:55.172,8.50,117.62,READY,2.25,1.16,109.07,0.56,241.93
2026-02-03 12:03:55.304,8.66,115.49,READY,2.57,1.29,107.35,0.54,241.93
2026-02-03 12:03:55.433,8.79,113.82,READY,2.33,0.78,106.50,0.54,241.93
2026-02-03 12:03:55.668,4.57,218.69,READY,2.38,111.98,100.21,0.56,241.93
2026-02-03 12:03:55.813,8.08,123.74,READY,1.53,1.40,117.16,0.78,241.93
2026-02-03 12:03:55.950,8.32,120.16,READY,2.47,0.58,113.42,0.60,241.93
2026-02-03 12:03:56.082,8.67,115.38,READY,2.28,1.06,107.98,0.57,241.93
2026-02-03 12:03:56.212,8.73,114.55,READY,2.32,0.74,107.57,0.58,241.93
2026-02-03 12:03:56.449,4.53,220.80,READY,2.53,111.96,102.08,0.54,241.93
2026-02-03 12:03:56.591,8.25,121.15,READY,1.26,1.68,115.26,0.71,241.93
2026-02-03 12:03:56.728,8.38,119.29,READY,1.66,1.17,113.36,0.62,241.93
2026-02-03 12:03:56.860,8.61,116.20,READY,2.48,1.09,108.51,0.62,241.93
2026-02-03 12:03:56.991,8.69,115.11,READY,2.03,1.11,107.67,0.56,241.93
2026-02-03 12:03:57.227,4.55,219.92,READY,2.33,112.60,101.10,0.64,241.93
2026-02-03 12:03:57.371,8.15,122.75,READY,1.88,1.42,115.97,0.61,241.93
2026-02-03 12:03:57.505,8.55,116.98,READY,2.31,1.25,108.82,0.64,241.93
2026-02-03 12:03:57.637,8.67,115.29,READY,2.34,0.70,107.96,0.54,241.93
2026-02-03 12:03:57.769,8.62,116.06,READY,2.46,0.67,108.63,0.57,241.93
2026-02-03 12:03:58.004,4.56,219.09,READY,2.30,111.09,101.55,0.55,241.93
2026-02-03 12:03:58.147,8.19,122.17,READY,1.41,1.46,115.84,0.72,241.93
2026-02-03 12:03:58.283,8.39,119.19,READY,2.59,0.71,109.90,0.58,241.93
2026-02-03 12:03:58.413,8.77,114.05,READY,2.04,0.54,108.21,0.62,241.93
2026-02-03 12:03:58.544,8.74,114.39,READY,2.21,0.78,108.56,0.56,241.93
2026-02-03 12:03:58.780,4.53,220.54,READY,2.12,114.17,101.24,0.58,241.93
2026-02-03 12:03:58.926,8.01,124.88,READY,4.12,1.40,115.65,0.68,241.93
2026-02-03 12:03:59.067,8.08,123.80,READY,2.59,1.03,116.19,0.65,241.93
2026-02-03 12:03:59.199,8.64,115.78,READY,3.58,0.80,108.62,0.59,241.93
2026-02-03 12:03:59.329,8.72,114.67,READY,2.02,0.69,108.71,0.58,241.93
2026-02-03 12:03:59.575,4.35,229.66,READY,2.40,117.05,107.32,0.58,241.93
2026-02-03 12:03:59.723,7.95,125.85,READY,1.65,1.62,118.80,0.65,241.93
2026-02-03 12:03:59.858,8.45,118.32,READY,2.36,0.89,110.44,0.61,241.93
2026-02-03 12:03:59.995,8.39,119.26,READY,3.27,1.02,110.97,0.54,241.93
2026-02-03 12:04:00.127,8.63,115.92,READY,2.46,1.13,107.77,0.86,241.93
2026-02-03 12:04:00.362,4.55,219.60,READY,2.25,111.39,101.81,0.53,241.93
2026-02-03 12:04:00.507,8.12,123.17,READY,1.41,1.31,116.81,0.87,241.93
2026-02-03 12:04:00.641,8.51,117.50,READY,2.36,1.02,109.94,0.55,241.93
2026-02-03 12:04:00.773,8.65,115.61,READY,2.56,1.07,107.77,0.56,241.93
2026-02-03 12:04:00.902,8.82,113.39,READY,2.32,0.61,106.28,0.54,241.93
2026-02-03 12:04:01.145,4.40,227.37,READY,2.54,116.85,103.29,0.53,241.93
2026-02-03 12:04:01.289,8.18,122.30,READY,1.33,1.36,115.28,0.72,241.93
2026-02-03 12:04:01.429,8.22,121.70,READY,2.37,2.53,111.36,0.56,241.93
2026-02-03 12:04:01.559,8.76,114.15,READY,2.36,0.82,106.74,0.60,241.93
2026-02-03 12:04:01.689,8.79,113.82,READY,2.01,1.11,106.28,0.58,241.93
2026-02-03 12:04:01.925,4.53,220.64,READY,2.13,112.66,101.66,0.59,241.93
2026-02-03 12:04:02.065,8.43,118.67,READY,1.48,0.55,113.71,0.69,241.93
2026-02-03 12:04:02.202,8.37,119.53,READY,2.47,1.10,111.25,0.54,241.93
2026-02-03 12:04:02.333,8.69,115.09,READY,2.08,0.50,108.90,0.54,241.93
2026-02-03 12:04:02.463,8.73,114.55,READY,1.84,0.58,109.35,0.59,241.93
2026-02-03 12:04:02.722,4.19,238.71,READY,1.31,132.37,102.34,0.57,241.93
2026-02-03 12:04:02.868,8.01,124.77,READY,1.33,1.31,118.36,0.74,241.93
2026-02-03 12:04:03.002,8.59,116.47,READY,2.49,0.63,109.73,0.55,241.93
2026-02-03 12:04:03.131,8.82,113.35,READY,1.98,0.95,106.74,0.57,241.93
2026-02-03 12:04:03.262,8.70,114.97,READY,2.02,0.59,108.48,0.54,241.93
2026-02-03 12:04:03.505,4.40,227.46,READY,1.98,120.20,101.42,0.57,241.93
2026-02-03 12:04:03.648,7.96,125.57,READY,1.47,1.24,117.64,0.63,241.93
2026-02-03 12:04:03.783,8.48,117.87,READY,2.47,0.66,109.58,0.99,241.93
2026-02-03 12:04:03.916,8.55,116.93,READY,2.20,0.54,109.04,0.53,241.93
2026-02-03 12:04:04.046,8.83,113.20,READY,2.24,0.44,106.10,0.56,241.93
2026-02-03 12:04:04.282,4.55,220.02,READY,2.19,111.33,102.69,0.54,241.93
2026-02-03 12:04:04.425,8.23,121.51,READY,1.66,1.43,115.21,0.76,241.93
2026-02-03 12:04:04.561,8.40,119.11,READY,2.30,1.48,110.71,0.55,241.93
2026-02-03 12:04:04.693,8.64,115.75,READY,2.35,0.66,108.44,0.55,241.93
2026-02-03 12:04:04.823,8.73,114.52,READY,2.35,0.56,107.00,0.58,241.93
2026-02-03 12:04:05.059,4.54,220.38,READY,2.24,112.82,100.71,0.56,241.93
2026-02-03 12:04:05.200,8.35,119.82,READY,1.34,1.44,114.11,0.72,241.93
2026-02-03 12:04:05.336,8.46,118.23,READY,5.19,0.67,109.30,0.57,241.93
2026-02-03 12:04:05.466,8.81,113.53,READY,2.24,0.43,105.78,0.55,241.93
2026-02-03 12:04:05.598,8.66,115.47,READY,2.16,0.58,109.25,0.54,242.00
2026-02-03 12:04:05.841,4.39,227.86,READY,2.00,120.97,101.23,0.55,242.00
2026-02-03 12:04:05.979,8.19,122.08,READY,2.46,0.63,114.83,0.68,242.00
2026-02-03 12:04:06.120,8.08,123.80,READY,3.00,0.65,116.16,0.57,242.00
2026-02-03 12:04:06.249,8.80,113.62,READY,2.33,0.90,105.86,0.56,242.00
2026-02-03 12:04:06.377,8.90,112.31,READY,2.25,0.60,105.46,0.56,242.00
2026-02-03 12:04:06.612,4.57,218.67,READY,2.32,111.85,100.72,0.55,242.00
2026-02-03 12:04:06.752,8.48,117.86,READY,1.39,0.57,113.18,0.70,242.00
2026-02-03 12:04:06.888,8.43,118.68,READY,5.27,1.42,108.36,0.63,242.00
2026-02-03 12:04:07.018,8.74,114.40,READY,2.42,0.60,106.80,0.58,242.00
2026-02-03 12:04:07.147,8.83,113.30,READY,2.22,0.62,107.01,0.60,242.00
2026-02-03 12:04:07.381,4.60,217.50,READY,2.12,110.33,100.59,0.55,242.00
2026-02-03 12:04:07.524,8.19,122.08,READY,1.30,1.43,115.45,0.67,242.00
2026-02-03 12:04:07.661,8.39,119.12,READY,2.56,1.43,111.13,0.55,242.00
2026-02-03 12:04:07.795,8.53,117.21,READY,2.03,0.55,110.86,0.62,242.00
2026-02-03 12:04:07.929,8.91,112.26,READY,1.48,0.95,107.29,0.57,242.00
2026-02-03 12:04:08.164,4.56,219.32,READY,2.20,113.38,101.02,0.52,242.00
2026-02-03 12:04:08.311,7.96,125.61,READY,2.18,1.30,118.22,0.74,242.00
2026-02-03 12:04:08.445,8.52,117.30,READY,2.33,0.97,109.97,0.56,242.00
2026-02-03 12:04:08.575,8.75,114.34,READY,2.30,0.99,107.13,0.58,242.00
2026-02-03 12:04:08.706,8.71,114.75,READY,2.19,0.95,107.60,0.56,242.00
2026-02-03 12:04:08.944,4.51,221.74,READY,2.39,114.19,101.34,0.58,242.00
2026-02-03 12:04:09.087,8.17,122.34,READY,1.34,1.39,115.64,0.67,242.00
2026-02-03 12:04:09.223,8.40,118.98,READY,2.30,1.07,110.46,0.59,242.00
2026-02-03 12:04:09.354,8.71,114.85,READY,2.09,0.70,109.05,0.58,242.00
2026-02-03 12:04:09.483,8.83,113.21,READY,1.98,0.67,107.08,0.57,242.00
2026-02-03 12:04:09.718,4.56,219.12,READY,1.99,110.95,102.16,0.60,242.00
2026-02-03 12:04:09.863,8.12,123.08,READY,2.02,1.24,116.18,0.61,242.00
2026-02-03 12:04:09.998,8.50,117.62,READY,1.91,1.06,110.57,0.61,242.00
2026-02-03 12:04:10.134,8.34,119.85,READY,2.44,0.87,112.37,0.58,242.00
2026-02-03 12:04:10.263,8.82,113.36,READY,2.27,0.97,105.92,0.54,242.00
2026-02-03 12:04:10.503,4.47,223.68,READY,2.21,113.39,104.09,0.55,242.00
2026-02-03 12:04:10.644,8.33,119.99,READY,1.36,1.71,113.70,0.71,242.00
2026-02-03 12:04:10.781,8.37,119.52,READY,1.92,0.86,112.62,0.57,242.00
2026-02-03 12:04:10.912,8.72,114.66,READY,5.27,0.72,106.22,0.65,242.00
2026-02-03 12:04:11.042,8.74,114.37,READY,1.99,0.71,108.83,0.56,242.00
2026-02-03 12:04:11.275,4.61,216.86,READY,1.89,112.05,100.13,0.76,242.00
2026-02-03 12:04:11.417,8.25,121.27,READY,1.32,1.23,115.13,0.63,242.00
2026-02-03 12:04:11.550,8.60,116.27,READY,2.30,0.62,109.54,0.55,242.00
2026-02-03 12:04:11.680,8.77,113.99,READY,2.50,0.73,106.97,0.61,242.00
2026-02-03 12:04:11.809,8.84,113.11,READY,2.29,0.47,105.58,0.55,242.00
2026-02-03 12:04:12.045,4.54,220.14,READY,4.81,111.84,100.91,0.56,242.00
2026-02-03 12:04:12.199,7.36,135.81,READY,1.37,0.45,126.60,0.70,242.00
2026-02-03 12:04:12.351,7.45,134.32,READY,1.46,1.28,124.59,0.62,242.00
2026-02-03 12:04:12.488,8.30,120.55,READY,2.21,0.79,114.12,0.57,242.00
2026-02-03 12:04:12.617,8.90,112.34,READY,2.15,0.76,105.15,0.57,242.00
2026-02-03 12:04:12.850,4.59,217.67,READY,2.12,110.99,100.45,0.56,242.00
2026-02-03 12:04:12.985,8.38,119.31,READY,2.36,0.57,112.58,0.70,242.00
2026-02-03 12:04:13.117,8.67,115.37,READY,2.86,1.03,107.48,0.55,242.00
2026-02-03 12:04:13.247,8.78,113.94,READY,5.12,0.56,105.68,0.56,242.00
2026-02-03 12:04:13.378,8.68,115.15,READY,2.21,0.74,107.67,0.60,242.00
2026-02-03 12:04:13.610,4.63,216.14,READY,2.17,110.29,100.19,0.59,242.00
2026-02-03 12:04:13.753,8.20,121.93,READY,1.36,1.34,115.26,0.78,242.00
2026-02-03 12:04:13.892,8.59,116.44,READY,2.59,0.77,110.52,0.58,242.00
2026-02-03 12:04:14.020,8.92,112.10,READY,2.01,0.70,106.27,0.59,242.00
2026-02-03 12:04:14.148,8.93,112.02,READY,2.00,0.56,106.27,0.55,242.00
2026-02-03 12:04:14.383,4.56,219.30,READY,2.00,113.63,100.70,0.55,242.00
2026-02-03 12:04:14.525,8.24,121.31,READY,1.36,1.41,114.06,1.18,242.00
2026-02-03 12:04:14.662,8.36,119.67,READY,1.45,0.58,115.00,0.56,242.00
2026-02-03 12:04:14.790,8.88,112.59,READY,2.21,0.54,106.23,0.62,242.00
2026-02-03 12:04:14.917,9.01,111.01,READY,2.13,0.58,104.82,0.58,242.00
2026-02-03 12:04:15.151,4.59,217.87,READY,1.96,111.34,100.46,0.55,242.00
2026-02-03 12:04:15.293,8.24,121.33,READY,1.80,0.73,115.76,0.66,242.00
2026-02-03 12:04:15.427,8.54,117.13,READY,2.37,0.76,110.49,0.54,242.00
2026-02-03 12:04:15.563,8.43,118.57,READY,2.55,1.05,112.11,0.57,242.00
2026-02-03 12:04:15.693,8.71,114.87,READY,2.31,1.00,108.33,0.60,242.00
2026-02-03 12:04:15.929,4.54,220.05,READY,5.22,111.58,100.51,0.56,242.00
2026-02-03 12:04:16.074,8.09,123.59,READY,1.28,1.17,117.26,0.68,242.00
2026-02-03 12:04:16.209,8.49,117.76,READY,3.11,1.33,108.65,0.56,242.00
2026-02-03 12:04:16.342,8.58,116.60,READY,2.62,1.19,108.38,0.57,242.00
2026-02-03 12:04:16.473,8.70,115.00,READY,2.50,1.09,107.03,0.57,242.00
2026-02-03 12:04:16.713,4.46,224.05,READY,2.20,116.69,102.28,0.55,242.00
2026-02-03 12:04:16.861,7.68,130.21,READY,1.30,1.05,122.29,0.68,242.00
2026-02-03 12:04:17.044,8.71,114.76,READY,2.05,0.59,108.43,0.55,242.00
2026-02-03 12:04:17.177,8.58,116.61,READY,2.07,0.98,109.26,0.63,242.00
2026-02-03 12:04:17.307,8.73,114.60,READY,2.03,0.67,107.76,0.63,242.00
2026-02-03 12:04:17.547,4.47,223.85,READY,2.08,116.03,101.43,0.67,242.00
2026-02-03 12:04:17.705,7.44,134.48,READY,1.58,1.29,127.75,0.78,242.00
2026-02-03 12:04:17.848,8.04,124.34,READY,2.12,0.52,116.06,0.72,242.00
2026-02-03 12:04:17.985,8.29,120.66,READY,1.95,1.22,114.01,0.54,242.00
2026-02-03 12:04:18.121,8.45,118.27,READY,2.69,1.49,110.62,0.59,242.00
2026-02-03 12:04:18.368,4.36,229.37,READY,2.56,112.56,106.15,0.56,242.00
2026-02-03 12:04:18.510,8.22,121.66,READY,2.40,0.53,113.57,0.65,242.00
2026-02-03 12:04:18.662,7.63,130.99,READY,1.69,1.16,123.79,0.73,242.00
2026-02-03 12:04:18.793,8.70,114.91,READY,2.04,0.68,108.77,0.56,242.00
2026-02-03 12:04:18.927,8.51,117.53,READY,2.10,0.66,110.68,0.66,242.00
2026-02-03 12:04:19.167,4.46,224.31,READY,1.90,116.26,102.76,0.56,242.00
2026-02-03 12:04:19.302,8.83,113.22,READY,1.55,0.58,108.61,0.56,242.00
2026-02-03 12:04:19.435,8.68,115.27,READY,1.86,0.83,107.86,0.57,242.00
2026-02-03 12:04:19.572,8.21,121.86,READY,1.98,0.58,115.79,0.69,242.00
2026-02-03 12:04:19.716,7.85,127.39,READY,1.88,0.60,122.00,0.55,242.00
2026-02-03 12:04:19.956,4.46,224.35,READY,2.04,114.01,104.23,0.56,242.00
2026-02-03 12:04:20.088,8.77,114.07,READY,2.47,0.53,106.73,0.63,242.00
2026-02-03 12:04:20.223,8.53,117.30,READY,2.41,1.28,108.66,0.59,242.00
2026-02-03 12:04:20.352,8.84,113.09,READY,2.44,0.55,105.62,0.58,242.00
2026-02-03 12:04:20.482,8.71,114.78,READY,2.60,0.54,107.14,0.65,242.00
2026-02-03 12:04:20.730,4.32,231.61,READY,2.38,115.99,108.68,0.56,242.00
2026-02-03 12:04:20.871,8.29,120.61,READY,1.73,0.62,114.93,0.77,242.00
2026-02-03 12:04:21.025,7.38,135.41,READY,2.20,0.99,125.51,0.59,242.00
2026-02-03 12:04:21.163,8.22,121.68,READY,3.42,0.57,113.91,0.57,242.00
2026-02-03 12:04:21.308,7.87,127.13,READY,2.46,1.79,118.36,0.63,242.00
2026-02-03 12:04:21.551,4.40,227.31,READY,2.20,119.18,102.87,0.54,242.00
2026-02-03 12:04:21.709,7.32,136.69,READY,1.36,1.25,130.15,0.79,242.00
2026-02-03 12:04:21.860,7.80,128.25,READY,3.03,0.97,121.01,0.57,242.00
2026-02-03 12:04:22.000,8.13,122.98,READY,2.30,0.79,117.16,0.56,242.00
2026-02-03 12:04:22.136,8.43,118.66,READY,2.46,0.60,110.95,0.55,242.00
2026-02-03 12:04:22.369,4.61,217.10,READY,1.89,111.03,100.86,0.55,242.00
2026-02-03 12:04:22.512,8.22,121.68,READY,1.30,1.11,115.46,0.67,242.00
2026-02-03 12:04:22.646,8.58,116.50,READY,1.82,1.26,110.21,0.59,242.00
2026-02-03 12:04:22.779,8.59,116.48,READY,2.28,1.05,108.89,0.60,242.00
2026-02-03 12:04:22.909,8.74,114.36,READY,2.37,0.96,106.80,0.57,242.00
2026-02-03 12:04:23.148,4.48,223.34,READY,2.15,115.33,101.70,0.57,242.00
2026-02-03 12:04:23.296,7.93,126.06,READY,1.79,1.49,119.08,0.76,242.00
2026-02-03 12:04:23.430,8.58,116.62,READY,2.23,0.54,109.63,0.66,242.00
2026-02-03 12:04:23.559,8.82,113.39,READY,2.15,0.72,107.75,0.56,242.00
2026-02-03 12:04:23.690,8.96,111.58,READY,1.27,1.19,105.96,0.61,242.00
2026-02-03 12:04:23.926,4.55,219.79,READY,2.47,112.63,100.50,0.57,242.00
2026-02-03 12:04:24.068,8.25,121.23,READY,1.89,1.39,114.02,0.76,242.00
2026-02-03 12:04:24.204,8.43,118.63,READY,2.76,1.28,109.99,0.56,242.00
2026-02-03 12:04:24.335,8.64,115.76,READY,2.78,0.54,108.20,0.54,242.00
2026-02-03 12:04:24.465,8.81,113.53,READY,2.40,0.60,106.17,0.61,242.00
2026-02-03 12:04:24.706,4.44,225.41,READY,2.40,118.31,100.43,0.60,242.00
2026-02-03 12:04:24.848,8.30,120.48,READY,1.29,1.24,114.13,0.66,242.00
2026-02-03 12:04:24.984,8.36,119.67,READY,2.93,1.24,110.50,0.63,242.00
2026-02-03 12:04:25.117,8.58,116.59,READY,2.60,0.54,109.16,0.53,242.00
2026-02-03 12:04:25.246,8.86,112.81,READY,2.48,0.54,105.43,0.54,242.00
2026-02-03 12:04:25.482,4.57,218.73,READY,3.72,110.54,100.11,0.54,242.00
2026-02-03 12:04:25.628,8.02,124.63,READY,1.33,1.47,117.74,0.70,242.00
2026-02-03 12:04:25.762,8.56,116.76,READY,2.34,0.51,109.47,0.58,242.00
2026-02-03 12:04:25.894,8.66,115.49,READY,2.10,0.57,108.69,0.54,242.00
2026-02-03 12:04:26.026,8.64,115.73,READY,2.17,0.54,109.30,0.58,242.00
2026-02-03 12:04:26.270,4.38,228.32,READY,2.27,120.15,102.13,0.58,242.00
2026-02-03 12:04:26.414,8.18,122.20,READY,1.31,1.50,115.80,0.63,242.00
2026-02-03 12:04:26.548,8.52,117.32,READY,2.30,1.28,109.12,0.55,242.00
2026-02-03 12:04:26.677,8.84,113.16,READY,1.87,0.65,106.44,0.57,242.00
2026-02-03 12:04:26.807,8.78,113.96,READY,2.05,0.69,107.66,0.55,242.00
2026-02-03 12:04:27.041,4.59,218.05,READY,1.96,111.72,100.28,0.61,242.00
2026-02-03 12:04:27.182,8.36,119.61,READY,1.28,1.22,114.13,0.78,242.00
2026-02-03 12:04:27.317,8.47,118.09,READY,2.50,1.29,110.24,1.12,242.00
2026-02-03 12:04:27.445,8.92,112.10,READY,2.00,0.44,105.71,0.55,242.00
2026-02-03 12:04:27.575,8.82,113.36,READY,2.97,0.57,106.16,0.72,242.00
2026-02-03 12:04:27.819,4.38,228.43,READY,1.96,122.47,100.57,0.60,242.00
2026-02-03 12:04:27.963,8.11,123.26,READY,1.36,1.45,116.52,0.69,242.00
2026-02-03 12:04:28.098,8.49,117.77,READY,2.48,1.29,110.03,0.61,242.00
2026-02-03 12:04:28.228,8.77,113.97,READY,2.25,1.13,107.63,0.57,242.00
2026-02-03 12:04:28.356,8.92,112.08,READY,2.44,1.04,105.67,0.57,242.00
2026-02-03 12:04:28.592,4.55,219.96,READY,1.97,112.14,102.02,0.59,242.00
2026-02-03 12:04:28.737,8.10,123.53,READY,2.29,1.15,115.94,0.72,242.00
2026-02-03 12:04:28.875,8.31,120.36,READY,2.72,1.23,112.41,0.85,242.00
2026-02-03 12:04:29.007,8.58,116.57,READY,2.51,0.90,108.56,0.56,242.00
2026-02-03 12:04:29.137,8.77,114.07,READY,1.98,1.13,106.63,0.57,242.00
2026-02-03 12:04:29.373,4.54,220.35,READY,3.09,112.01,100.91,0.55,242.00
2026-02-03 12:04:29.517,8.04,124.39,READY,1.92,0.50,118.33,0.69,242.00
2026-02-03 12:04:29.650,8.57,116.68,READY,2.59,1.34,109.41,0.60,242.00
2026-02-03 12:04:29.781,8.68,115.19,READY,2.20,1.03,107.84,0.54,242.00
2026-02-03 12:04:29.913,8.68,115.15,READY,2.35,1.00,107.39,0.57,242.00
2026-02-03 12:04:30.148,4.56,219.45,READY,2.30,112.45,100.67,0.56,242.00
2026-02-03 12:04:30.291,8.19,122.15,READY,1.85,1.35,115.10,0.68,242.00
2026-02-03 12:04:30.424,8.63,115.87,READY,2.00,1.23,109.26,0.56,242.00
2026-02-03 12:04:30.555,8.72,114.74,READY,1.86,0.57,108.97,0.57,242.00
2026-02-03 12:04:30.684,8.86,112.87,READY,2.03,0.99,105.61,0.57,242.00
2026-02-03 12:04:30.917,4.60,217.40,READY,2.04,111.91,100.22,0.56,242.00
2026-02-03 12:04:31.053,8.34,119.89,READY,2.36,0.62,112.69,0.66,242.00
2026-02-03 12:04:31.187,8.46,118.19,READY,5.48,0.84,109.40,0.55,242.00
2026-02-03 12:04:31.319,8.63,115.82,READY,2.19,0.91,108.45,0.53,242.00
2026-02-03 12:04:31.448,8.81,113.56,READY,2.07,0.68,108.15,0.56,242.00
2026-02-03 12:04:31.682,4.60,217.62,READY,1.92,111.34,100.22,0.55,242.00
2026-02-03 12:04:31.825,8.18,122.30,READY,1.33,1.23,115.83,0.72,242.00
2026-02-03 12:04:31.963,8.51,117.57,READY,3.82,0.66,110.00,0.66,242.00
2026-02-03 12:04:32.091,8.93,111.94,READY,1.95,0.56,106.12,0.61,242.00
2026-02-03 12:04:32.219,8.91,112.23,READY,1.96,0.57,106.40,0.66,242.00
2026-02-03 12:04:32.451,4.62,216.65,READY,1.91,110.86,100.67,0.58,242.00
2026-02-03 12:04:32.588,8.64,115.79,READY,1.47,0.65,110.89,0.69,242.00
2026-02-03 12:04:32.725,8.38,119.34,READY,5.02,0.78,110.70,0.58,242.00
2026-02-03 12:04:32.853,8.91,112.24,READY,2.02,0.62,105.60,0.57,242.00
2026-02-03 12:04:32.984,8.71,114.84,READY,2.13,0.53,108.28,0.60,242.00
2026-02-03 12:04:33.221,4.51,221.64,READY,1.98,114.39,101.27,0.57,242.00
2026-02-03 12:04:33.366,7.85,127.45,READY,1.32,1.01,119.54,0.66,242.00
2026-02-03 12:04:33.520,7.42,134.81,READY,2.06,0.79,126.27,0.64,242.00
2026-02-03 12:04:33.650,8.77,114.06,READY,2.01,0.71,106.52,0.58,242.00
2026-02-03 12:04:33.782,8.60,116.23,READY,2.43,0.85,108.49,0.61,242.00
2026-02-03 12:04:34.033,4.27,234.22,READY,2.01,125.14,104.03,0.54,242.00
2026-02-03 12:04:34.171,8.29,120.66,READY,2.33,0.96,112.78,0.69,242.00
2026-02-03 12:04:34.311,8.16,122.53,READY,2.35,1.13,114.25,0.56,242.00
2026-02-03 12:04:34.442,8.65,115.60,READY,2.28,1.06,108.14,0.62,242.00
2026-02-03 12:04:34.574,8.64,115.81,READY,2.25,1.03,108.35,0.55,242.00
2026-02-03 12:04:34.811,4.52,221.38,READY,2.41,114.01,100.40,0.95,242.00
2026-02-03 12:04:34.955,8.21,121.87,READY,1.39,1.46,115.71,0.76,242.00
2026-02-03 12:04:35.088,8.63,115.82,READY,2.34,1.11,107.94,0.57,242.00
2026-02-03 12:04:35.216,8.94,111.90,READY,1.95,1.02,104.62,0.57,242.00
2026-02-03 12:04:35.343,8.95,111.72,READY,1.99,1.00,104.20,0.59,242.00
2026-02-03 12:04:35.579,4.55,219.77,READY,1.92,111.91,101.78,0.59,242.00
2026-02-03 12:04:35.715,8.69,115.08,READY,1.49,1.40,109.07,0.56,242.00
2026-02-03 12:04:35.863,7.85,127.36,READY,1.66,0.60,118.78,0.62,242.00
2026-02-03 12:04:35.997,8.80,113.57,READY,1.42,0.63,108.85,0.55,242.00
2026-02-03 12:04:36.128,8.70,114.92,READY,1.97,0.70,109.31,0.56,242.00
2026-02-03 12:04:36.465,3.11,321.14,READY,2.00,214.44,102.01,0.54,242.00
2026-02-03 12:04:36.604,8.20,121.89,READY,2.56,0.70,114.21,0.65,242.00
2026-02-03 12:04:36.740,8.46,118.23,READY,2.35,0.56,111.62,0.57,242.00
2026-02-03 12:04:36.869,8.78,113.87,READY,1.95,1.22,106.10,0.60,242.00
2026-02-03 12:04:36.999,8.79,113.74,READY,2.09,0.49,107.15,0.58,242.00
2026-02-03 12:04:37.242,4.42,226.21,READY,2.20,114.67,104.23,0.55,242.00
2026-02-03 12:04:37.395,7.59,131.76,READY,1.49,1.44,124.44,0.72,242.00
2026-02-03 12:04:37.530,8.53,117.26,READY,2.15,0.64,110.25,0.57,242.00
2026-02-03 12:04:37.658,8.88,112.55,READY,2.17,0.65,106.07,0.63,242.00
2026-02-03 12:04:37.788,8.77,113.99,READY,2.44,0.88,107.00,0.58,242.00
2026-02-03 12:04:38.023,4.56,219.16,READY,2.10,111.58,101.36,0.57,242.00
2026-02-03 12:04:38.165,8.30,120.52,READY,1.45,1.24,114.59,0.74,242.00
2026-02-03 12:04:38.302,8.36,119.64,READY,1.69,1.42,112.28,0.57,242.00
2026-02-03 12:04:38.435,8.80,113.69,READY,2.29,0.52,107.03,0.56,242.00
2026-02-03 12:04:38.570,8.63,115.89,READY,2.49,1.02,109.20,0.56,242.00
2026-02-03 12:04:38.812,4.44,225.13,READY,2.72,113.33,105.03,0.59,242.00
2026-02-03 12:04:38.964,7.64,130.91,READY,1.38,0.66,124.85,0.69,242.00
2026-02-03 12:04:39.098,8.58,116.59,READY,1.84,0.73,110.62,0.56,242.00
2026-02-03 12:04:39.228,8.73,114.60,READY,2.03,0.65,108.28,0.60,242.00
2026-02-03 12:04:39.358,8.82,113.34,READY,2.05,0.61,106.59,0.53,242.00
2026-02-03 12:04:39.598,4.46,224.22,READY,2.03,116.20,102.41,0.56,242.00
2026-02-03 12:04:39.743,8.07,123.92,READY,1.33,1.32,118.15,0.72,242.00
2026-02-03 12:04:39.878,8.73,114.54,READY,1.32,1.36,108.95,0.59,242.00
2026-02-03 12:04:40.009,8.66,115.50,READY,2.27,1.15,107.86,0.64,242.00
2026-02-03 12:04:40.139,8.78,113.89,READY,2.55,0.52,106.39,0.59,242.00
2026-02-03 12:04:40.377,4.52,221.33,READY,2.33,112.13,102.39,0.58,242.00
2026-02-03 12:04:40.520,8.20,121.88,READY,1.31,1.60,115.05,0.77,242.00
2026-02-03 12:04:40.656,8.37,119.51,READY,2.38,0.59,112.43,0.58,242.00
2026-02-03 12:04:40.786,8.82,113.40,READY,2.27,0.59,106.04,0.57,242.00
2026-02-03 12:04:40.913,8.93,111.93,READY,2.28,0.66,105.36,0.54,242.00
2026-02-03 12:04:41.150,4.53,220.52,READY,2.27,113.62,100.76,0.56,242.00
2026-02-03 12:04:41.293,8.18,122.28,READY,1.51,1.39,115.05,0.70,242.00
2026-02-03 12:04:41.427,8.59,116.46,READY,2.27,0.61,110.66,0.60,242.00
2026-02-03 12:04:41.556,8.81,113.56,READY,2.11,0.58,107.51,0.59,242.00
2026-02-03 12:04:41.688,8.60,116.29,READY,1.80,0.46,108.58,0.55,242.00
2026-02-03 12:04:41.925,4.53,220.61,READY,2.09,112.15,102.07,0.55,242.00
2026-02-03 12:04:42.064,8.20,121.89,READY,4.06,0.56,113.59,0.67,242.00
2026-02-03 12:04:42.200,8.42,118.71,READY,2.88,1.28,110.07,0.53,242.00
2026-02-03 12:04:42.331,8.72,114.64,READY,2.06,0.48,108.42,0.60,242.00
2026-02-03 12:04:42.459,8.87,112.69,READY,2.38,1.31,106.02,0.58,242.00
2026-02-03 12:04:42.698,4.49,222.96,READY,2.28,114.75,103.09,0.57,242.00
2026-02-03 12:04:42.839,8.22,121.64,READY,2.01,0.53,115.88,0.70,242.00
2026-02-03 12:04:42.976,8.51,117.57,READY,2.64,0.64,111.25,0.60,242.00
2026-02-03 12:04:43.106,8.72,114.64,READY,1.99,0.63,109.43,0.60,242.00
2026-02-03 12:04:43.240,8.48,117.91,READY,1.97,0.70,110.96,0.58,242.00
2026-02-03 12:04:43.477,4.53,220.56,READY,2.18,111.96,102.15,0.58,242.00
2026-02-03 12:04:43.613,8.34,119.97,READY,2.03,0.65,113.16,0.69,242.00
2026-02-03 12:04:43.748,8.48,117.92,READY,2.66,0.61,109.91,0.55,242.00
2026-02-03 12:04:43.877,8.84,113.10,READY,2.04,0.94,106.09,0.59,242.00
2026-02-03 12:04:44.007,8.80,113.61,READY,2.15,0.53,107.22,0.57,242.00
2026-02-03 12:04:44.247,4.46,224.12,READY,2.17,115.18,103.74,0.54,242.00
2026-02-03 12:04:44.389,8.21,121.73,READY,7.59,1.36,109.16,0.53,242.00
2026-02-03 12:04:44.535,7.76,128.89,READY,1.99,0.79,121.50,0.59,242.00
2026-02-03 12:04:44.669,8.45,118.30,READY,2.66,1.14,110.32,0.53,242.00
2026-02-03 12:04:44.800,8.69,115.13,READY,2.34,1.10,107.75,0.55,242.00
2026-02-03 12:04:45.035,4.56,219.34,READY,2.30,111.48,101.51,0.54,242.00
2026-02-03 12:04:45.170,8.77,114.03,READY,1.93,0.75,108.49,0.69,242.00
2026-02-03 12:04:45.314,7.90,126.64,READY,2.44,1.38,118.36,0.59,242.00
2026-02-03 12:04:45.443,8.83,113.21,READY,1.84,0.67,107.13,0.56,242.00
2026-02-03 12:04:45.571,8.97,111.42,READY,1.73,0.68,105.91,1.17,242.00
2026-02-03 12:04:45.910,3.10,323.05,READY,1.71,214.78,103.52,0.58,242.00
2026-02-03 12:04:46.055,8.06,124.06,READY,1.39,1.36,115.97,0.72,242.00
2026-02-03 12:04:46.191,8.50,117.59,READY,2.61,1.19,109.28,0.64,242.00
2026-02-03 12:04:46.323,8.64,115.74,READY,2.06,0.95,108.22,0.55,242.00
2026-02-03 12:04:46.454,8.71,114.85,READY,2.06,0.97,107.09,0.54,242.00
2026-02-03 12:04:46.692,4.50,222.29,READY,2.22,115.41,100.51,0.57,242.00
2026-02-03 12:04:46.843,7.71,129.77,READY,1.42,1.61,120.50,0.70,242.00
2026-02-03 12:04:46.981,8.47,118.07,READY,3.63,0.49,109.46,0.55,242.00
2026-02-03 12:04:47.111,8.81,113.54,READY,2.13,0.58,106.59,0.54,242.00
2026-02-03 12:04:47.241,8.82,113.42,READY,2.16,0.69,107.70,0.55,242.00
2026-02-03 12:04:47.484,4.39,227.65,READY,2.27,117.07,103.80,0.56,242.00
2026-02-03 12:04:47.627,8.22,121.66,READY,1.48,1.43,114.16,0.57,242.00
2026-02-03 12:04:47.773,7.87,127.06,READY,2.32,1.02,117.78,0.72,242.00
2026-02-03 12:04:47.901,8.92,112.08,READY,1.98,0.44,105.55,0.58,242.00
2026-02-03 12:04:48.035,8.44,118.45,READY,1.73,1.10,112.31,0.59,242.00
2026-02-03 12:04:48.275,4.47,223.72,READY,2.01,113.94,103.78,0.62,242.00
2026-02-03 12:04:48.420,8.12,123.17,READY,1.59,1.51,116.16,0.64,242.00
2026-02-03 12:04:48.556,8.42,118.78,READY,2.18,0.55,111.91,0.60,242.00
2026-02-03 12:04:48.686,8.74,114.41,READY,2.05,1.08,107.22,0.62,242.00
2026-02-03 12:04:48.815,8.81,113.57,READY,2.28,0.70,107.12,0.57,242.00
2026-02-03 12:04:49.053,4.51,221.73,READY,2.03,112.01,103.63,0.60,242.00
2026-02-03 12:04:49.194,8.35,119.70,READY,1.35,1.48,113.85,0.70,242.00
2026-02-03 12:04:49.329,8.50,117.64,READY,2.12,1.25,110.05,0.65,242.00
2026-02-03 12:04:49.475,7.70,129.92,READY,2.04,0.47,123.20,0.58,242.00
2026-02-03 12:04:49.605,8.80,113.69,READY,2.26,1.02,106.15,0.72,242.00
2026-02-03 12:04:49.843,4.50,222.33,READY,2.37,111.70,104.03,0.59,242.00
2026-02-03 12:04:49.989,8.08,123.79,READY,1.72,1.48,115.61,0.73,242.00
2026-02-03 12:04:50.134,7.88,126.97,READY,2.46,1.96,117.52,0.54,242.00
2026-02-03 12:04:50.265,8.78,113.94,READY,1.93,0.84,107.41,0.55,242.00
2026-02-03 12:04:50.394,8.83,113.19,READY,2.13,0.69,106.21,0.57,242.00
2026-02-03 12:04:50.637,4.40,227.16,READY,2.20,118.05,102.96,0.56,242.00
2026-02-03 12:04:50.778,8.40,118.98,READY,1.24,0.57,113.79,0.70,242.00
2026-02-03 12:04:50.915,8.39,119.21,READY,2.42,1.08,109.41,0.62,242.00
2026-02-03 12:04:51.046,8.76,114.21,READY,2.77,0.97,106.81,0.61,242.00
2026-02-03 12:04:51.178,8.67,115.35,READY,2.19,0.99,108.04,0.54,242.00
2026-02-03 12:04:51.423,4.37,228.90,READY,2.28,120.58,102.19,0.61,242.00
2026-02-03 12:04:51.564,8.33,120.03,READY,1.75,1.62,112.76,0.68,242.00
2026-02-03 12:04:51.710,7.79,128.42,READY,2.24,0.77,121.71,0.60,242.00
2026-02-03 12:04:51.841,8.70,114.95,READY,2.33,0.69,108.55,0.61,242.00
2026-02-03 12:04:51.971,8.81,113.50,READY,2.10,0.49,106.90,0.57,242.00
2026-02-03 12:04:52.208,4.52,221.08,READY,2.07,114.74,100.71,0.58,242.00
2026-02-03 12:04:52.357,7.94,125.99,READY,4.31,1.05,116.63,0.74,242.00
2026-02-03 12:04:52.501,7.92,126.23,READY,2.29,0.74,118.86,0.58,242.00
2026-02-03 12:04:52.634,8.64,115.77,READY,2.10,0.51,108.07,0.59,242.00
2026-02-03 12:04:52.769,8.41,118.94,READY,2.08,1.02,111.09,0.54,242.00
2026-02-03 12:04:53.009,4.48,223.27,READY,1.80,114.42,103.93,0.55,242.00
2026-02-03 12:04:53.160,7.73,129.30,READY,2.23,1.51,121.25,0.66,242.00
2026-02-03 12:04:53.304,7.95,125.71,READY,1.43,1.01,119.56,0.56,242.00
2026-02-03 12:04:53.437,8.60,116.25,READY,2.09,0.67,109.73,0.65,242.00
2026-02-03 12:04:53.578,8.07,123.90,READY,2.48,0.73,116.35,0.81,242.00
2026-02-03 12:04:53.932,2.96,337.58,READY,1.85,223.73,109.31,0.55,242.00
2026-02-03 12:04:54.082,7.87,127.10,READY,1.70,1.35,120.03,0.66,242.00
2026-02-03 12:04:54.232,7.59,131.73,READY,2.43,1.34,122.93,0.56,242.00
2026-02-03 12:04:54.373,8.10,123.50,READY,2.02,0.51,116.94,0.57,242.00
2026-02-03 12:04:54.502,8.82,113.42,READY,1.93,0.98,106.69,0.59,242.00
2026-02-03 12:04:54.747,4.36,229.36,READY,2.16,122.86,100.86,0.56,242.00
2026-02-03 12:04:54.895,7.93,126.04,READY,1.47,1.64,119.37,0.74,242.00
2026-02-03 12:04:55.030,8.55,116.98,READY,2.15,1.18,108.39,0.56,242.00
2026-02-03 12:04:55.166,8.34,119.97,READY,4.54,1.64,108.74,0.60,242.00
2026-02-03 12:04:55.295,8.88,112.63,READY,2.31,0.73,106.18,0.62,242.00
2026-02-03 12:04:55.533,4.52,221.06,READY,2.81,113.67,100.88,0.54,242.00
2026-02-03 12:04:55.676,8.29,120.70,READY,1.59,1.43,114.22,0.64,242.00
2026-02-03 12:04:55.819,8.01,124.91,READY,1.64,0.52,118.97,0.62,242.00
2026-02-03 12:04:55.949,8.74,114.37,READY,1.99,0.53,108.53,0.56,242.00
2026-02-03 12:04:56.079,8.76,114.18,READY,2.17,0.66,107.95,0.59,242.00
2026-02-03 12:04:56.263,5.93,168.64,PRE_ADJUST,1.95,114.73,49.01,0.54,242.00
2026-02-03 12:04:56.491,4.84,206.49,PRE_ADJUST,1.33,0.10,201.08,0.57,242.00
2026-02-03 12:04:56.707,5.17,193.59,PRE_ADJUST,1.73,0.15,189.10,0.59,242.00
2026-02-03 12:04:56.924,5.12,195.44,PRE_ADJUST,2.14,0.07,189.50,0.77,242.00
2026-02-03 12:04:57.153,4.83,207.19,PRE_ADJUST,1.67,0.07,199.91,0.54,242.00
2026-02-03 12:04:57.372,5.10,196.16,PRE_ADJUST,1.40,0.15,191.48,0.55,242.00
2026-02-03 12:04:57.586,5.23,191.13,PRE_ADJUST,1.30,0.15,185.63,0.81,242.00
2026-02-03 12:04:57.810,5.01,199.61,PRE_ADJUST,1.98,0.10,193.88,0.59,242.00
2026-02-03 12:04:58.025,5.20,192.48,PRE_ADJUST,1.46,0.15,188.00,0.59,242.00
2026-02-03 12:04:58.261,4.71,212.31,PRE_ADJUST,1.46,0.10,207.07,1.09,242.00
2026-02-03 12:04:58.475,5.25,190.44,PRE_ADJUST,1.55,0.12,186.02,0.59,242.00
2026-02-03 12:04:58.697,5.03,198.86,PRE_ADJUST,1.35,0.10,194.15,0.55,242.00
2026-02-03 12:04:58.912,5.21,191.89,PRE_ADJUST,1.41,0.10,187.04,0.54,242.00
2026-02-03 12:04:59.139,4.93,202.98,PRE_ADJUST,1.97,0.09,197.42,0.74,242.00
2026-02-03 12:04:59.379,4.79,208.84,PRE_ADJUST,2.36,0.14,201.88,0.73,242.00
2026-02-03 12:04:59.603,5.09,196.48,PRE_ADJUST,2.67,0.11,189.37,0.74,242.00
2026-02-03 12:04:59.827,5.08,196.72,PRE_ADJUST,2.91,0.12,190.26,0.56,242.00
2026-02-03 12:05:00.060,4.87,205.38,PRE_ADJUST,2.86,0.12,198.71,0.54,242.00
2026-02-03 12:05:00.286,5.04,198.34,PRE_ADJUST,2.70,0.11,192.29,0.62,242.00
2026-02-03 12:05:00.519,4.86,205.87,PRE_ADJUST,3.12,0.11,198.79,0.65,242.00
2026-02-03 12:05:00.742,5.11,195.52,PRE_ADJUST,3.32,0.12,187.98,0.65,242.00
2026-02-03 12:05:00.974,4.87,205.30,PRE_ADJUST,3.58,0.10,197.23,0.63,242.00
2026-02-03 12:05:01.212,4.77,209.61,PRE_ADJUST,2.69,0.11,202.65,0.58,242.00
2026-02-03 12:05:01.437,5.04,198.49,PRE_ADJUST,2.97,0.13,191.43,0.57,242.00
2026-02-03 12:05:01.668,4.93,203.00,PRE_ADJUST,3.43,0.14,195.21,0.62,242.00
2026-02-03 12:05:01.902,4.82,207.26,PRE_ADJUST,3.02,0.12,200.19,0.62,242.00
2026-02-03 12:05:02.130,4.95,201.84,PRE_ADJUST,3.02,0.21,194.65,0.62,242.00
2026-02-03 12:05:02.367,4.77,209.78,PRE_ADJUST,3.12,0.14,201.53,1.22,242.00
2026-02-03 12:05:02.594,5.00,200.09,PRE_ADJUST,3.23,0.13,192.65,0.55,242.00
2026-02-03 12:05:02.817,5.09,196.37,PRE_ADJUST,2.90,0.11,189.52,0.55,242.00
2026-02-03 12:05:02.911,14.91,67.07,ADJUST,2.92,0.40,59.84,0.73,242.00
2026-02-03 12:05:03.200,3.83,261.15,ADJUST,35.05,114.62,107.14,0.56,242.00
2026-02-03 12:05:03.351,8.07,123.88,ADJUST,2.92,1.65,115.34,0.60,242.00
2026-02-03 12:05:03.490,8.16,122.54,ADJUST,2.12,1.31,116.03,0.55,242.00
2026-02-03 12:05:03.638,7.60,131.61,ADJUST,1.65,1.14,125.50,0.60,242.00
2026-02-03 12:05:03.771,8.53,117.29,ADJUST,2.20,0.72,110.96,0.57,242.00
2026-02-03 12:05:04.015,4.39,227.85,ADJUST,1.93,114.53,107.16,0.72,242.00
2026-02-03 12:05:04.154,8.46,118.22,ADJUST,2.56,0.96,112.08,0.59,242.00
2026-02-03 12:05:04.292,8.28,120.73,ADJUST,1.75,0.75,115.36,0.71,242.00
2026-02-03 12:05:04.437,7.77,128.66,ADJUST,2.37,1.25,121.45,0.55,242.00
2026-02-03 12:05:04.573,8.34,119.86,ADJUST,2.50,1.02,112.05,0.54,242.00
2026-02-03 12:05:04.816,4.40,227.21,ADJUST,2.47,114.52,106.02,0.58,242.00
2026-02-03 12:05:04.966,7.78,128.57,ADJUST,1.70,1.82,121.13,0.68,242.00
2026-02-03 12:05:05.104,8.52,117.42,ADJUST,2.63,1.03,110.86,0.59,242.00
2026-02-03 12:05:05.237,8.54,117.13,ADJUST,2.17,1.09,110.90,0.55,242.00
2026-02-03 12:05:05.370,8.51,117.47,ADJUST,2.29,1.68,110.84,0.53,242.00
2026-02-03 12:05:05.611,4.45,224.88,ADJUST,2.52,114.49,105.07,0.64,242.00
2026-02-03 12:05:05.762,7.70,129.85,ADJUST,1.76,0.71,124.36,0.69,242.00
2026-02-03 12:05:05.901,8.20,121.88,ADJUST,2.02,1.47,113.82,0.57,242.00
2026-02-03 12:05:06.033,8.59,116.46,ADJUST,1.90,0.84,109.60,0.59,242.00
2026-02-03 12:05:06.165,8.61,116.09,ADJUST,1.83,0.78,109.93,0.55,242.00
2026-02-03 12:05:06.408,4.41,226.55,ADJUST,1.99,115.03,106.39,0.62,242.00
2026-02-03 12:05:06.549,7.98,125.24,ADJUST,2.20,1.35,117.41,0.72,242.00
2026-02-03 12:05:06.689,8.06,124.11,ADJUST,2.21,1.11,116.20,0.54,242.00
2026-02-03 12:05:06.826,8.27,120.97,ADJUST,2.79,1.00,112.30,0.67,242.00
2026-02-03 12:05:06.960,8.48,117.97,ADJUST,2.37,0.73,110.12,0.67,242.00
2026-02-03 12:05:07.284,3.25,307.65,ADJUST,4.46,122.67,177.34,0.55,242.00
2026-02-03 12:05:07.521,4.64,215.61,ADJUST,1.77,1.92,208.56,0.55,242.00
2026-02-03 12:05:07.743,4.91,203.50,ADJUST,2.03,1.15,196.87,0.61,242.00
2026-02-03 12:05:07.947,5.31,188.26,ADJUST,2.05,1.07,182.17,0.58,242.00
2026-02-03 12:05:08.153,5.24,190.69,ADJUST,2.05,1.51,184.15,0.57,242.00
2026-02-03 12:05:08.395,4.43,225.50,ADJUST,2.08,115.43,105.16,0.55,242.00
2026-02-03 12:05:08.558,7.11,140.70,ADJUST,2.91,2.13,132.02,0.57,242.00
2026-02-03 12:05:08.695,8.32,120.20,ADJUST,2.25,1.74,111.76,0.55,242.00
2026-02-03 12:05:08.830,8.41,118.90,ADJUST,2.26,1.28,111.12,0.59,242.00
2026-02-03 12:05:08.966,8.35,119.74,ADJUST,2.21,1.55,111.85,0.55,242.00
2026-02-03 12:05:09.269,3.48,287.22,ADJUST,2.42,122.66,157.67,0.55,242.00
2026-02-03 12:05:09.472,5.51,181.59,ADJUST,1.37,1.97,174.41,0.59,242.00
2026-02-03 12:05:09.662,5.78,172.97,ADJUST,2.25,1.70,164.37,0.58,242.00
2026-02-03 12:05:09.847,5.90,169.56,ADJUST,2.28,1.23,161.54,0.57,242.00
2026-02-03 12:05:10.036,5.80,172.53,ADJUST,2.36,0.90,164.71,0.58,242.00
2026-02-03 12:05:10.346,3.39,294.62,ADJUST,2.28,112.36,175.82,0.63,242.00
2026-02-03 12:05:10.567,5.01,199.79,ADJUST,1.31,1.94,193.16,0.56,242.00
2026-02-03 12:05:10.776,5.22,191.73,ADJUST,2.15,1.08,183.96,0.61,242.00
2026-02-03 12:05:10.983,5.21,191.85,ADJUST,2.32,1.36,183.90,0.57,242.00
2026-02-03 12:05:11.191,5.22,191.48,ADJUST,2.08,1.53,183.71,0.59,242.00
2026-02-03 12:05:11.503,3.37,296.54,ADJUST,2.21,114.72,176.56,0.55,242.00
2026-02-03 12:05:11.728,4.97,201.11,ADJUST,3.06,2.16,192.24,0.65,242.00
2026-02-03 12:05:11.942,5.06,197.49,ADJUST,1.71,1.49,191.44,0.61,242.00
2026-02-03 12:05:12.149,5.25,190.35,ADJUST,1.65,0.92,183.95,0.54,242.00
2026-02-03 12:05:12.354,5.27,189.64,ADJUST,1.80,1.50,182.41,0.54,242.00
2026-02-03 12:05:12.666,3.37,296.43,ADJUST,1.93,115.47,175.36,0.59,242.00
2026-02-03 12:05:12.891,4.94,202.42,ADJUST,2.25,1.89,194.87,0.60,242.00
2026-02-03 12:05:13.099,5.24,190.77,ADJUST,2.28,1.53,182.65,0.60,242.00
2026-02-03 12:05:13.305,5.24,190.88,ADJUST,2.42,1.45,183.11,0.54,242.00
2026-02-03 12:05:13.508,5.35,186.82,ADJUST,2.36,1.56,178.97,0.56,242.00
2026-02-03 12:05:13.824,3.33,300.44,ADJUST,2.29,120.19,173.92,0.55,242.00
2026-02-03 12:05:14.046,4.98,200.73,ADJUST,1.55,2.12,193.53,0.61,242.00
2026-02-03 12:05:14.259,5.12,195.32,ADJUST,1.93,0.82,188.50,0.57,242.00
2026-02-03 12:05:14.469,5.16,193.89,ADJUST,2.94,1.19,186.59,0.57,242.00
2026-02-03 12:05:14.671,5.36,186.61,ADJUST,1.95,1.10,179.52,0.57,242.00
2026-02-03 12:05:14.986,3.35,298.60,ADJUST,1.90,117.63,174.95,0.59,242.00
2026-02-03 12:05:15.207,5.03,198.96,ADJUST,1.29,0.91,193.97,0.56,242.00
2026-02-03 12:05:15.414,5.27,189.91,ADJUST,1.96,1.43,182.73,0.60,242.00
2026-02-03 12:05:15.629,5.02,199.15,ADJUST,3.17,1.25,190.09,0.58,242.00
2026-02-03 12:05:15.845,5.00,199.87,ADJUST,2.31,0.88,193.04,0.57,242.00
2026-02-03 12:05:16.161,3.34,299.49,ADJUST,2.72,113.21,180.28,0.54,242.00
2026-02-03 12:05:16.395,4.68,213.79,ADJUST,2.06,0.90,207.51,0.62,242.00
2026-02-03 12:05:16.615,4.95,202.22,ADJUST,2.69,1.30,193.21,0.69,242.00
2026-02-03 12:05:16.829,5.08,196.68,ADJUST,2.33,0.87,189.06,0.56,242.00
2026-02-03 12:05:17.043,5.06,197.80,ADJUST,2.51,0.94,190.26,0.59,242.00
2026-02-03 12:05:17.364,3.28,304.68,ADJUST,2.66,116.85,180.80,0.63,242.00
2026-02-03 12:05:17.598,4.71,212.15,ADJUST,2.70,2.22,203.17,0.64,242.00
2026-02-03 12:05:17.821,4.86,205.84,ADJUST,2.71,1.28,196.49,0.57,242.00
2026-02-03 12:05:18.038,5.01,199.77,ADJUST,2.84,0.84,191.20,0.57,242.00
2026-02-03 12:05:18.250,5.11,195.64,ADJUST,2.66,0.96,187.80,0.58,242.00
2026-02-03 12:05:18.477,4.73,211.24,TAKE_PICTURE,2.61,117.23,87.11,0.57,242.00
2026-02-03 12:05:18.694,5.14,194.42,TAKE_PICTURE,2.54,2.26,185.50,0.55,242.00
2026-02-03 12:05:18.921,5.06,197.48,TAKE_PICTURE,3.86,2.79,186.09,0.63,242.00
2026-02-03 12:05:19.143,5.14,194.42,TAKE_PICTURE,2.77,2.64,184.05,0.78,242.00
2026-02-03 12:05:19.380,4.93,202.76,TAKE_PICTURE,4.34,3.17,190.56,0.59,242.00
2026-02-03 12:05:19.707,3.34,299.58,TAKE_PICTURE,3.09,120.40,171.91,0.87,242.00
2026-02-03 12:05:19.929,5.20,192.13,TAKE_PICTURE,4.68,1.45,181.46,0.66,242.00
2026-02-03 12:05:20.126,5.60,178.72,TAKE_PICTURE,2.35,1.11,170.63,0.56,242.00
2026-02-03 12:05:20.324,5.49,182.08,TAKE_PICTURE,2.01,0.70,175.91,0.54,242.00
2026-02-03 12:05:20.529,5.30,188.59,TAKE_PICTURE,1.97,0.70,182.79,0.70,242.00
2026-02-03 12:05:20.840,3.40,293.91,TAKE_PICTURE,3.08,121.40,165.39,0.61,241.93
2026-02-03 12:05:21.038,5.66,176.56,TAKE_PICTURE,1.93,1.46,168.77,0.59,241.93
2026-02-03 12:05:21.249,5.18,193.04,TAKE_PICTURE,2.50,0.84,185.01,0.57,241.93
2026-02-03 12:05:21.438,5.75,173.92,TAKE_PICTURE,1.84,0.52,167.60,0.65,241.93
2026-02-03 12:05:21.625,5.85,171.00,TAKE_PICTURE,1.77,0.57,165.58,0.55,241.93
2026-02-03 12:05:21.922,3.57,280.08,TAKE_PICTURE,4.95,113.60,158.97,0.57,241.93
2026-02-03 12:05:22.129,5.37,186.16,TAKE_PICTURE,1.27,1.40,179.73,0.66,241.93
2026-02-03 12:05:22.320,5.87,170.24,TAKE_PICTURE,2.38,0.81,164.59,0.60,241.93
2026-02-03 12:05:22.507,5.84,171.20,TAKE_PICTURE,2.13,0.53,165.28,0.57,241.93
2026-02-03 12:05:22.695,5.84,171.31,TAKE_PICTURE,1.95,0.54,165.67,0.61,241.93
2026-02-03 12:05:22.992,3.56,281.23,TAKE_PICTURE,2.05,116.69,159.56,0.54,241.93
2026-02-03 12:05:23.194,5.50,181.78,TAKE_PICTURE,1.35,1.19,175.57,0.64,241.93
2026-02-03 12:05:23.384,5.79,172.80,TAKE_PICTURE,1.79,0.84,165.72,0.54,241.93
2026-02-03 12:05:23.571,5.84,171.10,TAKE_PICTURE,2.28,1.06,163.28,0.70,241.93
2026-02-03 12:05:23.760,5.81,172.25,TAKE_PICTURE,2.43,0.52,164.43,0.59,241.93
2026-02-03 12:05:24.053,3.62,276.53,TAKE_PICTURE,2.29,111.64,157.90,0.52,241.93
2026-02-03 12:05:24.258,5.43,184.02,TAKE_PICTURE,1.44,1.50,178.03,0.55,241.93
2026-02-03 12:05:24.446,5.82,171.68,TAKE_PICTURE,2.14,1.09,165.36,0.56,241.93
2026-02-03 12:05:24.635,5.77,173.30,TAKE_PICTURE,2.42,0.83,166.49,0.54,241.93
2026-02-03 12:05:24.822,5.87,170.46,TAKE_PICTURE,1.82,0.92,163.17,0.53,241.93
2026-02-03 12:05:25.112,3.64,274.74,TAKE_PICTURE,2.25,111.38,157.47,0.55,241.93
2026-02-03 12:05:25.313,5.55,180.04,TAKE_PICTURE,1.37,1.37,173.77,0.55,241.93
2026-02-03 12:05:25.499,5.91,169.14,TAKE_PICTURE,2.35,0.60,162.74,0.54,241.93
2026-02-03 12:05:25.683,5.93,168.51,TAKE_PICTURE,2.04,1.04,162.18,0.53,241.93
2026-02-03 12:05:25.867,5.95,168.14,TAKE_PICTURE,2.05,0.61,161.39,0.55,241.93
2026-02-03 12:05:26.158,3.65,274.35,TAKE_PICTURE,1.85,113.75,155.74,0.57,241.93
2026-02-03 12:05:26.358,5.59,179.02,TAKE_PICTURE,1.26,1.28,172.86,0.58,241.93
2026-02-03 12:05:26.545,5.87,170.33,TAKE_PICTURE,2.11,0.70,164.61,0.54,241.93
2026-02-03 12:05:26.734,5.76,173.67,TAKE_PICTURE,1.34,0.72,164.62,0.54,241.93
2026-02-03 12:05:26.919,5.93,168.70,TAKE_PICTURE,2.04,0.70,162.41,0.55,241.93
2026-02-03 12:05:27.313,2.65,377.99,TAKE_PICTURE,1.77,212.74,159.17,0.58,241.93
2026-02-03 12:05:27.524,5.24,190.92,TAKE_PICTURE,1.34,1.23,185.24,0.56,241.89
2026-02-03 12:05:27.716,5.73,174.59,TAKE_PICTURE,1.91,0.62,169.00,0.55,241.89
2026-02-03 12:05:27.903,5.82,171.73,TAKE_PICTURE,2.03,1.10,164.32,0.56,241.89
2026-02-03 12:05:28.087,5.94,168.24,TAKE_PICTURE,2.08,0.53,161.46,0.57,241.89
2026-02-03 12:05:28.388,3.51,284.58,TAKE_PICTURE,2.71,117.03,160.64,0.57,241.89
2026-02-03 12:05:28.597,5.34,187.42,TAKE_PICTURE,2.30,1.17,179.95,0.57,241.89
2026-02-03 12:05:28.795,5.53,180.82,TAKE_PICTURE,1.76,1.19,173.14,0.59,241.89
2026-02-03 12:05:28.985,5.75,173.80,TAKE_PICTURE,2.09,1.09,166.39,0.59,241.89
2026-02-03 12:05:29.171,5.87,170.35,TAKE_PICTURE,2.19,0.53,163.72,0.55,241.89
2026-02-03 12:05:29.468,3.57,280.15,TAKE_PICTURE,2.07,115.98,157.66,0.57,241.89
2026-02-03 12:05:29.674,5.46,183.14,TAKE_PICTURE,1.97,1.35,176.19,0.63,241.89
2026-02-03 12:05:29.878,5.36,186.64,TAKE_PICTURE,2.19,0.63,180.58,0.66,241.89
2026-02-03 12:05:30.064,5.87,170.33,TAKE_PICTURE,3.19,1.04,163.45,0.59,241.89
2026-02-03 12:05:30.249,5.92,168.96,TAKE_PICTURE,1.84,0.98,161.91,0.56,241.89
2026-02-03 12:05:30.540,3.63,275.39,TAKE_PICTURE,1.89,112.55,157.33,0.58,241.89
2026-02-03 12:05:30.747,5.40,185.18,TAKE_PICTURE,2.39,1.22,178.21,0.54,241.89
2026-02-03 12:05:30.937,5.79,172.61,TAKE_PICTURE,2.41,0.94,164.88,0.53,241.89
2026-02-03 12:05:31.128,5.70,175.39,TAKE_PICTURE,3.70,0.68,167.49,0.58,241.89
2026-02-03 12:05:31.316,5.80,172.30,TAKE_PICTURE,2.39,0.88,164.86,0.56,241.89
2026-02-03 12:05:31.616,3.53,283.64,TAKE_PICTURE,2.17,115.11,162.19,0.52,241.89
2026-02-03 12:05:31.824,5.37,186.30,TAKE_PICTURE,2.54,1.14,178.77,0.59,242.00
2026-02-03 12:05:32.017,5.67,176.31,TAKE_PICTURE,2.10,0.60,169.21,0.58,242.00
2026-02-03 12:05:32.205,5.79,172.65,TAKE_PICTURE,2.42,0.97,165.10,0.61,242.00
2026-02-03 12:05:32.392,5.86,170.54,TAKE_PICTURE,2.41,0.92,163.11,0.55,242.00
2026-02-03 12:05:32.652,4.10,243.89,TAKE_PICTURE,2.60,117.43,119.74,0.54,242.00
2026-02-03 12:05:32.813,6.89,145.21,TAKE_PICTURE,2.27,0.07,140.23,0.72,242.00
2026-02-03 12:05:32.966,7.29,137.23,TAKE_PICTURE,2.28,0.07,132.27,0.58,242.00
2026-02-03 12:05:33.124,7.33,136.38,TAKE_PICTURE,1.66,0.15,129.16,0.55,242.00
2026-02-03 12:05:33.283,6.99,143.10,TAKE_PICTURE,1.62,0.07,138.32,0.72,242.00
2026-02-03 12:05:33.437,7.22,138.60,TAKE_PICTURE,2.78,0.20,130.86,0.58,242.00
2026-02-03 12:05:33.588,7.45,134.15,TAKE_PICTURE,2.32,0.17,127.42,0.59,242.00
2026-02-03 12:05:33.743,7.19,139.14,TAKE_PICTURE,2.25,0.18,132.08,0.70,242.00
2026-02-03 12:05:33.902,7.02,142.37,TAKE_PICTURE,2.36,0.20,136.43,0.60,242.00
2026-02-03 12:05:34.050,7.57,132.11,TAKE_PICTURE,2.40,0.07,126.93,0.59,242.00
2026-02-03 12:05:34.199,7.49,133.45,TAKE_PICTURE,2.44,0.07,128.27,0.59,242.00
2026-02-03 12:05:34.353,7.53,132.74,TAKE_PICTURE,1.38,0.14,127.50,0.57,242.00
2026-02-03 12:05:34.515,6.98,143.28,TAKE_PICTURE,1.67,0.07,138.80,0.60,242.00
2026-02-03 12:05:34.673,7.44,134.48,TAKE_PICTURE,2.50,0.10,128.64,0.58,242.00
2026-02-03 12:05:34.823,7.47,133.86,TAKE_PICTURE,2.05,0.07,128.90,0.58,242.00
2026-02-03 12:05:34.973,7.49,133.46,TAKE_PICTURE,1.97,0.07,128.48,0.57,242.00
2026-02-03 12:05:35.121,7.56,132.21,TAKE_PICTURE,2.02,0.07,127.32,0.57,242.00
2026-02-03 12:05:35.269,7.56,132.26,TAKE_PICTURE,2.00,0.07,127.37,0.56,242.00
2026-02-03 12:05:35.418,7.50,133.39,TAKE_PICTURE,5.27,0.08,125.56,0.60,242.00
2026-02-03 12:05:35.581,6.83,146.41,TAKE_PICTURE,2.43,0.07,140.38,0.64,242.00
2026-02-03 12:05:35.729,7.57,132.02,TAKE_PICTURE,2.06,0.07,127.10,0.57,242.00
2026-02-03 12:05:35.878,7.50,133.36,TAKE_PICTURE,2.14,0.07,128.15,0.64,242.00
2026-02-03 12:05:36.027,7.53,132.84,TAKE_PICTURE,2.37,0.07,127.75,0.58,242.00
2026-02-03 12:05:36.185,7.03,142.30,TAKE_PICTURE,2.02,0.17,136.90,0.67,242.00
2026-02-03 12:05:36.337,7.38,135.53,TAKE_PICTURE,2.11,0.07,129.42,0.54,242.00
2026-02-03 12:05:36.486,7.52,132.90,TAKE_PICTURE,2.04,0.07,128.01,0.55,242.00
2026-02-03 12:05:36.635,7.51,133.23,TAKE_PICTURE,2.35,0.07,128.17,0.59,242.00
2026-02-03 12:05:36.811,6.35,157.59,TAKE_PICTURE,2.25,0.08,151.40,0.59,242.00
2026-02-03 12:05:36.984,7.00,142.93,TAKE_PICTURE,3.51,0.14,135.69,0.58,242.00
2026-02-03 12:05:37.145,7.10,140.86,TAKE_PICTURE,1.52,0.12,135.63,0.56,242.00
2026-02-03 12:05:37.296,7.40,135.19,TAKE_PICTURE,5.27,0.09,127.22,0.61,242.00
2026-02-03 12:05:37.455,7.03,142.30,TAKE_PICTURE,2.09,0.07,137.00,0.76,242.00
2026-02-03 12:05:37.604,7.48,133.62,TAKE_PICTURE,2.10,0.07,128.76,0.59,242.00
2026-02-03 12:05:37.751,7.66,130.58,TAKE_PICTURE,2.01,0.07,125.78,0.57,242.00
2026-02-03 12:05:37.905,7.51,133.10,TAKE_PICTURE,2.30,0.12,127.50,0.58,242.00
2026-02-03 12:05:38.069,7.14,140.06,TAKE_PICTURE,1.28,0.12,135.02,0.64,242.00
2026-02-03 12:05:38.233,7.17,139.48,TAKE_PICTURE,2.75,0.11,132.05,0.57,242.00
2026-02-03 12:05:38.400,7.23,138.40,TAKE_PICTURE,2.72,0.13,131.92,0.57,242.00
2026-02-03 12:05:38.579,6.63,150.93,TAKE_PICTURE,3.07,0.19,142.75,0.68,242.00
2026-02-03 12:05:38.746,7.11,140.58,TAKE_PICTURE,3.31,0.09,132.86,0.59,242.00
2026-02-03 12:05:38.909,7.32,136.58,TAKE_PICTURE,2.60,0.14,130.05,0.55,242.00
2026-02-03 12:05:39.077,7.10,140.84,TAKE_PICTURE,2.82,0.15,134.16,0.57,242.00
2026-02-03 12:05:39.265,6.28,159.15,TAKE_PICTURE,3.47,0.14,150.30,0.57,242.00
2026-02-03 12:05:39.432,7.17,139.52,TAKE_PICTURE,5.36,0.12,130.37,0.64,242.00
2026-02-03 12:05:39.606,7.01,142.75,TAKE_PICTURE,2.74,0.13,134.42,2.55,242.00
2026-02-03 12:05:39.747,9.07,110.24,PICTURE_COOLDOWN,4.35,8.32,92.76,0.60,242.00
2026-02-03 12:05:39.970,5.10,196.03,PICTURE_COOLDOWN,3.08,6.64,182.28,0.57,242.00
2026-02-03 12:05:40.197,5.07,197.27,PICTURE_COOLDOWN,3.88,6.08,183.67,0.59,242.00
2026-02-03 12:05:40.429,4.91,203.75,PICTURE_COOLDOWN,3.03,6.30,190.74,0.60,242.00
2026-02-03 12:05:40.653,5.06,197.73,PICTURE_COOLDOWN,2.65,6.15,184.49,0.69,242.00
2026-02-03 12:05:40.890,4.90,204.11,PICTURE_COOLDOWN,4.74,7.38,187.46,0.58,242.00
2026-02-03 12:05:41.124,4.81,208.07,PICTURE_COOLDOWN,2.77,5.79,195.54,0.59,242.00
2026-02-03 12:05:41.346,5.13,195.07,PICTURE_COOLDOWN,2.53,5.46,182.59,0.55,242.00
2026-02-03 12:05:41.579,4.84,206.70,PICTURE_COOLDOWN,2.93,5.58,193.80,0.58,242.00
2026-02-03 12:05:41.808,4.98,200.76,PICTURE_COOLDOWN,5.14,5.74,186.12,0.59,242.00
2026-02-03 12:05:42.043,4.78,209.22,PICTURE_COOLDOWN,3.03,5.69,196.03,0.59,242.00
2026-02-03 12:05:42.268,5.06,197.59,PICTURE_COOLDOWN,3.11,5.22,185.21,0.63,242.00
2026-02-03 12:05:42.493,5.04,198.39,PICTURE_COOLDOWN,3.21,5.26,185.20,0.70,242.00
2026-02-03 12:05:42.739,4.75,210.57,PICTURE_COOLDOWN,5.67,8.91,191.05,0.83,242.00
2026-02-03 12:05:42.962,5.11,195.79,PICTURE_COOLDOWN,2.44,5.19,183.85,0.63,242.00
2026-02-03 12:05:43.197,4.82,207.60,PICTURE_COOLDOWN,3.37,5.02,194.88,0.54,242.00
2026-02-03 12:05:43.421,5.11,195.81,PICTURE_COOLDOWN,3.30,5.15,183.19,0.61,242.00
2026-02-03 12:05:43.646,5.06,197.78,PICTURE_COOLDOWN,3.03,5.30,185.26,0.58,242.00
2026-02-03 12:05:43.871,5.05,198.02,PICTURE_COOLDOWN,2.97,5.27,185.51,0.59,242.00
2026-02-03 12:05:44.107,4.85,206.06,PICTURE_COOLDOWN,4.82,7.32,189.38,0.56,242.00
2026-02-03 12:05:44.334,5.00,200.04,PICTURE_COOLDOWN,5.48,6.54,183.98,0.54,242.00
2026-02-03 12:05:44.567,4.85,206.24,PICTURE_COOLDOWN,2.85,5.29,193.83,0.60,242.00
2026-02-03 12:05:44.793,5.04,198.22,PICTURE_COOLDOWN,3.52,5.25,184.73,0.56,242.00
2026-02-03 12:05:45.019,5.01,199.52,PICTURE_COOLDOWN,2.85,5.48,187.06,0.70,242.00
2026-02-03 12:05:45.255,4.83,207.03,PICTURE_COOLDOWN,3.65,7.34,191.22,0.57,242.00
2026-02-03 12:05:45.479,5.07,197.20,PICTURE_COOLDOWN,3.09,5.73,183.78,0.54,242.00
2026-02-03 12:05:45.700,5.16,193.79,PICTURE_COOLDOWN,2.80,5.30,181.64,0.56,242.00
2026-02-03 12:05:45.939,4.73,211.23,PICTURE_COOLDOWN,4.09,7.46,194.37,0.58,242.00
2026-02-03 12:05:46.168,5.04,198.54,PICTURE_COOLDOWN,3.16,5.03,185.02,0.56,242.00
2026-02-03 12:05:46.405,4.75,210.61,PICTURE_COOLDOWN,3.26,5.52,197.48,0.56,242.00
2026-02-03 12:05:46.621,5.28,189.54,PICTURE_COOLDOWN,2.92,0.13,183.12,0.61,242.00
2026-02-03 12:05:46.753,9.62,103.96,TAKE_PICTURE,3.11,0.41,96.69,0.57,242.00
2026-02-03 12:05:46.972,5.16,193.83,TAKE_PICTURE,5.50,2.01,182.57,0.72,242.00
2026-02-03 12:05:47.192,5.19,192.63,TAKE_PICTURE,7.98,3.04,178.10,0.63,242.00
2026-02-03 12:05:47.405,5.37,186.13,TAKE_PICTURE,3.91,1.99,175.93,0.59,242.00
2026-02-03 12:05:47.613,5.57,179.68,TAKE_PICTURE,3.26,1.97,170.85,0.58,242.00
2026-02-03 12:05:47.928,3.35,298.93,TAKE_PICTURE,2.17,124.22,168.76,0.59,242.00
2026-02-03 12:05:48.129,5.49,182.29,TAKE_PICTURE,1.90,0.71,176.94,0.53,242.00
2026-02-03 12:05:48.328,5.49,182.17,TAKE_PICTURE,1.98,0.69,175.75,0.64,242.00
2026-02-03 12:05:48.516,5.85,170.98,TAKE_PICTURE,1.87,0.63,164.66,0.59,242.00
2026-02-03 12:05:48.706,5.75,174.06,TAKE_PICTURE,6.00,0.71,164.30,0.53,242.00
2026-02-03 12:05:49.001,3.59,278.72,TAKE_PICTURE,2.31,114.09,158.06,0.57,242.00
2026-02-03 12:05:49.208,5.40,185.08,TAKE_PICTURE,2.53,0.91,177.72,0.53,242.00
2026-02-03 12:05:49.399,5.76,173.65,TAKE_PICTURE,2.28,1.22,165.18,0.54,242.00
2026-02-03 12:05:49.588,5.81,172.00,TAKE_PICTURE,2.32,1.08,164.23,0.55,242.00
2026-02-03 12:05:49.773,5.89,169.80,TAKE_PICTURE,2.35,0.71,162.47,0.58,242.00
2026-02-03 12:05:50.075,3.50,285.44,TAKE_PICTURE,2.37,118.83,159.55,0.99,242.00
2026-02-03 12:05:50.298,4.98,200.64,TAKE_PICTURE,2.37,1.49,192.58,0.84,242.00
2026-02-03 12:05:50.494,5.67,176.42,TAKE_PICTURE,2.35,1.14,168.09,0.72,242.00
2026-02-03 12:05:50.685,5.74,174.34,TAKE_PICTURE,2.20,1.00,167.37,0.58,242.00
2026-02-03 12:05:50.872,5.84,171.36,TAKE_PICTURE,2.14,1.10,164.14,0.55,242.00
2026-02-03 12:05:51.166,3.60,277.80,TAKE_PICTURE,2.18,113.46,158.32,0.58,242.00
2026-02-03 12:05:51.373,5.37,186.24,TAKE_PICTURE,1.27,1.27,180.91,0.56,242.00
2026-02-03 12:05:51.564,5.73,174.66,TAKE_PICTURE,1.94,0.49,168.42,0.75,242.00
2026-02-03 12:05:51.752,5.81,172.01,TAKE_PICTURE,1.88,0.53,166.02,0.53,242.00
2026-02-03 12:05:51.939,5.86,170.79,TAKE_PICTURE,2.12,1.08,163.53,0.55,242.00
2026-02-03 12:05:52.238,3.53,282.94,TAKE_PICTURE,2.02,117.60,159.16,0.60,242.00
2026-02-03 12:05:52.453,5.18,193.07,TAKE_PICTURE,1.64,1.65,186.53,0.70,242.00
2026-02-03 12:05:52.659,5.29,188.88,TAKE_PICTURE,2.40,0.71,182.40,0.62,242.00
2026-02-03 12:05:52.859,5.50,181.79,TAKE_PICTURE,2.42,0.61,174.28,0.58,242.00
2026-02-03 12:05:53.054,5.59,178.87,TAKE_PICTURE,3.09,0.62,170.95,0.56,242.00
2026-02-03 12:05:53.310,4.17,239.60,TAKE_PICTURE,2.61,114.42,119.55,0.54,242.00
2026-02-03 12:05:53.484,6.56,152.35,TAKE_PICTURE,1.52,0.14,147.70,0.60,242.00
2026-02-03 12:05:53.667,6.52,153.31,TAKE_PICTURE,2.52,0.13,146.90,0.71,242.00
2026-02-03 12:05:53.854,6.35,157.47,TAKE_PICTURE,2.94,0.13,150.47,0.64,242.00
2026-02-03 12:05:54.026,6.53,153.18,TAKE_PICTURE,2.33,0.18,145.50,0.65,242.00
2026-02-03 12:05:54.187,6.95,143.90,TAKE_PICTURE,2.59,0.07,136.89,0.55,242.00
2026-02-03 12:05:54.360,6.40,156.31,TAKE_PICTURE,2.61,0.09,149.28,0.55,242.00
2026-02-03 12:05:54.529,6.53,153.15,TAKE_PICTURE,2.43,0.11,145.62,0.65,242.00
2026-02-03 12:05:54.713,6.19,161.57,TAKE_PICTURE,2.38,0.11,155.32,0.64,242.00
2026-02-03 12:05:54.884,6.81,146.81,TAKE_PICTURE,1.87,0.13,141.12,0.57,242.00
2026-02-03 12:05:55.069,6.28,159.28,TAKE_PICTURE,1.88,0.10,152.36,0.79,242.00
2026-02-03 12:05:55.252,6.06,165.10,TAKE_PICTURE,2.70,0.20,158.94,0.65,242.00
2026-02-03 12:05:55.430,6.23,160.52,TAKE_PICTURE,2.14,0.07,154.83,0.65,242.00
2026-02-03 12:05:55.609,6.43,155.57,TAKE_PICTURE,2.64,0.11,148.89,0.59,242.00
2026-02-03 12:05:55.803,6.25,160.05,TAKE_PICTURE,4.79,0.12,151.40,0.61,242.00
2026-02-03 12:05:55.979,6.96,143.77,TAKE_PICTURE,2.64,0.13,137.67,0.55,242.00
2026-02-03 12:05:56.153,6.94,144.11,TAKE_PICTURE,2.89,0.19,137.59,0.57,242.00
2026-02-03 12:05:56.336,6.42,155.80,TAKE_PICTURE,2.65,0.14,149.33,0.63,242.00
2026-02-03 12:05:56.510,6.88,145.42,TAKE_PICTURE,3.43,0.17,137.76,0.58,242.00
2026-02-03 12:05:56.688,6.82,146.58,TAKE_PICTURE,3.01,0.14,140.11,0.56,242.00
2026-02-03 12:05:56.870,6.53,153.08,TAKE_PICTURE,3.19,0.15,144.82,0.54,242.00
2026-02-03 12:05:57.043,6.98,143.31,TAKE_PICTURE,2.96,0.13,136.18,0.58,242.00
2026-02-03 12:05:57.226,6.52,153.48,TAKE_PICTURE,2.66,0.12,146.62,0.71,242.00
2026-02-03 12:05:57.414,6.51,153.58,TAKE_PICTURE,4.10,0.13,144.88,0.56,242.00
2026-02-03 12:05:57.585,6.96,143.62,TAKE_PICTURE,2.79,0.12,137.25,0.56,242.00
2026-02-03 12:05:57.787,5.78,173.12,TAKE_PICTURE,4.72,0.14,163.68,0.64,241.95
2026-02-03 12:05:57.971,6.48,154.29,TAKE_PICTURE,2.79,0.27,147.40,0.63,241.95
2026-02-03 12:05:58.152,6.66,150.20,TAKE_PICTURE,4.68,0.10,142.02,0.66,241.95
2026-02-03 12:05:58.329,6.86,145.74,TAKE_PICTURE,3.24,0.16,138.70,0.54,241.95
2026-02-03 12:05:58.507,6.71,149.04,TAKE_PICTURE,2.93,0.13,142.62,0.55,241.95
2026-02-03 12:05:58.687,6.61,151.29,TAKE_PICTURE,3.18,0.20,144.21,0.71,241.95
2026-02-03 12:05:58.857,7.14,139.99,TAKE_PICTURE,3.81,0.14,132.33,0.54,241.95
2026-02-03 12:05:59.022,7.25,137.95,TAKE_PICTURE,3.21,0.14,130.61,0.73,241.95
2026-02-03 12:05:59.204,6.67,149.86,TAKE_PICTURE,3.89,0.14,140.55,0.55,241.95
2026-02-03 12:05:59.373,7.12,140.40,TAKE_PICTURE,2.98,0.12,133.10,0.56,241.95
2026-02-03 12:05:59.536,7.30,136.97,TAKE_PICTURE,2.81,0.13,130.27,0.56,241.95
2026-02-03 12:05:59.711,6.76,148.01,TAKE_PICTURE,3.27,0.13,140.65,0.58,241.95
2026-02-03 12:05:59.877,7.26,137.72,TAKE_PICTURE,3.68,0.13,129.53,0.60,241.95
2026-02-03 12:06:00.044,7.18,139.34,TAKE_PICTURE,4.67,0.13,130.80,0.55,241.95
2026-02-03 12:06:00.217,6.92,144.58,TAKE_PICTURE,2.73,0.12,137.73,0.62,241.91
2026-02-03 12:06:00.384,6.70,149.25,TAKE_PICTURE,2.83,0.07,143.12,0.55,241.91
2026-02-03 12:06:00.542,7.15,139.87,TAKE_PICTURE,2.08,0.07,135.23,0.59,241.91
2026-02-03 12:06:00.699,7.50,133.28,TAKE_PICTURE,2.77,0.10,126.99,0.59,241.91
2026-02-03 12:06:00.878,6.67,149.83,TAKE_PICTURE,2.74,0.12,143.64,0.55,241.91
2026-02-03 12:06:01.058,7.03,142.22,TAKE_PICTURE,4.35,0.08,134.13,0.53,241.91
2026-02-03 12:06:01.188,9.90,101.00,PICTURE_COOLDOWN,2.71,7.38,86.78,0.60,241.91
2026-02-03 12:06:01.424,4.76,209.97,PICTURE_COOLDOWN,2.80,6.25,197.19,0.55,241.91
2026-02-03 12:06:01.653,5.00,200.09,PICTURE_COOLDOWN,3.54,5.33,187.32,0.55,241.91
2026-02-03 12:06:01.905,4.46,224.10,PICTURE_COOLDOWN,3.69,6.58,209.66,0.55,241.95
2026-02-03 12:06:02.148,4.64,215.55,PICTURE_COOLDOWN,3.07,5.64,202.79,0.57,241.95
2026-02-03 12:06:02.383,4.86,205.91,PICTURE_COOLDOWN,3.33,6.09,191.93,1.08,241.95
2026-02-03 12:06:02.622,4.74,210.87,PICTURE_COOLDOWN,3.34,6.27,196.31,0.66,241.95
2026-02-03 12:06:02.859,4.75,210.46,PICTURE_COOLDOWN,3.61,5.09,196.70,1.68,241.95
2026-02-03 12:06:03.081,5.13,195.06,PICTURE_COOLDOWN,2.86,5.97,182.52,0.57,241.95
2026-02-03 12:06:03.318,4.82,207.67,PICTURE_COOLDOWN,2.96,5.12,195.28,0.55,242.00
2026-02-03 12:06:03.545,5.01,199.44,PICTURE_COOLDOWN,2.90,5.40,186.28,1.19,242.00
2026-02-03 12:06:03.780,4.88,204.77,PICTURE_COOLDOWN,3.17,6.13,190.28,0.55,242.00
2026-02-03 12:06:04.012,4.89,204.62,PICTURE_COOLDOWN,2.69,5.59,191.93,0.61,242.00
2026-02-03 12:06:04.242,4.93,202.97,PICTURE_COOLDOWN,2.89,5.74,189.75,0.69,242.00
2026-02-03 12:06:04.473,4.95,202.10,PICTURE_COOLDOWN,3.46,6.95,187.26,0.54,242.00
2026-02-03 12:06:04.707,4.83,207.10,PICTURE_COOLDOWN,2.96,5.96,193.67,0.84,242.00
2026-02-03 12:06:04.942,4.81,207.91,PICTURE_COOLDOWN,2.97,8.17,191.63,0.71,242.00
2026-02-03 12:06:05.176,4.87,205.37,PICTURE_COOLDOWN,3.34,7.50,189.63,0.56,242.00
2026-02-03 12:06:05.410,4.84,206.66,PICTURE_COOLDOWN,3.14,5.60,193.20,0.56,242.00
2026-02-03 12:06:05.636,5.02,199.18,PICTURE_COOLDOWN,3.05,5.85,186.33,0.55,242.00
2026-02-03 12:06:05.871,4.86,205.90,PICTURE_COOLDOWN,2.84,5.43,193.67,0.64,242.00
2026-02-03 12:06:06.096,5.04,198.32,PICTURE_COOLDOWN,2.98,5.28,185.86,0.62,242.00
2026-02-03 12:06:06.325,4.96,201.77,PICTURE_COOLDOWN,2.74,5.28,187.74,1.86,242.00
2026-02-03 12:06:06.569,4.71,212.31,PICTURE_COOLDOWN,4.59,8.57,193.40,0.61,242.00
2026-02-03 12:06:06.799,4.93,202.65,PICTURE_COOLDOWN,2.80,5.33,189.92,0.74,242.00
2026-02-03 12:06:07.040,4.77,209.51,PICTURE_COOLDOWN,3.78,6.57,192.94,1.32,242.00
2026-02-03 12:06:07.272,4.89,204.66,PICTURE_COOLDOWN,3.61,6.07,190.42,0.72,242.00
2026-02-03 12:06:07.511,4.85,206.05,PICTURE_COOLDOWN,4.48,7.36,189.61,0.59,242.00
2026-02-03 12:06:07.733,5.14,194.59,PICTURE_COOLDOWN,2.87,5.46,182.20,0.57,242.00
2026-02-03 12:06:07.970,4.79,208.87,PICTURE_COOLDOWN,4.05,7.86,191.65,0.59,242.00
2026-02-03 12:06:08.187,5.27,189.91,PICTURE_COOLDOWN,3.77,0.15,182.26,0.57,242.00
2026-02-03 12:06:08.334,8.57,116.72,TAKE_PICTURE,3.03,0.47,109.21,0.65,242.00
2026-02-03 12:06:08.545,5.46,183.19,TAKE_PICTURE,3.45,1.00,174.12,0.56,242.00
2026-02-03 12:06:08.751,5.58,179.21,TAKE_PICTURE,2.99,2.18,169.95,0.57,242.00
2026-02-03 12:06:08.949,5.52,181.13,TAKE_PICTURE,1.71,1.98,173.90,0.58,242.00
2026-02-03 12:06:09.146,5.58,179.29,TAKE_PICTURE,1.71,1.18,173.12,0.59,242.00
2026-02-03 12:06:09.461,3.41,293.15,TAKE_PICTURE,1.79,118.63,169.96,0.52,242.00
2026-02-03 12:06:09.657,5.77,173.26,TAKE_PICTURE,1.41,1.68,167.26,0.54,242.00
2026-02-03 12:06:09.859,5.42,184.35,TAKE_PICTURE,2.29,0.75,177.70,0.61,242.00
2026-02-03 12:06:10.050,5.69,175.61,TAKE_PICTURE,2.04,0.70,169.66,0.56,242.00
2026-02-03 12:06:10.240,5.76,173.76,TAKE_PICTURE,2.41,1.00,166.12,0.60,242.00
2026-02-03 12:06:10.534,3.60,278.16,TAKE_PICTURE,2.45,112.97,158.32,0.55,242.00
2026-02-03 12:06:10.740,5.40,185.15,TAKE_PICTURE,2.03,1.33,177.86,0.57,242.00
2026-02-03 12:06:10.934,5.65,176.92,TAKE_PICTURE,3.87,0.97,169.12,0.58,242.00
2026-02-03 12:06:11.124,5.78,173.05,TAKE_PICTURE,2.17,1.28,166.60,0.56,242.00
2026-02-03 12:06:11.314,5.75,173.93,TAKE_PICTURE,2.44,1.17,167.27,0.56,242.00
2026-02-03 12:06:11.608,3.59,278.66,TAKE_PICTURE,2.26,114.91,158.71,0.55,242.00
2026-02-03 12:06:11.814,5.42,184.65,TAKE_PICTURE,1.48,1.45,177.99,0.55,242.00
2026-02-03 12:06:12.006,5.70,175.53,TAKE_PICTURE,2.16,0.78,169.32,0.66,242.00
2026-02-03 12:06:12.194,5.83,171.40,TAKE_PICTURE,2.26,1.20,164.89,0.57,242.00
2026-02-03 12:06:12.381,5.84,171.26,TAKE_PICTURE,2.49,1.09,164.69,0.55,242.00
2026-02-03 12:06:12.678,3.56,280.62,TAKE_PICTURE,2.24,117.05,158.55,0.57,242.00
2026-02-03 12:06:12.885,5.37,186.17,TAKE_PICTURE,1.79,1.40,179.42,0.56,242.00
2026-02-03 12:06:13.072,5.89,169.88,TAKE_PICTURE,2.41,0.94,163.46,0.55,242.00
2026-02-03 12:06:13.259,5.83,171.50,TAKE_PICTURE,2.39,1.21,164.86,0.55,242.00
2026-02-03 12:06:13.446,5.84,171.23,TAKE_PICTURE,2.15,0.60,165.33,0.58,242.00
2026-02-03 12:06:13.744,3.55,282.06,TAKE_PICTURE,2.42,118.80,158.06,0.58,242.00
2026-02-03 12:06:13.949,5.48,182.42,TAKE_PICTURE,1.63,1.69,176.06,0.56,242.00
2026-02-03 12:06:14.146,5.55,180.20,TAKE_PICTURE,1.98,0.66,173.92,0.58,242.00
2026-02-03 12:06:14.332,5.89,169.83,TAKE_PICTURE,2.03,0.68,163.58,0.57,242.00
2026-02-03 12:06:14.519,5.82,171.97,TAKE_PICTURE,1.99,1.09,164.53,0.56,242.00
2026-02-03 12:06:14.814,3.58,279.13,TAKE_PICTURE,1.99,114.90,158.05,0.58,242.00
2026-02-03 12:06:15.016,5.57,179.56,TAKE_PICTURE,1.27,0.57,174.91,0.71,241.93
2026-02-03 12:06:15.213,5.60,178.66,TAKE_PICTURE,1.78,0.58,171.99,0.55,241.93
2026-02-03 12:06:15.398,5.92,168.84,TAKE_PICTURE,2.11,0.51,162.23,0.56,241.93
2026-02-03 12:06:15.581,5.98,167.18,TAKE_PICTURE,1.53,0.48,161.39,0.55,241.93
2026-02-03 12:06:15.872,3.63,275.18,TAKE_PICTURE,1.96,112.76,156.58,0.60,241.93
2026-02-03 12:06:16.074,5.53,180.78,TAKE_PICTURE,1.36,1.67,174.00,0.55,241.93
2026-02-03 12:06:16.261,5.86,170.69,TAKE_PICTURE,2.00,0.72,164.82,0.53,241.93
2026-02-03 12:06:16.448,5.86,170.65,TAKE_PICTURE,2.09,0.50,164.34,0.59,241.93
2026-02-03 12:06:16.633,5.91,169.16,TAKE_PICTURE,2.16,1.09,162.07,0.55,241.93
2026-02-03 12:06:16.926,3.61,276.70,TAKE_PICTURE,1.94,114.15,156.60,0.59,241.93
2026-02-03 12:06:17.134,5.29,188.91,TAKE_PICTURE,2.07,1.07,182.64,0.54,241.93
2026-02-03 12:06:17.323,5.78,172.93,TAKE_PICTURE,1.79,0.59,167.14,0.53,241.93
2026-02-03 12:06:17.508,5.92,169.01,TAKE_PICTURE,1.97,0.48,162.72,0.57,241.93
2026-02-03 12:06:17.693,5.93,168.68,TAKE_PICTURE,2.26,0.79,161.72,0.54,241.93
2026-02-03 12:06:17.986,3.61,276.97,TAKE_PICTURE,1.95,113.41,157.60,0.59,241.93
2026-02-03 12:06:18.183,5.50,181.78,TAKE_PICTURE,2.10,1.19,173.64,0.63,241.93
2026-02-03 12:06:18.370,5.86,170.60,TAKE_PICTURE,2.38,0.62,163.00,0.66,241.93
2026-02-03 12:06:18.558,5.81,171.99,TAKE_PICTURE,2.38,0.98,164.28,0.62,241.93
2026-02-03 12:06:18.745,5.84,171.24,TAKE_PICTURE,2.23,0.80,163.73,0.56,241.93
2026-02-03 12:06:19.039,3.59,278.29,TAKE_PICTURE,2.33,114.07,157.56,0.55,241.93
2026-02-03 12:06:19.243,5.50,181.84,TAKE_PICTURE,1.36,1.34,175.46,0.59,241.93
2026-02-03 12:06:19.431,5.84,171.15,TAKE_PICTURE,2.05,0.89,164.04,0.54,241.93
2026-02-03 12:06:19.619,5.81,172.17,TAKE_PICTURE,2.15,0.93,164.60,0.67,241.93
2026-02-03 12:06:19.808,5.80,172.41,TAKE_PICTURE,2.08,0.83,164.62,0.54,241.93
2026-02-03 12:06:20.064,4.18,239.07,TAKE_PICTURE,2.07,115.15,117.33,0.54,241.93
2026-02-03 12:06:20.239,6.52,153.36,TAKE_PICTURE,4.61,0.12,145.35,0.52,241.93
2026-02-03 12:06:20.415,6.82,146.64,TAKE_PICTURE,2.75,0.13,140.12,0.58,241.93
2026-02-03 12:06:20.590,6.81,146.77,TAKE_PICTURE,2.79,0.14,140.10,0.58,241.93
2026-02-03 12:06:20.766,6.80,147.09,TAKE_PICTURE,2.67,0.32,140.75,0.52,241.93
2026-02-03 12:06:20.947,6.56,152.51,TAKE_PICTURE,2.71,0.11,145.83,0.69,241.93
2026-02-03 12:06:21.127,6.69,149.50,TAKE_PICTURE,3.67,0.14,141.51,0.57,241.93
2026-02-03 12:06:21.300,6.84,146.28,TAKE_PICTURE,2.67,0.14,139.73,0.54,241.93
2026-02-03 12:06:21.489,6.21,161.07,TAKE_PICTURE,4.34,0.14,152.26,0.75,241.93
2026-02-03 12:06:21.670,6.66,150.12,TAKE_PICTURE,4.20,0.13,141.95,0.58,241.93
2026-02-03 12:06:21.847,6.74,148.32,TAKE_PICTURE,3.01,0.13,141.47,0.58,241.93
2026-02-03 12:06:22.026,6.72,148.82,TAKE_PICTURE,3.07,0.12,142.14,0.55,241.93
2026-02-03 12:06:22.200,6.81,146.77,TAKE_PICTURE,3.61,0.13,138.96,0.88,241.93
2026-02-03 12:06:22.391,6.15,162.48,TAKE_PICTURE,4.35,0.33,153.80,0.54,241.93
2026-02-03 12:06:22.567,6.73,148.49,TAKE_PICTURE,2.85,0.14,141.67,0.76,241.93
2026-02-03 12:06:22.741,6.80,147.06,TAKE_PICTURE,2.89,0.13,139.67,0.58,241.93
2026-02-03 12:06:22.912,7.00,142.93,TAKE_PICTURE,2.91,0.11,136.07,0.55,241.93
2026-02-03 12:06:23.089,6.92,144.51,TAKE_PICTURE,4.00,0.13,136.29,0.56,241.93
2026-02-03 12:06:23.261,6.94,144.18,TAKE_PICTURE,2.70,0.12,137.69,0.59,241.93
2026-02-03 12:06:23.430,7.05,141.91,TAKE_PICTURE,2.75,0.13,134.83,0.60,241.93
2026-02-03 12:06:23.601,6.98,143.32,TAKE_PICTURE,2.64,0.14,136.57,0.54,241.93
2026-02-03 12:06:23.784,6.46,154.81,TAKE_PICTURE,2.71,0.13,148.02,0.69,241.93
2026-02-03 12:06:23.963,6.66,150.08,TAKE_PICTURE,5.04,0.43,140.96,0.59,241.93
2026-02-03 12:06:24.135,6.91,144.80,TAKE_PICTURE,2.90,0.14,138.02,0.62,241.93
2026-02-03 12:06:24.308,6.84,146.18,TAKE_PICTURE,3.21,0.14,138.80,0.56,241.93
2026-02-03 12:06:24.498,6.16,162.38,TAKE_PICTURE,3.98,0.14,153.45,0.58,241.93
2026-02-03 12:06:24.669,6.98,143.17,TAKE_PICTURE,2.79,0.13,136.29,0.54,241.93
2026-02-03 12:06:24.838,7.02,142.37,TAKE_PICTURE,2.87,0.12,135.59,0.59,241.93
2026-02-03 12:06:25.012,6.84,146.14,TAKE_PICTURE,2.80,0.13,139.16,0.57,241.93
2026-02-03 12:06:25.185,6.86,145.78,TAKE_PICTURE,2.83,0.13,139.15,0.55,241.93
2026-02-03 12:06:25.354,7.04,142.15,TAKE_PICTURE,2.84,0.12,135.46,0.54,241.93
2026-02-03 12:06:25.522,7.10,140.79,TAKE_PICTURE,2.80,0.13,134.04,0.54,241.93
2026-02-03 12:06:25.688,7.19,139.13,TAKE_PICTURE,2.84,0.13,132.34,0.55,241.93
2026-02-03 12:06:25.856,7.13,140.18,TAKE_PICTURE,2.82,0.13,133.50,0.54,241.93
2026-02-03 12:06:26.008,7.42,134.79,TAKE_PICTURE,5.00,0.16,126.94,0.56,241.93
2026-02-03 12:06:26.169,7.03,142.35,TAKE_PICTURE,2.82,0.29,136.27,0.58,241.93
2026-02-03 12:06:26.329,7.38,135.56,TAKE_PICTURE,3.14,0.12,128.63,0.55,241.93
2026-02-03 12:06:26.486,7.46,134.05,TAKE_PICTURE,1.64,0.12,128.55,0.59,241.93
2026-02-03 12:06:26.646,7.34,136.21,TAKE_PICTURE,1.37,0.12,130.38,0.79,241.93
2026-02-03 12:06:26.821,6.68,149.61,TAKE_PICTURE,1.81,0.09,144.58,0.61,241.93
2026-02-03 12:06:26.984,7.17,139.39,TAKE_PICTURE,1.55,0.11,134.11,0.56,241.93
2026-02-03 12:06:27.148,7.24,138.04,TAKE_PICTURE,1.61,0.17,132.76,0.54,241.93
2026-02-03 12:06:27.310,7.23,138.26,TAKE_PICTURE,2.23,0.11,132.78,0.58,241.93
2026-02-03 12:06:27.484,6.70,149.34,TAKE_PICTURE,1.86,0.11,143.45,0.58,241.93
2026-02-03 12:06:27.649,7.20,138.97,TAKE_PICTURE,3.38,0.14,131.61,0.55,242.00
2026-02-03 12:06:27.730,16.59,60.26,RESULT,2.10,8.20,45.39,0.64,242.00
2026-02-03 12:06:28.097,2.99,334.96,RESULT,29.18,157.66,144.94,0.60,242.00
2026-02-03 12:06:28.265,6.88,145.38,RESULT,1.30,0.07,140.48,0.80,242.00
2026-02-03 12:06:28.431,6.97,143.41,RESULT,1.29,0.04,138.64,0.62,242.00
2026-02-03 12:06:28.597,7.02,142.55,RESULT,1.27,0.06,137.80,0.60,242.00
2026-02-03 12:06:28.778,6.29,158.98,RESULT,1.40,0.05,153.54,0.67,242.00
2026-02-03 12:06:28.945,6.94,144.13,RESULT,1.50,0.05,139.89,0.59,242.00
2026-02-03 12:06:29.124,6.39,156.38,RESULT,1.40,0.04,151.97,0.70,242.00
2026-02-03 12:06:29.291,6.95,143.94,RESULT,1.40,0.05,139.96,0.63,242.00
2026-02-03 12:06:29.454,6.81,146.80,RESULT,1.98,0.03,141.52,0.77,242.00
2026-02-03 12:06:29.634,6.25,160.12,RESULT,2.34,0.03,153.36,0.73,242.00
2026-02-03 12:06:29.803,6.81,146.81,RESULT,2.21,0.06,140.89,0.72,242.00
2026-02-03 12:06:29.985,6.30,158.61,RESULT,1.46,0.04,153.39,0.92,242.00
2026-02-03 12:06:30.152,6.94,144.02,RESULT,1.45,0.04,139.89,0.62,242.00
2026-02-03 12:06:30.320,6.89,145.19,RESULT,1.26,0.05,140.35,0.68,242.00
2026-02-03 12:06:30.500,6.28,159.25,RESULT,1.78,0.07,153.75,0.63,242.00
2026-02-03 12:06:30.669,6.82,146.62,RESULT,3.02,0.04,140.35,0.56,242.00
2026-02-03 12:06:30.842,6.63,150.88,RESULT,2.38,0.07,145.59,0.80,242.00
2026-02-03 12:06:31.008,6.97,143.52,RESULT,1.42,0.05,139.10,0.99,242.00
2026-02-03 12:06:31.174,6.99,143.06,RESULT,1.38,0.06,139.07,0.66,242.00
2026-02-03 12:06:31.353,6.44,155.34,RESULT,1.96,0.03,150.42,0.58,242.00
2026-02-03 12:06:31.519,6.94,144.15,RESULT,1.34,0.05,140.18,0.66,242.00
2026-02-03 12:06:31.693,6.64,150.51,RESULT,1.47,0.07,146.11,0.72,242.00
2026-02-03 12:06:31.859,6.96,143.69,RESULT,1.28,0.05,139.51,0.60,242.00
2026-02-03 12:06:32.027,6.90,144.95,RESULT,1.31,0.05,140.28,1.08,242.00
2026-02-03 12:06:32.211,6.23,160.47,RESULT,1.77,0.03,155.69,0.66,242.00
2026-02-03 12:06:32.384,6.73,148.60,RESULT,2.78,0.05,141.87,0.60,242.00
2026-02-03 12:06:32.559,6.55,152.59,RESULT,1.39,0.05,147.50,0.84,242.00
2026-02-03 12:06:32.729,6.81,146.80,RESULT,1.43,0.08,142.37,0.61,242.00
2026-02-03 12:06:32.890,6.95,143.92,RESULT,2.11,0.03,138.24,0.62,242.00
2026-02-03 12:06:33.063,6.46,154.78,RESULT,2.20,0.05,148.52,0.69,242.00
2026-02-03 12:06:33.241,6.72,148.72,RESULT,2.94,0.06,142.05,0.60,242.00
2026-02-03 12:06:33.415,6.82,146.67,RESULT,2.56,0.07,140.15,0.64,242.00
2026-02-03 12:06:33.591,6.78,147.40,RESULT,2.58,0.05,141.31,0.57,242.00
2026-02-03 12:06:33.767,6.79,147.31,RESULT,2.81,0.05,141.14,0.58,242.00
2026-02-03 12:06:33.942,6.67,149.95,RESULT,2.84,0.05,143.06,0.67,242.00
2026-02-03 12:06:34.121,6.57,152.27,RESULT,2.92,0.05,145.56,0.77,242.00
2026-02-03 12:06:34.314,6.07,164.72,RESULT,3.53,0.06,156.22,0.60,242.00
2026-02-03 12:06:34.492,6.69,149.53,RESULT,2.95,0.06,142.58,0.60,242.00
2026-02-03 12:06:34.673,6.50,153.94,RESULT,2.97,0.05,146.64,0.80,242.00
2026-02-03 12:06:34.866,6.08,164.36,RESULT,3.01,0.05,156.13,0.59,242.00
2026-02-03 12:06:35.043,6.65,150.34,RESULT,3.06,0.05,143.30,0.60,242.00
2026-02-03 12:06:35.228,6.44,155.27,RESULT,4.30,0.05,147.54,0.72,242.00
2026-02-03 12:06:35.413,6.47,154.63,RESULT,3.38,0.04,147.93,0.54,242.00
2026-02-03 12:06:35.591,6.59,151.68,RESULT,2.96,0.05,145.17,0.53,242.00
2026-02-03 12:06:35.777,6.26,159.71,RESULT,3.00,0.05,152.65,0.84,242.00
2026-02-03 12:06:35.959,6.45,154.93,RESULT,3.36,0.06,147.23,0.64,242.00
2026-02-03 12:06:36.144,6.32,158.27,RESULT,3.12,0.03,150.34,0.67,242.00
2026-02-03 12:06:36.327,6.51,153.58,RESULT,4.16,0.04,145.19,0.55,242.00
2026-02-03 12:06:36.509,6.54,152.98,RESULT,3.19,0.05,146.13,0.72,242.00
2026-02-03 12:06:36.707,5.97,167.44,RESULT,5.63,0.05,158.08,0.65,242.00
2026-02-03 12:06:36.899,6.15,162.54,RESULT,2.61,0.05,156.59,0.54,242.00
2026-02-03 12:06:37.085,6.31,158.52,RESULT,4.64,0.04,150.59,0.70,242.00
2026-02-03 12:06:37.268,6.51,153.56,RESULT,3.50,0.05,146.40,0.61,242.00
2026-02-03 12:06:37.446,6.70,149.14,RESULT,2.51,0.05,143.40,0.58,242.00
2026-02-03 12:06:37.639,6.15,162.48,RESULT,3.39,0.03,154.86,0.61,242.00
2026-02-03 12:06:37.817,6.61,151.29,RESULT,2.92,0.10,144.04,0.59,242.00
2026-02-03 12:06:37.998,6.49,154.02,RESULT,2.73,0.06,147.24,0.75,242.00
2026-02-03 12:06:38.192,6.28,159.25,RESULT,3.75,0.05,150.59,0.77,242.00
2026-02-03 12:06:38.369,6.61,151.33,RESULT,3.06,0.06,144.09,0.61,242.00
2026-02-03 12:06:38.563,6.00,166.61,RESULT,3.31,0.06,157.93,0.92,242.00
2026-02-03 12:06:38.748,6.35,157.40,RESULT,2.96,0.06,150.51,0.60,242.00
2026-02-03 12:06:38.944,5.97,167.39,RESULT,4.73,0.05,158.79,0.54,242.00
2026-02-03 12:06:39.129,6.40,156.23,RESULT,5.15,0.05,147.34,0.54,242.00
2026-02-03 12:06:39.309,6.61,151.23,RESULT,4.28,0.05,142.99,0.74,242.00
2026-02-03 12:06:39.501,6.28,159.32,RESULT,3.89,0.05,150.88,0.54,242.00
2026-02-03 12:06:39.683,6.45,154.93,RESULT,3.36,0.06,147.70,0.61,242.00
2026-02-03 12:06:39.881,6.04,165.60,RESULT,3.39,0.05,158.01,0.64,242.00
2026-02-03 12:06:40.066,6.28,159.22,RESULT,2.88,0.05,152.29,0.65,242.00
2026-02-03 12:06:40.264,5.86,170.56,RESULT,2.91,0.05,163.86,0.72,242.00
2026-02-03 12:06:40.454,6.32,158.24,RESULT,4.60,0.07,149.18,0.56,242.00
2026-02-03 12:06:40.633,6.47,154.62,RESULT,2.69,0.05,147.83,0.56,242.00
2026-02-03 12:06:40.814,6.49,154.19,RESULT,2.89,0.05,146.93,0.60,242.00
2026-02-03 12:06:41.000,6.31,158.60,RESULT,2.73,0.05,151.84,0.86,242.00
2026-02-03 12:06:41.179,6.65,150.44,RESULT,2.87,0.04,143.56,1.08,242.00
2026-02-03 12:06:41.356,6.71,149.08,RESULT,2.74,0.05,142.70,0.59,242.00
2026-02-03 12:06:41.547,6.11,163.61,RESULT,2.51,0.05,156.84,1.14,242.00
2026-02-03 12:06:41.728,6.60,151.49,RESULT,2.62,0.06,145.51,0.67,242.00
2026-02-03 12:06:41.923,6.01,166.27,RESULT,4.14,0.05,158.03,0.61,242.00
2026-02-03 12:06:42.106,6.44,155.17,RESULT,2.33,0.05,149.19,0.64,242.00
2026-02-03 12:06:42.293,6.36,157.15,RESULT,1.82,0.05,152.20,0.65,242.00
2026-02-03 12:06:42.475,6.51,153.58,RESULT,2.84,0.05,147.00,0.62,242.00
2026-02-03 12:06:42.653,6.61,151.28,RESULT,2.82,0.05,144.45,0.57,242.00
2026-02-03 12:06:42.850,6.09,164.19,RESULT,3.47,0.06,155.98,0.59,242.00
2026-02-03 12:06:43.034,6.50,153.92,RESULT,2.95,0.13,146.53,0.75,242.00
2026-02-03 12:06:43.236,5.94,168.38,RESULT,3.04,0.08,161.36,0.74,242.00
2026-02-03 12:06:43.423,6.34,157.79,RESULT,2.89,0.04,150.84,0.60,242.00
2026-02-03 12:06:43.619,6.01,166.48,RESULT,2.65,0.05,159.47,0.57,242.00
2026-02-03 12:06:43.812,6.17,162.05,RESULT,2.77,0.05,155.48,0.83,242.00
2026-02-03 12:06:44.003,6.18,161.90,RESULT,2.97,0.05,155.41,0.60,242.00
2026-02-03 12:06:44.187,6.36,157.22,RESULT,2.73,0.06,150.57,0.58,242.00
2026-02-03 12:06:44.367,6.55,152.63,RESULT,2.77,0.06,145.40,0.62,242.00
2026-02-03 12:06:44.569,5.73,174.48,RESULT,3.43,0.04,166.59,0.71,242.00
2026-02-03 12:06:44.761,6.63,150.94,RESULT,3.32,0.05,143.45,0.59,242.00
2026-02-03 12:06:44.949,6.31,158.42,RESULT,2.92,0.05,151.94,0.74,242.00
2026-02-03 12:06:45.129,6.64,150.53,RESULT,2.74,0.06,144.31,0.60,242.00
2026-02-03 12:06:45.314,6.37,156.88,RESULT,2.82,0.05,150.28,0.85,242.00
2026-02-03 12:06:45.480,6.78,147.54,RESULT,1.30,0.07,139.41,0.68,242.00
2026-02-03 12:06:45.661,6.36,157.13,RESULT,1.80,0.03,151.81,0.60,242.00
2026-02-03 12:06:45.838,6.72,148.77,RESULT,2.53,0.05,142.73,0.68,242.00
2026-02-03 12:06:46.035,5.94,168.49,RESULT,3.47,0.05,161.09,0.60,242.00
2026-02-03 12:06:46.217,6.52,153.44,RESULT,3.01,0.05,146.95,0.60,242.00
2026-02-03 12:06:46.398,6.54,152.88,RESULT,3.05,0.04,145.92,0.68,242.00
2026-02-03 12:06:46.582,6.47,154.60,RESULT,3.57,0.13,146.90,0.61,242.00
2026-02-03 12:06:46.759,6.61,151.33,RESULT,3.29,0.04,144.14,0.63,242.00
2026-02-03 12:06:46.946,6.32,158.13,RESULT,3.07,0.05,151.45,0.62,242.00
2026-02-03 12:06:47.128,6.45,155.13,RESULT,3.15,0.05,147.52,0.62,242.00
2026-02-03 12:06:47.309,6.50,153.79,RESULT,2.32,0.05,147.28,0.80,242.00
2026-02-03 12:06:47.499,6.28,159.34,RESULT,2.35,0.04,152.87,0.53,242.00
2026-02-03 12:06:47.683,6.47,154.62,RESULT,2.92,0.07,147.27,0.81,242.00
2026-02-03 12:06:47.867,6.43,155.60,RESULT,3.23,0.05,148.33,0.60,242.00
2026-02-03 12:06:48.045,6.73,148.63,RESULT,2.99,0.05,141.75,0.54,242.00
2026-02-03 12:06:48.242,6.09,164.20,RESULT,4.06,0.05,155.60,0.54,242.00
2026-02-03 12:06:48.403,6.91,144.69,RESULT,2.29,0.07,138.47,0.55,242.00
2026-02-03 12:06:48.573,6.49,154.04,RESULT,1.97,0.03,149.18,0.66,242.00
2026-02-03 12:06:48.736,6.79,147.24,RESULT,2.01,0.03,142.13,0.75,242.00
2026-02-03 12:06:48.899,6.79,147.22,RESULT,2.30,0.07,140.37,0.60,242.00
2026-02-03 12:06:49.058,7.00,142.84,RESULT,2.13,0.03,137.56,0.62,242.00
2026-02-03 12:06:49.216,7.05,141.75,RESULT,2.28,0.06,136.82,0.60,242.00
2026-02-03 12:06:49.382,6.66,150.08,RESULT,1.97,0.03,145.08,0.68,242.00
2026-02-03 12:06:49.540,7.04,142.11,RESULT,2.24,0.03,137.22,0.62,242.00
2026-02-03 12:06:49.699,6.98,143.33,RESULT,1.96,0.03,138.28,0.64,242.00
2026-02-03 12:06:49.874,6.53,153.23,RESULT,2.35,0.05,147.55,0.60,242.00
2026-02-03 12:06:50.053,6.66,150.24,RESULT,3.05,0.05,143.82,0.59,242.00
2026-02-03 12:06:50.231,6.70,149.27,RESULT,3.15,0.03,142.27,0.60,242.00
2026-02-03 12:06:50.424,6.10,163.91,RESULT,4.27,0.05,155.39,0.58,242.00
2026-02-03 12:06:50.587,6.84,146.27,RESULT,1.77,0.03,141.01,0.96,242.00
2026-02-03 12:06:50.765,6.40,156.34,RESULT,2.37,0.04,150.26,0.61,242.00
2026-02-03 12:06:50.944,6.67,149.94,RESULT,2.78,0.06,143.74,0.58,242.00
2026-02-03 12:06:51.130,6.34,157.80,RESULT,2.89,0.05,151.35,0.63,242.00
2026-02-03 12:06:51.307,6.68,149.74,RESULT,2.70,0.05,142.82,0.82,242.00
2026-02-03 12:06:51.502,6.08,164.56,RESULT,3.79,0.07,156.31,0.60,242.00
2026-02-03 12:06:51.678,6.71,149.05,RESULT,2.89,0.05,142.19,0.56,242.00
2026-02-03 12:06:51.855,6.63,150.72,RESULT,2.96,0.05,143.70,0.59,242.00
2026-02-03 12:06:52.050,6.00,166.76,RESULT,3.87,0.04,157.82,0.62,242.00
2026-02-03 12:06:52.230,6.58,151.99,RESULT,3.02,0.06,145.13,0.59,242.00
2026-02-03 12:06:52.411,6.46,154.81,RESULT,2.88,0.05,147.39,0.75,242.00
2026-02-03 12:06:52.602,6.17,162.03,RESULT,3.55,0.06,154.15,0.61,242.00
2026-02-03 12:06:52.782,6.12,163.49,RESULT,2.12,0.07,156.51,0.61,242.00
2026-02-03 12:06:52.961,6.40,156.23,RESULT,4.95,0.05,147.01,0.64,242.00
2026-02-03 12:06:53.156,5.99,167.01,RESULT,2.75,0.05,160.20,0.60,242.00
2026-02-03 12:06:53.343,6.40,156.18,RESULT,4.03,0.06,147.97,0.98,242.00
2026-02-03 12:06:53.527,6.46,154.91,RESULT,3.48,0.16,146.26,0.64,242.00
2026-02-03 12:06:53.727,6.06,164.94,RESULT,3.23,0.05,157.67,0.61,242.00
2026-02-03 12:06:53.912,6.35,157.37,RESULT,3.15,0.06,150.73,0.62,242.00
2026-02-03 12:06:54.100,6.25,160.11,RESULT,3.09,0.05,153.00,0.74,242.00
2026-02-03 12:06:54.283,6.50,153.77,RESULT,3.04,0.05,146.97,0.58,242.00
2026-02-03 12:06:54.459,6.86,145.84,RESULT,2.49,0.07,140.61,0.65,242.00
2026-02-03 12:06:54.657,5.93,168.77,RESULT,3.29,0.08,160.62,0.65,242.00
2026-02-03 12:06:54.840,6.40,156.27,RESULT,2.96,0.05,149.17,0.58,242.00
2026-02-03 12:06:55.021,6.52,153.37,RESULT,2.92,0.04,146.76,0.57,242.00
2026-02-03 12:06:55.223,5.86,170.79,RESULT,3.26,0.04,163.77,0.59,241.89
2026-02-03 12:06:55.404,6.60,151.46,RESULT,2.52,0.05,145.42,0.60,242.00
2026-02-03 12:06:55.591,6.32,158.19,RESULT,3.04,0.04,151.52,0.67,242.00
2026-02-03 12:06:55.787,5.98,167.29,RESULT,4.20,0.07,158.55,0.62,242.00
2026-02-03 12:06:55.967,6.60,151.57,RESULT,2.61,0.05,145.80,0.57,242.00
2026-02-03 12:06:56.149,6.55,152.69,RESULT,2.51,0.06,146.48,0.80,242.00
2026-02-03 12:06:56.336,6.33,158.04,RESULT,4.99,0.06,148.46,0.72,242.00
2026-02-03 12:06:56.520,6.51,153.51,RESULT,2.85,0.05,146.77,0.74,242.00
2026-02-03 12:06:56.706,6.46,154.69,RESULT,2.61,0.05,148.18,0.61,242.00
2026-02-03 12:06:56.903,5.95,167.99,RESULT,2.67,0.04,161.43,1.07,242.00
2026-02-03 12:06:57.091,6.33,158.00,RESULT,2.54,0.04,151.74,0.61,242.00
2026-02-03 12:06:57.291,6.03,165.82,RESULT,3.54,0.06,157.96,0.61,242.00
2026-02-03 12:06:57.477,6.36,157.25,RESULT,2.94,0.05,150.68,0.68,242.00
2026-02-03 12:06:57.662,6.43,155.52,RESULT,2.79,0.05,149.10,0.65,242.00
2026-02-03 12:06:57.845,6.42,155.65,RESULT,3.40,0.06,148.24,0.62,242.00
2026-02-03 12:06:58.039,6.01,166.26,RESULT,3.84,0.04,158.19,0.69,242.00
2026-02-03 12:06:58.218,6.56,152.45,RESULT,3.07,0.05,145.31,0.61,242.00
2026-02-03 12:06:58.401,6.55,152.64,RESULT,2.76,0.05,146.20,0.54,242.00
2026-02-03 12:06:58.586,6.41,155.90,RESULT,2.79,0.04,149.35,0.74,242.00
2026-02-03 12:06:58.775,6.50,153.89,RESULT,3.41,0.05,146.90,0.60,242.00
2026-02-03 12:06:58.954,6.54,152.99,RESULT,3.00,0.05,146.12,0.56,242.00
2026-02-03 12:06:59.143,6.19,161.58,RESULT,3.10,0.05,154.50,0.73,242.00
2026-02-03 12:06:59.322,6.57,152.29,RESULT,2.58,0.05,145.87,0.63,242.00
2026-02-03 12:06:59.502,6.62,151.00,RESULT,2.52,0.05,144.74,0.64,242.00
2026-02-03 12:06:59.699,5.87,170.22,RESULT,2.91,0.03,163.80,0.71,242.00
2026-02-03 12:06:59.877,6.61,151.38,RESULT,2.53,0.04,144.57,0.60,242.00
2026-02-03 12:07:00.066,6.26,159.85,RESULT,2.58,0.04,153.36,0.86,242.00
2026-02-03 12:07:00.249,6.50,153.77,RESULT,3.57,0.06,146.43,0.61,242.00
2026-02-03 12:07:00.427,6.67,149.96,RESULT,2.57,0.04,143.86,0.63,242.00
2026-02-03 12:07:00.605,6.56,152.55,RESULT,2.57,0.05,146.11,0.57,242.00
2026-02-03 12:07:00.803,6.03,165.85,RESULT,3.53,0.07,157.29,0.64,242.00
2026-02-03 12:07:00.987,6.40,156.25,RESULT,2.93,0.05,149.90,0.57,242.00
2026-02-03 12:07:01.166,6.60,151.54,RESULT,2.20,0.05,145.18,0.68,242.00
2026-02-03 12:07:01.360,5.98,167.27,RESULT,4.82,0.04,158.13,0.62,242.00
2026-02-03 12:07:01.540,6.57,152.16,RESULT,2.72,0.07,144.55,1.50,242.00
2026-02-03 12:07:01.725,6.38,156.70,RESULT,3.29,0.05,149.73,0.77,241.95
2026-02-03 12:07:01.911,6.33,157.95,RESULT,4.62,0.05,149.74,0.59,241.95
2026-02-03 12:07:02.090,6.57,152.12,RESULT,2.77,0.05,145.09,0.58,241.95
2026-02-03 12:07:02.275,6.33,158.10,RESULT,2.71,0.05,151.61,0.60,241.95
2026-02-03 12:07:02.455,6.63,150.89,RESULT,2.72,0.05,143.83,1.37,241.95
2026-02-03 12:07:02.637,6.50,153.80,RESULT,2.88,0.05,147.27,0.63,241.95
2026-02-03 12:07:02.831,5.97,167.64,RESULT,3.74,0.08,158.14,0.60,241.95
2026-02-03 12:07:03.014,6.40,156.13,RESULT,4.27,0.05,147.68,0.67,241.95
2026-02-03 12:07:03.203,6.25,160.09,RESULT,3.77,0.05,152.25,0.84,241.93
2026-02-03 12:07:03.383,6.54,153.01,RESULT,3.25,0.05,145.28,0.65,241.93
2026-02-03 12:07:03.560,6.66,150.18,RESULT,2.70,0.05,143.42,0.63,241.93
2026-02-03 12:07:03.758,6.03,165.89,RESULT,5.33,0.05,156.60,0.60,241.93
2026-02-03 12:07:03.941,6.48,154.31,RESULT,3.34,0.05,146.95,0.63,241.93
2026-02-03 12:07:04.130,6.24,160.18,RESULT,2.92,0.05,153.53,0.68,241.93
2026-02-03 12:07:04.310,6.59,151.75,RESULT,2.88,0.07,145.25,0.65,241.93
2026-02-03 12:07:04.500,6.19,161.57,RESULT,3.05,0.05,154.38,0.69,241.93
2026-02-03 12:07:04.680,6.54,152.79,RESULT,2.96,0.05,146.27,0.57,241.93
2026-02-03 12:07:04.857,6.73,148.52,RESULT,2.86,0.08,142.10,0.58,241.93
2026-02-03 12:07:05.042,6.38,156.69,RESULT,2.75,0.05,150.42,0.61,241.93
2026-02-03 12:07:05.222,6.54,152.85,RESULT,4.63,0.04,144.50,0.58,241.93
2026-02-03 12:07:05.403,6.48,154.21,RESULT,3.01,0.05,146.78,0.80,241.93
2026-02-03 12:07:05.591,6.37,157.05,RESULT,3.17,0.04,150.56,0.63,241.93
2026-02-03 12:07:05.771,6.51,153.51,RESULT,2.91,0.05,146.61,0.71,241.93
2026-02-03 12:07:05.954,6.39,156.61,RESULT,3.22,0.05,149.45,0.60,241.93
2026-02-03 12:07:06.134,6.55,152.69,RESULT,2.84,0.05,145.96,0.67,241.93
2026-02-03 12:07:06.327,6.03,165.78,RESULT,2.68,0.06,159.21,0.60,241.93
2026-02-03 12:07:06.518,6.19,161.53,RESULT,2.74,0.05,155.36,0.60,241.93
2026-02-03 12:07:06.718,5.94,168.23,RESULT,3.57,0.06,159.95,0.79,241.93
2026-02-03 12:07:06.903,6.42,155.84,RESULT,2.98,0.06,149.17,0.70,241.93
2026-02-03 12:07:07.091,6.23,160.39,RESULT,2.47,0.05,153.80,0.67,241.93
2026-02-03 12:07:07.273,6.56,152.45,RESULT,2.80,0.06,145.75,0.58,241.93
2026-02-03 12:07:07.455,6.51,153.56,RESULT,2.77,0.05,146.48,0.80,241.93
2026-02-03 12:07:07.642,6.37,157.07,RESULT,4.22,0.04,148.22,0.61,241.93
2026-02-03 12:07:07.829,6.43,155.43,RESULT,3.15,0.05,148.16,0.78,241.93
2026-02-03 12:07:08.014,6.36,157.28,RESULT,2.79,0.04,150.91,0.63,241.93
2026-02-03 12:07:08.193,6.56,152.33,RESULT,2.91,0.05,145.30,0.62,241.93
2026-02-03 12:07:08.355,6.86,145.73,RESULT,2.48,0.03,139.27,0.61,241.93
2026-02-03 12:07:08.541,5.97,167.39,RESULT,2.37,0.03,161.08,0.57,241.93
2026-02-03 12:07:08.708,6.94,144.01,RESULT,1.29,0.05,139.36,0.65,241.93
2026-02-03 12:07:08.873,6.73,148.60,RESULT,1.76,0.03,143.88,0.73,241.93
2026-02-03 12:07:09.048,6.56,152.33,RESULT,1.63,0.07,146.45,0.63,241.93
2026-02-03 12:07:09.216,6.90,144.86,RESULT,1.47,0.03,140.73,0.71,241.93
2026-02-03 12:07:09.394,6.48,154.37,RESULT,1.70,0.03,150.01,0.59,241.93
2026-02-03 12:07:09.565,6.79,147.24,RESULT,2.41,0.05,140.86,0.97,241.93
2026-02-03 12:07:09.740,6.55,152.61,RESULT,1.44,0.05,147.52,0.57,241.93
2026-02-03 12:07:09.914,6.60,151.53,RESULT,1.41,0.09,147.28,0.56,241.93
2026-02-03 12:07:10.094,6.40,156.29,RESULT,1.72,0.05,151.47,0.79,241.93
2026-02-03 12:07:10.261,6.91,144.66,RESULT,1.37,0.04,140.74,0.57,241.93
2026-02-03 12:07:10.436,6.32,158.23,RESULT,2.33,0.03,152.43,0.66,241.93
2026-02-03 12:07:10.603,6.84,146.19,RESULT,1.47,0.08,141.80,0.63,241.93
2026-02-03 12:07:10.773,6.75,148.23,RESULT,1.70,0.03,143.87,0.63,241.93
2026-02-03 12:07:10.948,6.56,152.37,RESULT,1.94,0.04,147.67,0.60,241.93
2026-02-03 12:07:11.118,6.76,148.02,RESULT,1.69,0.03,143.59,0.63,241.93
2026-02-03 12:07:11.294,6.51,153.65,RESULT,1.91,0.06,148.98,0.63,241.93
2026-02-03 12:07:11.464,6.77,147.63,RESULT,1.70,0.07,142.86,0.76,241.93
2026-02-03 12:07:11.645,6.24,160.31,RESULT,2.71,0.03,154.78,0.62,241.93
2026-02-03 12:07:11.816,6.69,149.41,RESULT,1.94,0.03,143.78,0.85,241.93
2026-02-03 12:07:11.993,6.56,152.50,RESULT,1.66,0.03,148.33,0.62,241.93
2026-02-03 12:07:12.170,6.38,156.62,RESULT,2.32,0.03,150.76,0.84,241.93
2026-02-03 12:07:12.347,6.55,152.56,RESULT,1.50,0.03,148.52,0.65,241.93
2026-02-03 12:07:12.518,6.71,149.06,RESULT,1.67,0.03,144.88,0.56,241.93
2026-02-03 12:07:12.687,6.85,145.99,RESULT,1.86,0.03,139.44,0.61,241.93
2026-02-03 12:07:12.857,6.74,148.36,RESULT,2.07,0.03,143.12,0.73,241.93
2026-02-03 12:07:13.022,6.93,144.29,RESULT,2.36,0.03,139.21,0.65,241.93
2026-02-03 12:07:13.190,6.83,146.35,RESULT,1.43,0.04,141.20,0.66,241.93
2026-02-03 12:07:13.366,6.57,152.30,RESULT,1.81,0.03,147.77,0.54,241.93
2026-02-03 12:07:13.533,6.86,145.78,RESULT,2.51,0.03,140.40,0.77,241.93
2026-02-03 12:07:13.713,6.43,155.50,RESULT,2.66,0.03,150.04,0.53,241.93
2026-02-03 12:07:13.881,6.81,146.80,RESULT,2.28,0.03,141.91,0.63,241.93
2026-02-03 12:07:14.053,6.67,149.99,RESULT,1.91,0.03,145.52,0.62,241.93
2026-02-03 12:07:14.220,6.92,144.48,RESULT,2.20,0.03,139.82,0.56,241.93
2026-02-03 12:07:14.389,6.79,147.32,RESULT,2.02,0.03,142.47,0.72,241.93
2026-02-03 12:07:14.566,6.71,149.02,RESULT,2.66,0.05,142.14,0.58,241.93
2026-02-03 12:07:14.740,6.60,151.57,RESULT,1.51,0.08,146.96,0.91,241.93
2026-02-03 12:07:14.910,6.54,152.81,RESULT,2.53,0.07,145.30,0.60,241.93
2026-02-03 12:07:15.078,6.82,146.65,RESULT,1.38,0.05,141.59,0.59,241.93
2026-02-03 12:07:15.263,6.22,160.66,RESULT,3.55,0.06,152.83,0.69,241.93
2026-02-03 12:07:15.432,6.86,145.85,RESULT,1.56,0.06,141.38,0.73,241.93
2026-02-03 12:07:15.619,5.99,166.89,RESULT,1.92,0.07,160.43,0.59,241.93
2026-02-03 12:07:15.795,6.47,154.58,RESULT,2.20,0.03,148.02,0.84,241.93
2026-02-03 12:07:15.971,6.52,153.41,RESULT,2.30,0.18,147.09,1.05,241.93
2026-02-03 12:07:16.141,6.80,147.00,RESULT,1.32,0.04,142.45,0.60,241.93
2026-02-03 12:07:16.308,6.89,145.13,RESULT,1.37,0.05,141.09,0.59,241.93
2026-02-03 12:07:16.475,6.97,143.42,RESULT,1.32,0.06,139.21,0.67,241.93
2026-02-03 12:07:16.656,6.36,157.35,RESULT,1.66,0.05,151.64,0.61,241.93
2026-02-03 12:07:16.824,6.91,144.74,RESULT,1.28,0.05,140.09,0.60,241.93
2026-02-03 12:07:16.995,6.73,148.48,RESULT,1.30,0.04,143.51,0.71,241.93
2026-02-03 12:07:17.169,6.63,150.79,RESULT,1.39,0.03,146.87,0.60,241.93
2026-02-03 12:07:17.338,6.86,145.87,RESULT,1.44,0.05,140.93,0.70,241.93
2026-02-03 12:07:17.520,6.38,156.79,RESULT,3.70,0.05,149.01,0.53,241.93
2026-02-03 12:07:17.686,6.95,143.81,RESULT,1.74,0.03,138.56,0.58,241.93
2026-02-03 12:07:17.849,6.84,146.20,RESULT,2.35,0.07,139.82,0.60,241.93
2026-02-03 12:07:18.031,6.11,163.69,RESULT,1.89,0.06,157.28,0.53,241.93
2026-02-03 12:07:18.199,6.93,144.30,RESULT,1.79,0.03,139.78,0.55,241.93
2026-02-03 12:07:18.373,6.48,154.26,RESULT,1.87,0.03,149.24,0.55,241.93
2026-02-03 12:07:18.562,5.96,167.86,RESULT,2.48,0.03,161.58,0.55,241.93
2026-02-03 12:07:18.733,6.75,148.04,RESULT,2.88,0.04,141.34,0.65,241.93
2026-02-03 12:07:18.913,6.34,157.63,RESULT,1.82,0.03,152.88,0.59,241.93
2026-02-03 12:07:19.082,6.80,146.98,RESULT,2.30,0.05,140.47,1.37,241.93
2026-02-03 12:07:19.252,6.81,146.81,RESULT,1.37,0.05,142.44,0.70,241.93
2026-02-03 12:07:19.431,6.54,152.91,RESULT,7.90,0.05,140.35,1.36,241.93
2026-02-03 12:07:19.595,6.81,146.76,RESULT,2.09,0.08,140.13,0.64,241.93
2026-02-03 12:07:19.770,6.53,153.11,RESULT,2.32,0.06,147.07,0.69,241.93
2026-02-03 12:07:19.950,6.58,152.01,RESULT,2.68,0.05,145.73,0.59,241.93
2026-02-03 12:07:20.134,6.37,157.05,RESULT,2.68,0.06,150.13,0.72,241.93
2026-02-03 12:07:20.316,6.48,154.42,RESULT,3.09,0.07,146.87,0.72,241.93
2026-02-03 12:07:20.502,6.34,157.61,RESULT,3.67,0.06,149.19,0.61,241.93
2026-02-03 12:07:20.681,6.54,152.95,RESULT,2.87,0.05,145.89,0.64,241.93
2026-02-03 12:07:20.863,6.45,155.12,RESULT,3.01,0.06,148.17,0.70,241.93
2026-02-03 12:07:21.052,6.27,159.43,RESULT,3.04,0.06,152.24,0.55,241.93
2026-02-03 12:07:21.234,6.48,154.35,RESULT,2.65,0.06,147.93,0.65,241.93
2026-02-03 12:07:21.431,5.95,168.14,RESULT,2.44,0.05,160.97,0.63,241.93
2026-02-03 12:07:21.615,6.48,154.40,RESULT,3.06,0.05,146.91,0.58,241.93
2026-02-03 12:07:21.799,6.39,156.52,RESULT,3.05,0.06,148.62,1.14,241.93
2026-02-03 12:07:21.990,6.16,162.26,RESULT,4.96,0.03,153.90,0.60,241.93
2026-02-03 12:07:22.080,16.17,61.85,READY,3.93,0.31,54.30,0.56,241.93
2026-02-03 12:07:22.370,3.85,259.90,READY,26.38,118.57,111.68,0.53,241.93
2026-02-03 12:07:22.518,8.27,120.88,READY,3.06,1.47,112.38,0.55,241.93
2026-02-03 12:07:22.649,8.78,113.92,READY,2.26,1.08,107.36,0.60,241.93
2026-02-03 12:07:22.778,8.80,113.63,READY,1.73,0.86,107.99,0.55,241.93
2026-02-03 12:07:22.909,8.72,114.67,READY,3.81,0.97,106.47,0.66,241.93
2026-02-03 12:07:23.161,4.22,236.81,READY,2.12,124.89,105.77,0.57,241.93
2026-02-03 12:07:23.299,8.55,116.91,READY,1.59,1.21,110.37,0.60,241.93
2026-02-03 12:07:23.431,8.68,115.25,READY,2.55,1.10,108.58,0.56,241.93
2026-02-03 12:07:23.560,8.84,113.17,READY,1.97,1.04,105.72,0.59,241.93
2026-02-03 12:07:23.700,8.29,120.62,READY,1.35,0.59,114.75,0.64,241.93
2026-02-03 12:07:23.945,4.37,228.64,READY,1.91,121.28,101.26,0.58,241.93
2026-02-03 12:07:24.087,8.38,119.28,READY,2.00,2.18,110.60,0.58,241.93
2026-02-03 12:07:24.220,8.64,115.72,READY,2.43,1.41,106.14,0.60,241.93
2026-02-03 12:07:24.354,8.51,117.49,READY,2.44,0.69,109.32,0.54,241.93
2026-02-03 12:07:24.495,7.99,125.08,READY,2.30,0.72,117.77,0.96,241.93
2026-02-03 12:07:24.745,4.29,233.01,READY,1.53,125.10,103.45,0.59,241.93
2026-02-03 12:07:24.875,8.80,113.64,READY,2.42,1.05,105.87,0.59,241.93
2026-02-03 12:07:25.005,8.74,114.46,READY,2.06,0.87,106.77,0.60,241.93
2026-02-03 12:07:25.135,8.78,113.88,READY,2.30,1.06,105.96,0.72,241.93
2026-02-03 12:07:25.275,8.06,124.07,READY,2.31,1.06,116.47,0.54,241.93
2026-02-03 12:07:25.461,5.87,170.32,PRE_ADJUST,1.81,116.16,48.91,0.55,241.93
2026-02-03 12:07:25.680,5.03,198.62,PRE_ADJUST,2.27,0.12,193.32,0.58,241.93
2026-02-03 12:07:25.893,5.22,191.53,PRE_ADJUST,2.10,0.07,186.55,0.61,241.93
2026-02-03 12:07:26.114,5.02,199.39,PRE_ADJUST,1.84,0.07,194.50,0.61,241.93
2026-02-03 12:07:26.326,5.25,190.59,PRE_ADJUST,1.86,0.06,184.33,0.57,241.93
2026-02-03 12:07:26.552,4.91,203.72,PRE_ADJUST,1.33,0.11,198.18,1.02,241.93
2026-02-03 12:07:26.766,5.22,191.65,PRE_ADJUST,2.27,0.07,186.19,0.58,241.93
2026-02-03 12:07:26.992,4.93,203.04,PRE_ADJUST,2.41,0.06,197.88,0.55,241.93
2026-02-03 12:07:27.212,5.07,197.18,PRE_ADJUST,1.91,0.06,192.37,0.53,241.93
2026-02-03 12:07:27.425,5.21,191.94,PRE_ADJUST,2.08,0.07,187.16,0.66,241.93
2026-02-03 12:07:27.655,4.76,210.19,PRE_ADJUST,2.57,0.16,202.86,0.61,241.93
2026-02-03 12:07:27.872,5.17,193.57,PRE_ADJUST,1.28,0.14,188.29,0.68,241.93
2026-02-03 12:07:28.097,4.97,201.06,PRE_ADJUST,1.65,0.18,195.87,0.77,241.93
2026-02-03 12:07:28.324,4.92,203.45,PRE_ADJUST,1.33,0.06,199.20,0.68,241.93
2026-02-03 12:07:28.546,4.97,201.40,PRE_ADJUST,2.77,0.08,194.62,0.53,241.93
2026-02-03 12:07:28.771,4.96,201.48,PRE_ADJUST,1.66,0.09,195.91,0.54,241.93
2026-02-03 12:07:29.001,5.07,197.24,PRE_ADJUST,3.14,0.12,190.44,0.52,241.93
2026-02-03 12:07:29.234,4.93,202.88,PRE_ADJUST,2.80,0.12,196.54,0.58,241.93
2026-02-03 12:07:29.463,5.01,199.51,PRE_ADJUST,3.33,0.10,193.15,0.49,241.93
2026-02-03 12:07:29.697,4.82,207.59,PRE_ADJUST,5.91,0.17,198.28,0.66,241.93
2026-02-03 12:07:29.933,4.98,200.87,PRE_ADJUST,3.08,0.10,193.69,0.61,241.93
2026-02-03 12:07:30.156,5.12,195.42,PRE_ADJUST,2.94,0.12,188.27,0.55,241.93
2026-02-03 12:07:30.392,4.81,207.87,PRE_ADJUST,3.80,0.11,199.57,0.59,241.93
2026-02-03 12:07:30.620,4.98,200.72,PRE_ADJUST,2.77,0.11,194.05,0.73,241.93
2026-02-03 12:07:30.858,4.80,208.36,PRE_ADJUST,4.17,0.11,199.86,0.59,241.93
2026-02-03 12:07:31.084,5.08,196.95,PRE_ADJUST,3.08,0.11,190.43,0.51,241.93
2026-02-03 12:07:31.316,4.88,204.96,PRE_ADJUST,3.03,0.10,198.10,0.59,241.93
2026-02-03 12:07:31.541,5.06,197.78,PRE_ADJUST,3.05,0.12,190.81,0.50,241.93
2026-02-03 12:07:31.774,4.88,204.79,PRE_ADJUST,5.58,0.09,195.60,0.66,241.93
2026-02-03 12:07:32.001,5.03,198.72,PRE_ADJUST,3.89,0.14,190.71,0.55,241.93
2026-02-03 12:07:32.093,15.57,64.23,ADJUST,2.80,0.46,57.32,0.56,241.93
2026-02-03 12:07:32.419,3.36,297.69,ADJUST,16.87,118.20,158.09,0.82,241.93
2026-02-03 12:07:32.637,5.34,187.18,ADJUST,4.15,2.09,176.39,0.56,241.93
2026-02-03 12:07:32.834,5.58,179.18,ADJUST,2.00,1.03,172.52,0.65,241.93
2026-02-03 12:07:33.023,5.78,173.03,ADJUST,1.71,1.05,167.00,0.70,241.93
2026-02-03 12:07:33.215,5.65,177.04,ADJUST,1.98,0.93,170.78,0.58,241.93
2026-02-03 12:07:33.458,4.41,226.52,ADJUST,2.01,115.53,105.95,0.56,241.93
2026-02-03 12:07:33.657,5.65,176.87,ADJUST,1.32,2.61,168.10,0.74,241.93
2026-02-03 12:07:33.861,5.56,179.80,ADJUST,2.11,1.97,171.11,0.54,241.93
2026-02-03 12:07:34.049,5.86,170.77,ADJUST,1.95,2.02,162.31,0.53,241.93
2026-02-03 12:07:34.246,5.56,180.00,ADJUST,2.34,1.63,171.80,0.55,241.93
2026-02-03 12:07:34.488,4.43,225.86,ADJUST,2.27,115.57,104.79,0.52,241.93
2026-02-03 12:07:34.683,5.77,173.43,ADJUST,1.66,1.58,165.82,1.25,241.93
2026-02-03 12:07:34.894,5.33,187.78,ADJUST,1.96,0.96,181.54,0.54,241.93
2026-02-03 12:07:35.081,5.88,170.15,ADJUST,2.20,0.93,163.99,0.55,241.93
2026-02-03 12:07:35.277,5.57,179.69,ADJUST,1.73,0.86,174.25,0.59,241.93
2026-02-03 12:07:35.718,2.35,425.03,ADJUST,2.34,212.73,205.95,0.58,241.93
2026-02-03 12:07:35.969,4.34,230.44,ADJUST,1.26,1.97,224.46,0.53,241.93
2026-02-03 12:07:36.207,4.54,220.47,ADJUST,2.63,1.67,212.80,0.71,241.93
2026-02-03 12:07:36.440,4.60,217.51,ADJUST,2.37,1.13,210.50,0.55,241.93
2026-02-03 12:07:36.672,4.63,215.81,ADJUST,2.07,1.08,209.36,0.58,241.93
2026-02-03 12:07:36.913,4.43,225.72,ADJUST,2.23,114.29,106.33,0.53,241.93
2026-02-03 12:07:37.160,4.42,226.03,ADJUST,1.41,1.18,220.56,0.56,241.93
2026-02-03 12:07:37.404,4.51,221.96,ADJUST,2.23,1.08,216.19,0.52,241.93
2026-02-03 12:07:37.649,4.39,227.95,ADJUST,2.36,2.02,219.39,0.52,241.93
2026-02-03 12:07:37.886,4.51,221.62,ADJUST,2.28,1.46,213.84,0.55,241.93
2026-02-03 12:07:38.132,4.37,228.72,ADJUST,2.71,113.99,107.11,0.52,241.93
2026-02-03 12:07:38.381,4.40,227.40,ADJUST,1.59,1.92,220.70,0.54,241.93
2026-02-03 12:07:38.633,4.36,229.46,ADJUST,1.47,1.92,222.43,0.54,241.93
2026-02-03 12:07:38.872,4.51,221.66,ADJUST,2.29,1.78,213.50,0.53,241.93
2026-02-03 12:07:39.104,4.62,216.59,ADJUST,2.33,1.49,208.76,0.54,241.93
2026-02-03 12:07:39.343,4.49,222.65,ADJUST,2.38,112.13,104.33,0.62,241.93
2026-02-03 12:07:39.593,4.38,228.31,ADJUST,2.50,1.71,220.49,0.54,241.93
2026-02-03 12:07:39.857,4.26,234.99,ADJUST,2.69,2.43,226.38,0.55,241.93
2026-02-03 12:07:40.096,4.51,221.61,ADJUST,2.31,2.06,212.67,0.56,241.93
2026-02-03 12:07:40.328,4.61,216.76,ADJUST,2.28,1.16,209.13,0.54,241.93
2026-02-03 12:07:40.570,4.43,225.49,ADJUST,2.36,112.46,106.44,0.58,241.93
2026-02-03 12:07:40.828,4.24,236.01,ADJUST,2.51,1.74,228.08,0.55,241.93
2026-02-03 12:07:41.087,4.36,229.29,ADJUST,2.93,2.61,219.73,0.87,241.93
2026-02-03 12:07:41.347,4.11,243.10,ADJUST,2.23,1.04,237.02,0.66,241.93
2026-02-03 12:07:41.583,4.54,220.10,ADJUST,2.79,1.34,211.51,0.64,241.93
2026-02-03 12:07:41.824,4.44,225.10,ADJUST,2.33,112.56,105.67,0.53,241.93
2026-02-03 12:07:42.077,4.33,230.68,ADJUST,2.57,1.62,222.91,0.53,241.93
2026-02-03 12:07:42.339,4.28,233.61,ADJUST,2.75,2.17,225.07,0.64,241.93
2026-02-03 12:07:42.578,4.53,220.85,ADJUST,2.33,2.13,211.75,0.87,241.93
2026-02-03 12:07:42.813,4.56,219.46,ADJUST,2.55,0.92,211.65,0.54,241.93
2026-02-03 12:07:43.057,4.38,228.09,ADJUST,5.73,112.98,106.66,0.57,241.93
2026-02-03 12:07:43.308,4.35,229.88,ADJUST,2.20,1.73,222.07,0.55,241.93
2026-02-03 12:07:43.571,4.17,239.78,ADJUST,1.51,3.79,230.76,0.61,241.93
2026-02-03 12:07:43.823,4.28,233.58,ADJUST,3.30,1.04,224.19,0.56,241.93
2026-02-03 12:07:44.065,4.42,226.39,ADJUST,2.56,1.69,217.92,0.52,241.93
2026-02-03 12:07:44.306,4.44,225.33,ADJUST,2.32,114.22,105.84,0.60,241.93
2026-02-03 12:07:44.556,4.38,228.53,ADJUST,1.28,1.96,222.04,0.60,241.93
2026-02-03 12:07:44.799,4.53,220.99,ADJUST,1.72,1.07,215.62,0.65,241.93
2026-02-03 12:07:45.042,4.42,226.25,ADJUST,2.23,1.68,218.44,0.54,241.93
2026-02-03 12:07:45.279,4.55,219.94,ADJUST,1.34,1.53,212.10,0.60,241.93
2026-02-03 12:07:45.525,4.36,229.24,ADJUST,2.68,112.52,109.36,0.55,241.93
2026-02-03 12:07:45.788,4.13,242.06,ADJUST,1.86,1.90,231.97,1.59,242.00
2026-02-03 12:07:46.033,4.48,223.43,ADJUST,2.47,0.96,217.31,0.56,242.00
2026-02-03 12:07:46.281,4.33,231.01,ADJUST,1.75,1.73,224.43,0.60,242.00
2026-02-03 12:07:46.517,4.55,219.68,ADJUST,1.95,0.98,213.67,0.55,242.00
2026-02-03 12:07:46.758,4.44,225.42,ADJUST,2.49,113.30,105.72,0.52,242.00
2026-02-03 12:07:47.004,4.41,226.79,ADJUST,2.26,0.97,219.82,0.67,242.00
2026-02-03 12:07:47.248,4.51,221.56,ADJUST,1.36,1.94,214.72,0.58,242.00
2026-02-03 12:07:47.497,4.30,232.41,ADJUST,3.18,1.81,223.07,0.58,242.00
2026-02-03 12:07:47.734,4.53,220.51,ADJUST,2.46,1.77,212.55,0.54,242.00
2026-02-03 12:07:47.976,4.43,225.87,ADJUST,2.40,114.01,105.59,0.53,242.00
2026-02-03 12:07:48.243,4.07,245.77,ADJUST,1.68,2.18,238.26,0.56,242.00
2026-02-03 12:07:48.501,4.31,231.97,ADJUST,1.59,1.91,223.66,1.44,242.00
2026-02-03 12:07:48.750,4.34,230.31,ADJUST,2.40,1.00,220.69,0.59,242.00
2026-02-03 12:07:48.983,4.61,217.09,ADJUST,2.45,1.62,209.39,0.53,242.00
2026-02-03 12:07:49.226,4.42,226.38,ADJUST,2.16,114.28,105.61,0.57,242.00
2026-02-03 12:07:49.477,4.33,231.17,ADJUST,2.63,1.38,223.64,0.55,242.00
2026-02-03 12:07:49.721,4.54,220.23,ADJUST,1.32,1.79,213.18,0.54,242.00
2026-02-03 12:07:49.966,4.39,227.83,ADJUST,2.17,1.90,219.33,0.53,242.00
2026-02-03 12:07:50.206,4.46,224.26,ADJUST,2.26,1.47,216.25,0.57,242.00
2026-02-03 12:07:50.433,4.78,209.36,TAKE_PICTURE,2.30,115.95,86.79,0.52,242.00
2026-02-03 12:07:50.641,5.36,186.55,TAKE_PICTURE,1.98,2.14,178.61,0.60,242.00
2026-02-03 12:07:50.839,5.68,176.11,TAKE_PICTURE,1.38,2.36,168.88,0.54,242.00
2026-02-03 12:07:51.034,5.81,172.11,TAKE_PICTURE,1.34,1.35,166.65,0.55,242.00
2026-02-03 12:07:51.240,5.47,182.97,TAKE_PICTURE,1.40,1.11,177.61,0.57,242.00
2026-02-03 12:07:51.548,3.51,285.24,TAKE_PICTURE,1.36,113.99,166.79,0.70,242.00
2026-02-03 12:07:51.754,5.49,182.21,TAKE_PICTURE,1.68,0.63,173.94,0.53,242.00
2026-02-03 12:07:51.946,5.72,174.74,TAKE_PICTURE,2.08,1.07,166.86,0.56,242.00
2026-02-03 12:07:52.138,5.68,176.05,TAKE_PICTURE,2.21,0.78,169.30,0.73,242.00
2026-02-03 12:07:52.333,5.70,175.34,TAKE_PICTURE,5.03,0.90,165.84,0.60,242.00
2026-02-03 12:07:52.630,3.55,281.40,TAKE_PICTURE,2.02,113.47,161.31,0.53,242.00
2026-02-03 12:07:52.829,5.60,178.64,TAKE_PICTURE,1.71,0.61,173.51,0.72,242.00
2026-02-03 12:07:53.022,5.70,175.58,TAKE_PICTURE,2.44,0.77,169.15,0.54,242.00
2026-02-03 12:07:53.211,5.76,173.68,TAKE_PICTURE,2.01,1.11,166.03,0.56,242.00
2026-02-03 12:07:53.397,5.88,170.14,TAKE_PICTURE,2.32,1.03,162.57,0.56,242.00
2026-02-03 12:07:53.689,3.63,275.65,TAKE_PICTURE,2.31,111.26,157.93,0.55,242.00
2026-02-03 12:07:53.892,5.50,181.91,TAKE_PICTURE,1.34,1.78,175.92,0.55,242.00
2026-02-03 12:07:54.080,5.84,171.36,TAKE_PICTURE,2.06,0.63,164.55,0.56,242.00
2026-02-03 12:07:54.267,5.85,170.82,TAKE_PICTURE,2.06,0.74,165.15,0.52,242.00
2026-02-03 12:07:54.453,5.88,170.03,TAKE_PICTURE,1.82,1.28,163.27,0.61,242.00
2026-02-03 12:07:54.742,3.66,273.47,TAKE_PICTURE,2.10,110.74,157.29,0.55,242.00
2026-02-03 12:07:54.945,5.51,181.45,TAKE_PICTURE,1.31,1.17,175.71,0.70,242.00
2026-02-03 12:07:55.138,5.66,176.73,TAKE_PICTURE,2.12,0.87,170.04,0.57,242.00
2026-02-03 12:07:55.329,5.74,174.29,TAKE_PICTURE,1.82,0.80,167.97,0.56,242.00
2026-02-03 12:07:55.514,5.92,168.95,TAKE_PICTURE,2.06,0.47,162.39,0.56,242.00
2026-02-03 12:07:55.805,3.64,274.88,TAKE_PICTURE,3.53,111.82,156.66,0.71,242.00
2026-02-03 12:07:56.005,5.56,179.96,TAKE_PICTURE,1.54,0.80,175.08,0.60,242.00
2026-02-03 12:07:56.195,5.76,173.60,TAKE_PICTURE,2.39,0.84,167.67,0.56,242.00
2026-02-03 12:07:56.382,5.88,170.17,TAKE_PICTURE,1.93,0.89,162.85,0.53,242.00
2026-02-03 12:07:56.567,5.90,169.46,TAKE_PICTURE,2.16,0.65,163.00,0.52,242.00
2026-02-03 12:07:56.858,3.63,275.44,TAKE_PICTURE,1.87,112.52,156.77,0.60,242.00
2026-02-03 12:07:57.058,5.59,178.87,TAKE_PICTURE,1.36,1.51,173.33,0.56,242.00
2026-02-03 12:07:57.247,5.80,172.54,TAKE_PICTURE,2.34,1.14,165.33,0.58,242.00
2026-02-03 12:07:57.433,5.90,169.62,TAKE_PICTURE,3.46,0.57,161.74,0.58,242.00
2026-02-03 12:07:57.618,5.92,168.79,TAKE_PICTURE,2.42,0.53,161.17,0.59,242.00
2026-02-03 12:07:57.912,3.60,278.00,TAKE_PICTURE,2.41,112.97,157.93,0.55,242.00
2026-02-03 12:07:58.116,5.46,183.26,TAKE_PICTURE,1.41,1.62,176.16,0.57,242.00
2026-02-03 12:07:58.306,5.79,172.63,TAKE_PICTURE,2.04,0.71,165.39,0.64,242.00
2026-02-03 12:07:58.493,5.87,170.39,TAKE_PICTURE,2.02,1.18,162.77,0.59,242.00
2026-02-03 12:07:58.677,5.96,167.75,TAKE_PICTURE,2.03,0.64,161.91,0.62,242.00
2026-02-03 12:07:58.967,3.66,273.59,TAKE_PICTURE,2.01,111.20,156.36,0.56,242.00
2026-02-03 12:07:59.169,5.54,180.62,TAKE_PICTURE,1.45,1.25,174.10,0.55,242.00
2026-02-03 12:07:59.354,5.92,168.79,TAKE_PICTURE,2.01,0.52,162.80,0.83,242.00
2026-02-03 12:07:59.541,5.86,170.53,TAKE_PICTURE,2.37,1.12,164.07,0.55,242.00
2026-02-03 12:07:59.724,5.99,166.84,TAKE_PICTURE,2.03,0.66,159.82,0.74,242.00
2026-02-03 12:08:00.013,3.65,273.65,TAKE_PICTURE,2.01,113.14,154.35,0.54,242.00
2026-02-03 12:08:00.217,5.48,182.60,TAKE_PICTURE,1.30,0.78,176.35,0.57,242.00
2026-02-03 12:08:00.404,5.87,170.26,TAKE_PICTURE,2.00,0.68,163.63,0.60,242.00
2026-02-03 12:08:00.590,5.89,169.89,TAKE_PICTURE,1.85,1.00,162.79,0.58,242.00
2026-02-03 12:08:00.774,5.97,167.39,TAKE_PICTURE,1.97,0.82,161.43,0.56,242.00
2026-02-03 12:08:01.067,3.61,276.78,TAKE_PICTURE,1.88,114.76,156.52,0.55,242.00
2026-02-03 12:08:01.269,5.51,181.55,TAKE_PICTURE,1.25,1.24,175.34,0.56,242.00
2026-02-03 12:08:01.459,5.79,172.84,TAKE_PICTURE,2.21,0.98,166.54,0.53,242.00
2026-02-03 12:08:01.643,5.94,168.39,TAKE_PICTURE,1.97,0.49,162.79,0.53,242.00
2026-02-03 12:08:01.828,5.94,168.29,TAKE_PICTURE,2.05,1.02,162.26,0.56,242.00
2026-02-03 12:08:02.118,3.65,273.99,TAKE_PICTURE,2.02,112.07,156.75,0.57,242.00
2026-02-03 12:08:02.322,5.46,183.20,TAKE_PICTURE,1.31,1.46,176.81,0.55,242.00
2026-02-03 12:08:02.514,5.71,175.12,TAKE_PICTURE,1.99,0.82,169.09,0.55,242.00
2026-02-03 12:08:02.699,5.92,168.97,TAKE_PICTURE,1.93,0.71,162.91,0.55,242.00
2026-02-03 12:08:02.886,5.83,171.52,TAKE_PICTURE,1.98,1.21,163.98,0.61,242.00
2026-02-03 12:08:03.178,3.63,275.73,TAKE_PICTURE,2.32,113.40,156.70,0.54,242.00
2026-02-03 12:08:03.377,5.58,179.06,TAKE_PICTURE,2.17,0.67,172.83,0.60,242.00
2026-02-03 12:08:03.567,5.76,173.49,TAKE_PICTURE,2.18,1.20,165.56,0.55,242.00
2026-02-03 12:08:03.753,5.88,170.01,TAKE_PICTURE,2.15,1.00,163.25,0.61,242.00
2026-02-03 12:08:03.938,5.93,168.54,TAKE_PICTURE,2.17,1.21,161.00,0.56,242.00
2026-02-03 12:08:04.229,3.64,274.76,TAKE_PICTURE,2.18,111.70,156.82,0.54,242.00
2026-02-03 12:08:04.430,5.53,180.97,TAKE_PICTURE,1.39,1.34,174.37,0.64,242.00
2026-02-03 12:08:04.620,5.81,172.23,TAKE_PICTURE,2.09,1.08,164.74,0.57,242.00
2026-02-03 12:08:04.805,5.91,169.20,TAKE_PICTURE,2.14,0.79,162.89,0.58,242.00
2026-02-03 12:08:04.990,5.91,169.34,TAKE_PICTURE,2.29,1.28,161.73,0.62,242.00
2026-02-03 12:08:05.281,3.64,274.75,TAKE_PICTURE,2.33,111.72,156.67,0.61,242.00
2026-02-03 12:08:05.482,5.54,180.61,TAKE_PICTURE,1.39,1.38,174.37,0.56,242.00
2026-02-03 12:08:05.671,5.81,172.09,TAKE_PICTURE,2.28,1.21,164.28,0.56,242.00
2026-02-03 12:08:05.858,5.86,170.66,TAKE_PICTURE,2.31,1.06,163.18,0.56,242.00
2026-02-03 12:08:06.042,5.95,168.17,TAKE_PICTURE,2.33,1.22,160.86,0.53,242.00
2026-02-03 12:08:06.335,3.61,277.38,TAKE_PICTURE,2.25,114.46,156.75,0.59,242.00
2026-02-03 12:08:06.539,5.48,182.51,TAKE_PICTURE,1.27,1.53,175.70,0.57,242.00
2026-02-03 12:08:06.730,5.75,173.94,TAKE_PICTURE,2.21,0.89,166.80,0.58,242.00
2026-02-03 12:08:06.914,5.93,168.64,TAKE_PICTURE,1.98,0.70,162.12,0.77,242.00
2026-02-03 12:08:07.098,5.97,167.54,TAKE_PICTURE,2.26,0.80,161.08,0.59,242.00
2026-02-03 12:08:07.386,3.67,272.34,TAKE_PICTURE,2.02,111.01,155.66,0.53,242.00
2026-02-03 12:08:07.587,5.55,180.17,TAKE_PICTURE,1.27,1.53,173.61,0.53,242.00
2026-02-03 12:08:07.775,5.83,171.41,TAKE_PICTURE,2.16,0.96,164.00,0.66,242.00
2026-02-03 12:08:07.963,5.84,171.29,TAKE_PICTURE,2.26,1.07,164.37,0.92,242.00
2026-02-03 12:08:08.146,5.98,167.28,TAKE_PICTURE,2.20,1.08,159.79,0.53,242.00
2026-02-03 12:08:08.436,3.64,274.70,TAKE_PICTURE,2.13,111.63,157.08,0.56,242.00
2026-02-03 12:08:08.638,5.54,180.60,TAKE_PICTURE,1.38,1.26,173.43,0.59,242.00
2026-02-03 12:08:08.828,5.80,172.36,TAKE_PICTURE,2.00,1.13,164.88,0.54,242.00
2026-02-03 12:08:09.013,5.91,169.34,TAKE_PICTURE,1.96,1.18,162.03,0.55,242.00
2026-02-03 12:08:09.197,5.94,168.31,TAKE_PICTURE,1.84,0.83,161.56,0.55,242.00
2026-02-03 12:08:09.495,3.55,281.86,TAKE_PICTURE,1.92,118.17,157.50,0.64,242.00
2026-02-03 12:08:09.693,5.58,179.13,TAKE_PICTURE,2.05,0.61,173.33,0.54,242.00
2026-02-03 12:08:09.882,5.81,172.23,TAKE_PICTURE,2.08,0.61,165.95,0.55,242.00
2026-02-03 12:08:10.069,5.86,170.69,TAKE_PICTURE,2.21,0.63,165.21,0.53,242.00
2026-02-03 12:08:10.256,5.84,171.18,TAKE_PICTURE,1.70,0.48,164.51,0.53,242.00
2026-02-03 12:08:10.548,3.63,275.86,TAKE_PICTURE,2.73,113.30,156.97,0.52,242.00
2026-02-03 12:08:10.747,5.44,183.79,TAKE_PICTURE,2.18,1.26,176.15,0.56,242.00
2026-02-03 12:08:10.935,5.81,172.12,TAKE_PICTURE,2.83,1.17,164.30,0.54,242.00
2026-02-03 12:08:11.122,5.86,170.66,TAKE_PICTURE,2.19,1.15,163.48,0.53,242.00
2026-02-03 12:08:11.307,5.90,169.46,TAKE_PICTURE,2.07,0.78,163.11,0.53,242.00
2026-02-03 12:08:11.702,2.64,378.10,TAKE_PICTURE,2.24,214.95,156.88,0.77,242.00
2026-02-03 12:08:11.903,5.53,180.83,TAKE_PICTURE,1.27,0.75,175.84,0.59,242.00
2026-02-03 12:08:12.093,5.77,173.36,TAKE_PICTURE,2.27,1.03,166.15,0.53,242.00
2026-02-03 12:08:12.280,5.87,170.43,TAKE_PICTURE,2.19,0.85,163.51,0.54,242.00
2026-02-03 12:08:12.465,5.91,169.27,TAKE_PICTURE,2.17,1.04,161.73,0.52,242.00
2026-02-03 12:08:12.759,3.59,278.32,TAKE_PICTURE,2.10,110.67,161.87,0.65,242.00
2026-02-03 12:08:12.964,5.47,182.96,TAKE_PICTURE,2.28,1.35,175.49,0.54,242.00
2026-02-03 12:08:13.152,5.83,171.57,TAKE_PICTURE,1.99,0.51,164.89,0.53,242.00
2026-02-03 12:08:13.337,5.94,168.45,TAKE_PICTURE,2.26,0.93,161.34,0.52,242.00
2026-02-03 12:08:13.520,5.97,167.53,TAKE_PICTURE,2.27,0.60,160.41,0.53,242.00
2026-02-03 12:08:13.815,3.59,278.86,TAKE_PICTURE,2.27,116.06,156.15,0.69,242.00
2026-02-03 12:08:14.000,5.90,169.45,TAKE_PICTURE,2.03,0.63,163.17,0.56,242.00
2026-02-03 12:08:14.185,5.90,169.46,TAKE_PICTURE,2.01,1.12,162.01,0.61,242.00
2026-02-03 12:08:14.370,5.94,168.49,TAKE_PICTURE,3.35,1.11,160.62,0.57,242.00
2026-02-03 12:08:14.561,5.70,175.35,TAKE_PICTURE,5.00,0.57,166.86,0.68,242.00
2026-02-03 12:08:14.968,2.56,390.92,TAKE_PICTURE,2.78,225.48,158.93,0.58,242.00
2026-02-03 12:08:15.168,5.59,179.04,TAKE_PICTURE,1.81,0.75,173.38,0.61,242.00
2026-02-03 12:08:15.357,5.81,172.06,TAKE_PICTURE,2.40,0.97,165.68,0.58,242.00
2026-02-03 12:08:15.545,5.83,171.48,TAKE_PICTURE,2.49,0.66,164.62,0.56,242.00
2026-02-03 12:08:15.731,5.87,170.22,TAKE_PICTURE,2.03,1.30,163.85,0.58,242.00
2026-02-03 12:08:16.024,3.61,277.21,TAKE_PICTURE,2.01,114.33,157.71,0.58,242.00
2026-02-03 12:08:16.233,5.38,185.82,TAKE_PICTURE,3.09,1.34,177.96,0.59,242.00
2026-02-03 12:08:16.423,5.86,170.66,TAKE_PICTURE,1.29,1.21,163.97,0.57,242.00
2026-02-03 12:08:16.608,5.91,169.22,TAKE_PICTURE,2.34,0.74,162.64,0.58,242.00
2026-02-03 12:08:16.791,5.99,166.82,TAKE_PICTURE,2.35,1.12,158.94,0.58,242.00
2026-02-03 12:08:17.083,3.63,275.75,TAKE_PICTURE,2.32,113.71,155.44,0.54,242.00
2026-02-03 12:08:17.284,5.55,180.27,TAKE_PICTURE,1.43,0.93,175.22,0.60,242.00
2026-02-03 12:08:17.471,5.86,170.58,TAKE_PICTURE,2.38,1.22,162.51,0.54,242.00
2026-02-03 12:08:17.659,5.82,171.92,TAKE_PICTURE,3.12,0.69,163.08,0.64,242.00
2026-02-03 12:08:17.843,5.95,168.19,TAKE_PICTURE,2.25,1.31,160.65,0.60,242.00
2026-02-03 12:08:18.139,3.57,280.01,TAKE_PICTURE,2.27,118.18,155.25,0.61,242.00
2026-02-03 12:08:18.340,5.57,179.65,TAKE_PICTURE,1.31,1.12,173.46,0.59,242.00
2026-02-03 12:08:18.527,5.89,169.78,TAKE_PICTURE,1.79,1.05,163.76,0.59,242.00
2026-02-03 12:08:18.713,5.88,170.18,TAKE_PICTURE,2.01,0.51,164.45,0.62,242.00
2026-02-03 12:08:18.899,5.86,170.51,TAKE_PICTURE,2.02,0.59,164.53,0.59,242.00
2026-02-03 12:08:19.189,3.64,274.44,TAKE_PICTURE,1.98,113.04,156.15,0.59,242.00
2026-02-03 12:08:19.395,5.42,184.40,TAKE_PICTURE,1.39,1.49,177.79,0.57,242.00
2026-02-03 12:08:19.584,5.81,172.14,TAKE_PICTURE,2.30,0.70,165.46,0.56,242.00
2026-02-03 12:08:19.768,5.93,168.63,TAKE_PICTURE,1.97,1.29,162.41,0.55,242.00
2026-02-03 12:08:19.958,5.77,173.37,TAKE_PICTURE,2.03,1.03,164.62,0.55,242.00
2026-02-03 12:08:20.253,3.57,280.05,TAKE_PICTURE,4.94,116.24,156.21,0.55,242.00
2026-02-03 12:08:20.461,5.26,190.07,TAKE_PICTURE,3.44,1.09,181.93,0.59,242.00
2026-02-03 12:08:20.654,5.68,176.11,TAKE_PICTURE,2.39,0.98,168.40,1.76,242.00
2026-02-03 12:08:20.843,5.77,173.21,TAKE_PICTURE,3.18,0.94,165.88,0.56,242.00
2026-02-03 12:08:21.027,5.94,168.38,TAKE_PICTURE,2.10,0.50,162.62,0.52,242.00
2026-02-03 12:08:21.323,3.57,280.24,TAKE_PICTURE,2.01,117.21,156.98,0.53,242.00
2026-02-03 12:08:21.526,5.51,181.40,TAKE_PICTURE,1.51,1.55,174.73,0.60,242.00
2026-02-03 12:08:21.716,5.79,172.60,TAKE_PICTURE,2.01,0.89,166.42,0.57,242.00
2026-02-03 12:08:21.904,5.81,172.24,TAKE_PICTURE,2.11,0.59,166.12,0.56,242.00
2026-02-03 12:08:22.089,5.89,169.71,TAKE_PICTURE,1.99,0.67,163.80,0.59,242.00
2026-02-03 12:08:22.381,3.63,275.41,TAKE_PICTURE,5.12,111.07,156.65,0.61,242.00
2026-02-03 12:08:22.583,5.52,181.18,TAKE_PICTURE,1.38,1.28,174.70,0.62,242.00
2026-02-03 12:08:22.772,5.82,171.88,TAKE_PICTURE,2.03,0.58,165.94,0.62,242.00
2026-02-03 12:08:22.959,5.90,169.59,TAKE_PICTURE,2.36,1.12,161.76,0.93,242.00
2026-02-03 12:08:23.142,6.00,166.68,TAKE_PICTURE,2.36,1.06,159.23,0.55,242.00
2026-02-03 12:08:23.432,3.64,274.49,TAKE_PICTURE,2.27,112.94,155.64,0.54,242.00
2026-02-03 12:08:23.634,5.54,180.64,TAKE_PICTURE,1.58,1.54,173.68,0.54,242.00
2026-02-03 12:08:23.822,5.85,171.02,TAKE_PICTURE,1.98,0.79,165.61,0.55,242.00
2026-02-03 12:08:24.009,5.84,171.21,TAKE_PICTURE,4.91,0.71,162.86,0.60,242.00
2026-02-03 12:08:24.192,5.97,167.41,TAKE_PICTURE,2.15,0.65,160.44,0.53,242.00
2026-02-03 12:08:24.588,2.63,380.03,TAKE_PICTURE,2.42,218.54,156.51,0.55,242.00
2026-02-03 12:08:24.795,5.43,184.26,TAKE_PICTURE,4.13,1.59,174.78,0.66,242.00
2026-02-03 12:08:24.983,5.82,171.93,TAKE_PICTURE,1.84,0.90,165.15,0.53,242.00
2026-02-03 12:08:25.171,5.94,168.24,TAKE_PICTURE,1.52,0.56,162.97,0.54,242.00
2026-02-03 12:08:25.356,5.91,169.12,TAKE_PICTURE,2.41,1.03,161.57,0.52,242.00
2026-02-03 12:08:25.647,3.64,274.89,TAKE_PICTURE,2.32,112.56,156.05,0.52,242.00
2026-02-03 12:08:25.851,5.47,182.91,TAKE_PICTURE,1.40,1.58,176.08,0.59,242.00
2026-02-03 12:08:26.039,5.88,170.11,TAKE_PICTURE,3.09,1.16,161.11,0.61,242.00
2026-02-03 12:08:26.226,5.86,170.68,TAKE_PICTURE,2.51,0.63,162.69,0.54,242.00
2026-02-03 12:08:26.414,5.83,171.60,TAKE_PICTURE,2.25,1.18,163.89,0.62,242.00
2026-02-03 12:08:26.805,2.67,374.85,TAKE_PICTURE,2.19,211.04,157.76,0.60,242.00
2026-02-03 12:08:27.009,5.46,183.31,TAKE_PICTURE,1.59,1.34,177.02,0.55,242.00
2026-02-03 12:08:27.201,5.72,174.71,TAKE_PICTURE,2.26,1.08,167.24,0.66,242.00
2026-02-03 12:08:27.387,5.88,170.00,TAKE_PICTURE,2.30,1.08,162.38,0.59,242.00
2026-02-03 12:08:27.571,5.94,168.46,TAKE_PICTURE,2.26,1.08,161.21,0.58,242.00
2026-02-03 12:08:27.968,2.62,380.97,TAKE_PICTURE,2.50,216.75,157.62,0.59,242.00
2026-02-03 12:08:28.179,5.29,188.90,TAKE_PICTURE,1.54,1.62,182.23,0.59,242.00
2026-02-03 12:08:28.365,5.89,169.88,TAKE_PICTURE,1.97,1.26,163.35,0.57,242.00
2026-02-03 12:08:28.553,5.83,171.50,TAKE_PICTURE,1.98,0.65,165.09,0.61,242.00
2026-02-03 12:08:28.738,5.91,169.11,TAKE_PICTURE,2.02,0.52,162.52,0.55,242.00
2026-02-03 12:08:29.030,3.63,275.73,TAKE_PICTURE,2.23,112.76,157.35,0.59,242.00
2026-02-03 12:08:29.230,5.60,178.61,TAKE_PICTURE,1.32,1.23,172.96,0.58,242.00
2026-02-03 12:08:29.417,5.87,170.26,TAKE_PICTURE,2.16,0.81,163.55,0.58,242.00
2026-02-03 12:08:29.600,5.97,167.41,TAKE_PICTURE,2.06,0.71,160.50,0.65,242.00
2026-02-03 12:08:29.782,6.04,165.69,TAKE_PICTURE,2.10,0.59,159.65,0.54,242.00
2026-02-03 12:08:30.075,3.60,277.45,TAKE_PICTURE,2.29,114.85,156.77,0.54,242.00
2026-02-03 12:08:30.277,5.55,180.22,TAKE_PICTURE,1.59,1.76,173.14,0.72,242.00
2026-02-03 12:08:30.466,5.81,172.25,TAKE_PICTURE,5.20,1.24,161.94,0.58,242.00
2026-02-03 12:08:30.649,5.97,167.59,TAKE_PICTURE,2.02,0.69,161.20,0.55,242.00
2026-02-03 12:08:30.833,5.95,168.09,TAKE_PICTURE,5.25,0.76,159.41,0.62,242.00
2026-02-03 12:08:31.127,3.60,277.65,TAKE_PICTURE,2.07,118.19,153.42,0.56,242.00
2026-02-03 12:08:31.323,5.67,176.27,TAKE_PICTURE,1.90,0.59,170.45,0.59,242.00
2026-02-03 12:08:31.509,5.90,169.62,TAKE_PICTURE,2.08,0.63,164.20,0.59,242.00
2026-02-03 12:08:31.697,5.83,171.44,TAKE_PICTURE,2.43,1.15,163.61,0.56,242.00
2026-02-03 12:08:31.883,5.86,170.69,TAKE_PICTURE,2.35,1.11,162.31,1.26,242.00
2026-02-03 12:08:32.176,3.62,276.22,TAKE_PICTURE,1.93,114.77,155.04,0.54,242.00
2026-02-03 12:08:32.379,5.48,182.61,TAKE_PICTURE,1.43,1.68,175.69,0.66,242.00
2026-02-03 12:08:32.568,5.83,171.51,TAKE_PICTURE,2.34,1.41,163.13,0.59,242.00
2026-02-03 12:08:32.757,5.78,173.08,TAKE_PICTURE,2.73,1.08,165.07,0.57,242.00
2026-02-03 12:08:32.943,5.86,170.55,TAKE_PICTURE,2.33,1.31,163.22,0.57,242.00
2026-02-03 12:08:33.245,3.50,286.03,TAKE_PICTURE,2.19,117.39,161.99,0.54,242.00
2026-02-03 12:08:33.453,5.27,189.88,TAKE_PICTURE,2.65,0.99,182.15,0.53,242.00
2026-02-03 12:08:33.654,5.50,181.94,TAKE_PICTURE,2.59,1.06,173.31,0.68,242.00
2026-02-03 12:08:33.857,5.36,186.62,TAKE_PICTURE,2.32,0.87,179.91,0.53,242.00
2026-02-03 12:08:34.053,5.55,180.03,TAKE_PICTURE,2.38,0.47,173.57,0.54,242.00
2026-02-03 12:08:34.356,3.49,286.14,TAKE_PICTURE,2.25,117.66,162.49,0.52,242.00
2026-02-03 12:08:34.568,5.27,189.88,TAKE_PICTURE,1.69,1.47,183.40,0.55,242.00
2026-02-03 12:08:34.767,5.48,182.36,TAKE_PICTURE,2.39,1.27,173.86,0.56,242.00
2026-02-03 12:08:34.966,5.48,182.43,TAKE_PICTURE,2.98,0.62,173.74,0.62,242.00
2026-02-03 12:08:35.160,5.62,177.87,TAKE_PICTURE,2.61,0.64,169.99,0.55,242.00
2026-02-03 12:08:35.466,3.46,289.07,TAKE_PICTURE,2.56,115.92,166.12,0.58,242.00
2026-02-03 12:08:35.682,5.15,194.00,TAKE_PICTURE,3.05,1.62,185.38,0.59,242.00
2026-02-03 12:08:35.888,5.29,188.99,TAKE_PICTURE,1.96,0.63,182.93,0.58,242.00
2026-02-03 12:08:36.080,5.67,176.28,TAKE_PICTURE,2.60,0.53,168.52,0.53,242.00
2026-02-03 12:08:36.271,5.73,174.38,TAKE_PICTURE,2.06,0.86,168.37,0.56,242.00
2026-02-03 12:08:36.566,3.59,278.18,TAKE_PICTURE,1.98,114.00,159.08,0.54,242.00
2026-02-03 12:08:36.774,5.33,187.77,TAKE_PICTURE,2.26,0.81,181.44,0.55,242.00
2026-02-03 12:08:36.975,5.47,182.85,TAKE_PICTURE,2.62,1.63,174.06,0.69,242.00
2026-02-03 12:08:37.166,5.73,174.58,TAKE_PICTURE,2.68,0.61,167.03,0.56,242.00
2026-02-03 12:08:37.353,5.85,171.05,TAKE_PICTURE,2.26,0.59,163.64,0.53,242.00
2026-02-03 12:08:37.642,3.66,272.89,TAKE_PICTURE,2.26,112.36,154.43,0.60,242.00
2026-02-03 12:08:37.844,5.53,180.76,TAKE_PICTURE,1.53,1.53,174.01,0.55,242.00
2026-02-03 12:08:38.031,5.87,170.26,TAKE_PICTURE,1.99,0.63,164.51,0.54,242.00
2026-02-03 12:08:38.219,5.83,171.47,TAKE_PICTURE,2.25,1.01,164.89,0.86,242.00
2026-02-03 12:08:38.406,6.02,165.99,TAKE_PICTURE,1.26,0.59,161.34,0.56,242.00
2026-02-03 12:08:38.656,4.28,233.52,TAKE_PICTURE,2.34,112.09,115.09,0.52,242.00
2026-02-03 12:08:38.821,6.97,143.49,TAKE_PICTURE,1.75,0.14,138.30,0.67,242.00
2026-02-03 12:08:38.994,7.00,142.83,TAKE_PICTURE,2.70,0.13,133.95,0.57,242.00
2026-02-03 12:08:39.166,7.05,141.77,TAKE_PICTURE,3.04,0.12,135.19,0.53,242.00
2026-02-03 12:08:39.354,6.28,159.31,TAKE_PICTURE,4.47,0.10,150.47,0.62,242.00
2026-02-03 12:08:39.513,7.04,142.14,TAKE_PICTURE,2.36,0.18,134.34,0.75,242.00
2026-02-03 12:08:39.674,6.92,144.41,TAKE_PICTURE,2.44,0.16,138.80,0.65,242.00
2026-02-03 12:08:39.834,7.22,138.56,TAKE_PICTURE,2.15,0.12,132.86,0.54,242.00
2026-02-03 12:08:39.989,7.55,132.37,TAKE_PICTURE,1.41,0.13,128.22,0.58,242.00
2026-02-03 12:08:40.154,7.01,142.70,TAKE_PICTURE,1.40,0.19,137.87,0.61,242.00
2026-02-03 12:08:40.320,7.20,138.88,TAKE_PICTURE,1.84,0.17,132.75,0.57,242.00
2026-02-03 12:08:40.479,7.33,136.47,TAKE_PICTURE,2.57,0.12,130.15,0.56,242.00
2026-02-03 12:08:40.630,7.48,133.68,TAKE_PICTURE,2.05,0.18,126.93,0.56,242.00
2026-02-03 12:08:40.805,6.27,159.36,TAKE_PICTURE,4.90,0.08,151.73,0.56,242.00
2026-02-03 12:08:40.957,7.34,136.30,TAKE_PICTURE,1.89,0.07,130.04,0.56,242.00
2026-02-03 12:08:41.114,7.13,140.34,TAKE_PICTURE,2.07,0.07,134.13,0.62,242.00
2026-02-03 12:08:41.272,7.04,142.14,TAKE_PICTURE,2.44,0.18,133.58,0.54,242.00
2026-02-03 12:08:41.426,7.42,134.69,TAKE_PICTURE,3.41,0.14,128.24,0.53,242.00
2026-02-03 12:08:41.591,6.95,143.80,TAKE_PICTURE,3.08,0.14,136.84,0.69,242.00
2026-02-03 12:08:41.763,6.69,149.37,TAKE_PICTURE,1.83,0.08,144.23,0.53,242.00
2026-02-03 12:08:41.921,7.38,135.52,TAKE_PICTURE,1.75,0.18,130.37,0.55,242.00
2026-02-03 12:08:42.080,7.40,135.10,TAKE_PICTURE,2.19,0.08,128.13,1.12,242.00
2026-02-03 12:08:42.261,6.36,157.13,TAKE_PICTURE,2.12,0.08,152.15,0.54,242.00
2026-02-03 12:08:42.418,7.17,139.40,TAKE_PICTURE,1.88,0.07,134.86,0.72,242.00
2026-02-03 12:08:42.584,6.99,143.10,TAKE_PICTURE,2.64,0.09,135.95,0.67,242.00
2026-02-03 12:08:42.764,6.79,147.24,TAKE_PICTURE,4.33,0.16,137.99,0.58,242.00
2026-02-03 12:08:42.929,7.21,138.76,TAKE_PICTURE,2.64,0.13,132.22,0.56,242.00
2026-02-03 12:08:43.098,7.14,139.98,TAKE_PICTURE,2.86,0.12,133.37,0.63,242.00
2026-02-03 12:08:43.275,6.60,151.46,TAKE_PICTURE,2.89,0.13,144.50,0.92,242.00
2026-02-03 12:08:43.457,6.66,150.05,TAKE_PICTURE,2.11,0.14,144.00,0.56,242.00
2026-02-03 12:08:43.633,6.88,145.45,TAKE_PICTURE,2.66,0.12,139.08,0.65,242.00
2026-02-03 12:08:43.823,6.34,157.78,TAKE_PICTURE,3.24,0.15,149.17,0.62,242.00
2026-02-03 12:08:44.003,6.64,150.59,TAKE_PICTURE,3.25,0.14,142.83,0.77,242.00
2026-02-03 12:08:44.183,6.59,151.65,TAKE_PICTURE,2.65,0.13,144.85,0.80,242.00
2026-02-03 12:08:44.363,6.63,150.76,TAKE_PICTURE,3.50,0.16,143.49,0.57,242.00
2026-02-03 12:08:44.522,7.09,141.08,TAKE_PICTURE,2.04,0.07,134.20,0.68,242.00
2026-02-03 12:08:44.698,6.58,152.09,TAKE_PICTURE,3.21,0.16,144.07,0.55,242.00
2026-02-03 12:08:44.877,6.71,149.12,TAKE_PICTURE,2.99,0.14,142.26,0.74,242.00
2026-02-03 12:08:45.055,6.88,145.44,TAKE_PICTURE,3.28,0.14,137.72,0.70,242.00
2026-02-03 12:08:45.244,6.27,159.54,TAKE_PICTURE,4.37,0.21,150.10,0.54,242.00
2026-02-03 12:08:45.416,6.90,144.91,TAKE_PICTURE,2.93,0.13,138.07,0.56,242.00
2026-02-03 12:08:45.603,6.29,159.08,TAKE_PICTURE,3.23,0.15,147.01,0.69,241.89
2026-02-03 12:08:45.777,6.88,145.32,TAKE_PICTURE,4.55,0.12,136.41,0.56,241.89
2026-02-03 12:08:45.941,7.20,138.80,TAKE_PICTURE,2.97,0.13,131.71,0.55,241.89
2026-02-03 12:08:46.115,6.73,148.64,TAKE_PICTURE,2.78,0.13,141.54,0.75,241.89
2026-02-03 12:08:46.245,9.86,101.39,PICTURE_COOLDOWN,1.70,7.99,88.19,0.53,241.89
2026-02-03 12:08:46.467,5.13,195.09,PICTURE_COOLDOWN,3.07,5.12,182.98,0.57,241.89
2026-02-03 12:08:46.712,4.74,211.14,PICTURE_COOLDOWN,3.86,6.61,195.48,0.63,241.89
2026-02-03 12:08:46.944,4.97,201.17,PICTURE_COOLDOWN,4.27,6.11,186.93,0.61,241.89
2026-02-03 12:08:47.183,4.82,207.50,PICTURE_COOLDOWN,4.05,8.23,190.89,0.62,241.89
2026-02-03 12:08:47.419,4.82,207.28,PICTURE_COOLDOWN,4.09,6.96,191.70,0.57,241.89
2026-02-03 12:08:47.651,4.90,204.17,PICTURE_COOLDOWN,2.76,5.63,191.86,0.58,241.89
2026-02-03 12:08:47.877,5.10,195.94,PICTURE_COOLDOWN,2.78,5.52,183.54,0.61,241.89
2026-02-03 12:08:48.114,4.84,206.63,PICTURE_COOLDOWN,3.12,6.84,192.80,0.54,241.89
2026-02-03 12:08:48.347,4.84,206.82,PICTURE_COOLDOWN,3.09,6.10,193.35,0.57,241.89
2026-02-03 12:08:48.577,4.92,203.10,PICTURE_COOLDOWN,3.66,5.46,188.23,0.62,241.89
2026-02-03 12:08:48.812,4.84,206.60,PICTURE_COOLDOWN,3.59,7.22,191.04,0.58,241.89
2026-02-03 12:08:49.049,4.75,210.44,PICTURE_COOLDOWN,3.64,5.98,195.34,0.55,241.89
2026-02-03 12:08:49.285,4.77,209.73,PICTURE_COOLDOWN,2.75,6.30,196.62,0.66,241.89
2026-02-03 12:08:49.517,4.94,202.27,PICTURE_COOLDOWN,4.84,5.59,188.05,0.54,241.89
2026-02-03 12:08:49.747,4.91,203.75,PICTURE_COOLDOWN,2.57,5.76,191.52,0.56,241.89
2026-02-03 12:08:49.977,5.04,198.46,PICTURE_COOLDOWN,3.54,5.95,184.35,0.54,241.89
2026-02-03 12:08:50.210,4.85,206.30,PICTURE_COOLDOWN,2.89,5.43,194.16,0.56,242.00
2026-02-03 12:08:50.419,5.27,189.81,PICTURE_COOLDOWN,2.58,5.02,178.07,0.54,242.00
2026-02-03 12:08:50.682,4.84,206.67,PICTURE_COOLDOWN,4.31,8.78,187.65,0.61,242.00
2026-02-03 12:08:50.922,4.63,216.06,PICTURE_COOLDOWN,1.39,5.55,206.14,0.55,242.00
2026-02-03 12:08:51.154,4.84,206.47,PICTURE_COOLDOWN,3.10,7.12,192.16,0.58,242.00
2026-02-03 12:08:51.393,4.66,214.76,PICTURE_COOLDOWN,1.42,6.28,202.78,0.56,242.00
2026-02-03 12:08:51.623,4.89,204.47,PICTURE_COOLDOWN,3.43,6.96,190.47,0.56,242.00
2026-02-03 12:08:51.864,4.65,214.85,PICTURE_COOLDOWN,2.69,7.84,199.98,0.52,242.00
2026-02-03 12:08:52.107,4.71,212.21,PICTURE_COOLDOWN,3.15,6.04,198.70,1.03,242.00
2026-02-03 12:08:52.351,4.61,216.97,PICTURE_COOLDOWN,2.92,5.87,204.25,0.54,242.00
2026-02-03 12:08:52.588,4.80,208.19,PICTURE_COOLDOWN,3.23,5.25,195.65,0.54,242.00
2026-02-03 12:08:52.836,4.57,218.81,PICTURE_COOLDOWN,3.21,7.39,203.63,0.68,242.00
2026-02-03 12:08:53.071,4.81,207.99,PICTURE_COOLDOWN,2.85,6.33,194.80,0.58,242.00
2026-02-03 12:08:53.307,4.98,200.69,PICTURE_COOLDOWN,2.35,0.11,195.07,0.55,242.00
2026-02-03 12:08:53.450,8.61,116.15,TAKE_PICTURE,2.79,0.36,108.98,0.67,242.00
2026-02-03 12:08:53.672,5.18,193.22,TAKE_PICTURE,2.82,2.94,182.59,0.56,242.00
2026-02-03 12:08:53.886,5.37,186.21,TAKE_PICTURE,2.89,1.52,177.42,0.59,242.00
2026-02-03 12:08:54.114,5.00,199.95,TAKE_PICTURE,3.67,2.11,190.00,0.54,242.00
2026-02-03 12:08:54.332,5.24,190.81,TAKE_PICTURE,3.37,2.20,181.29,0.53,242.00
2026-02-03 12:08:54.674,3.18,314.40,TAKE_PICTURE,2.70,124.95,182.67,0.59,242.00
2026-02-03 12:08:54.887,5.42,184.59,TAKE_PICTURE,2.79,1.63,176.27,0.62,242.00
2026-02-03 12:08:55.101,5.16,193.65,TAKE_PICTURE,3.05,0.80,184.64,0.63,242.00
2026-02-03 12:08:55.303,5.41,184.77,TAKE_PICTURE,1.96,0.82,178.69,0.72,242.00
2026-02-03 12:08:55.502,5.62,177.94,TAKE_PICTURE,1.54,1.44,172.01,0.51,242.00
2026-02-03 12:08:55.810,3.43,291.59,TAKE_PICTURE,2.88,122.28,162.26,0.52,242.00
2026-02-03 12:08:56.024,5.20,192.17,TAKE_PICTURE,2.72,0.71,184.49,0.51,242.00
2026-02-03 12:08:56.219,5.66,176.68,TAKE_PICTURE,2.60,0.85,167.29,0.55,242.00
2026-02-03 12:08:56.410,5.70,175.30,TAKE_PICTURE,2.86,0.64,169.00,0.57,242.00
2026-02-03 12:08:56.598,5.83,171.40,TAKE_PICTURE,1.80,0.88,164.22,0.59,242.00
2026-02-03 12:08:56.892,3.60,278.03,TAKE_PICTURE,2.18,113.18,159.34,0.52,242.00
2026-02-03 12:08:57.110,5.09,196.57,TAKE_PICTURE,2.71,1.01,189.32,0.53,242.00
2026-02-03 12:08:57.328,4.99,200.30,TAKE_PICTURE,2.41,0.98,192.18,0.62,242.00
2026-02-03 12:08:57.521,5.66,176.54,TAKE_PICTURE,3.10,0.70,169.34,0.57,242.00
2026-02-03 12:08:57.710,5.80,172.47,TAKE_PICTURE,2.41,1.16,164.84,0.56,242.00
2026-02-03 12:08:58.002,3.62,276.01,TAKE_PICTURE,2.42,111.98,157.60,0.54,242.00
2026-02-03 12:08:58.205,5.48,182.39,TAKE_PICTURE,1.39,1.28,176.56,0.54,242.00
2026-02-03 12:08:58.395,5.78,172.93,TAKE_PICTURE,2.41,1.29,164.60,0.59,242.00
2026-02-03 12:08:58.584,5.79,172.73,TAKE_PICTURE,2.43,0.89,165.07,0.56,242.00
2026-02-03 12:08:58.775,5.69,175.69,TAKE_PICTURE,3.16,0.57,167.66,0.55,242.00
2026-02-03 12:08:59.068,3.62,276.45,TAKE_PICTURE,2.47,111.37,158.44,0.54,242.00
2026-02-03 12:08:59.273,5.41,184.85,TAKE_PICTURE,1.38,1.71,178.83,0.58,242.00
2026-02-03 12:08:59.466,5.69,175.60,TAKE_PICTURE,2.36,1.23,168.90,0.53,242.00
2026-02-03 12:08:59.654,5.81,172.12,TAKE_PICTURE,2.46,1.31,165.31,0.54,242.00
2026-02-03 12:08:59.844,5.75,173.90,TAKE_PICTURE,2.40,1.30,167.14,0.53,242.00
2026-02-03 12:09:00.138,3.59,278.27,TAKE_PICTURE,2.21,114.80,158.45,0.53,242.00
2026-02-03 12:09:00.339,5.55,180.15,TAKE_PICTURE,1.24,1.29,174.25,0.53,242.00
2026-02-03 12:09:00.526,5.88,170.05,TAKE_PICTURE,1.94,1.02,162.71,0.57,242.00
2026-02-03 12:09:00.711,5.90,169.56,TAKE_PICTURE,1.81,0.63,163.55,0.79,242.00
2026-02-03 12:09:00.903,5.68,175.97,TAKE_PICTURE,1.87,0.93,168.62,0.56,242.00
2026-02-03 12:09:01.197,3.60,277.89,TAKE_PICTURE,1.95,112.97,158.74,0.53,242.00
2026-02-03 12:09:01.401,5.45,183.38,TAKE_PICTURE,1.34,1.54,176.89,0.57,242.00
2026-02-03 12:09:01.589,5.85,171.05,TAKE_PICTURE,1.88,0.99,164.71,0.53,242.00
2026-02-03 12:09:01.776,5.84,171.34,TAKE_PICTURE,1.93,0.70,164.72,0.53,242.00
2026-02-03 12:09:01.968,5.70,175.59,TAKE_PICTURE,2.24,0.77,169.17,0.52,242.00
2026-02-03 12:09:02.268,3.52,284.22,TAKE_PICTURE,1.88,120.39,157.61,0.59,242.00
2026-02-03 12:09:02.471,5.50,181.96,TAKE_PICTURE,1.50,1.30,175.43,0.59,242.00
2026-02-03 12:09:02.659,5.82,171.96,TAKE_PICTURE,2.01,0.63,166.49,0.56,242.00
2026-02-03 12:09:02.846,5.87,170.48,TAKE_PICTURE,2.06,0.86,163.03,0.59,242.00
2026-02-03 12:09:03.032,5.87,170.50,TAKE_PICTURE,2.29,1.16,162.88,0.54,242.00
2026-02-03 12:09:03.322,3.65,274.16,TAKE_PICTURE,1.80,112.55,155.56,0.58,242.00
2026-02-03 12:09:03.526,5.47,182.92,TAKE_PICTURE,1.32,1.58,176.24,0.54,242.00
2026-02-03 12:09:03.716,5.79,172.59,TAKE_PICTURE,2.01,1.30,165.14,0.55,242.00
2026-02-03 12:09:03.904,5.79,172.57,TAKE_PICTURE,1.94,1.41,165.92,0.55,242.00
2026-02-03 12:09:04.088,5.95,167.99,TAKE_PICTURE,1.79,0.72,161.78,0.55,242.00
2026-02-03 12:09:04.380,3.62,276.27,TAKE_PICTURE,1.87,112.54,157.72,0.53,242.00
2026-02-03 12:09:04.583,5.50,181.94,TAKE_PICTURE,1.44,1.45,175.00,0.53,242.00
2026-02-03 12:09:04.773,5.76,173.49,TAKE_PICTURE,2.10,0.64,167.11,0.58,242.00
2026-02-03 12:09:04.959,5.89,169.84,TAKE_PICTURE,2.06,1.22,162.61,0.56,242.00
2026-02-03 12:09:05.144,5.92,168.95,TAKE_PICTURE,2.35,1.17,161.16,0.55,242.00
2026-02-03 12:09:05.435,3.64,275.00,TAKE_PICTURE,2.12,112.20,156.37,0.58,242.00
2026-02-03 12:09:05.639,5.46,183.16,TAKE_PICTURE,1.35,1.53,176.92,0.58,242.00
2026-02-03 12:09:05.829,5.81,172.15,TAKE_PICTURE,2.20,1.35,164.41,0.56,242.00
2026-02-03 12:09:06.017,5.81,172.17,TAKE_PICTURE,2.24,1.32,164.37,1.03,242.00
2026-02-03 12:09:06.201,5.95,168.13,TAKE_PICTURE,2.26,1.23,160.67,0.56,242.00
2026-02-03 12:09:06.497,3.57,279.72,TAKE_PICTURE,2.24,111.66,162.01,0.57,242.00
2026-02-03 12:09:06.709,5.26,190.07,TAKE_PICTURE,1.56,1.31,183.53,0.55,242.00
2026-02-03 12:09:06.918,5.26,190.12,TAKE_PICTURE,2.65,1.39,181.73,0.54,242.00
2026-02-03 12:09:07.103,5.91,169.26,TAKE_PICTURE,2.33,0.59,162.50,0.57,242.00
2026-02-03 12:09:07.287,5.95,168.17,TAKE_PICTURE,2.24,1.07,160.84,1.07,242.00
2026-02-03 12:09:07.584,3.56,280.85,TAKE_PICTURE,2.20,117.33,158.07,0.51,242.00
2026-02-03 12:09:07.793,5.31,188.31,TAKE_PICTURE,4.05,1.55,178.63,1.07,242.00
2026-02-03 12:09:07.984,5.75,174.06,TAKE_PICTURE,1.68,0.72,167.89,0.53,242.00
2026-02-03 12:09:08.172,5.82,171.86,TAKE_PICTURE,1.95,1.35,165.10,0.54,242.00
2026-02-03 12:09:08.358,5.87,170.40,TAKE_PICTURE,2.14,1.11,163.01,0.55,242.00
2026-02-03 12:09:08.608,4.28,233.89,TAKE_PICTURE,2.13,112.27,115.80,0.52,242.00
2026-02-03 12:09:08.779,6.70,149.34,TAKE_PICTURE,2.51,0.15,142.89,0.57,242.00
2026-02-03 12:09:08.953,6.97,143.47,TAKE_PICTURE,3.14,0.14,135.41,0.53,242.00
2026-02-03 12:09:09.128,6.87,145.64,TAKE_PICTURE,3.17,0.16,138.24,0.66,242.00
2026-02-03 12:09:09.309,6.70,149.26,TAKE_PICTURE,4.51,0.13,140.55,0.55,242.00
2026-02-03 12:09:09.475,7.10,140.87,TAKE_PICTURE,2.75,0.12,134.16,0.58,242.00
2026-02-03 12:09:09.644,7.12,140.39,TAKE_PICTURE,2.87,0.13,133.18,0.64,242.00
2026-02-03 12:09:09.824,6.60,151.58,TAKE_PICTURE,3.27,0.16,142.91,0.55,242.00
2026-02-03 12:09:09.993,7.05,141.82,TAKE_PICTURE,3.25,0.13,134.70,0.56,242.00
2026-02-03 12:09:10.162,7.10,140.90,TAKE_PICTURE,3.13,0.16,133.86,0.54,242.00
2026-02-03 12:09:10.332,6.90,144.95,TAKE_PICTURE,2.89,0.13,138.01,0.62,242.00
2026-02-03 12:09:10.511,6.71,149.14,TAKE_PICTURE,5.10,0.15,139.70,0.56,242.00
2026-02-03 12:09:10.680,6.99,143.00,TAKE_PICTURE,2.92,0.14,136.27,0.65,242.00
2026-02-03 12:09:10.835,7.24,138.21,TAKE_PICTURE,1.95,0.07,132.92,0.85,242.00
2026-02-03 12:09:11.002,6.92,144.54,TAKE_PICTURE,1.70,0.13,138.36,0.55,242.00
2026-02-03 12:09:11.155,7.60,131.65,TAKE_PICTURE,2.00,0.08,126.74,0.58,242.00
2026-02-03 12:09:11.318,7.17,139.43,TAKE_PICTURE,1.50,0.08,135.09,0.72,241.89
2026-02-03 12:09:11.502,6.52,153.32,TAKE_PICTURE,2.53,0.13,146.32,0.73,241.89
2026-02-03 12:09:11.671,7.13,140.19,TAKE_PICTURE,2.39,0.14,134.13,0.52,241.89
2026-02-03 12:09:11.844,6.94,144.11,TAKE_PICTURE,2.89,0.12,137.66,0.55,241.89
2026-02-03 12:09:12.029,6.42,155.74,TAKE_PICTURE,3.55,0.13,146.83,0.57,241.89
2026-02-03 12:09:12.199,6.97,143.47,TAKE_PICTURE,2.82,0.13,136.27,0.63,241.89
2026-02-03 12:09:12.379,6.63,150.82,TAKE_PICTURE,4.41,0.10,141.57,1.55,241.89
2026-02-03 12:09:12.639,5.33,187.75,TAKE_PICTURE,8.50,0.21,172.07,0.66,242.00
2026-02-03 12:09:12.874,6.21,160.91,TAKE_PICTURE,3.34,0.10,152.45,0.78,242.00
2026-02-03 12:09:13.041,6.93,144.21,TAKE_PICTURE,1.53,0.10,137.50,0.74,242.00
2026-02-03 12:09:13.204,7.16,139.59,TAKE_PICTURE,2.30,0.07,134.64,0.57,242.00
2026-02-03 12:09:13.364,7.26,137.77,TAKE_PICTURE,1.45,0.13,132.54,0.93,242.00
2026-02-03 12:09:13.530,7.00,142.76,TAKE_PICTURE,1.57,0.08,138.44,0.62,241.95
2026-02-03 12:09:13.710,6.45,155.07,TAKE_PICTURE,3.00,0.07,149.17,0.54,241.95
2026-02-03 12:09:13.871,6.94,144.09,TAKE_PICTURE,2.88,0.07,137.86,0.56,241.95
2026-02-03 12:09:14.074,6.57,152.23,TAKE_PICTURE,4.51,0.07,144.36,0.56,242.00
2026-02-03 12:09:14.229,7.58,132.01,TAKE_PICTURE,1.41,0.13,126.52,0.63,242.00
2026-02-03 12:09:14.392,7.09,141.09,TAKE_PICTURE,2.02,0.15,135.72,0.65,242.00
2026-02-03 12:09:14.550,7.43,134.65,TAKE_PICTURE,3.01,0.13,128.19,0.54,242.00
2026-02-03 12:09:14.705,7.59,131.77,TAKE_PICTURE,2.40,0.13,125.40,0.55,242.00
2026-02-03 12:09:14.859,7.62,131.16,TAKE_PICTURE,1.36,0.20,126.52,0.59,242.00
2026-02-03 12:09:15.017,7.10,140.86,TAKE_PICTURE,2.31,0.18,133.36,0.65,242.00
2026-02-03 12:09:15.170,7.59,131.70,TAKE_PICTURE,1.39,0.15,126.51,0.61,242.00
2026-02-03 12:09:15.324,7.65,130.80,TAKE_PICTURE,1.41,0.09,126.61,0.57,242.00
2026-02-03 12:09:15.493,6.84,146.19,TAKE_PICTURE,1.37,0.19,141.30,0.75,242.00
2026-02-03 12:09:15.669,6.86,145.84,TAKE_PICTURE,2.11,0.21,137.72,0.59,242.00
2026-02-03 12:09:15.835,7.07,141.50,TAKE_PICTURE,2.86,0.11,133.45,0.63,242.00
2026-02-03 12:09:16.010,6.79,147.23,TAKE_PICTURE,1.71,0.12,139.52,0.54,242.00
2026-02-03 12:09:16.165,7.56,132.24,TAKE_PICTURE,1.37,0.10,126.76,0.55,242.00
2026-02-03 12:09:16.276,10.63,94.10,PICTURE_COOLDOWN,2.18,8.18,80.39,0.54,242.00
2026-02-03 12:09:16.507,4.78,209.25,PICTURE_COOLDOWN,2.93,6.23,195.93,0.62,242.00
2026-02-03 12:09:16.724,5.14,194.55,PICTURE_COOLDOWN,1.38,6.32,184.00,0.55,242.00
2026-02-03 12:09:16.952,4.87,205.19,PICTURE_COOLDOWN,1.42,7.03,191.81,0.65,242.00
2026-02-03 12:09:17.178,5.00,200.04,PICTURE_COOLDOWN,1.54,5.55,189.66,0.55,242.00
2026-02-03 12:09:17.400,5.02,199.30,PICTURE_COOLDOWN,1.35,6.82,187.97,0.56,242.00
2026-02-03 12:09:17.630,4.83,207.10,PICTURE_COOLDOWN,1.35,6.11,196.39,0.57,242.00
2026-02-03 12:09:17.865,4.77,209.84,PICTURE_COOLDOWN,1.66,5.83,198.17,0.67,242.00
2026-02-03 12:09:18.096,4.86,205.94,PICTURE_COOLDOWN,2.19,7.26,192.67,0.55,242.00
2026-02-03 12:09:18.335,4.67,213.93,PICTURE_COOLDOWN,3.03,6.86,199.87,0.61,242.00
2026-02-03 12:09:18.564,4.91,203.51,PICTURE_COOLDOWN,1.52,5.60,193.00,0.55,242.00
2026-02-03 12:09:18.780,5.16,193.97,PICTURE_COOLDOWN,1.78,4.25,184.86,0.68,242.00
2026-02-03 12:09:18.999,5.11,195.63,PICTURE_COOLDOWN,1.91,5.39,185.04,0.54,242.00
2026-02-03 12:09:19.210,5.31,188.42,PICTURE_COOLDOWN,1.45,4.65,179.53,0.55,242.00
2026-02-03 12:09:19.435,5.05,197.87,PICTURE_COOLDOWN,1.85,6.09,186.63,0.53,242.00
2026-02-03 12:09:19.648,5.27,189.85,PICTURE_COOLDOWN,1.35,4.94,180.67,0.54,242.00
2026-02-03 12:09:19.880,4.76,210.14,PICTURE_COOLDOWN,1.64,5.55,199.93,0.58,242.00
2026-02-03 12:09:20.117,4.70,212.77,PICTURE_COOLDOWN,1.92,4.63,203.19,0.57,242.00
2026-02-03 12:09:20.355,4.67,214.22,PICTURE_COOLDOWN,1.95,5.77,202.66,0.59,242.00
2026-02-03 12:09:20.579,4.99,200.52,PICTURE_COOLDOWN,1.30,6.67,187.26,0.69,242.00
2026-02-03 12:09:20.791,5.30,188.77,PICTURE_COOLDOWN,1.35,5.22,177.57,0.55,242.00
2026-02-03 12:09:21.003,5.30,188.66,PICTURE_COOLDOWN,1.65,5.13,178.95,0.57,242.00
2026-02-03 12:09:21.223,5.07,197.36,PICTURE_COOLDOWN,1.43,4.85,188.06,0.62,242.00
2026-02-03 12:09:21.432,5.36,186.48,PICTURE_COOLDOWN,1.41,4.61,177.63,0.62,242.00
2026-02-03 12:09:21.644,5.30,188.65,PICTURE_COOLDOWN,1.69,5.42,178.09,0.62,242.00
2026-02-03 12:09:21.866,5.19,192.78,PICTURE_COOLDOWN,2.54,5.93,180.28,0.60,242.00
2026-02-03 12:09:22.086,5.21,191.94,PICTURE_COOLDOWN,2.71,6.08,179.43,0.57,242.00
2026-02-03 12:09:22.323,4.84,206.53,PICTURE_COOLDOWN,3.63,6.59,191.60,0.52,242.00
2026-02-03 12:09:22.546,5.14,194.53,PICTURE_COOLDOWN,2.90,6.23,181.68,0.54,242.00
2026-02-03 12:09:22.767,5.15,194.09,PICTURE_COOLDOWN,2.72,5.24,181.14,0.77,242.00
2026-02-03 12:09:22.982,5.31,188.45,PICTURE_COOLDOWN,4.57,0.11,180.19,0.66,242.00
2026-02-03 12:09:23.110,9.84,101.63,TAKE_PICTURE,4.78,0.31,93.07,0.62,242.00
2026-02-03 12:09:23.313,5.62,177.98,TAKE_PICTURE,2.98,2.40,168.72,0.57,242.00
2026-02-03 12:09:23.517,5.65,176.94,TAKE_PICTURE,2.82,2.40,167.84,0.53,242.00
2026-02-03 12:09:23.721,5.66,176.68,TAKE_PICTURE,2.83,2.40,167.56,0.55,242.00
2026-02-03 12:09:23.924,5.69,175.61,TAKE_PICTURE,2.79,2.18,166.81,0.55,242.00
2026-02-03 12:09:24.220,3.74,267.44,TAKE_PICTURE,2.74,130.75,130.32,0.70,242.00
2026-02-03 12:09:24.395,6.83,146.43,TAKE_PICTURE,4.82,0.11,137.54,0.54,242.00
2026-02-03 12:09:24.565,7.00,142.80,TAKE_PICTURE,2.71,0.17,136.02,0.56,242.00
2026-02-03 12:09:24.751,6.30,158.63,TAKE_PICTURE,3.04,0.14,151.98,0.65,242.00
2026-02-03 12:09:24.939,6.31,158.38,TAKE_PICTURE,3.72,0.14,150.95,0.56,242.00
2026-02-03 12:09:25.129,6.29,158.98,TAKE_PICTURE,2.85,0.13,151.44,0.65,241.95
2026-02-03 12:09:25.313,6.47,154.52,TAKE_PICTURE,3.84,0.14,145.50,0.57,241.95
2026-02-03 12:09:25.481,7.11,140.69,TAKE_PICTURE,2.69,0.15,134.06,0.61,241.95
2026-02-03 12:09:25.654,6.87,145.58,TAKE_PICTURE,3.25,0.15,138.21,0.66,241.95
2026-02-03 12:09:25.833,6.69,149.51,TAKE_PICTURE,3.52,0.19,141.50,0.56,241.95
2026-02-03 12:09:25.999,7.11,140.74,TAKE_PICTURE,2.79,0.15,133.97,0.65,241.95
2026-02-03 12:09:26.163,7.22,138.41,TAKE_PICTURE,2.93,0.16,131.58,0.59,241.95
2026-02-03 12:09:26.349,6.39,156.42,TAKE_PICTURE,4.02,0.12,147.80,0.58,241.95
2026-02-03 12:09:26.517,7.11,140.55,TAKE_PICTURE,2.81,0.12,133.85,0.64,241.95
2026-02-03 12:09:26.686,7.11,140.59,TAKE_PICTURE,2.82,0.13,133.69,0.53,241.95
2026-02-03 12:09:26.861,6.76,147.89,TAKE_PICTURE,2.93,0.13,141.04,0.72,241.95
2026-02-03 12:09:27.033,6.99,143.07,TAKE_PICTURE,3.97,0.17,134.38,0.59,241.95
2026-02-03 12:09:27.202,7.04,142.11,TAKE_PICTURE,2.61,0.12,135.81,0.59,241.95
2026-02-03 12:09:27.382,6.68,149.76,TAKE_PICTURE,2.66,0.12,143.13,0.67,241.95
2026-02-03 12:09:27.554,7.05,141.78,TAKE_PICTURE,3.08,0.12,134.89,0.58,241.95
2026-02-03 12:09:27.717,7.25,137.85,TAKE_PICTURE,2.53,0.13,131.48,0.57,241.95
2026-02-03 12:09:27.884,7.15,139.80,TAKE_PICTURE,3.20,0.13,132.50,0.56,241.95
2026-02-03 12:09:28.051,7.21,138.69,TAKE_PICTURE,3.26,0.08,131.51,0.57,241.95
2026-02-03 12:09:28.221,7.15,139.87,TAKE_PICTURE,3.17,0.13,132.85,0.63,241.95
2026-02-03 12:09:28.399,6.57,152.21,TAKE_PICTURE,3.02,0.14,145.61,0.71,241.95
2026-02-03 12:09:28.570,7.14,140.09,TAKE_PICTURE,2.81,0.11,133.37,0.79,241.95
2026-02-03 12:09:28.737,7.16,139.69,TAKE_PICTURE,2.95,0.13,132.89,0.58,241.95
2026-02-03 12:09:28.903,7.21,138.75,TAKE_PICTURE,3.05,0.13,131.87,0.57,241.95
2026-02-03 12:09:29.088,6.33,158.03,TAKE_PICTURE,3.61,0.14,149.69,0.54,241.95
2026-02-03 12:09:29.255,7.15,139.89,TAKE_PICTURE,2.82,0.16,132.81,0.57,241.95
2026-02-03 12:09:29.418,7.37,135.68,TAKE_PICTURE,3.68,0.13,127.66,0.64,241.95
2026-02-03 12:09:29.591,6.80,147.11,TAKE_PICTURE,2.88,0.19,139.90,0.65,241.95
2026-02-03 12:09:29.766,6.97,143.52,TAKE_PICTURE,4.22,0.21,134.67,0.54,241.95
2026-02-03 12:09:29.931,7.37,135.61,TAKE_PICTURE,1.70,0.13,130.13,0.57,241.95
2026-02-03 12:09:30.101,6.96,143.72,TAKE_PICTURE,3.05,0.09,136.82,0.68,241.95
2026-02-03 12:09:30.274,7.14,140.07,TAKE_PICTURE,4.60,0.26,130.55,0.54,241.95
2026-02-03 12:09:30.439,7.19,139.11,TAKE_PICTURE,2.73,0.13,132.48,0.57,241.95
2026-02-03 12:09:30.600,7.35,136.08,TAKE_PICTURE,2.97,0.13,129.13,0.55,241.95
2026-02-03 12:09:30.778,6.56,152.36,TAKE_PICTURE,4.71,0.15,143.23,0.61,241.95
2026-02-03 12:09:30.948,7.12,140.40,TAKE_PICTURE,3.45,0.14,133.03,0.71,241.95
2026-02-03 12:09:31.114,7.17,139.56,TAKE_PICTURE,3.16,0.12,132.84,0.58,241.95
2026-02-03 12:09:31.286,6.77,147.75,TAKE_PICTURE,2.96,0.14,140.61,0.68,241.95
2026-02-03 12:09:31.453,7.18,139.26,TAKE_PICTURE,3.28,0.11,130.93,0.54,241.95
2026-02-03 12:09:31.618,7.21,138.69,TAKE_PICTURE,3.71,0.27,130.92,0.52,241.95
2026-02-03 12:09:31.785,7.16,139.60,TAKE_PICTURE,4.33,0.12,131.30,0.56,241.95
2026-02-03 12:09:31.887,13.00,76.91,RESULT,3.02,9.16,58.75,0.75,242.00
2026-02-03 12:09:32.184,3.71,269.62,RESULT,3.66,126.27,134.49,1.35,241.95
2026-02-03 12:09:32.371,6.29,158.88,RESULT,3.13,0.04,151.69,0.59,241.95
2026-02-03 12:09:32.539,6.78,147.51,RESULT,2.81,0.05,141.29,0.66,241.95
2026-02-03 12:09:32.715,6.23,160.63,RESULT,2.74,0.03,154.97,0.63,241.95
2026-02-03 12:09:32.880,6.71,149.04,RESULT,2.04,0.05,142.62,0.75,241.95
2026-02-03 12:09:33.059,6.18,161.76,RESULT,2.51,0.03,156.23,0.67,241.95
2026-02-03 12:09:33.224,6.67,149.91,RESULT,2.02,0.03,144.48,0.73,241.95
2026-02-03 12:09:33.396,6.42,155.76,RESULT,2.23,0.03,149.96,0.67,241.95
2026-02-03 12:09:33.562,6.70,149.29,RESULT,2.04,0.03,143.67,0.66,241.95
2026-02-03 12:09:33.737,6.31,158.47,RESULT,1.68,0.03,154.11,0.57,241.95
2026-02-03 12:09:33.898,6.88,145.30,RESULT,1.34,0.03,137.24,0.63,241.95
2026-02-03 12:09:34.060,6.85,146.04,RESULT,2.24,0.05,140.18,0.74,241.95
2026-02-03 12:09:34.223,6.94,144.01,RESULT,1.29,0.03,139.11,0.58,241.95
2026-02-03 12:09:34.384,6.93,144.39,RESULT,2.29,0.06,137.89,0.75,241.95
2026-02-03 12:09:34.549,6.69,149.45,RESULT,2.27,0.08,143.12,0.62,241.95
2026-02-03 12:09:34.714,6.74,148.45,RESULT,1.90,0.03,142.62,0.81,242.00
2026-02-03 12:09:34.881,6.63,150.91,RESULT,2.08,0.03,145.26,0.60,242.00
2026-02-03 12:09:35.043,6.86,145.85,RESULT,1.81,0.03,140.24,0.76,242.00
2026-02-03 12:09:35.205,6.83,146.41,RESULT,2.54,0.07,139.10,0.57,242.00
2026-02-03 12:09:35.365,6.96,143.61,RESULT,2.04,0.07,137.64,0.62,242.00
2026-02-03 12:09:35.533,6.60,151.63,RESULT,3.20,0.08,143.57,0.57,242.00
2026-02-03 12:09:35.693,6.92,144.49,RESULT,2.40,0.07,137.60,0.58,242.00
2026-02-03 12:09:35.867,6.33,157.95,RESULT,2.34,0.03,150.12,1.41,242.00
2026-02-03 12:09:36.027,6.97,143.43,RESULT,2.27,0.08,136.17,0.62,242.00
2026-02-03 12:09:36.189,6.89,145.11,RESULT,2.80,0.03,137.86,0.68,242.00
2026-02-03 12:09:36.352,6.89,145.05,RESULT,1.46,0.03,138.26,0.60,242.00
2026-02-03 12:09:36.512,6.98,143.36,RESULT,2.26,0.07,136.48,0.75,242.00
2026-02-03 12:09:36.683,6.44,155.34,RESULT,2.26,0.07,148.38,0.63,242.00
2026-02-03 12:09:36.842,7.03,142.25,RESULT,2.07,0.05,137.06,0.59,242.00
2026-02-03 12:09:37.013,6.44,155.29,RESULT,2.43,0.03,149.23,0.59,242.00
2026-02-03 12:09:37.172,7.00,142.94,RESULT,2.19,0.03,136.64,0.59,242.00
2026-02-03 12:09:37.329,7.05,141.81,RESULT,2.04,0.08,135.12,0.60,242.00
2026-02-03 12:09:37.503,6.43,155.55,RESULT,1.73,0.07,149.75,0.62,242.00
2026-02-03 12:09:37.668,6.71,149.03,RESULT,2.27,0.03,143.17,0.74,242.00
2026-02-03 12:09:37.831,6.97,143.50,RESULT,1.45,0.05,138.68,1.22,242.00
2026-02-03 12:09:37.990,7.01,142.74,RESULT,2.20,0.07,136.20,0.60,242.00
2026-02-03 12:09:38.159,6.52,153.39,RESULT,2.33,0.08,146.46,0.67,242.00
2026-02-03 12:09:38.319,6.95,143.96,RESULT,2.24,0.08,137.21,0.68,242.00
2026-02-03 12:09:38.482,6.80,147.02,RESULT,2.20,0.08,140.09,0.81,242.00
2026-02-03 12:09:38.645,6.83,146.45,RESULT,2.79,0.03,140.36,0.62,242.00
2026-02-03 12:09:38.803,7.01,142.73,RESULT,1.87,0.03,137.97,0.61,242.00
2026-02-03 12:09:38.975,6.41,156.06,RESULT,1.87,0.03,151.15,0.60,242.00
2026-02-03 12:09:39.137,6.86,145.78,RESULT,2.15,0.03,140.21,1.02,242.00
2026-02-03 12:09:39.306,6.53,153.12,RESULT,2.59,0.03,146.44,0.71,242.00
2026-02-03 12:09:39.479,6.38,156.82,RESULT,1.69,0.03,151.21,1.15,242.00
2026-02-03 12:09:39.641,6.86,145.88,RESULT,2.36,0.03,140.17,0.84,242.00
2026-02-03 12:09:39.811,6.50,153.86,RESULT,4.51,0.08,145.13,0.68,242.00
2026-02-03 12:09:39.975,6.75,148.07,RESULT,1.86,0.04,142.69,1.52,242.00
2026-02-03 12:09:40.139,6.77,147.74,RESULT,2.36,0.03,142.55,0.62,242.00
2026-02-03 12:09:40.303,6.74,148.29,RESULT,2.02,0.07,140.91,1.22,242.00
2026-02-03 12:09:40.468,6.93,144.33,RESULT,1.45,0.03,139.73,0.81,242.00
2026-02-03 12:09:40.635,6.62,151.07,RESULT,2.33,0.09,143.97,0.66,242.00
2026-02-03 12:09:40.798,6.83,146.42,RESULT,1.99,0.07,139.74,0.77,242.00
2026-02-03 12:09:40.962,6.94,144.07,RESULT,1.88,0.03,139.77,0.63,242.00
2026-02-03 12:09:41.128,6.64,150.51,RESULT,2.34,0.03,144.91,0.75,242.00
2026-02-03 12:09:41.291,6.84,146.15,RESULT,2.33,0.03,139.68,0.64,242.00
2026-02-03 12:09:41.451,6.95,143.81,RESULT,2.06,0.06,138.20,0.85,242.00
2026-02-03 12:09:41.622,6.45,155.13,RESULT,2.46,0.08,147.65,0.67,242.00
2026-02-03 12:09:41.783,6.92,144.48,RESULT,1.87,0.03,140.00,0.72,242.00
2026-02-03 12:09:41.947,6.74,148.41,RESULT,2.17,0.03,142.19,1.32,242.00
2026-02-03 12:09:42.112,6.71,149.08,RESULT,2.31,0.08,141.80,0.64,242.00
2026-02-03 12:09:42.272,6.94,144.08,RESULT,2.23,0.07,137.22,0.57,242.00
2026-02-03 12:09:42.435,6.81,146.92,RESULT,6.33,0.03,137.84,0.61,242.00
2026-02-03 12:09:42.605,6.49,154.05,RESULT,1.94,0.07,147.89,0.60,242.00
2026-02-03 12:09:42.770,6.76,147.88,RESULT,2.30,0.03,140.20,0.81,242.00
2026-02-03 12:09:42.935,6.71,149.03,RESULT,2.25,0.06,142.22,0.77,242.00
2026-02-03 12:09:43.112,6.22,160.68,RESULT,2.19,0.03,153.85,0.59,242.00
2026-02-03 12:09:43.279,6.61,151.26,RESULT,1.76,0.03,146.23,0.65,242.00
2026-02-03 12:09:43.440,6.92,144.43,RESULT,1.93,0.03,139.33,0.84,242.00
2026-02-03 12:09:43.609,6.59,151.69,RESULT,4.34,0.03,143.86,0.68,242.00
2026-02-03 12:09:43.770,6.89,145.10,RESULT,2.29,0.03,138.78,0.60,242.00
2026-02-03 12:09:43.941,6.43,155.58,RESULT,2.62,0.08,148.52,0.63,242.00
2026-02-03 12:09:44.101,6.98,143.29,RESULT,2.08,0.03,137.27,0.66,242.00
2026-02-03 12:09:44.261,6.94,144.13,RESULT,2.16,0.06,137.62,0.69,242.00
2026-02-03 12:09:44.427,6.62,150.95,RESULT,2.14,0.08,144.04,0.97,242.00
2026-02-03 12:09:44.586,7.01,142.72,RESULT,2.18,0.07,136.12,0.66,242.00
2026-02-03 12:09:44.745,6.98,143.31,RESULT,2.07,0.03,137.80,0.61,242.00
2026-02-03 12:09:44.909,6.77,147.62,RESULT,2.15,0.03,141.48,0.76,242.00
2026-02-03 12:09:45.070,6.91,144.73,RESULT,2.21,0.03,139.74,0.62,242.00
2026-02-03 12:09:45.231,6.87,145.56,RESULT,2.25,0.03,139.70,0.73,242.00
2026-02-03 12:09:45.390,7.01,142.63,RESULT,2.02,0.06,136.35,0.60,242.00
2026-02-03 12:09:45.554,6.73,148.55,RESULT,2.28,0.03,142.74,0.64,242.00
2026-02-03 12:09:45.720,6.71,148.99,RESULT,2.06,0.03,143.91,0.64,242.00
2026-02-03 12:09:45.879,6.97,143.44,RESULT,2.03,0.03,138.31,0.61,242.00
2026-02-03 12:09:46.040,6.86,145.74,RESULT,2.05,0.03,140.37,0.76,242.00
2026-02-03 12:09:46.208,6.61,151.17,RESULT,2.51,0.03,145.33,0.62,242.00
2026-02-03 12:09:46.367,7.00,142.80,RESULT,2.09,0.03,137.51,0.87,242.00
2026-02-03 12:09:46.528,6.87,145.57,RESULT,2.10,0.03,140.25,0.74,242.00
2026-02-03 12:09:46.692,6.77,147.75,RESULT,2.50,0.03,142.30,0.63,242.00
2026-02-03 12:09:46.852,6.96,143.73,RESULT,2.12,0.03,138.67,0.67,242.00
2026-02-03 12:09:47.011,7.01,142.75,RESULT,2.10,0.03,137.65,0.69,242.00
2026-02-03 12:09:47.185,6.30,158.73,RESULT,2.58,0.03,152.41,0.60,242.00
2026-02-03 12:09:47.346,6.92,144.56,RESULT,2.07,0.03,139.71,0.65,242.00
2026-02-03 12:09:47.506,6.92,144.40,RESULT,2.10,0.03,139.55,0.61,242.00
2026-02-03 12:09:47.666,6.93,144.23,RESULT,2.05,0.03,138.42,0.75,242.00
2026-02-03 12:09:47.839,6.40,156.35,RESULT,2.53,0.03,150.68,0.60,242.00
2026-02-03 12:09:47.999,6.94,144.10,RESULT,2.10,0.03,138.71,1.09,242.00
2026-02-03 12:09:48.161,6.84,146.19,RESULT,2.08,0.03,140.67,0.82,242.00
2026-02-03 12:09:48.329,6.59,151.73,RESULT,2.53,0.03,146.20,0.60,242.00
2026-02-03 12:09:48.490,6.89,145.21,RESULT,2.08,0.03,140.41,0.60,242.00
2026-02-03 12:09:48.649,6.97,143.53,RESULT,2.07,0.03,137.87,0.60,242.00
2026-02-03 12:09:48.822,6.39,156.53,RESULT,2.17,0.03,151.51,0.74,242.00
2026-02-03 12:09:48.986,6.75,148.14,RESULT,2.11,0.03,142.46,0.60,242.00
2026-02-03 12:09:49.147,6.91,144.77,RESULT,1.98,0.03,138.76,1.10,242.00
2026-02-03 12:09:49.318,6.45,154.94,RESULT,2.02,0.03,149.65,0.60,242.00
2026-02-03 12:09:49.479,6.88,145.28,RESULT,2.08,0.03,139.14,0.85,242.00
2026-02-03 12:09:49.646,6.61,151.20,RESULT,2.17,0.03,146.02,0.61,242.00
2026-02-03 12:09:49.805,7.01,142.64,RESULT,2.01,0.03,137.07,0.65,242.00
2026-02-03 12:09:49.971,6.64,150.53,RESULT,2.05,0.03,145.32,1.05,242.00
2026-02-03 12:09:50.130,7.00,142.77,RESULT,2.04,0.03,137.96,0.60,242.00
2026-02-03 12:09:50.290,6.94,144.11,RESULT,2.04,0.03,138.44,0.67,242.00
2026-02-03 12:09:50.456,6.64,150.52,RESULT,2.21,0.03,144.73,0.58,242.00
2026-02-03 12:09:50.617,6.91,144.80,RESULT,2.29,0.06,138.10,0.62,242.00
2026-02-03 12:09:50.777,6.94,144.16,RESULT,2.48,0.07,137.01,0.66,242.00
2026-02-03 12:09:50.939,6.85,145.92,RESULT,2.20,0.03,139.49,0.64,242.00
2026-02-03 12:09:51.102,6.81,146.79,RESULT,1.64,0.03,141.43,0.62,242.00
2026-02-03 12:09:51.259,7.07,141.42,RESULT,2.14,0.03,135.77,0.68,242.00
2026-02-03 12:09:51.422,6.82,146.64,RESULT,2.03,0.03,141.68,0.70,242.00
2026-02-03 12:09:51.583,6.89,145.08,RESULT,2.46,0.03,139.14,0.57,242.00
2026-02-03 12:09:51.743,6.97,143.45,RESULT,2.42,0.03,136.39,0.70,242.00
2026-02-03 12:09:51.906,6.82,146.73,RESULT,2.38,0.03,139.78,0.74,242.00
2026-02-03 12:09:52.079,6.37,156.98,RESULT,2.36,0.05,151.26,0.63,242.00
2026-02-03 12:09:52.242,6.82,146.58,RESULT,2.09,0.03,140.67,0.60,242.00
2026-02-03 12:09:52.401,6.99,143.01,RESULT,2.22,0.03,138.08,0.65,242.00
2026-02-03 12:09:52.567,6.65,150.43,RESULT,2.18,0.03,145.14,0.74,242.00
2026-02-03 12:09:52.727,6.97,143.44,RESULT,2.32,0.03,136.47,0.64,242.00
2026-02-03 12:09:52.894,6.60,151.43,RESULT,2.26,0.08,140.84,4.65,242.00
2026-02-03 12:09:53.062,6.59,151.76,RESULT,2.10,0.08,144.36,0.66,242.00
2026-02-03 12:09:53.221,6.99,143.09,RESULT,2.46,0.03,137.14,0.59,242.00
2026-02-03 12:09:53.393,6.39,156.60,RESULT,2.36,0.03,150.28,0.59,242.00
2026-02-03 12:09:53.556,6.83,146.40,RESULT,4.42,0.06,139.14,0.74,242.00
2026-02-03 12:09:53.727,6.45,154.99,RESULT,2.44,0.03,148.00,0.60,242.00
2026-02-03 12:09:53.888,6.89,145.24,RESULT,2.78,0.03,139.50,0.82,242.00
2026-02-03 12:09:54.057,6.56,152.44,RESULT,2.17,0.03,145.81,0.63,242.00
2026-02-03 12:09:54.216,6.97,143.50,RESULT,2.12,0.08,137.77,0.65,242.00
2026-02-03 12:09:54.384,6.60,151.57,RESULT,2.20,0.07,144.74,0.79,242.00
2026-02-03 12:09:54.551,6.70,149.30,RESULT,3.62,0.03,142.25,0.59,242.00
2026-02-03 12:09:54.712,6.91,144.65,RESULT,2.07,0.03,139.22,0.72,242.00
2026-02-03 12:09:54.890,6.45,154.97,RESULT,2.53,0.05,149.35,0.73,242.00
2026-02-03 12:09:55.050,6.99,143.05,RESULT,1.87,0.03,137.78,0.58,242.00
2026-02-03 12:09:55.227,6.39,156.42,RESULT,2.27,0.03,150.11,1.24,242.00
2026-02-03 12:09:55.385,7.01,142.64,RESULT,1.94,0.03,137.45,0.66,242.00
2026-02-03 12:09:55.552,6.63,150.87,RESULT,5.15,0.03,142.78,0.80,242.00
2026-02-03 12:09:55.716,6.77,147.71,RESULT,2.57,0.03,140.83,0.66,242.00
2026-02-03 12:09:55.876,6.96,143.62,RESULT,1.99,0.03,137.78,0.63,242.00
2026-02-03 12:09:56.049,6.48,154.37,RESULT,2.60,0.03,148.31,0.70,242.00
2026-02-03 12:09:56.216,6.64,150.62,RESULT,2.25,0.03,144.79,0.71,242.00
2026-02-03 12:09:56.383,6.65,150.46,RESULT,2.29,0.03,143.02,1.46,242.00
2026-02-03 12:09:56.543,6.95,143.97,RESULT,1.81,0.03,138.06,1.28,242.00
2026-02-03 12:09:56.714,6.44,155.21,RESULT,2.23,0.03,148.80,0.61,242.00
2026-02-03 12:09:56.883,6.54,152.95,RESULT,2.09,0.03,147.30,0.81,242.00
2026-02-03 12:09:57.046,6.81,146.87,RESULT,2.40,0.03,141.50,0.62,242.00
2026-02-03 12:09:57.207,6.90,144.88,RESULT,2.13,0.03,139.39,1.34,242.00
2026-02-03 12:09:57.378,6.48,154.36,RESULT,2.41,0.08,147.26,0.65,242.00
2026-02-03 12:09:57.537,6.96,143.58,RESULT,1.97,0.03,137.83,0.65,242.00
2026-02-03 12:09:57.711,6.33,157.88,RESULT,2.05,0.03,151.52,0.72,242.00
2026-02-03 12:09:57.874,6.86,145.80,RESULT,2.76,0.03,138.35,0.73,242.00
2026-02-03 12:09:58.044,6.48,154.32,RESULT,2.22,0.03,149.20,0.61,242.00
2026-02-03 12:09:58.213,6.55,152.75,RESULT,2.31,0.07,145.54,0.83,242.00
2026-02-03 12:09:58.376,6.80,147.13,RESULT,1.95,0.07,141.05,0.61,242.00
2026-02-03 12:09:58.536,6.97,143.49,RESULT,1.98,0.03,137.85,0.61,242.00
2026-02-03 12:09:58.708,6.40,156.32,RESULT,2.17,0.03,151.26,0.57,242.00
2026-02-03 12:09:58.867,6.98,143.23,RESULT,2.12,0.03,138.23,0.59,242.00
2026-02-03 12:09:59.036,6.56,152.42,RESULT,2.08,0.03,147.19,0.67,242.00
2026-02-03 12:09:59.195,6.98,143.34,RESULT,2.23,0.06,138.32,0.62,242.00
2026-02-03 12:09:59.359,6.75,148.17,RESULT,2.17,0.03,142.48,0.78,242.00
2026-02-03 12:09:59.526,6.62,151.00,RESULT,2.28,0.03,145.72,0.65,242.00
2026-02-03 12:09:59.687,6.92,144.42,RESULT,2.45,0.03,138.77,1.01,242.00
2026-02-03 12:09:59.854,6.61,151.38,RESULT,2.22,0.03,146.26,0.59,242.00
2026-02-03 12:10:00.015,6.91,144.70,RESULT,2.56,0.03,137.55,0.86,242.00
2026-02-03 12:10:00.175,6.94,144.13,RESULT,2.48,0.03,137.30,0.65,242.00
2026-02-03 12:10:00.346,6.43,155.51,RESULT,2.36,0.03,148.97,0.60,242.00
2026-02-03 12:10:00.506,6.95,143.92,RESULT,1.76,0.03,139.31,0.60,242.00
2026-02-03 12:10:00.668,6.84,146.16,RESULT,1.97,0.07,140.71,0.72,242.00
2026-02-03 12:10:00.840,6.42,155.80,RESULT,2.41,0.03,148.62,0.62,242.00
2026-02-03 12:10:01.007,6.60,151.62,RESULT,1.96,0.03,145.62,0.66,242.00
2026-02-03 12:10:01.181,6.35,157.50,RESULT,1.78,0.03,152.30,0.60,242.00
2026-02-03 12:10:01.340,6.97,143.52,RESULT,1.88,0.06,137.57,0.63,242.00
2026-02-03 12:10:01.512,6.49,154.18,RESULT,2.88,0.06,147.85,0.80,242.00
2026-02-03 12:10:01.674,7.02,142.50,RESULT,1.34,0.06,138.37,0.67,242.00
2026-02-03 12:10:01.837,6.77,147.67,RESULT,2.54,0.03,140.16,0.75,242.00
2026-02-03 12:10:02.002,6.76,147.98,RESULT,2.60,0.03,142.05,0.57,242.00
2026-02-03 12:10:02.165,6.81,146.82,RESULT,1.67,0.03,142.25,0.96,242.00
2026-02-03 12:10:02.331,6.67,149.88,RESULT,2.09,0.03,144.42,0.83,242.00
2026-02-03 12:10:02.492,6.88,145.40,RESULT,2.16,0.03,140.35,0.70,242.00
2026-02-03 12:10:02.659,6.67,149.85,RESULT,4.96,0.06,141.91,0.61,242.00
2026-02-03 12:10:02.822,6.82,146.65,RESULT,2.02,0.03,141.72,0.65,242.00
2026-02-03 12:10:02.995,6.37,157.05,RESULT,2.70,0.07,149.31,0.63,242.00
2026-02-03 12:10:03.163,6.58,151.93,RESULT,2.09,0.07,144.90,0.84,242.00
2026-02-03 12:10:03.326,6.80,147.14,RESULT,2.52,0.03,139.09,0.69,242.00
2026-02-03 12:10:03.487,6.93,144.35,RESULT,2.34,0.03,138.70,0.63,242.00
2026-02-03 12:10:03.651,6.74,148.39,RESULT,2.04,0.03,142.92,0.62,242.00
2026-02-03 12:10:03.810,6.98,143.37,RESULT,2.16,0.03,138.00,0.64,242.00
2026-02-03 12:10:03.975,6.73,148.63,RESULT,2.33,0.03,142.70,0.77,242.00
2026-02-03 12:10:04.141,6.79,147.34,RESULT,2.44,0.03,141.06,0.77,242.00
2026-02-03 12:10:04.308,6.63,150.72,RESULT,2.41,0.03,144.29,0.59,242.00
2026-02-03 12:10:04.468,6.91,144.78,RESULT,2.07,0.07,138.07,0.70,242.00
2026-02-03 12:10:04.637,6.56,152.44,RESULT,2.62,0.03,145.56,0.59,242.00
2026-02-03 12:10:04.799,6.83,146.50,RESULT,2.10,0.03,139.94,0.71,242.00
2026-02-03 12:10:04.964,6.76,147.93,RESULT,2.13,0.03,143.03,0.59,242.00
2026-02-03 12:10:05.130,6.66,150.26,RESULT,2.15,0.03,145.25,0.67,242.00
2026-02-03 12:10:05.291,6.91,144.66,RESULT,1.99,0.03,138.68,1.10,242.00
2026-02-03 12:10:05.456,6.68,149.79,RESULT,2.51,0.03,144.38,0.75,242.00
2026-02-03 12:10:05.618,6.87,145.58,RESULT,2.26,0.03,140.46,0.69,242.00
2026-02-03 12:10:05.783,6.73,148.54,RESULT,2.00,0.03,142.97,0.69,242.00
2026-02-03 12:10:05.943,6.95,143.86,RESULT,2.09,0.03,138.84,0.68,242.00
2026-02-03 12:10:06.105,6.81,146.83,RESULT,2.16,0.03,141.15,0.74,242.00
2026-02-03 12:10:06.266,6.92,144.50,RESULT,2.05,0.03,139.64,0.65,242.00
2026-02-03 12:10:06.432,6.64,150.64,RESULT,2.10,0.03,144.92,0.62,242.00
2026-02-03 12:10:06.592,6.99,143.14,RESULT,2.27,0.03,138.14,0.62,242.00
2026-02-03 12:10:06.764,6.39,156.61,RESULT,2.08,0.08,149.32,0.62,242.00
2026-02-03 12:10:06.926,6.86,145.72,RESULT,3.24,0.03,139.33,0.79,242.00
2026-02-03 12:10:07.094,6.59,151.69,RESULT,2.44,0.03,145.53,0.85,242.00
2026-02-03 12:10:07.253,6.99,143.10,RESULT,2.34,0.03,137.19,0.59,242.00
2026-02-03 12:10:07.419,6.64,150.52,RESULT,2.21,0.03,144.18,0.61,242.00
2026-02-03 12:10:07.578,6.99,142.99,RESULT,2.11,0.08,136.11,0.64,242.00
2026-02-03 12:10:07.746,6.59,151.71,RESULT,2.42,0.03,145.93,0.68,242.00
2026-02-03 12:10:07.906,6.95,143.86,RESULT,2.41,0.03,137.95,0.67,242.00
2026-02-03 12:10:08.074,6.57,152.12,RESULT,2.16,0.03,144.94,0.68,242.00
2026-02-03 12:10:08.252,6.23,160.62,RESULT,2.80,0.07,153.80,0.57,242.00
2026-02-03 12:10:08.421,6.59,151.85,RESULT,2.91,0.03,144.77,0.80,242.00
2026-02-03 12:10:08.596,6.34,157.81,RESULT,1.91,0.03,152.04,0.71,241.95
2026-02-03 12:10:08.757,6.91,144.74,RESULT,2.26,0.03,139.49,0.69,241.95
2026-02-03 12:10:08.922,6.67,149.96,RESULT,2.15,0.03,144.92,0.65,241.95
2026-02-03 12:10:09.083,6.95,143.93,RESULT,2.88,0.07,137.15,0.58,241.95
2026-02-03 12:10:09.244,6.93,144.34,RESULT,2.32,0.06,137.51,0.73,241.95
2026-02-03 12:10:09.415,6.60,151.44,RESULT,2.43,0.03,144.64,1.05,241.95
2026-02-03 12:10:09.575,6.92,144.54,RESULT,2.30,0.03,138.32,0.61,241.95
2026-02-03 12:10:09.742,6.64,150.63,RESULT,2.28,0.05,144.46,0.58,241.95
2026-02-03 12:10:09.902,6.94,144.13,RESULT,2.40,0.05,138.22,0.58,241.95
2026-02-03 12:10:10.072,6.48,154.24,RESULT,2.50,0.03,147.30,0.58,241.95
2026-02-03 12:10:10.233,6.89,145.10,RESULT,2.74,0.08,137.84,0.58,241.95
2026-02-03 12:10:10.397,6.73,148.52,RESULT,2.14,0.03,143.14,0.73,241.95
2026-02-03 12:10:10.564,6.85,146.04,RESULT,1.42,0.03,142.05,0.60,241.95
2026-02-03 12:10:10.725,6.91,144.69,RESULT,2.41,0.07,137.50,0.76,241.95
2026-02-03 12:10:10.888,6.80,147.14,RESULT,2.60,0.06,140.24,0.75,241.95
2026-02-03 12:10:11.050,6.86,145.81,RESULT,2.40,0.07,139.03,0.59,241.95
2026-02-03 12:10:11.213,6.81,146.77,RESULT,2.33,0.03,140.33,0.75,241.95
2026-02-03 12:10:11.375,6.84,146.21,RESULT,2.07,0.03,140.46,1.20,241.95
2026-02-03 12:10:11.535,6.93,144.29,RESULT,2.13,0.03,138.69,0.74,241.95
2026-02-03 12:10:11.703,6.60,151.57,RESULT,2.40,0.08,144.12,0.58,241.95
2026-02-03 12:10:11.865,6.88,145.31,RESULT,2.88,0.03,137.62,0.60,241.95
2026-02-03 12:10:12.025,6.97,143.49,RESULT,3.05,0.08,137.10,0.60,241.95
2026-02-03 12:10:12.191,6.64,150.66,RESULT,3.62,0.07,142.89,1.41,241.95
2026-02-03 12:10:12.351,6.97,143.55,RESULT,2.15,0.03,138.53,0.67,241.95
2026-02-03 12:10:12.516,6.71,149.10,RESULT,2.13,0.07,142.20,0.63,241.95
2026-02-03 12:10:12.681,6.82,146.71,RESULT,1.82,0.07,140.53,1.15,241.95
2026-02-03 12:10:12.842,6.90,144.98,RESULT,2.09,0.03,139.75,0.75,241.95
2026-02-03 12:10:13.009,6.62,151.11,RESULT,2.53,0.03,144.84,0.63,241.95
2026-02-03 12:10:13.171,6.83,146.45,RESULT,2.10,0.03,141.63,0.59,241.95
2026-02-03 12:10:13.333,6.88,145.45,RESULT,2.02,0.03,140.57,0.63,241.95
2026-02-03 12:10:13.497,6.75,148.16,RESULT,2.11,0.03,143.20,0.61,241.95
2026-02-03 12:10:13.656,6.98,143.25,RESULT,2.12,0.03,138.26,0.68,241.95
2026-02-03 12:10:13.818,6.83,146.40,RESULT,2.12,0.03,141.48,0.66,241.95
2026-02-03 12:10:13.990,6.41,155.98,RESULT,2.03,0.03,150.25,0.59,241.95
2026-02-03 12:10:14.148,7.02,142.52,RESULT,2.05,0.03,136.70,0.81,241.95
2026-02-03 12:10:14.314,6.70,149.34,RESULT,2.24,0.03,144.04,0.81,241.95
2026-02-03 12:10:14.472,7.04,142.15,RESULT,2.09,0.03,136.12,0.73,241.95
2026-02-03 12:10:14.630,7.04,142.12,RESULT,2.05,0.03,136.93,0.75,241.95
2026-02-03 12:10:14.788,7.03,142.25,RESULT,2.37,0.03,137.12,0.61,241.95
2026-02-03 12:10:14.960,6.41,155.92,RESULT,2.29,0.03,150.43,0.64,241.95
2026-02-03 12:10:15.119,6.95,143.93,RESULT,2.05,0.03,138.72,0.78,241.95
2026-02-03 12:10:15.279,6.96,143.62,RESULT,2.06,0.03,138.36,0.73,241.95
2026-02-03 12:10:15.445,6.64,150.57,RESULT,2.03,0.03,145.38,0.68,241.95
2026-02-03 12:10:15.605,6.95,143.96,RESULT,2.09,0.03,138.89,0.63,241.95
2026-02-03 12:10:15.766,6.93,144.34,RESULT,2.16,0.03,138.88,0.66,241.95
2026-02-03 12:10:15.932,6.63,150.76,RESULT,2.43,0.03,145.51,0.68,241.95
2026-02-03 12:10:16.092,6.97,143.46,RESULT,2.13,0.03,138.45,0.60,241.95
2026-02-03 12:10:16.252,6.91,144.67,RESULT,2.02,0.03,139.53,0.70,241.95
2026-02-03 12:10:16.420,6.61,151.38,RESULT,2.59,0.03,145.44,0.57,241.95
2026-02-03 12:10:16.583,6.80,146.98,RESULT,2.17,0.03,141.18,1.43,241.95
2026-02-03 12:10:16.755,6.44,155.38,RESULT,2.50,0.03,149.84,0.66,241.95
2026-02-03 12:10:16.915,6.94,144.19,RESULT,2.99,0.03,137.99,0.81,241.95
2026-02-03 12:10:17.087,6.41,156.05,RESULT,2.47,0.05,150.38,0.83,241.95
2026-02-03 12:10:17.249,6.86,145.84,RESULT,2.04,0.07,139.31,0.73,241.95
2026-02-03 12:10:17.416,6.63,150.83,RESULT,5.08,0.03,142.84,0.68,241.95
2026-02-03 12:10:17.579,6.79,147.28,RESULT,2.10,0.03,142.22,0.76,241.95
2026-02-03 12:10:17.743,6.79,147.20,RESULT,2.55,0.03,141.26,1.15,241.95
2026-02-03 12:10:17.904,6.87,145.61,RESULT,2.15,0.03,140.54,0.75,241.95
2026-02-03 12:10:18.069,6.70,149.23,RESULT,2.06,0.03,144.26,0.65,241.95
2026-02-03 12:10:18.235,6.87,145.46,RESULT,2.27,0.03,139.91,1.12,241.95
2026-02-03 12:10:18.397,6.82,146.59,RESULT,2.06,0.03,141.46,0.78,241.95
2026-02-03 12:10:18.563,6.69,149.55,RESULT,5.10,0.03,141.72,0.63,241.95
2026-02-03 12:10:18.723,6.94,144.06,RESULT,2.15,0.03,138.25,1.08,241.95
2026-02-03 12:10:18.892,6.53,153.15,RESULT,2.42,0.04,147.68,0.59,241.95
2026-02-03 12:10:19.056,6.79,147.38,RESULT,2.36,0.03,141.99,0.80,241.95
2026-02-03 12:10:19.220,6.73,148.50,RESULT,2.52,0.03,142.60,1.05,241.95
2026-02-03 12:10:19.382,6.88,145.35,RESULT,2.08,0.03,140.29,0.77,241.95
2026-02-03 12:10:19.547,6.70,149.27,RESULT,2.60,0.03,143.72,0.61,241.95
2026-02-03 12:10:19.711,6.77,147.73,RESULT,2.31,0.07,140.66,0.88,241.95
2026-02-03 12:10:19.878,6.71,148.93,RESULT,2.57,0.03,143.26,0.65,241.95
2026-02-03 12:10:20.038,6.94,144.07,RESULT,2.04,0.03,138.39,0.70,241.95
2026-02-03 12:10:20.209,6.46,154.75,RESULT,2.40,0.03,149.29,0.59,241.95
2026-02-03 12:10:20.369,6.94,144.05,RESULT,1.96,0.03,137.84,0.60,241.95
2026-02-03 12:10:20.541,6.40,156.24,RESULT,1.61,0.03,151.47,0.60,241.95
2026-02-03 12:10:20.700,6.99,143.12,RESULT,2.03,0.03,138.27,0.63,241.95
2026-02-03 12:10:20.872,6.40,156.20,RESULT,2.50,0.03,150.63,0.62,241.95
2026-02-03 12:10:21.032,6.95,143.96,RESULT,2.05,0.03,139.34,0.61,241.95
2026-02-03 12:10:21.196,6.74,148.28,RESULT,2.15,0.03,143.38,0.59,241.95
2026-02-03 12:10:21.359,6.80,147.07,RESULT,2.20,0.03,142.00,0.67,241.95
2026-02-03 12:10:21.427,19.30,51.82,READY,2.03,0.23,46.81,0.56,241.95
2026-02-03 12:10:21.715,3.98,250.94,READY,36.57,109.97,101.43,0.61,242.20
2026-02-03 12:10:21.867,7.53,132.78,READY,1.61,0.63,127.75,0.68,242.20
2026-02-03 12:10:22.013,7.92,126.31,READY,2.53,1.02,115.90,0.61,242.20
2026-02-03 12:10:22.141,8.88,112.64,READY,2.20,0.52,106.75,0.58,242.20
2026-02-03 12:10:22.274,8.58,116.48,READY,5.10,0.59,107.96,0.61,242.20
2026-02-03 12:10:22.513,4.49,222.90,READY,2.30,115.84,101.97,0.59,242.20
2026-02-03 12:10:22.658,8.04,124.38,READY,1.49,1.35,117.36,1.15,242.20
2026-02-03 12:10:22.796,8.28,120.84,READY,1.77,1.33,113.47,0.57,242.20
2026-02-03 12:10:22.924,8.91,112.26,READY,2.08,0.60,106.40,0.64,242.20
2026-02-03 12:10:23.052,8.92,112.13,READY,2.21,0.49,106.12,0.61,242.20
2026-02-03 12:10:23.288,4.55,219.64,READY,2.07,114.57,99.83,0.61,242.20
2026-02-03 12:10:23.427,8.44,118.54,READY,1.44,0.58,113.71,0.68,242.20
2026-02-03 12:10:23.563,8.42,118.76,READY,1.99,0.65,112.90,0.64,242.20
2026-02-03 12:10:23.694,8.73,114.52,READY,2.33,0.85,106.98,0.57,242.20
2026-02-03 12:10:23.823,8.82,113.32,READY,2.28,0.75,105.80,0.60,242.20
2026-02-03 12:10:24.071,4.32,231.62,READY,2.30,124.87,100.30,0.63,242.20
2026-02-03 12:10:24.213,8.24,121.31,READY,1.78,1.34,114.15,0.66,242.20
2026-02-03 12:10:24.350,8.43,118.61,READY,3.84,0.63,110.04,0.64,242.20
2026-02-03 12:10:24.479,8.84,113.17,READY,2.04,0.66,106.98,0.63,242.20
2026-02-03 12:10:24.609,8.77,114.07,READY,2.21,0.52,107.35,0.60,242.20
2026-02-03 12:10:24.845,4.55,219.61,READY,2.07,113.58,100.18,0.58,242.20
2026-02-03 12:10:24.985,8.39,119.13,READY,1.22,1.48,113.10,0.60,242.20
2026-02-03 12:10:25.127,8.27,120.85,READY,2.12,0.66,115.27,0.58,242.20
2026-02-03 12:10:25.256,8.83,113.27,READY,2.36,0.57,107.45,0.66,242.20
2026-02-03 12:10:25.387,8.75,114.29,READY,2.23,0.56,108.61,0.69,242.20
2026-02-03 12:10:25.624,4.52,221.21,READY,2.30,115.62,99.96,0.57,242.20
2026-02-03 12:10:25.770,8.02,124.68,READY,2.81,1.01,117.12,0.65,242.20
2026-02-03 12:10:25.904,8.51,117.49,READY,2.33,0.68,111.42,0.59,242.20
2026-02-03 12:10:26.035,8.74,114.40,READY,2.21,0.63,108.77,0.63,242.20
2026-02-03 12:10:26.164,8.86,112.83,READY,2.27,0.66,106.70,0.64,242.20
2026-02-03 12:10:26.400,4.52,221.08,READY,1.73,114.52,102.03,0.66,242.20
2026-02-03 12:10:26.543,8.22,121.66,READY,1.54,1.37,114.58,0.72,242.20
2026-02-03 12:10:26.677,8.55,116.97,READY,2.50,0.61,110.74,0.59,242.20
2026-02-03 12:10:26.807,8.80,113.59,READY,2.31,0.55,106.87,0.58,242.20
2026-02-03 12:10:26.938,8.73,114.54,READY,2.73,0.51,106.32,0.57,242.20
2026-02-03 12:10:27.177,4.47,223.48,READY,3.64,115.10,101.29,0.58,242.20
2026-02-03 12:10:27.320,8.25,121.23,READY,1.32,1.42,114.42,0.70,242.20
2026-02-03 12:10:27.457,8.31,120.37,READY,5.34,1.17,109.77,1.30,242.20
2026-02-03 12:10:27.588,8.70,115.01,READY,2.02,0.47,108.70,0.58,242.20
2026-02-03 12:10:27.731,7.99,125.19,READY,3.14,1.44,116.52,0.71,242.14
2026-02-03 12:10:27.970,4.49,222.81,READY,2.41,114.63,100.90,0.61,242.14
2026-02-03 12:10:28.120,7.82,127.86,READY,3.01,1.48,119.31,0.73,242.14
2026-02-03 12:10:28.259,8.48,117.99,READY,5.32,1.10,108.31,0.61,242.14
2026-02-03 12:10:28.388,8.81,113.46,READY,1.97,0.44,107.74,0.60,242.14
2026-02-03 12:10:28.518,8.79,113.73,READY,2.10,0.48,107.87,0.59,242.14
2026-02-03 12:10:28.757,4.49,222.68,READY,2.26,117.28,100.13,0.61,242.14
2026-02-03 12:10:28.901,8.13,122.97,READY,1.32,1.38,116.23,0.69,242.14
2026-02-03 12:10:29.037,8.39,119.16,READY,2.05,0.67,113.58,0.66,242.14
2026-02-03 12:10:29.167,8.77,114.03,READY,2.01,0.44,107.47,0.59,242.14
2026-02-03 12:10:29.297,8.74,114.41,READY,2.04,0.78,108.59,0.65,242.14
2026-02-03 12:10:29.535,4.51,221.86,READY,2.52,114.56,99.83,0.62,242.14
2026-02-03 12:10:29.678,8.25,121.26,READY,1.32,1.46,114.33,0.66,242.14
2026-02-03 12:10:29.814,8.45,118.39,READY,2.05,1.28,110.71,0.58,242.14
2026-02-03 12:10:29.945,8.72,114.64,READY,1.99,0.57,108.10,0.62,242.14
2026-02-03 12:10:30.075,8.81,113.46,READY,2.01,0.47,106.60,0.68,242.14
2026-02-03 12:10:30.309,4.58,218.19,READY,1.95,112.90,99.95,0.65,242.14
2026-02-03 12:10:30.445,8.59,116.38,READY,2.04,0.61,110.28,0.67,242.14
2026-02-03 12:10:30.579,8.50,117.65,READY,2.28,0.62,111.02,0.60,242.14
2026-02-03 12:10:30.710,8.73,114.51,READY,2.16,0.96,107.01,0.61,242.14
2026-02-03 12:10:30.838,8.91,112.29,READY,2.31,1.11,104.74,0.62,242.14
2026-02-03 12:10:31.075,4.52,221.00,READY,2.12,114.66,100.09,0.61,242.14
2026-02-03 12:10:31.212,8.46,118.14,READY,2.19,0.54,112.11,0.69,242.14
2026-02-03 12:10:31.351,8.21,121.85,READY,1.85,1.28,114.40,0.64,242.14
2026-02-03 12:10:31.483,8.61,116.13,READY,2.11,0.46,110.16,0.62,242.14
2026-02-03 12:10:31.614,8.70,114.92,READY,2.29,0.56,108.06,0.59,242.14
2026-02-03 12:10:31.864,4.27,234.44,READY,2.11,127.23,101.34,0.66,242.14
2026-02-03 12:10:32.003,8.43,118.60,READY,1.65,0.68,113.54,0.69,242.14
2026-02-03 12:10:32.137,8.57,116.70,READY,2.28,0.54,109.55,0.65,242.14
2026-02-03 12:10:32.267,8.80,113.59,READY,2.07,0.46,107.06,0.64,242.14
2026-02-03 12:10:32.395,8.91,112.17,READY,2.23,0.66,105.90,0.75,242.14
2026-02-03 12:10:32.632,4.53,220.69,READY,3.26,112.89,100.82,0.62,242.14
2026-02-03 12:10:32.771,8.49,117.76,READY,1.37,1.10,111.45,0.68,242.14
2026-02-03 12:10:32.906,8.51,117.45,READY,2.11,0.56,111.47,0.58,242.14
2026-02-03 12:10:33.035,8.80,113.61,READY,2.08,0.55,108.16,0.57,242.14
2026-02-03 12:10:33.167,8.66,115.49,READY,2.12,1.23,107.57,0.61,242.14
2026-02-03 12:10:33.403,4.53,220.81,READY,2.11,114.52,100.69,0.60,242.14
2026-02-03 12:10:33.554,7.75,129.06,READY,1.66,1.29,121.36,0.84,242.14
2026-02-03 12:10:33.688,8.56,116.83,READY,2.10,1.04,109.25,0.63,242.14
2026-02-03 12:10:33.819,8.68,115.20,READY,5.46,0.63,106.41,0.60,242.14
2026-02-03 12:10:33.950,8.69,115.05,READY,4.04,0.52,106.51,0.62,242.14
2026-02-03 12:10:34.190,4.47,223.89,READY,1.90,115.63,102.51,0.58,242.14
2026-02-03 12:10:34.333,8.24,121.42,READY,1.40,2.38,114.18,0.73,242.14
2026-02-03 12:10:34.470,8.31,120.27,READY,2.49,0.82,112.39,0.63,242.14
2026-02-03 12:10:34.599,8.85,113.03,READY,2.62,0.69,106.03,0.58,242.14
2026-02-03 12:10:34.729,8.81,113.55,READY,2.07,1.10,106.00,0.59,242.14
2026-02-03 12:10:34.967,4.55,219.58,READY,2.14,113.12,101.66,0.57,242.14
2026-02-03 12:10:35.109,8.28,120.76,READY,1.31,1.26,113.52,0.68,242.14
2026-02-03 12:10:35.245,8.45,118.37,READY,2.35,1.36,110.17,0.59,242.14
2026-02-03 12:10:35.373,8.88,112.59,READY,2.20,0.49,105.19,0.62,242.14
2026-02-03 12:10:35.505,8.62,116.04,READY,5.22,0.94,107.05,0.64,242.14
2026-02-03 12:10:35.743,4.51,221.62,READY,5.34,112.28,101.30,0.65,242.14
2026-02-03 12:10:35.891,7.88,126.94,READY,1.35,1.30,120.63,0.75,242.14
2026-02-03 12:10:36.024,8.66,115.54,READY,1.99,1.32,108.72,0.65,242.14
2026-02-03 12:10:36.154,8.82,113.43,READY,2.01,0.90,106.26,0.67,242.14
2026-02-03 12:10:36.284,8.71,114.75,READY,4.89,0.57,106.64,0.61,242.14
2026-02-03 12:10:36.521,4.52,221.39,READY,8.71,109.32,99.60,0.62,242.14
2026-02-03 12:10:36.663,8.31,120.32,READY,1.29,1.09,114.03,0.74,242.14
2026-02-03 12:10:36.798,8.47,118.11,READY,2.77,0.98,109.67,0.63,242.14
2026-02-03 12:10:36.928,8.75,114.27,READY,1.92,0.60,108.18,0.58,242.14
2026-02-03 12:10:37.057,8.86,112.82,READY,1.99,0.96,105.85,0.58,242.14
2026-02-03 12:10:37.295,4.49,222.47,READY,1.98,116.23,100.23,0.58,242.14
2026-02-03 12:10:37.443,8.00,124.94,READY,4.31,1.90,114.87,0.70,242.14
2026-02-03 12:10:37.577,8.62,115.99,READY,2.04,0.53,109.07,0.67,242.14
2026-02-03 12:10:37.708,8.68,115.24,READY,1.34,0.67,106.42,0.57,242.14
2026-02-03 12:10:37.838,8.76,114.16,READY,1.96,1.07,106.93,0.59,242.14
2026-02-03 12:10:38.070,4.61,216.83,READY,1.87,111.03,100.03,0.67,242.14
2026-02-03 12:10:38.226,7.50,133.37,READY,1.76,1.12,125.39,0.71,242.25
2026-02-03 12:10:38.369,8.09,123.55,READY,2.20,0.59,116.49,0.58,242.25
2026-02-03 12:10:38.507,8.21,121.75,READY,2.29,0.68,115.03,0.65,242.25
2026-02-03 12:10:38.648,8.02,124.75,READY,2.42,0.66,117.03,0.63,242.25
2026-02-03 12:10:38.896,4.35,229.94,READY,2.13,118.69,105.24,0.66,242.25
2026-02-03 12:10:39.048,7.72,129.60,READY,1.88,1.27,122.34,0.73,242.25
2026-02-03 12:10:39.183,8.65,115.62,READY,1.36,1.28,107.19,0.60,242.25
2026-02-03 12:10:39.314,8.67,115.33,READY,2.35,0.52,107.38,0.62,242.25
2026-02-03 12:10:39.447,8.59,116.37,READY,2.34,0.50,108.45,0.63,242.25
2026-02-03 12:10:39.684,4.52,221.30,READY,2.37,114.72,99.73,0.61,242.25
2026-02-03 12:10:39.829,8.10,123.51,READY,1.54,1.42,116.74,0.70,242.25
2026-02-03 12:10:39.975,7.91,126.47,READY,2.71,0.61,119.16,0.74,242.25
2026-02-03 12:10:40.115,8.34,119.90,READY,2.70,0.75,113.27,0.58,242.25
2026-02-03 12:10:40.254,8.22,121.63,READY,2.10,0.43,115.36,0.59,242.25
2026-02-03 12:10:40.608,2.96,337.83,READY,2.24,226.08,106.53,0.68,242.25
2026-02-03 12:10:40.763,7.52,132.89,READY,1.47,1.18,125.94,1.02,242.25
2026-02-03 12:10:40.894,8.81,113.49,READY,2.20,0.60,107.63,0.59,242.25
2026-02-03 12:10:41.026,8.64,115.77,READY,2.19,1.05,108.89,0.67,242.25
2026-02-03 12:10:41.156,8.78,113.88,READY,2.22,1.14,107.54,0.57,242.25
2026-02-03 12:10:41.389,4.60,217.51,READY,1.94,112.02,100.24,0.58,242.25
2026-02-03 12:10:41.528,8.42,118.76,READY,1.65,0.60,113.34,0.67,242.25
2026-02-03 12:10:41.678,7.59,131.68,READY,2.36,1.02,123.04,0.63,242.25
2026-02-03 12:10:41.808,8.82,113.32,READY,2.40,0.93,106.23,0.63,242.25
2026-02-03 12:10:41.953,7.95,125.72,READY,1.49,0.66,120.24,0.59,242.25
2026-02-03 12:10:42.296,3.07,325.68,READY,2.30,219.35,100.66,0.58,242.25
2026-02-03 12:10:42.443,8.00,125.07,READY,2.02,1.40,116.28,0.72,242.25
2026-02-03 12:10:42.585,8.07,123.89,READY,2.37,0.46,116.35,0.59,242.25
2026-02-03 12:10:42.715,8.78,113.93,READY,2.15,0.48,107.31,0.61,242.25
2026-02-03 12:10:42.845,8.83,113.23,READY,2.14,0.92,106.98,0.60,242.25
2026-02-03 12:10:43.092,4.33,231.16,READY,1.84,124.34,101.63,0.60,242.25
2026-02-03 12:10:43.236,8.17,122.46,READY,1.53,1.43,115.34,0.73,242.25
2026-02-03 12:10:43.371,8.51,117.55,READY,2.40,0.69,110.20,0.95,242.25
2026-02-03 12:10:43.499,8.90,112.39,READY,2.00,0.62,106.52,0.62,242.25
2026-02-03 12:10:43.626,9.01,110.95,READY,2.02,0.72,104.23,0.59,242.25
2026-02-03 12:10:43.868,4.42,226.00,READY,1.98,120.54,99.77,0.63,242.25
2026-02-03 12:10:44.010,8.27,120.99,READY,1.36,1.28,114.55,0.71,242.25
2026-02-03 12:10:44.144,8.59,116.40,READY,2.31,1.06,108.37,0.58,242.25
2026-02-03 12:10:44.274,8.74,114.38,READY,2.28,0.95,106.43,0.73,242.25
2026-02-03 12:10:44.404,8.81,113.56,READY,2.20,0.66,107.09,0.63,242.25
2026-02-03 12:10:44.588,5.95,168.18,PRE_ADJUST,2.31,114.54,47.67,0.62,242.25
2026-02-03 12:10:44.811,4.97,201.36,PRE_ADJUST,1.44,0.11,195.78,0.64,242.25
2026-02-03 12:10:45.027,5.19,192.54,PRE_ADJUST,1.31,0.12,187.72,0.64,242.25
2026-02-03 12:10:45.251,4.95,202.05,PRE_ADJUST,1.49,0.17,196.36,0.71,242.25
2026-02-03 12:10:45.482,4.80,208.45,PRE_ADJUST,2.27,0.06,201.19,0.71,242.25
2026-02-03 12:10:45.703,4.96,201.49,PRE_ADJUST,1.67,0.06,197.11,0.69,242.25
2026-02-03 12:10:45.919,5.20,192.27,PRE_ADJUST,1.94,0.07,187.42,0.77,242.25
2026-02-03 12:10:46.142,5.00,199.83,PRE_ADJUST,1.55,0.15,194.97,0.64,242.25
2026-02-03 12:10:46.358,5.06,197.49,PRE_ADJUST,2.08,0.15,190.49,0.60,242.25
2026-02-03 12:10:46.570,5.27,189.62,PRE_ADJUST,2.28,0.08,184.76,0.63,242.25
2026-02-03 12:10:46.795,4.91,203.47,PRE_ADJUST,1.71,0.07,199.12,0.62,242.25
2026-02-03 12:10:47.013,5.09,196.60,PRE_ADJUST,1.88,0.12,190.95,0.60,242.25
2026-02-03 12:10:47.228,5.21,191.85,PRE_ADJUST,1.46,0.10,187.01,0.60,242.25
2026-02-03 12:10:47.470,4.77,209.75,PRE_ADJUST,3.10,0.12,200.20,2.87,242.25
2026-02-03 12:10:47.698,5.02,199.28,PRE_ADJUST,2.65,0.15,192.94,0.57,242.25
2026-02-03 12:10:47.917,4.93,202.65,PRE_ADJUST,1.83,0.06,197.13,0.70,242.25
2026-02-03 12:10:48.141,4.86,205.59,PRE_ADJUST,1.96,0.06,200.71,0.62,242.25
2026-02-03 12:10:48.363,5.01,199.62,PRE_ADJUST,1.86,0.07,194.67,0.92,242.25
2026-02-03 12:10:48.576,5.10,196.21,PRE_ADJUST,2.12,0.16,189.07,0.60,242.25
2026-02-03 12:10:48.792,5.16,193.89,PRE_ADJUST,1.66,0.10,188.37,0.65,242.25
2026-02-03 12:10:49.019,4.84,206.82,PRE_ADJUST,2.10,0.07,200.20,0.61,242.25
2026-02-03 12:10:49.233,5.25,190.54,PRE_ADJUST,1.53,0.13,185.52,0.60,242.25
2026-02-03 12:10:49.444,5.31,188.39,PRE_ADJUST,1.42,0.12,183.37,0.62,242.25
2026-02-03 12:10:49.654,5.33,187.61,PRE_ADJUST,1.45,0.17,182.59,0.60,242.25
2026-02-03 12:10:49.866,5.27,189.89,PRE_ADJUST,1.42,0.10,184.92,0.60,242.25
2026-02-03 12:10:50.081,5.19,192.62,PRE_ADJUST,1.48,0.09,187.59,0.61,242.25
2026-02-03 12:10:50.290,5.20,192.13,PRE_ADJUST,2.28,0.08,185.76,0.60,242.25
2026-02-03 12:10:50.510,5.04,198.40,PRE_ADJUST,1.73,0.12,193.06,0.80,242.25
2026-02-03 12:10:50.737,4.97,201.05,PRE_ADJUST,3.05,0.12,193.61,0.63,242.25
2026-02-03 12:10:50.952,5.19,192.84,PRE_ADJUST,1.40,0.11,188.53,0.66,242.25
2026-02-03 12:10:51.033,17.29,57.85,ADJUST,1.40,0.47,53.33,0.64,242.25
2026-02-03 12:10:51.334,3.70,270.15,ADJUST,44.87,116.66,105.87,0.59,242.14
2026-02-03 12:10:51.490,7.58,131.87,ADJUST,3.81,1.92,121.81,0.62,242.14
2026-02-03 12:10:51.635,7.84,127.63,ADJUST,2.43,1.51,118.70,0.68,242.14
2026-02-03 12:10:51.791,7.14,140.15,ADJUST,2.37,1.03,130.95,0.81,242.14
2026-02-03 12:10:51.935,7.86,127.17,ADJUST,1.99,1.02,118.92,0.60,242.14
2026-02-03 12:10:52.243,3.44,290.83,ADJUST,2.54,116.16,167.44,0.64,242.14
2026-02-03 12:10:52.457,5.21,191.92,ADJUST,2.98,2.17,182.79,0.60,242.14
2026-02-03 12:10:52.660,5.44,183.91,ADJUST,1.94,1.32,176.02,0.91,242.14
2026-02-03 12:10:52.850,5.77,173.46,ADJUST,2.17,0.83,166.04,0.61,242.25
2026-02-03 12:10:53.036,5.87,170.50,ADJUST,4.74,0.96,162.15,0.63,242.25
2026-02-03 12:10:53.337,3.51,284.50,ADJUST,2.00,120.14,158.37,0.63,242.25
2026-02-03 12:10:53.543,5.40,185.14,ADJUST,1.33,1.65,178.47,0.70,242.25
2026-02-03 12:10:53.734,5.74,174.22,ADJUST,2.11,1.37,167.67,0.66,242.25
2026-02-03 12:10:53.919,5.90,169.40,ADJUST,2.38,1.79,162.11,0.58,242.25
2026-02-03 12:10:54.104,5.92,168.95,ADJUST,2.29,1.19,162.34,0.64,242.25
2026-02-03 12:10:54.348,4.38,228.25,ADJUST,2.33,117.40,105.57,0.60,242.25
2026-02-03 12:10:54.504,7.50,133.41,ADJUST,4.23,1.71,123.66,0.70,242.25
2026-02-03 12:10:54.643,8.19,122.11,ADJUST,2.37,1.55,113.48,0.58,242.25
2026-02-03 12:10:54.779,8.35,119.69,ADJUST,2.36,0.74,111.76,0.89,242.25
2026-02-03 12:10:54.915,8.29,120.68,ADJUST,2.57,0.71,112.93,0.59,242.25
2026-02-03 12:10:55.157,4.42,226.33,ADJUST,2.35,113.46,105.70,0.61,242.25
2026-02-03 12:10:55.303,8.06,124.00,ADJUST,1.46,1.65,117.88,0.64,242.25
2026-02-03 12:10:55.452,7.58,131.97,ADJUST,2.33,1.05,125.76,0.70,242.25
2026-02-03 12:10:55.586,8.47,118.02,ADJUST,2.40,1.55,110.98,0.58,242.25
2026-02-03 12:10:55.719,8.51,117.51,ADJUST,2.23,1.13,111.20,0.62,242.25
2026-02-03 12:10:55.950,4.65,214.86,ADJUST,2.35,115.17,92.62,0.59,242.25
2026-02-03 12:10:56.095,8.00,125.07,ADJUST,2.27,1.10,118.18,1.00,242.25
2026-02-03 12:10:56.224,9.28,107.72,ADJUST,1.45,0.90,101.19,0.64,242.25
2026-02-03 12:10:56.345,9.53,104.94,ADJUST,2.26,0.78,97.33,0.58,242.25
2026-02-03 12:10:56.467,9.47,105.61,ADJUST,2.45,0.92,98.10,0.64,242.25
2026-02-03 12:10:56.697,4.67,213.91,ADJUST,2.17,116.38,92.07,0.66,242.25
2026-02-03 12:10:56.830,8.91,112.18,ADJUST,1.80,1.80,104.68,0.68,242.25
2026-02-03 12:10:56.959,8.93,112.01,ADJUST,2.32,1.29,103.07,0.62,242.25
2026-02-03 12:10:57.081,9.54,104.87,ADJUST,2.54,0.81,96.73,1.01,242.25
2026-02-03 12:10:57.214,8.58,116.60,ADJUST,13.19,2.23,97.86,0.63,242.25
2026-02-03 12:10:57.539,3.23,309.54,ADJUST,2.24,124.92,178.68,0.62,242.25
2026-02-03 12:10:57.765,4.94,202.57,ADJUST,1.68,1.80,194.71,0.59,242.25
2026-02-03 12:10:57.979,5.08,196.93,ADJUST,2.02,1.50,189.65,0.57,242.25
2026-02-03 12:10:58.188,5.27,189.65,ADJUST,1.63,0.97,184.10,0.58,242.25
2026-02-03 12:10:58.393,5.26,189.95,ADJUST,2.12,1.62,183.19,0.58,242.25
2026-02-03 12:10:58.709,3.34,299.80,ADJUST,1.64,118.47,176.34,0.62,242.25
2026-02-03 12:10:58.936,4.80,208.26,ADJUST,2.31,1.11,200.37,0.60,242.25
2026-02-03 12:10:59.148,5.14,194.63,ADJUST,2.30,1.72,185.42,0.58,242.25
2026-02-03 12:10:59.364,4.99,200.22,ADJUST,2.28,0.98,191.71,1.43,242.25
2026-02-03 12:10:59.569,5.30,188.73,ADJUST,1.86,0.78,182.76,0.59,242.25
2026-02-03 12:10:59.882,3.37,297.10,ADJUST,2.09,114.84,177.31,0.63,242.25
2026-02-03 12:11:00.110,4.86,205.56,ADJUST,1.56,1.77,198.54,0.62,242.25
2026-02-03 12:11:00.320,5.18,193.23,ADJUST,1.74,1.61,185.13,0.59,242.25
2026-02-03 12:11:00.524,5.31,188.38,ADJUST,2.01,1.38,181.77,0.58,242.25
2026-02-03 12:11:00.728,5.32,188.08,ADJUST,1.80,1.67,181.08,0.59,242.25
2026-02-03 12:11:01.043,3.34,299.24,ADJUST,2.00,115.61,177.53,0.61,242.25
2026-02-03 12:11:01.263,5.03,198.67,ADJUST,1.35,2.01,192.15,0.70,242.25
2026-02-03 12:11:01.473,5.18,193.16,ADJUST,1.86,1.30,187.06,0.61,242.25
2026-02-03 12:11:01.686,5.09,196.30,ADJUST,1.97,0.81,188.59,0.93,242.25
2026-02-03 12:11:01.900,5.08,196.66,ADJUST,3.24,0.88,188.91,0.59,242.25
2026-02-03 12:11:02.220,3.30,303.41,ADJUST,2.08,115.59,182.62,0.60,242.25
2026-02-03 12:11:02.451,4.78,209.11,ADJUST,2.19,1.88,200.69,0.62,242.25
2026-02-03 12:11:02.666,5.03,198.72,ADJUST,2.38,1.40,190.19,0.62,242.25
2026-02-03 12:11:02.889,4.86,205.72,ADJUST,3.33,1.08,196.80,0.66,242.25
2026-02-03 12:11:03.108,4.94,202.39,ADJUST,2.72,1.04,193.92,0.57,242.25
2026-02-03 12:11:03.431,3.26,306.48,ADJUST,2.57,114.60,184.71,0.60,242.25
2026-02-03 12:11:03.655,4.96,201.53,ADJUST,1.67,1.59,193.77,0.61,242.25
2026-02-03 12:11:03.862,5.24,190.86,ADJUST,1.79,1.57,183.22,0.64,242.25
2026-02-03 12:11:04.067,5.31,188.42,ADJUST,2.28,1.23,181.45,0.63,242.25
2026-02-03 12:11:04.271,5.30,188.65,ADJUST,2.03,1.57,181.78,0.66,242.25
2026-02-03 12:11:04.590,3.31,302.28,ADJUST,1.79,118.15,178.17,0.58,242.25
2026-02-03 12:11:04.813,4.94,202.30,ADJUST,1.50,1.69,195.93,0.57,242.25
2026-02-03 12:11:05.021,5.22,191.53,ADJUST,2.30,1.48,184.95,0.62,242.25
2026-02-03 12:11:05.225,5.32,188.09,ADJUST,2.37,1.21,181.64,0.64,242.25
2026-02-03 12:11:05.431,5.27,189.92,ADJUST,5.00,0.90,181.52,0.58,242.25
2026-02-03 12:11:05.745,3.35,298.40,ADJUST,2.43,117.54,175.81,0.58,242.25
2026-02-03 12:11:05.969,4.92,203.21,ADJUST,1.40,2.09,197.15,0.60,242.25
2026-02-03 12:11:06.185,5.03,198.78,ADJUST,2.72,4.03,188.47,0.58,242.25
2026-02-03 12:11:06.393,5.22,191.70,ADJUST,2.36,1.28,184.74,0.61,242.25
2026-02-03 12:11:06.597,5.31,188.46,ADJUST,2.26,1.42,182.00,0.54,242.25
2026-02-03 12:11:06.818,4.87,205.25,TAKE_PICTURE,2.17,115.27,85.02,0.67,242.25
2026-02-03 12:11:07.024,5.45,183.63,TAKE_PICTURE,1.32,1.09,178.41,0.59,242.25
2026-02-03 12:11:07.232,5.60,178.70,TAKE_PICTURE,3.00,3.23,168.76,0.58,242.25
2026-02-03 12:11:07.441,5.52,181.13,TAKE_PICTURE,2.95,2.72,171.81,0.58,242.25
2026-02-03 12:11:07.666,5.10,196.12,TAKE_PICTURE,5.18,2.50,184.53,0.60,242.25
2026-02-03 12:11:07.983,3.45,290.01,TAKE_PICTURE,2.68,120.75,161.53,0.71,242.25
2026-02-03 12:11:08.200,5.39,185.66,TAKE_PICTURE,3.18,0.86,178.84,0.56,242.25
2026-02-03 12:11:08.396,5.58,179.13,TAKE_PICTURE,2.38,1.37,172.40,0.62,242.25
2026-02-03 12:11:08.587,5.69,175.69,TAKE_PICTURE,2.43,0.92,167.91,0.57,242.25
2026-02-03 12:11:08.774,5.86,170.58,TAKE_PICTURE,2.19,0.71,164.97,0.56,242.25
2026-02-03 12:11:09.025,4.26,234.88,TAKE_PICTURE,2.21,113.63,115.59,0.52,242.25
2026-02-03 12:11:09.190,6.93,144.24,TAKE_PICTURE,1.55,0.15,139.77,0.60,242.25
2026-02-03 12:11:09.346,7.49,133.51,TAKE_PICTURE,1.45,0.08,129.30,0.55,242.25
2026-02-03 12:11:09.502,7.46,133.98,TAKE_PICTURE,2.16,0.07,128.73,0.56,242.25
2026-02-03 12:11:09.678,6.47,154.54,TAKE_PICTURE,1.64,0.19,148.72,0.60,242.25
2026-02-03 12:11:09.839,7.25,137.94,TAKE_PICTURE,4.89,0.12,129.32,0.59,242.25
2026-02-03 12:11:10.002,7.17,139.44,TAKE_PICTURE,1.68,0.15,134.73,0.56,242.25
2026-02-03 12:11:10.171,6.90,144.83,TAKE_PICTURE,2.14,0.12,139.04,0.65,242.25
2026-02-03 12:11:10.345,6.99,143.13,TAKE_PICTURE,3.08,0.12,134.96,0.55,242.25
2026-02-03 12:11:10.517,6.94,144.09,TAKE_PICTURE,3.07,0.13,137.44,0.54,242.25
2026-02-03 12:11:10.693,6.72,148.82,TAKE_PICTURE,2.92,0.18,141.92,0.66,242.25
2026-02-03 12:11:10.863,7.02,142.47,TAKE_PICTURE,2.85,0.14,135.31,0.54,242.25
2026-02-03 12:11:11.015,7.40,135.06,TAKE_PICTURE,1.83,0.16,129.84,0.62,242.25
2026-02-03 12:11:11.171,7.40,135.22,TAKE_PICTURE,1.45,0.12,130.30,0.55,242.25
2026-02-03 12:11:11.339,6.91,144.71,TAKE_PICTURE,1.39,0.12,139.99,0.73,242.25
2026-02-03 12:11:11.502,7.17,139.49,TAKE_PICTURE,1.44,0.07,133.47,0.54,242.25
2026-02-03 12:11:11.652,7.49,133.43,TAKE_PICTURE,2.18,0.07,128.47,0.57,242.25
2026-02-03 12:11:11.805,7.55,132.40,TAKE_PICTURE,1.37,0.11,128.40,0.60,242.25
2026-02-03 12:11:11.969,6.82,146.63,TAKE_PICTURE,1.90,0.07,141.16,0.69,242.25
2026-02-03 12:11:12.123,7.54,132.62,TAKE_PICTURE,1.32,0.13,127.36,0.76,242.25
2026-02-03 12:11:12.280,7.43,134.67,TAKE_PICTURE,1.38,0.12,129.90,0.56,242.25
2026-02-03 12:11:12.435,7.53,132.72,TAKE_PICTURE,1.41,0.08,128.85,0.55,242.25
2026-02-03 12:11:12.604,6.89,145.14,TAKE_PICTURE,1.70,0.12,139.73,0.54,242.25
2026-02-03 12:11:12.761,7.43,134.60,TAKE_PICTURE,1.39,0.12,129.34,0.57,242.25
2026-02-03 12:11:12.927,7.03,142.15,TAKE_PICTURE,1.57,0.08,137.80,0.75,242.25
2026-02-03 12:11:13.086,7.27,137.63,TAKE_PICTURE,1.95,0.11,132.79,0.58,242.25
2026-02-03 12:11:13.242,7.52,133.05,TAKE_PICTURE,2.03,0.11,127.76,0.57,242.25
2026-02-03 12:11:13.395,7.64,130.97,TAKE_PICTURE,1.37,0.16,127.01,0.55,242.25
2026-02-03 12:11:13.562,6.98,143.30,TAKE_PICTURE,1.34,0.19,138.35,0.67,242.25
2026-02-03 12:11:13.721,7.35,136.07,TAKE_PICTURE,1.44,0.09,132.13,0.57,242.25
2026-02-03 12:11:13.876,7.45,134.26,TAKE_PICTURE,2.23,0.12,129.38,0.58,242.25
2026-02-03 12:11:14.023,7.73,129.30,TAKE_PICTURE,2.10,0.08,124.26,0.74,242.25
2026-02-03 12:11:14.189,6.96,143.78,TAKE_PICTURE,1.67,0.13,139.13,0.55,242.25
2026-02-03 12:11:14.340,7.74,129.27,TAKE_PICTURE,1.44,0.16,124.93,0.61,242.25
2026-02-03 12:11:14.491,7.75,128.96,TAKE_PICTURE,2.19,0.20,123.66,0.56,242.25
2026-02-03 12:11:14.658,6.91,144.62,TAKE_PICTURE,1.50,0.14,139.65,0.64,242.25
2026-02-03 12:11:14.809,7.80,128.26,TAKE_PICTURE,1.40,0.11,124.14,0.55,242.25
2026-02-03 12:11:14.962,7.74,129.20,TAKE_PICTURE,1.36,0.15,124.93,0.59,242.25
2026-02-03 12:11:15.122,7.25,137.84,TAKE_PICTURE,1.41,0.17,133.51,0.72,242.25
2026-02-03 12:11:15.281,7.40,135.10,TAKE_PICTURE,1.48,0.07,129.93,0.55,242.25
2026-02-03 12:11:15.431,7.74,129.21,TAKE_PICTURE,2.16,0.07,123.20,0.59,242.25
2026-02-03 12:11:15.585,7.50,133.25,TAKE_PICTURE,1.86,0.08,128.15,0.56,242.25
2026-02-03 12:11:15.750,6.91,144.62,TAKE_PICTURE,1.78,0.20,138.44,0.63,242.25
2026-02-03 12:11:15.901,7.81,128.11,TAKE_PICTURE,1.43,0.10,124.06,0.57,242.25
2026-02-03 12:11:16.052,7.81,128.11,TAKE_PICTURE,1.30,0.17,123.73,0.54,242.25
2026-02-03 12:11:16.167,10.83,92.37,PICTURE_COOLDOWN,1.32,7.41,80.98,0.58,242.25
2026-02-03 12:11:16.394,4.91,203.75,PICTURE_COOLDOWN,2.92,7.68,189.45,0.55,242.25
2026-02-03 12:11:16.610,5.18,193.05,PICTURE_COOLDOWN,1.33,4.98,183.95,0.58,242.25
2026-02-03 12:11:16.828,5.10,195.91,PICTURE_COOLDOWN,1.34,6.32,185.05,0.60,242.25
2026-02-03 12:11:17.045,5.17,193.38,PICTURE_COOLDOWN,1.79,5.66,182.82,0.61,242.25
2026-02-03 12:11:17.266,5.04,198.48,PICTURE_COOLDOWN,1.38,4.83,189.62,0.58,242.25
2026-02-03 12:11:17.483,5.13,195.02,PICTURE_COOLDOWN,1.26,5.79,184.91,0.69,242.25
2026-02-03 12:11:17.702,5.13,194.80,PICTURE_COOLDOWN,1.99,5.37,184.31,0.58,242.25
2026-02-03 12:11:17.923,5.05,198.05,PICTURE_COOLDOWN,1.65,5.48,187.87,0.67,242.25
2026-02-03 12:11:18.143,5.07,197.10,PICTURE_COOLDOWN,2.03,5.97,185.70,0.61,242.25
2026-02-03 12:11:18.366,5.01,199.58,PICTURE_COOLDOWN,1.46,5.31,188.25,0.64,242.25
2026-02-03 12:11:18.589,5.03,198.85,PICTURE_COOLDOWN,1.94,6.93,185.89,0.63,242.25
2026-02-03 12:11:18.801,5.27,189.66,PICTURE_COOLDOWN,1.74,3.97,181.12,0.57,242.25
2026-02-03 12:11:19.031,4.81,208.00,PICTURE_COOLDOWN,2.29,5.15,197.59,0.55,242.25
2026-02-03 12:11:19.245,5.23,191.33,PICTURE_COOLDOWN,1.43,5.58,181.25,0.56,242.25
2026-02-03 12:11:19.460,5.19,192.65,PICTURE_COOLDOWN,1.39,5.87,182.37,0.69,242.25
2026-02-03 12:11:19.685,4.95,201.95,PICTURE_COOLDOWN,2.32,4.16,192.53,0.54,242.25
2026-02-03 12:11:19.899,5.19,192.61,PICTURE_COOLDOWN,2.57,3.89,183.22,0.56,242.25
2026-02-03 12:11:20.120,5.05,198.18,PICTURE_COOLDOWN,1.32,5.06,188.81,0.80,242.25
2026-02-03 12:11:20.342,5.16,193.69,PICTURE_COOLDOWN,1.42,6.82,180.88,0.56,242.25
2026-02-03 12:11:20.553,5.29,189.04,PICTURE_COOLDOWN,1.32,5.03,179.87,0.57,242.25
2026-02-03 12:11:20.777,4.98,200.86,PICTURE_COOLDOWN,1.29,5.39,191.26,0.56,242.25
2026-02-03 12:11:20.990,5.23,191.22,PICTURE_COOLDOWN,1.32,5.14,181.96,0.61,242.25
2026-02-03 12:11:21.215,4.97,201.14,PICTURE_COOLDOWN,2.32,5.28,190.31,0.72,242.25
2026-02-03 12:11:21.430,5.12,195.18,PICTURE_COOLDOWN,2.10,4.49,184.59,0.62,242.25
2026-02-03 12:11:21.653,4.97,201.18,PICTURE_COOLDOWN,1.80,3.71,193.03,0.57,242.25
2026-02-03 12:11:21.867,5.30,188.75,PICTURE_COOLDOWN,1.34,5.17,179.55,0.66,242.25
2026-02-03 12:11:22.082,5.22,191.53,PICTURE_COOLDOWN,1.82,5.06,181.91,0.56,242.25
2026-02-03 12:11:22.305,4.98,200.85,PICTURE_COOLDOWN,1.32,5.09,191.62,0.58,242.25
2026-02-03 12:11:22.518,5.24,190.66,PICTURE_COOLDOWN,1.29,6.10,179.40,0.58,242.25
2026-02-03 12:11:22.729,5.32,187.97,PICTURE_COOLDOWN,1.41,0.15,183.61,0.57,242.25
2026-02-03 12:11:22.853,9.81,101.94,TAKE_PICTURE,1.34,0.28,97.64,0.70,242.25
2026-02-03 12:11:23.061,5.45,183.36,TAKE_PICTURE,1.89,2.66,175.16,0.58,242.25
2026-02-03 12:11:23.261,5.61,178.29,TAKE_PICTURE,2.38,1.29,171.63,0.54,242.25
2026-02-03 12:11:23.454,5.69,175.88,TAKE_PICTURE,2.21,1.75,169.05,0.62,242.25
2026-02-03 12:11:23.673,4.98,200.90,TAKE_PICTURE,1.93,1.15,193.50,0.55,242.25
2026-02-03 12:11:23.980,3.53,283.60,TAKE_PICTURE,1.39,116.08,162.97,0.68,242.25
2026-02-03 12:11:24.186,5.49,182.14,TAKE_PICTURE,1.74,0.81,176.62,0.58,242.25
2026-02-03 12:11:24.375,5.80,172.33,TAKE_PICTURE,2.16,0.75,166.24,0.57,242.25
2026-02-03 12:11:24.561,5.88,169.98,TAKE_PICTURE,2.12,0.70,164.03,0.54,242.25
2026-02-03 12:11:24.762,5.42,184.54,TAKE_PICTURE,2.15,0.67,178.45,0.54,242.25
2026-02-03 12:11:25.066,3.47,288.18,TAKE_PICTURE,2.37,121.54,160.54,0.60,242.25
2026-02-03 12:11:25.271,5.43,184.20,TAKE_PICTURE,1.31,1.36,178.77,0.60,242.25
2026-02-03 12:11:25.463,5.73,174.57,TAKE_PICTURE,2.12,0.67,167.35,0.54,242.25
2026-02-03 12:11:25.652,5.79,172.76,TAKE_PICTURE,2.19,0.58,165.74,0.59,242.25
2026-02-03 12:11:25.838,5.90,169.42,TAKE_PICTURE,2.16,0.48,162.52,0.61,242.25
2026-02-03 12:11:26.131,3.61,277.34,TAKE_PICTURE,2.33,113.69,157.95,0.53,242.25
2026-02-03 12:11:26.336,5.46,183.14,TAKE_PICTURE,1.52,1.61,177.04,0.59,242.25
2026-02-03 12:11:26.529,5.69,175.83,TAKE_PICTURE,2.03,0.53,169.00,0.64,242.25
2026-02-03 12:11:26.719,5.72,174.76,TAKE_PICTURE,2.09,0.61,168.09,0.55,242.25
2026-02-03 12:11:26.908,5.79,172.59,TAKE_PICTURE,2.07,1.14,164.97,0.56,242.25
2026-02-03 12:11:27.209,3.51,284.81,TAKE_PICTURE,2.15,118.20,159.95,0.54,242.25
2026-02-03 12:11:27.413,5.37,186.15,TAKE_PICTURE,3.15,0.68,178.22,0.56,242.25
2026-02-03 12:11:27.606,5.67,176.48,TAKE_PICTURE,2.26,0.58,169.89,0.58,242.25
2026-02-03 12:11:27.795,5.81,172.18,TAKE_PICTURE,1.90,0.79,165.28,0.61,242.25
2026-02-03 12:11:27.981,5.86,170.60,TAKE_PICTURE,2.32,0.76,163.57,0.54,242.25
2026-02-03 12:11:28.285,3.48,287.34,TAKE_PICTURE,2.62,120.90,159.83,0.60,242.25
2026-02-03 12:11:28.492,5.39,185.48,TAKE_PICTURE,1.53,1.43,178.98,0.57,242.25
2026-02-03 12:11:28.683,5.74,174.34,TAKE_PICTURE,2.30,0.51,167.26,0.52,242.25
2026-02-03 12:11:28.874,5.72,174.96,TAKE_PICTURE,1.77,0.94,168.91,0.57,242.25
2026-02-03 12:11:29.060,5.86,170.69,TAKE_PICTURE,2.27,1.08,163.36,0.55,242.25
2026-02-03 12:11:29.353,3.61,276.87,TAKE_PICTURE,2.27,113.32,157.76,0.56,242.25
2026-02-03 12:11:29.553,5.58,179.07,TAKE_PICTURE,1.40,0.80,174.09,0.61,242.25
2026-02-03 12:11:29.743,5.76,173.61,TAKE_PICTURE,4.98,0.61,165.13,0.60,242.25
2026-02-03 12:11:29.931,5.84,171.12,TAKE_PICTURE,2.16,0.60,165.32,0.96,242.25
2026-02-03 12:11:30.116,5.90,169.50,TAKE_PICTURE,3.88,0.66,162.37,0.55,242.25
2026-02-03 12:11:30.408,3.62,276.37,TAKE_PICTURE,1.96,114.79,156.98,0.58,242.25
2026-02-03 12:11:30.610,5.52,181.06,TAKE_PICTURE,1.54,0.92,175.83,0.61,242.25
2026-02-03 12:11:30.798,5.81,172.03,TAKE_PICTURE,1.94,0.72,166.06,0.56,242.25
2026-02-03 12:11:30.985,5.87,170.46,TAKE_PICTURE,2.10,0.72,164.16,0.62,242.25
2026-02-03 12:11:31.168,5.97,167.54,TAKE_PICTURE,2.01,0.71,161.77,0.59,242.25
2026-02-03 12:11:31.459,3.64,275.06,TAKE_PICTURE,2.23,112.44,156.64,0.59,242.25
2026-02-03 12:11:31.667,5.41,184.87,TAKE_PICTURE,1.86,0.78,179.11,0.65,242.25
2026-02-03 12:11:31.862,5.66,176.66,TAKE_PICTURE,1.96,0.63,170.87,0.56,242.25
2026-02-03 12:11:32.047,5.92,168.88,TAKE_PICTURE,2.23,1.02,162.54,0.70,242.25
2026-02-03 12:11:32.232,5.91,169.12,TAKE_PICTURE,1.97,0.53,163.42,0.55,242.25
2026-02-03 12:11:32.531,3.53,283.47,TAKE_PICTURE,1.93,120.76,157.75,0.55,242.25
2026-02-03 12:11:32.738,5.39,185.39,TAKE_PICTURE,1.69,1.61,178.78,0.65,242.25
2026-02-03 12:11:32.934,5.59,178.97,TAKE_PICTURE,1.97,0.73,173.31,0.60,242.25
2026-02-03 12:11:33.121,5.87,170.34,TAKE_PICTURE,2.04,0.88,164.48,0.59,242.25
2026-02-03 12:11:33.306,5.91,169.16,TAKE_PICTURE,1.79,0.98,162.45,0.56,242.25
2026-02-03 12:11:33.600,3.60,278.07,TAKE_PICTURE,2.37,115.33,157.31,0.56,242.25
2026-02-03 12:11:33.806,5.41,184.73,TAKE_PICTURE,2.45,1.63,176.94,0.56,242.25
2026-02-03 12:11:33.995,5.80,172.29,TAKE_PICTURE,2.23,1.09,164.51,0.54,242.25
2026-02-03 12:11:34.182,5.86,170.77,TAKE_PICTURE,2.24,0.99,163.41,0.53,242.25
2026-02-03 12:11:34.367,5.89,169.91,TAKE_PICTURE,2.19,0.94,162.64,0.55,242.25
2026-02-03 12:11:34.677,3.40,293.83,TAKE_PICTURE,2.26,111.60,175.66,0.70,242.25
2026-02-03 12:11:34.889,5.44,183.66,TAKE_PICTURE,1.63,0.72,178.16,0.57,242.25
2026-02-03 12:11:35.082,5.67,176.27,TAKE_PICTURE,2.34,1.12,168.39,0.60,242.25
2026-02-03 12:11:35.277,5.57,179.54,TAKE_PICTURE,2.27,1.01,169.58,3.18,242.25
2026-02-03 12:11:35.476,5.60,178.44,TAKE_PICTURE,1.47,1.41,169.52,0.58,242.25
2026-02-03 12:11:35.774,3.54,282.27,TAKE_PICTURE,2.02,116.23,160.87,0.56,242.25
2026-02-03 12:11:35.986,5.28,189.53,TAKE_PICTURE,1.89,1.42,182.60,0.65,242.25
2026-02-03 12:11:36.178,5.72,174.69,TAKE_PICTURE,2.14,1.16,166.51,0.57,242.25
2026-02-03 12:11:36.374,5.55,180.29,TAKE_PICTURE,2.37,0.60,173.92,0.54,242.25
2026-02-03 12:11:36.570,5.55,180.04,TAKE_PICTURE,2.65,0.68,173.25,0.66,242.18
2026-02-03 12:11:36.869,3.54,282.58,TAKE_PICTURE,1.92,119.61,157.46,0.53,242.18
2026-02-03 12:11:37.081,5.24,190.71,TAKE_PICTURE,1.26,0.71,185.47,0.83,242.18
2026-02-03 12:11:37.269,5.84,171.23,TAKE_PICTURE,2.45,0.71,164.56,0.54,242.18
2026-02-03 12:11:37.456,5.86,170.78,TAKE_PICTURE,2.23,0.50,164.02,0.53,242.18
2026-02-03 12:11:37.645,5.76,173.63,TAKE_PICTURE,1.82,0.52,166.86,0.53,242.18
2026-02-03 12:11:37.937,3.62,276.36,TAKE_PICTURE,2.06,112.62,157.71,0.55,242.18
2026-02-03 12:11:38.143,5.43,184.20,TAKE_PICTURE,1.34,1.49,177.44,0.60,242.18
2026-02-03 12:11:38.330,5.85,170.93,TAKE_PICTURE,2.13,0.83,165.08,0.59,242.18
2026-02-03 12:11:38.518,5.83,171.53,TAKE_PICTURE,2.02,1.20,165.22,0.56,242.18
2026-02-03 12:11:38.702,5.94,168.48,TAKE_PICTURE,2.30,1.00,162.20,0.58,242.18
2026-02-03 12:11:38.954,4.24,235.67,TAKE_PICTURE,2.35,114.11,116.49,0.58,242.18
2026-02-03 12:11:39.119,6.96,143.73,TAKE_PICTURE,1.31,0.11,138.73,0.68,242.18
2026-02-03 12:11:39.276,7.44,134.45,TAKE_PICTURE,1.39,0.07,130.23,0.56,242.18
2026-02-03 12:11:39.432,7.52,133.05,TAKE_PICTURE,1.36,0.11,128.25,0.54,242.18
2026-02-03 12:11:39.598,7.00,142.85,TAKE_PICTURE,1.29,0.10,138.17,0.64,242.18
2026-02-03 12:11:39.758,7.34,136.21,TAKE_PICTURE,1.84,0.08,131.55,0.68,242.18
2026-02-03 12:11:39.915,7.45,134.31,TAKE_PICTURE,1.35,0.13,130.13,0.60,242.18
2026-02-03 12:11:40.080,7.02,142.49,TAKE_PICTURE,1.46,0.08,138.21,0.65,242.18
2026-02-03 12:11:40.236,7.25,137.97,TAKE_PICTURE,2.26,0.16,130.18,0.58,242.18
2026-02-03 12:11:40.387,7.41,134.94,TAKE_PICTURE,2.10,0.07,130.28,0.62,242.18
2026-02-03 12:11:40.546,7.25,138.00,TAKE_PICTURE,1.31,0.17,132.88,0.65,242.18
2026-02-03 12:11:40.715,6.90,144.96,TAKE_PICTURE,1.54,0.08,140.68,0.55,242.18
2026-02-03 12:11:40.871,7.48,133.64,TAKE_PICTURE,1.37,0.08,129.78,0.58,242.18
2026-02-03 12:11:41.032,7.18,139.28,TAKE_PICTURE,2.18,0.08,134.22,0.58,242.18
2026-02-03 12:11:41.200,6.62,151.15,TAKE_PICTURE,2.44,0.19,144.03,0.52,242.18
2026-02-03 12:11:41.354,7.50,133.32,TAKE_PICTURE,2.23,0.07,127.80,0.55,242.18
2026-02-03 12:11:41.508,7.54,132.62,TAKE_PICTURE,1.71,0.08,128.42,0.54,242.18
2026-02-03 12:11:41.672,7.01,142.64,TAKE_PICTURE,2.22,0.11,137.44,0.64,242.18
2026-02-03 12:11:41.837,7.06,141.61,TAKE_PICTURE,1.99,0.09,136.84,0.55,242.18
2026-02-03 12:11:41.993,7.48,133.70,TAKE_PICTURE,1.46,0.09,129.44,0.55,242.18
2026-02-03 12:11:42.147,7.60,131.53,TAKE_PICTURE,1.49,0.09,127.31,0.58,242.18
2026-02-03 12:11:42.313,6.92,144.45,TAKE_PICTURE,1.94,0.07,139.74,0.56,242.18
2026-02-03 12:11:42.468,7.50,133.28,TAKE_PICTURE,1.62,0.16,128.64,0.56,242.18
2026-02-03 12:11:42.623,7.61,131.46,TAKE_PICTURE,1.41,0.08,127.19,0.55,242.18
2026-02-03 12:11:42.785,7.13,140.34,TAKE_PICTURE,1.65,0.08,134.87,0.66,242.18
2026-02-03 12:11:42.944,7.32,136.64,TAKE_PICTURE,1.80,0.18,131.89,0.59,242.18
2026-02-03 12:11:43.097,7.64,130.86,TAKE_PICTURE,2.25,0.08,126.00,0.56,242.18
2026-02-03 12:11:43.259,7.14,140.00,TAKE_PICTURE,1.62,0.10,135.42,0.73,242.18
2026-02-03 12:11:43.420,7.28,137.40,TAKE_PICTURE,2.15,0.08,132.14,0.55,242.18
2026-02-03 12:11:43.573,7.37,135.68,TAKE_PICTURE,2.05,0.07,129.50,0.55,242.18
2026-02-03 12:11:43.730,7.42,134.84,TAKE_PICTURE,2.79,0.17,128.08,0.56,242.18
2026-02-03 12:11:43.884,7.58,131.91,TAKE_PICTURE,1.38,0.08,127.99,0.56,242.18
2026-02-03 12:11:44.051,6.93,144.34,TAKE_PICTURE,2.19,0.09,139.06,0.84,242.18
2026-02-03 12:11:44.206,7.48,133.76,TAKE_PICTURE,1.57,0.09,129.60,0.61,242.18
2026-02-03 12:11:44.357,7.79,128.37,TAKE_PICTURE,1.97,0.19,123.18,0.56,242.18
2026-02-03 12:11:44.528,6.69,149.58,TAKE_PICTURE,1.86,0.07,145.06,0.72,242.18
2026-02-03 12:11:44.681,7.66,130.63,TAKE_PICTURE,1.63,0.21,125.50,0.57,242.18
2026-02-03 12:11:44.831,7.72,129.49,TAKE_PICTURE,2.26,0.19,122.35,1.01,242.18
2026-02-03 12:11:44.997,6.89,145.14,TAKE_PICTURE,2.38,0.08,138.91,0.61,242.18
2026-02-03 12:11:45.148,7.78,128.59,TAKE_PICTURE,1.54,0.10,124.20,0.54,242.18
2026-02-03 12:11:45.304,7.40,135.07,TAKE_PICTURE,1.69,0.19,130.03,0.59,242.18
2026-02-03 12:11:45.476,6.72,148.85,TAKE_PICTURE,3.01,0.13,141.65,0.67,242.14
2026-02-03 12:11:45.631,7.64,130.97,TAKE_PICTURE,1.73,0.08,126.61,0.58,242.14
2026-02-03 12:11:45.789,7.41,134.96,TAKE_PICTURE,1.43,0.12,129.75,0.52,242.14
2026-02-03 12:11:45.945,7.51,133.12,TAKE_PICTURE,1.59,0.13,127.28,0.55,242.14
2026-02-03 12:11:46.062,10.52,95.04,PICTURE_COOLDOWN,2.00,7.12,83.03,0.63,242.14
2026-02-03 12:11:46.290,4.99,200.52,PICTURE_COOLDOWN,2.47,7.10,186.28,0.55,242.14
2026-02-03 12:11:46.505,5.17,193.51,PICTURE_COOLDOWN,1.91,5.67,182.88,0.63,242.14
2026-02-03 12:11:46.729,4.98,200.93,PICTURE_COOLDOWN,2.17,5.25,189.95,0.58,242.14
2026-02-03 12:11:46.950,5.05,198.06,PICTURE_COOLDOWN,1.93,5.62,187.65,0.59,242.14
2026-02-03 12:11:47.178,4.90,204.16,PICTURE_COOLDOWN,1.88,3.74,195.69,0.71,242.14
2026-02-03 12:11:47.397,5.15,194.34,PICTURE_COOLDOWN,1.58,5.51,183.23,0.68,242.14
2026-02-03 12:11:47.621,4.98,200.85,PICTURE_COOLDOWN,1.45,7.68,184.54,0.58,242.14
2026-02-03 12:11:47.851,4.82,207.67,PICTURE_COOLDOWN,2.05,6.06,196.73,0.59,242.14
2026-02-03 12:11:48.067,5.18,193.13,PICTURE_COOLDOWN,2.03,3.73,183.52,0.92,242.14
2026-02-03 12:11:48.289,5.06,197.76,PICTURE_COOLDOWN,1.98,5.41,187.20,0.59,242.14
2026-02-03 12:11:48.503,5.24,190.72,PICTURE_COOLDOWN,1.28,6.11,179.60,0.62,242.14
2026-02-03 12:11:48.726,4.98,200.65,PICTURE_COOLDOWN,1.43,6.01,190.56,0.55,242.14
2026-02-03 12:11:48.938,5.27,189.74,PICTURE_COOLDOWN,1.29,6.43,178.50,0.56,242.14
2026-02-03 12:11:49.161,4.99,200.57,PICTURE_COOLDOWN,1.43,6.29,190.03,0.56,242.14
2026-02-03 12:11:49.381,5.02,199.09,PICTURE_COOLDOWN,1.41,4.52,187.48,0.56,242.14
2026-02-03 12:11:49.594,5.23,191.12,PICTURE_COOLDOWN,2.20,4.26,181.62,0.58,242.14
2026-02-03 12:11:49.816,4.98,200.73,PICTURE_COOLDOWN,1.95,4.65,190.96,0.60,242.14
2026-02-03 12:11:50.031,5.20,192.45,PICTURE_COOLDOWN,1.64,3.61,183.62,0.57,242.14
2026-02-03 12:11:50.244,5.23,191.23,PICTURE_COOLDOWN,1.80,4.71,181.90,0.55,242.14
2026-02-03 12:11:50.466,5.01,199.44,PICTURE_COOLDOWN,1.67,4.82,189.92,0.69,242.14
2026-02-03 12:11:50.688,5.04,198.39,PICTURE_COOLDOWN,1.62,5.77,187.79,0.57,242.14
2026-02-03 12:11:50.903,5.20,192.23,PICTURE_COOLDOWN,2.04,3.51,183.96,0.58,242.14
2026-02-03 12:11:51.133,4.84,206.41,PICTURE_COOLDOWN,1.95,4.49,196.90,0.60,242.14
2026-02-03 12:11:51.347,5.20,192.38,PICTURE_COOLDOWN,1.88,3.79,184.10,0.60,242.14
2026-02-03 12:11:51.568,5.07,197.41,PICTURE_COOLDOWN,1.51,4.02,189.21,0.58,242.14
2026-02-03 12:11:51.777,5.34,187.37,PICTURE_COOLDOWN,1.51,5.06,177.95,0.63,242.14
2026-02-03 12:11:51.988,5.29,189.13,PICTURE_COOLDOWN,2.02,4.48,179.35,0.66,242.14
2026-02-03 12:11:52.214,4.93,202.89,PICTURE_COOLDOWN,2.67,4.63,192.49,0.77,242.14
2026-02-03 12:11:52.428,5.25,190.54,PICTURE_COOLDOWN,2.03,5.18,179.91,0.57,242.14
2026-02-03 12:11:52.647,5.12,195.24,PICTURE_COOLDOWN,1.98,0.13,190.22,0.61,242.14
2026-02-03 12:11:52.769,9.93,100.66,TAKE_PICTURE,2.11,0.30,95.32,0.60,242.14
2026-02-03 12:11:52.978,5.49,182.24,TAKE_PICTURE,2.88,2.23,172.56,0.79,242.25
2026-02-03 12:11:53.189,5.33,187.78,TAKE_PICTURE,1.39,2.44,180.91,0.63,242.25
2026-02-03 12:11:53.388,5.67,176.41,TAKE_PICTURE,1.28,2.52,169.02,0.58,242.25
2026-02-03 12:11:53.585,5.74,174.34,TAKE_PICTURE,1.42,2.92,167.15,0.53,242.25
2026-02-03 12:11:53.902,3.41,293.68,TAKE_PICTURE,1.29,122.69,165.95,0.53,242.25
2026-02-03 12:11:54.116,5.30,188.56,TAKE_PICTURE,4.34,1.97,177.30,0.67,242.25
2026-02-03 12:11:54.329,5.14,194.62,TAKE_PICTURE,2.25,1.04,187.44,0.74,242.25
2026-02-03 12:11:54.534,5.30,188.69,TAKE_PICTURE,5.37,0.73,179.90,0.59,242.25
2026-02-03 12:11:54.732,5.51,181.44,TAKE_PICTURE,2.11,0.82,175.11,0.67,242.25
2026-02-03 12:11:55.041,3.42,292.22,TAKE_PICTURE,5.04,115.60,168.83,0.57,242.25
2026-02-03 12:11:55.259,5.10,196.07,TAKE_PICTURE,2.35,1.15,188.82,0.57,242.25
2026-02-03 12:11:55.465,5.34,187.32,TAKE_PICTURE,2.38,0.60,180.49,0.56,242.25
2026-02-03 12:11:55.667,5.39,185.41,TAKE_PICTURE,4.97,0.55,176.66,0.59,242.25
2026-02-03 12:11:55.864,5.69,175.83,TAKE_PICTURE,1.48,1.47,168.16,0.57,242.25
2026-02-03 12:11:56.158,3.60,277.77,TAKE_PICTURE,2.30,112.92,158.30,0.61,242.25
2026-02-03 12:11:56.361,5.43,184.01,TAKE_PICTURE,3.64,0.64,176.46,0.57,242.25
2026-02-03 12:11:56.553,5.75,173.77,TAKE_PICTURE,1.55,1.16,167.19,0.70,242.25
2026-02-03 12:11:56.743,5.75,173.98,TAKE_PICTURE,2.33,1.25,166.45,0.60,242.25
2026-02-03 12:11:56.936,5.64,177.15,TAKE_PICTURE,2.37,1.13,169.62,0.58,242.25
2026-02-03 12:11:57.229,3.61,276.66,TAKE_PICTURE,2.36,111.85,158.53,0.54,242.25
2026-02-03 12:11:57.435,5.41,184.92,TAKE_PICTURE,1.94,1.33,177.72,0.76,242.25
2026-02-03 12:11:57.626,5.74,174.15,TAKE_PICTURE,2.27,0.93,166.71,0.54,242.25
2026-02-03 12:11:57.817,5.73,174.53,TAKE_PICTURE,2.31,1.14,167.04,0.60,242.25
2026-02-03 12:11:58.004,5.82,171.75,TAKE_PICTURE,2.35,0.91,164.33,0.60,242.25
2026-02-03 12:11:58.257,4.23,236.61,TAKE_PICTURE,2.35,113.14,116.95,0.54,242.25
2026-02-03 12:11:58.424,6.87,145.54,TAKE_PICTURE,1.59,0.15,140.40,0.67,242.25
2026-02-03 12:11:58.596,7.06,141.56,TAKE_PICTURE,3.13,0.15,134.33,0.57,242.25
2026-02-03 12:11:58.763,7.21,138.74,TAKE_PICTURE,2.81,0.14,132.37,0.60,242.25
2026-02-03 12:11:58.951,6.44,155.33,TAKE_PICTURE,4.06,0.12,147.00,0.60,242.25
2026-02-03 12:11:59.121,7.06,141.62,TAKE_PICTURE,2.70,0.10,135.49,0.56,242.25
2026-02-03 12:11:59.293,7.02,142.38,TAKE_PICTURE,3.35,0.13,135.51,0.59,242.25
2026-02-03 12:11:59.468,6.85,146.08,TAKE_PICTURE,2.75,0.11,139.64,0.66,242.25
2026-02-03 12:11:59.653,6.50,153.84,TAKE_PICTURE,2.39,0.13,147.05,0.57,242.25
2026-02-03 12:11:59.826,6.89,145.11,TAKE_PICTURE,2.51,0.13,138.96,0.59,242.25
2026-02-03 12:11:59.998,6.91,144.67,TAKE_PICTURE,2.89,0.16,137.74,0.55,242.25
2026-02-03 12:12:00.167,7.05,141.88,TAKE_PICTURE,2.64,0.13,135.30,0.54,242.25
2026-02-03 12:12:00.339,6.81,146.88,TAKE_PICTURE,2.90,0.13,139.92,0.83,242.25
2026-02-03 12:12:00.521,6.56,152.41,TAKE_PICTURE,5.16,0.12,143.22,0.61,242.25
2026-02-03 12:12:00.686,7.19,139.05,TAKE_PICTURE,4.05,0.13,131.40,0.58,242.25
2026-02-03 12:12:00.857,7.02,142.53,TAKE_PICTURE,3.10,0.13,135.93,0.57,242.25
2026-02-03 12:12:01.032,6.92,144.60,TAKE_PICTURE,2.41,0.18,137.97,0.67,242.25
2026-02-03 12:12:01.221,6.34,157.78,TAKE_PICTURE,6.47,0.19,144.35,0.65,242.25
2026-02-03 12:12:01.391,6.92,144.59,TAKE_PICTURE,3.11,0.13,137.43,0.58,242.25
2026-02-03 12:12:01.559,7.11,140.73,TAKE_PICTURE,2.66,0.13,133.88,0.57,242.25
2026-02-03 12:12:01.749,6.29,159.11,TAKE_PICTURE,3.61,0.24,149.83,0.65,242.25
2026-02-03 12:12:01.917,7.11,140.62,TAKE_PICTURE,4.14,0.11,132.69,0.54,242.25
2026-02-03 12:12:02.091,6.85,145.92,TAKE_PICTURE,4.60,0.11,137.40,0.72,242.25
2026-02-03 12:12:02.271,6.72,148.78,TAKE_PICTURE,4.10,0.13,140.54,0.90,242.25
2026-02-03 12:12:02.437,7.13,140.17,TAKE_PICTURE,2.80,0.15,133.17,0.60,242.25
2026-02-03 12:12:02.605,7.14,140.14,TAKE_PICTURE,2.61,0.14,133.89,0.55,242.25
2026-02-03 12:12:02.776,7.01,142.71,TAKE_PICTURE,3.01,0.13,136.10,0.55,242.25
2026-02-03 12:12:02.961,6.37,156.98,TAKE_PICTURE,3.64,0.12,149.20,0.64,242.25
2026-02-03 12:12:03.137,6.99,143.13,TAKE_PICTURE,2.79,0.16,136.34,0.63,242.25
2026-02-03 12:12:03.304,7.16,139.74,TAKE_PICTURE,3.01,0.14,132.70,0.59,242.25
2026-02-03 12:12:03.473,7.18,139.29,TAKE_PICTURE,3.11,0.07,132.47,0.77,242.25
2026-02-03 12:12:03.652,6.68,149.70,TAKE_PICTURE,3.11,0.14,142.50,0.60,242.25
2026-02-03 12:12:03.819,7.13,140.25,TAKE_PICTURE,2.55,0.13,133.02,0.60,242.25
2026-02-03 12:12:03.987,7.08,141.32,TAKE_PICTURE,4.17,0.12,133.29,0.57,242.25
2026-02-03 12:12:04.164,6.63,150.79,TAKE_PICTURE,2.88,0.12,144.16,0.69,242.25
2026-02-03 12:12:04.335,7.08,141.25,TAKE_PICTURE,4.31,0.13,132.74,0.59,242.25
2026-02-03 12:12:04.503,7.09,141.13,TAKE_PICTURE,2.78,0.20,134.44,0.55,242.25
2026-02-03 12:12:04.669,7.16,139.73,TAKE_PICTURE,2.56,0.14,132.68,0.61,242.25
2026-02-03 12:12:04.840,7.05,141.75,TAKE_PICTURE,2.92,0.13,135.06,0.69,242.25
2026-02-03 12:12:05.022,6.70,149.26,TAKE_PICTURE,7.19,0.12,138.08,0.55,242.25
2026-02-03 12:12:05.188,7.18,139.25,TAKE_PICTURE,2.69,0.15,132.33,0.57,242.25
2026-02-03 12:12:05.353,7.29,137.20,TAKE_PICTURE,3.32,0.15,129.71,0.59,242.25
2026-02-03 12:12:05.516,7.35,136.13,TAKE_PICTURE,2.89,0.12,129.57,0.55,242.25
2026-02-03 12:12:05.688,6.81,146.83,TAKE_PICTURE,2.88,0.13,139.84,0.69,242.25
2026-02-03 12:12:05.857,7.09,141.01,TAKE_PICTURE,3.21,0.13,133.73,0.71,242.25
2026-02-03 12:12:05.949,15.50,64.51,RESULT,2.56,7.39,50.04,1.09,242.25
2026-02-03 12:12:06.629,1.53,652.24,RESULT,16.60,497.11,133.92,0.62,242.25
2026-02-03 12:12:06.818,6.21,160.93,RESULT,2.83,0.05,154.04,0.68,242.25
2026-02-03 12:12:06.983,6.74,148.32,RESULT,2.04,0.03,142.83,0.72,242.25
2026-02-03 12:12:07.153,6.48,154.37,RESULT,4.13,0.03,147.77,0.62,242.25
2026-02-03 12:12:07.318,6.69,149.54,RESULT,2.06,0.03,144.11,0.82,242.25
2026-02-03 12:12:07.486,6.62,151.11,RESULT,2.09,0.06,144.50,0.63,242.25
2026-02-03 12:12:07.650,6.74,148.45,RESULT,2.79,0.03,142.75,0.61,242.25
2026-02-03 12:12:07.820,6.51,153.59,RESULT,2.06,0.07,147.39,0.61,242.25
2026-02-03 12:12:07.985,6.73,148.68,RESULT,1.92,0.07,143.06,0.59,242.25
2026-02-03 12:12:08.155,6.48,154.23,RESULT,2.24,0.03,147.75,0.75,242.25
2026-02-03 12:12:08.321,6.69,149.42,RESULT,2.34,0.08,142.93,0.56,242.25
2026-02-03 12:12:08.483,6.84,146.25,RESULT,1.97,0.03,140.82,0.68,242.25
2026-02-03 12:12:08.653,6.52,153.36,RESULT,1.88,0.07,146.82,0.64,242.25
2026-02-03 12:12:08.816,6.81,146.84,RESULT,1.87,0.03,141.91,0.57,242.25
2026-02-03 12:12:08.984,6.57,152.27,RESULT,1.84,0.03,145.45,0.72,242.25
2026-02-03 12:12:09.156,6.49,154.02,RESULT,3.03,0.05,142.14,0.56,242.25
2026-02-03 12:12:09.319,6.80,147.02,RESULT,1.92,0.06,140.92,0.55,242.25
2026-02-03 12:12:09.486,6.60,151.41,RESULT,2.07,0.03,146.03,0.64,242.25
2026-02-03 12:12:09.651,6.86,145.82,RESULT,1.88,0.03,140.06,0.55,242.25
2026-02-03 12:12:09.818,6.62,151.08,RESULT,2.09,0.07,144.51,0.63,242.25
2026-02-03 12:12:09.984,6.66,150.15,RESULT,1.79,0.03,143.82,1.96,242.25
2026-02-03 12:12:10.152,6.60,151.52,RESULT,1.96,0.07,145.58,0.55,242.25
2026-02-03 12:12:10.316,6.77,147.75,RESULT,2.02,0.03,142.87,0.60,242.25
2026-02-03 12:12:10.485,6.51,153.53,RESULT,1.99,0.06,147.14,0.91,242.25
2026-02-03 12:12:10.646,6.90,144.89,RESULT,2.32,0.06,138.63,0.63,242.25
2026-02-03 12:12:10.809,6.78,147.42,RESULT,2.29,0.03,140.16,1.80,242.25
2026-02-03 12:12:10.980,6.46,154.82,RESULT,2.31,0.07,148.56,0.58,242.25
2026-02-03 12:12:11.145,6.70,149.19,RESULT,2.30,0.06,142.67,0.68,242.25
2026-02-03 12:12:11.306,6.91,144.77,RESULT,2.33,0.06,138.52,0.56,242.25
2026-02-03 12:12:11.476,6.50,153.85,RESULT,2.24,0.03,147.75,0.60,242.25
2026-02-03 12:12:11.638,6.82,146.67,RESULT,2.30,0.06,140.21,0.60,242.25
2026-02-03 12:12:11.799,6.88,145.28,RESULT,2.20,0.03,139.31,0.59,242.25
2026-02-03 12:12:11.964,6.73,148.63,RESULT,2.45,0.06,141.64,0.70,242.25
2026-02-03 12:12:12.139,6.28,159.34,RESULT,2.36,0.03,153.37,0.61,242.25
2026-02-03 12:12:12.301,6.86,145.75,RESULT,2.01,0.03,140.67,0.56,242.25
2026-02-03 12:12:12.466,6.73,148.48,RESULT,5.28,0.03,140.67,0.57,242.25
2026-02-03 12:12:12.636,6.48,154.26,RESULT,5.01,0.03,146.59,0.67,242.25
2026-02-03 12:12:12.800,6.76,147.85,RESULT,2.35,0.06,141.41,0.59,242.25
2026-02-03 12:12:12.960,6.90,144.84,RESULT,2.25,0.07,138.21,0.75,242.25
2026-02-03 12:12:13.133,6.39,156.42,RESULT,2.28,0.07,149.92,0.58,242.25
2026-02-03 12:12:13.293,6.91,144.79,RESULT,3.63,0.03,137.60,0.54,242.25
2026-02-03 12:12:13.455,6.87,145.53,RESULT,2.32,0.05,138.83,1.28,242.25
2026-02-03 12:12:13.623,6.61,151.28,RESULT,2.30,0.08,144.65,0.55,242.25
2026-02-03 12:12:13.785,6.87,145.54,RESULT,2.29,0.05,139.49,0.55,242.25
2026-02-03 12:12:13.946,6.90,144.95,RESULT,2.57,0.03,138.43,0.54,242.25
2026-02-03 12:12:14.108,6.82,146.61,RESULT,2.49,0.03,140.11,0.70,242.25
2026-02-03 12:12:14.281,6.38,156.68,RESULT,2.66,0.03,149.69,0.54,242.25
2026-02-03 12:12:14.442,6.89,145.10,RESULT,2.86,0.04,138.20,0.60,242.25
2026-02-03 12:12:14.603,6.90,144.99,RESULT,2.11,0.03,140.07,0.56,242.25
2026-02-03 12:12:14.764,6.88,145.38,RESULT,2.69,0.03,139.53,0.71,242.25
2026-02-03 12:12:14.939,6.34,157.73,RESULT,2.44,0.03,151.90,0.58,242.25
2026-02-03 12:12:15.101,6.84,146.17,RESULT,2.21,0.03,140.98,0.61,242.25
2026-02-03 12:12:15.271,6.51,153.67,RESULT,4.99,0.03,145.86,0.70,242.25
2026-02-03 12:12:15.437,6.67,149.96,RESULT,2.38,0.03,144.19,0.57,242.25
2026-02-03 12:12:15.600,6.80,147.15,RESULT,5.23,0.03,139.25,0.64,242.25
2026-02-03 12:12:15.769,6.53,153.12,RESULT,2.43,0.03,147.46,0.64,242.25
2026-02-03 12:12:15.932,6.83,146.45,RESULT,5.10,0.03,138.75,0.59,242.25
2026-02-03 12:12:16.093,6.89,145.19,RESULT,2.30,0.03,140.03,0.65,242.25
2026-02-03 12:12:16.263,6.49,153.98,RESULT,2.31,0.03,148.15,1.34,242.25
2026-02-03 12:12:16.424,6.88,145.28,RESULT,2.21,0.03,140.01,0.56,242.25
2026-02-03 12:12:16.586,6.83,146.38,RESULT,2.32,0.03,141.06,0.66,242.25
2026-02-03 12:12:16.760,6.32,158.20,RESULT,2.21,0.07,152.34,0.56,242.25
2026-02-03 12:12:16.921,6.92,144.51,RESULT,2.34,0.03,139.44,0.56,242.25
2026-02-03 12:12:17.084,6.79,147.26,RESULT,2.33,0.03,141.98,0.70,242.25
2026-02-03 12:12:17.258,6.33,157.97,RESULT,2.54,0.04,147.89,4.64,242.25
2026-02-03 12:12:17.423,6.86,145.86,RESULT,2.31,0.03,140.68,0.60,242.25
2026-02-03 12:12:17.591,6.57,152.10,RESULT,2.27,0.03,146.84,0.58,242.25
2026-02-03 12:12:17.757,6.77,147.65,RESULT,4.57,0.03,139.76,0.75,242.25
2026-02-03 12:12:17.920,6.80,147.11,RESULT,3.62,0.03,139.88,0.54,242.25
2026-02-03 12:12:18.087,6.63,150.90,RESULT,2.65,0.07,142.98,0.85,242.25
2026-02-03 12:12:18.253,6.83,146.40,RESULT,1.59,0.03,142.02,0.59,242.25
2026-02-03 12:12:18.415,6.84,146.19,RESULT,2.33,0.03,139.39,0.61,242.25
2026-02-03 12:12:18.577,6.80,146.95,RESULT,2.23,0.03,141.23,0.68,242.25
2026-02-03 12:12:18.750,6.41,156.04,RESULT,2.57,0.03,149.81,0.55,242.25
2026-02-03 12:12:18.913,6.83,146.49,RESULT,2.62,0.03,139.93,1.20,242.25
2026-02-03 12:12:19.075,6.86,145.84,RESULT,2.29,0.03,139.16,0.77,242.25
2026-02-03 12:12:19.254,6.13,163.09,RESULT,4.09,0.03,154.15,1.04,242.25
2026-02-03 12:12:19.416,6.85,146.02,RESULT,2.61,0.03,139.86,0.58,242.25
2026-02-03 12:12:19.591,6.28,159.11,RESULT,2.34,0.07,151.95,0.67,242.25
2026-02-03 12:12:19.756,6.68,149.59,RESULT,5.59,0.03,141.49,0.59,242.25
2026-02-03 12:12:19.918,6.86,145.74,RESULT,2.30,0.03,139.04,0.58,242.25
2026-02-03 12:12:20.085,6.63,150.88,RESULT,2.49,0.03,144.13,1.41,242.25
2026-02-03 12:12:20.260,6.32,158.35,RESULT,2.44,0.03,151.60,0.59,242.25
2026-02-03 12:12:20.424,6.76,147.92,RESULT,2.46,0.03,140.76,0.60,242.25
2026-02-03 12:12:20.586,6.85,145.92,RESULT,1.80,0.03,141.02,0.65,242.25
2026-02-03 12:12:20.763,6.21,161.06,RESULT,2.83,0.03,154.58,0.62,242.25
2026-02-03 12:12:20.925,6.86,145.81,RESULT,2.26,0.03,140.39,0.59,242.25
2026-02-03 12:12:21.089,6.84,146.18,RESULT,1.42,0.03,141.03,0.63,242.25
2026-02-03 12:12:21.255,6.70,149.30,RESULT,2.27,0.06,143.10,0.77,242.25
2026-02-03 12:12:21.420,6.72,148.84,RESULT,2.26,0.08,142.30,0.55,242.25
2026-02-03 12:12:21.585,6.72,148.80,RESULT,2.56,0.03,141.76,0.60,242.25
2026-02-03 12:12:21.754,6.53,153.23,RESULT,2.30,0.03,148.05,0.55,242.25
2026-02-03 12:12:21.925,6.45,154.99,RESULT,2.47,0.03,148.73,1.41,242.25
2026-02-03 12:12:22.089,6.76,147.99,RESULT,2.33,0.04,142.74,0.68,242.25
2026-02-03 12:12:22.251,6.84,146.27,RESULT,2.28,0.03,141.23,0.63,242.25
2026-02-03 12:12:22.426,6.30,158.78,RESULT,2.50,0.03,153.16,0.57,242.25
2026-02-03 12:12:22.590,6.74,148.36,RESULT,2.26,0.03,142.50,0.64,242.25
2026-02-03 12:12:22.755,6.71,148.96,RESULT,2.34,0.03,142.21,1.42,242.25
2026-02-03 12:12:22.921,6.69,149.57,RESULT,2.53,0.08,141.87,0.55,242.25
2026-02-03 12:12:23.084,6.77,147.76,RESULT,1.97,0.03,142.33,0.66,242.25
2026-02-03 12:12:23.254,6.51,153.63,RESULT,1.78,0.03,148.95,0.60,242.25
2026-02-03 12:12:23.415,6.89,145.11,RESULT,2.28,0.03,139.29,0.62,242.25
2026-02-03 12:12:23.577,6.82,146.69,RESULT,2.11,0.03,141.48,0.57,242.25
2026-02-03 12:12:23.753,6.27,159.48,RESULT,2.49,0.03,153.64,0.55,242.25
2026-02-03 12:12:23.919,6.69,149.56,RESULT,2.27,0.03,143.68,0.61,242.25
2026-02-03 12:12:24.080,6.90,144.95,RESULT,2.18,0.03,139.83,0.78,242.25
2026-02-03 12:12:24.256,6.28,159.20,RESULT,2.42,0.03,153.65,0.61,242.25
2026-02-03 12:12:24.417,6.85,146.05,RESULT,2.40,0.03,140.83,0.57,242.25
2026-02-03 12:12:24.580,6.82,146.65,RESULT,2.35,0.03,141.28,0.75,242.25
2026-02-03 12:12:24.750,6.50,153.89,RESULT,2.46,0.03,148.33,0.65,242.25
2026-02-03 12:12:24.911,6.88,145.39,RESULT,2.20,0.03,139.71,0.58,242.25
2026-02-03 12:12:25.073,6.85,145.89,RESULT,2.22,0.03,141.02,0.56,242.25
2026-02-03 12:12:25.242,6.55,152.74,RESULT,2.27,0.03,147.79,0.55,242.25
2026-02-03 12:12:25.405,6.86,145.87,RESULT,3.59,0.03,138.72,0.59,242.25
2026-02-03 12:12:25.569,6.78,147.59,RESULT,2.64,0.03,141.98,0.71,242.25
2026-02-03 12:12:25.736,6.61,151.28,RESULT,2.40,0.03,145.78,0.64,242.25
2026-02-03 12:12:25.899,6.81,146.93,RESULT,2.41,0.03,141.59,0.69,242.25
2026-02-03 12:12:26.061,6.85,146.06,RESULT,2.26,0.03,140.90,0.71,242.25
2026-02-03 12:12:26.233,6.44,155.36,RESULT,2.53,0.06,149.81,0.59,242.25
2026-02-03 12:12:26.395,6.83,146.44,RESULT,2.56,0.03,141.07,0.56,242.25
2026-02-03 12:12:26.557,6.87,145.47,RESULT,2.39,0.03,140.02,0.69,242.25
2026-02-03 12:12:26.732,6.27,159.49,RESULT,2.53,0.03,153.82,0.57,242.25
2026-02-03 12:12:26.898,6.67,149.82,RESULT,2.27,0.03,144.72,0.66,242.25
2026-02-03 12:12:27.060,6.87,145.64,RESULT,2.22,0.03,139.79,0.70,242.25
2026-02-03 12:12:27.235,6.29,158.98,RESULT,2.72,0.03,152.76,1.04,242.25
2026-02-03 12:12:27.397,6.82,146.70,RESULT,3.35,0.03,140.38,0.70,242.25
2026-02-03 12:12:27.572,6.32,158.22,RESULT,2.78,0.03,152.26,0.66,242.25
2026-02-03 12:12:27.735,6.78,147.41,RESULT,2.36,0.07,140.22,0.60,242.25
2026-02-03 12:12:27.904,6.53,153.13,RESULT,2.25,0.03,147.45,1.14,242.25
2026-02-03 12:12:28.067,6.83,146.51,RESULT,2.35,0.03,141.15,0.63,242.25
2026-02-03 12:12:28.233,6.68,149.66,RESULT,2.73,0.03,142.35,0.62,242.25
2026-02-03 12:12:28.402,6.51,153.66,RESULT,2.27,0.03,147.01,0.58,242.25
2026-02-03 12:12:28.565,6.81,146.78,RESULT,2.39,0.03,140.88,0.61,242.25
2026-02-03 12:12:28.729,6.74,148.43,RESULT,2.23,0.03,141.89,0.73,242.25
2026-02-03 12:12:28.898,6.56,152.44,RESULT,2.48,0.03,146.18,0.66,242.25
2026-02-03 12:12:29.063,6.70,149.24,RESULT,2.20,0.03,143.37,0.69,242.25
2026-02-03 12:12:29.230,6.66,150.17,RESULT,2.35,0.07,142.90,0.57,242.25
2026-02-03 12:12:29.399,6.50,153.75,RESULT,3.56,0.03,146.66,0.57,242.25
2026-02-03 12:12:29.567,6.61,151.21,RESULT,2.85,0.03,142.96,0.63,242.25
2026-02-03 12:12:29.728,6.89,145.19,RESULT,2.38,0.03,139.56,0.61,242.25
2026-02-03 12:12:29.904,6.23,160.52,RESULT,2.37,0.08,153.08,0.63,242.25
2026-02-03 12:12:30.066,6.86,145.86,RESULT,2.26,0.08,138.80,0.57,242.25
2026-02-03 12:12:30.229,6.79,147.31,RESULT,2.23,0.03,141.12,0.77,242.25
2026-02-03 12:12:30.404,6.31,158.60,RESULT,2.43,0.03,152.15,0.61,242.25
2026-02-03 12:12:30.567,6.78,147.44,RESULT,2.24,0.08,140.35,0.63,242.25
2026-02-03 12:12:30.733,6.67,149.85,RESULT,2.38,0.08,142.41,0.68,242.25
2026-02-03 12:12:30.902,6.54,152.85,RESULT,2.44,0.03,145.89,0.60,242.25
2026-02-03 12:12:31.065,6.77,147.68,RESULT,2.42,0.03,141.35,0.77,242.25
2026-02-03 12:12:31.239,6.34,157.63,RESULT,2.63,0.03,151.30,0.55,242.25
2026-02-03 12:12:31.403,6.78,147.48,RESULT,2.28,0.06,140.59,0.56,242.25
2026-02-03 12:12:31.564,6.85,145.89,RESULT,2.24,0.03,140.39,0.63,242.25
2026-02-03 12:12:31.740,6.25,159.96,RESULT,2.58,0.03,152.93,0.54,242.25
2026-02-03 12:12:31.901,6.90,144.85,RESULT,2.27,0.07,137.99,0.56,242.25
2026-02-03 12:12:32.064,6.78,147.53,RESULT,2.28,0.03,141.15,0.60,242.25
2026-02-03 12:12:32.229,6.71,149.03,RESULT,2.27,0.03,142.17,0.75,242.25
2026-02-03 12:12:32.401,6.45,155.06,RESULT,2.41,0.03,148.81,0.62,242.25
2026-02-03 12:12:32.566,6.70,149.35,RESULT,2.97,0.03,142.42,0.56,242.25
2026-02-03 12:12:32.730,6.75,148.08,RESULT,2.18,0.03,142.26,0.59,242.25
2026-02-03 12:12:32.905,6.28,159.14,RESULT,2.22,0.03,153.18,0.62,242.25
2026-02-03 12:12:33.067,6.84,146.29,RESULT,2.28,0.03,141.18,0.56,242.25
2026-02-03 12:12:33.245,6.17,162.07,RESULT,2.29,0.03,156.56,0.73,242.25
2026-02-03 12:12:33.413,6.62,151.03,RESULT,1.67,0.03,142.82,0.66,242.25
2026-02-03 12:12:33.574,6.88,145.31,RESULT,2.10,0.03,140.09,0.63,242.25
2026-02-03 12:12:33.733,6.96,143.67,RESULT,2.12,0.03,138.03,0.56,242.25
2026-02-03 12:12:33.904,6.49,154.17,RESULT,5.11,0.03,146.41,0.63,242.25
2026-02-03 12:12:34.069,6.67,149.87,RESULT,1.91,0.03,143.73,0.59,242.25
2026-02-03 12:12:34.232,6.79,147.20,RESULT,2.12,0.03,140.96,0.77,242.25
2026-02-03 12:12:34.407,6.31,158.58,RESULT,2.16,0.03,153.01,0.61,242.25
2026-02-03 12:12:34.570,6.80,147.04,RESULT,1.77,0.08,140.62,0.55,242.25
2026-02-03 12:12:34.735,6.69,149.57,RESULT,2.03,0.03,144.69,0.76,242.25
2026-02-03 12:12:34.903,6.59,151.70,RESULT,2.05,0.03,145.47,0.57,242.25
2026-02-03 12:12:35.067,6.77,147.64,RESULT,2.26,0.08,141.08,0.80,242.25
2026-02-03 12:12:35.237,6.50,153.83,RESULT,2.20,0.07,147.15,0.66,242.25
2026-02-03 12:12:35.401,6.75,148.16,RESULT,2.29,0.08,141.65,0.56,242.25
2026-02-03 12:12:35.573,6.40,156.32,RESULT,2.29,0.08,149.04,1.22,242.25
2026-02-03 12:12:35.735,6.87,145.65,RESULT,2.25,0.08,138.92,0.62,242.25
2026-02-03 12:12:35.900,6.68,149.65,RESULT,2.28,0.07,142.76,0.71,242.25
2026-02-03 12:12:36.068,6.72,148.79,RESULT,1.30,0.03,142.60,0.76,242.25
2026-02-03 12:12:36.232,6.76,147.95,RESULT,2.19,0.08,141.43,0.72,242.25
2026-02-03 12:12:36.399,6.66,150.12,RESULT,2.50,0.03,143.33,0.63,242.25
2026-02-03 12:12:36.562,6.78,147.39,RESULT,4.13,0.03,140.59,0.63,242.25
2026-02-03 12:12:36.734,6.40,156.14,RESULT,2.21,0.03,150.37,0.65,242.25
2026-02-03 12:12:36.897,6.80,147.01,RESULT,2.95,0.03,140.94,0.58,242.25
2026-02-03 12:12:37.067,6.50,153.81,RESULT,1.81,0.03,147.04,0.97,242.25
2026-02-03 12:12:37.233,6.66,150.24,RESULT,3.07,0.03,142.68,0.65,242.25
2026-02-03 12:12:37.401,6.61,151.28,RESULT,2.38,0.03,144.45,0.73,242.25
2026-02-03 12:12:37.572,6.48,154.41,RESULT,2.45,0.03,147.36,0.70,242.25
2026-02-03 12:12:37.738,6.68,149.65,RESULT,2.25,0.07,142.67,0.59,242.25
2026-02-03 12:12:37.904,6.65,150.46,RESULT,4.83,0.03,142.55,0.75,242.25
2026-02-03 12:12:38.072,6.72,148.85,RESULT,1.34,0.06,143.15,0.57,242.25
2026-02-03 12:12:38.233,6.88,145.42,RESULT,1.96,0.03,139.30,0.64,242.25
2026-02-03 12:12:38.401,6.66,150.26,RESULT,1.30,0.08,145.47,0.63,242.25
2026-02-03 12:12:38.568,6.69,149.42,RESULT,4.74,0.03,141.40,0.55,242.25
2026-02-03 12:12:38.738,6.50,153.96,RESULT,2.35,0.08,147.16,0.65,242.25
2026-02-03 12:12:38.903,6.72,148.87,RESULT,2.21,0.03,142.78,0.59,242.25
2026-02-03 12:12:39.064,6.86,145.72,RESULT,2.26,0.03,139.72,0.61,242.25
2026-02-03 12:12:39.239,6.29,158.93,RESULT,2.33,0.03,153.28,0.60,242.25
2026-02-03 12:12:39.403,6.79,147.30,RESULT,2.24,0.03,142.27,0.61,242.25
2026-02-03 12:12:39.577,6.35,157.50,RESULT,2.48,0.03,151.55,0.61,242.25
2026-02-03 12:12:39.738,6.86,145.68,RESULT,2.52,0.03,140.35,0.61,242.25
2026-02-03 12:12:39.915,6.22,160.69,RESULT,2.73,0.03,154.85,0.63,242.25
2026-02-03 12:12:40.077,6.82,146.54,RESULT,2.20,0.03,141.31,0.56,242.25
2026-02-03 12:12:40.251,6.32,158.13,RESULT,2.61,0.03,152.23,0.58,242.25
2026-02-03 12:12:40.416,6.74,148.48,RESULT,2.03,0.03,143.15,0.60,242.25
2026-02-03 12:12:40.590,6.30,158.72,RESULT,2.33,0.03,153.64,0.61,242.25
2026-02-03 12:12:40.752,6.88,145.37,RESULT,2.24,0.03,140.11,0.61,242.25
2026-02-03 12:12:40.915,6.80,146.99,RESULT,2.35,0.03,141.30,1.14,242.25
2026-02-03 12:12:41.082,6.73,148.61,RESULT,2.50,0.03,142.49,0.64,242.25
2026-02-03 12:12:41.245,6.79,147.28,RESULT,4.44,0.06,140.10,0.55,242.25
2026-02-03 12:12:41.410,6.74,148.30,RESULT,5.18,0.03,140.46,0.60,242.25
2026-02-03 12:12:41.581,6.66,150.10,RESULT,1.61,0.03,145.03,0.56,242.25
2026-02-03 12:12:41.747,6.69,149.38,RESULT,2.45,0.03,143.92,0.64,242.25
2026-02-03 12:12:41.918,6.47,154.48,RESULT,2.25,0.03,148.93,1.01,242.25
2026-02-03 12:12:42.087,6.53,153.25,RESULT,2.44,0.03,147.04,1.48,242.25
2026-02-03 12:12:42.257,6.47,154.49,RESULT,2.24,0.03,149.34,0.60,242.25
2026-02-03 12:12:42.420,6.84,146.24,RESULT,4.91,0.03,138.72,0.56,242.25
2026-02-03 12:12:42.590,6.49,154.01,RESULT,2.20,0.03,149.11,0.64,242.25
2026-02-03 12:12:42.758,6.57,152.23,RESULT,2.45,0.03,146.23,0.62,242.25
2026-02-03 12:12:42.921,6.80,146.99,RESULT,2.33,0.03,141.00,0.70,242.25
2026-02-03 12:12:43.095,6.35,157.48,RESULT,5.22,0.03,148.95,1.12,242.25
2026-02-03 12:12:43.257,6.81,146.85,RESULT,2.25,0.03,141.26,0.56,242.25
2026-02-03 12:12:43.427,6.53,153.23,RESULT,5.04,0.03,145.36,0.82,242.25
2026-02-03 12:12:43.589,6.82,146.73,RESULT,2.24,0.03,141.26,0.63,242.25
2026-02-03 12:12:43.753,6.76,147.97,RESULT,5.11,0.03,140.03,0.76,242.25
2026-02-03 12:12:43.923,6.52,153.35,RESULT,5.06,0.03,145.40,0.62,242.25
2026-02-03 12:12:44.093,6.48,154.31,RESULT,2.31,0.07,147.39,0.54,242.25
2026-02-03 12:12:44.259,6.69,149.46,RESULT,5.28,0.03,141.56,0.61,242.25
2026-02-03 12:12:44.423,6.73,148.65,RESULT,2.35,0.03,142.80,0.79,242.25
2026-02-03 12:12:44.589,6.66,150.08,RESULT,2.51,0.07,142.47,0.65,242.25
2026-02-03 12:12:44.752,6.82,146.63,RESULT,4.88,0.03,139.10,0.55,242.25
2026-02-03 12:12:44.922,6.52,153.48,RESULT,2.48,0.03,146.49,0.56,242.25
2026-02-03 12:12:45.084,6.81,146.91,RESULT,4.93,0.03,139.29,0.59,242.25
2026-02-03 12:12:45.254,6.52,153.31,RESULT,2.34,0.03,146.46,0.66,242.25
2026-02-03 12:12:45.416,6.85,145.98,RESULT,2.24,0.03,140.13,0.57,242.25
2026-02-03 12:12:45.584,6.55,152.75,RESULT,2.21,0.03,147.78,0.62,242.25
2026-02-03 12:12:45.747,6.83,146.46,RESULT,1.89,0.03,140.79,1.07,242.25
2026-02-03 12:12:45.911,6.75,148.12,RESULT,2.23,0.03,142.18,1.07,242.25
2026-02-03 12:12:46.087,6.24,160.17,RESULT,3.11,0.03,152.04,0.56,242.25
2026-02-03 12:12:46.258,6.48,154.44,RESULT,3.37,0.03,147.63,0.67,242.25
2026-02-03 12:12:46.433,6.31,158.49,RESULT,2.45,0.03,152.96,0.58,242.25
2026-02-03 12:12:46.596,6.79,147.33,RESULT,2.04,0.03,142.43,0.61,242.25
2026-02-03 12:12:46.771,6.29,158.95,RESULT,2.23,0.03,153.49,1.04,242.25
2026-02-03 12:12:46.933,6.85,146.05,RESULT,2.22,0.03,141.03,0.56,242.25
2026-02-03 12:12:47.101,6.56,152.46,RESULT,1.77,0.03,146.80,0.67,242.25
2026-02-03 12:12:47.265,6.76,147.83,RESULT,5.43,0.03,139.72,0.55,242.25
2026-02-03 12:12:47.428,6.81,146.81,RESULT,2.25,0.03,141.76,0.62,242.25
2026-02-03 12:12:47.599,6.45,155.09,RESULT,2.20,0.06,148.07,0.82,242.25
2026-02-03 12:12:47.761,6.82,146.58,RESULT,2.34,0.03,140.97,0.58,242.25
2026-02-03 12:12:47.931,6.59,151.69,RESULT,1.40,0.03,145.12,0.71,242.25
2026-02-03 12:12:48.106,6.27,159.41,RESULT,2.41,0.06,153.55,0.58,242.25
2026-02-03 12:12:48.271,6.74,148.43,RESULT,2.46,0.03,143.01,0.68,242.25
2026-02-03 12:12:48.441,6.47,154.63,RESULT,2.42,0.03,148.96,0.54,242.20
2026-02-03 12:12:48.613,6.56,152.51,RESULT,3.79,0.05,143.76,0.61,242.20
2026-02-03 12:12:48.781,6.61,151.23,RESULT,2.20,0.05,146.11,0.57,242.20
2026-02-03 12:12:48.944,6.80,146.99,RESULT,2.06,0.03,141.57,0.68,242.20
2026-02-03 12:12:49.110,6.67,149.99,RESULT,1.97,0.03,144.63,0.80,242.20
2026-02-03 12:12:49.275,6.71,149.04,RESULT,2.38,0.03,143.75,0.62,242.20
2026-02-03 12:12:49.440,6.71,148.96,RESULT,2.07,0.03,143.77,0.72,242.20
2026-02-03 12:12:49.613,6.36,157.26,RESULT,2.48,0.03,151.61,0.68,242.20
2026-02-03 12:12:49.776,6.81,146.79,RESULT,2.02,0.03,140.94,1.42,242.20
2026-02-03 12:12:49.951,6.29,159.06,RESULT,2.52,0.04,152.28,0.61,242.20
2026-02-03 12:12:50.116,6.74,148.35,RESULT,1.97,0.03,142.94,0.69,242.20
2026-02-03 12:12:50.286,6.48,154.43,RESULT,2.48,0.03,147.29,0.59,242.20
2026-02-03 12:12:50.449,6.81,146.80,RESULT,2.22,0.03,141.10,0.60,242.20
2026-02-03 12:12:50.618,6.52,153.34,RESULT,1.60,0.07,146.31,1.55,242.20
2026-02-03 12:12:50.780,6.86,145.75,RESULT,2.52,0.03,139.27,0.55,242.20
2026-02-03 12:12:50.944,6.76,147.92,RESULT,2.41,0.08,141.02,0.58,242.20
2026-02-03 12:12:51.115,6.47,154.63,RESULT,2.40,0.03,148.18,0.61,242.20
2026-02-03 12:12:51.279,6.72,148.74,RESULT,2.39,0.08,141.70,0.63,242.20
2026-02-03 12:12:51.443,6.78,147.50,RESULT,2.30,0.08,140.35,0.78,242.20
2026-02-03 12:12:51.615,6.43,155.63,RESULT,3.08,0.03,147.72,0.69,242.20
2026-02-03 12:12:51.786,6.44,155.32,RESULT,3.08,0.03,149.15,0.79,242.20
2026-02-03 12:12:51.955,6.57,152.12,RESULT,2.50,0.08,144.74,0.76,242.20
2026-02-03 12:12:52.115,6.90,144.86,RESULT,2.46,0.08,137.96,0.60,242.20
2026-02-03 12:12:52.280,6.82,146.57,RESULT,2.54,0.03,141.22,0.64,242.20
2026-02-03 12:12:52.452,6.38,156.67,RESULT,2.49,0.07,149.46,0.56,242.20
2026-02-03 12:12:52.616,6.79,147.32,RESULT,2.42,0.03,140.71,0.57,242.20
2026-02-03 12:12:52.781,6.71,149.00,RESULT,2.19,0.08,141.96,0.76,242.20
2026-02-03 12:12:52.952,6.44,155.17,RESULT,2.13,0.03,148.97,0.57,242.20
2026-02-03 12:12:53.117,6.74,148.47,RESULT,2.29,0.05,141.66,0.60,242.20
2026-02-03 12:12:53.281,6.73,148.53,RESULT,2.15,0.07,142.78,0.71,242.20
2026-02-03 12:12:53.451,6.54,153.02,RESULT,2.28,0.03,146.90,0.62,242.20
2026-02-03 12:12:53.614,6.79,147.37,RESULT,2.47,0.07,140.48,0.65,242.20
2026-02-03 12:12:53.778,6.75,148.10,RESULT,2.28,0.08,141.78,0.72,242.20
2026-02-03 12:12:53.949,6.44,155.27,RESULT,2.61,0.03,149.17,0.59,242.20
2026-02-03 12:12:54.112,6.83,146.34,RESULT,1.95,0.03,140.22,0.72,242.20
2026-02-03 12:12:54.275,6.79,147.27,RESULT,2.47,0.03,141.66,1.07,242.20
2026-02-03 12:12:54.442,6.60,151.56,RESULT,2.25,0.03,146.13,0.62,242.20
2026-02-03 12:12:54.613,6.68,149.66,RESULT,1.91,0.03,143.49,0.63,242.20
2026-02-03 12:12:54.775,6.85,146.00,RESULT,3.77,0.03,138.15,0.56,242.20
2026-02-03 12:12:54.948,6.38,156.82,RESULT,2.30,0.08,149.93,0.59,242.20
2026-02-03 12:12:55.115,6.63,150.92,RESULT,5.41,0.03,142.25,0.57,242.20
2026-02-03 12:12:55.280,6.73,148.58,RESULT,2.01,0.06,142.43,0.60,242.20
2026-02-03 12:12:55.443,6.80,147.03,RESULT,2.33,0.03,139.73,0.71,242.20
2026-02-03 12:12:55.623,6.14,162.94,RESULT,2.43,0.03,155.00,0.61,242.20
2026-02-03 12:12:55.788,6.75,148.16,RESULT,2.23,0.08,140.82,0.62,242.20
2026-02-03 12:12:55.950,6.84,146.17,RESULT,2.27,0.07,138.82,0.60,242.20
2026-02-03 12:12:56.117,6.63,150.81,RESULT,1.81,0.03,144.57,0.63,242.20
2026-02-03 12:12:56.285,6.61,151.26,RESULT,2.02,0.07,144.85,1.05,242.20
2026-02-03 12:12:56.450,6.74,148.35,RESULT,5.28,0.03,139.71,0.53,242.20
2026-02-03 12:12:56.521,18.15,55.11,READY,1.91,0.44,49.32,0.57,242.20
2026-02-03 12:12:56.781,4.40,227.04,READY,4.54,115.43,103.11,0.55,242.20
2026-02-03 12:12:56.927,7.75,129.02,READY,1.84,1.03,123.00,0.54,242.20
2026-02-03 12:12:57.070,7.87,127.10,READY,2.52,1.22,118.84,0.60,242.20
2026-02-03 12:12:57.202,8.72,114.70,READY,2.39,0.65,107.00,0.57,242.20
2026-02-03 12:12:57.331,8.84,113.17,READY,2.01,0.79,107.20,0.59,242.20
2026-02-03 12:12:57.572,4.44,225.09,READY,2.01,118.51,101.45,0.54,242.20
2026-02-03 12:12:57.714,8.30,120.48,READY,1.54,1.30,113.72,0.66,242.20
2026-02-03 12:12:57.851,8.36,119.68,READY,2.53,1.12,108.95,0.70,242.20
2026-02-03 12:12:57.980,8.89,112.46,READY,2.02,0.50,106.80,0.60,242.20
2026-02-03 12:12:58.118,8.17,122.43,READY,5.86,1.26,111.44,0.58,242.25
2026-02-03 12:12:58.362,4.40,227.25,READY,3.74,119.14,101.72,0.59,242.25
2026-02-03 12:12:58.509,7.90,126.61,READY,1.36,1.68,120.48,0.91,242.25
2026-02-03 12:12:58.649,8.55,116.94,READY,1.48,0.85,110.56,0.55,242.25
2026-02-03 12:12:58.779,8.78,113.88,READY,2.22,1.16,106.49,0.58,242.25
2026-02-03 12:12:58.911,8.64,115.68,READY,2.28,1.07,107.97,0.97,242.25
2026-02-03 12:12:59.156,4.37,229.07,READY,2.42,121.75,100.97,0.55,242.25
2026-02-03 12:12:59.299,8.21,121.86,READY,1.35,1.30,114.67,0.62,242.25
2026-02-03 12:12:59.434,8.47,118.06,READY,1.98,0.63,111.99,0.66,242.25
2026-02-03 12:12:59.565,8.76,114.19,READY,2.39,0.93,106.13,0.57,242.25
2026-02-03 12:12:59.694,8.87,112.72,READY,4.92,0.60,104.57,0.55,242.25
2026-02-03 12:12:59.933,4.48,223.02,READY,2.24,116.73,100.22,0.59,242.25
2026-02-03 12:13:00.069,8.34,119.97,READY,2.01,0.55,112.86,0.63,242.25
2026-02-03 12:13:00.202,8.58,116.58,READY,2.37,1.26,108.20,0.58,242.25
2026-02-03 12:13:00.332,8.78,113.90,READY,2.25,1.09,106.35,0.58,242.25
2026-02-03 12:13:00.464,8.65,115.58,READY,2.29,1.11,108.03,0.58,242.25
2026-02-03 12:13:00.722,4.12,242.49,READY,2.35,127.12,108.27,0.54,242.25
2026-02-03 12:13:00.857,8.40,119.07,READY,2.16,0.62,112.70,0.59,242.25
2026-02-03 12:13:01.017,7.02,142.39,READY,9.01,1.84,125.69,0.59,242.25
2026-02-03 12:13:01.149,8.65,115.63,READY,2.27,0.87,107.90,0.84,242.25
2026-02-03 12:13:01.282,8.59,116.36,READY,2.24,0.57,109.72,0.58,242.25
2026-02-03 12:13:01.531,4.30,232.69,READY,2.21,120.90,106.04,0.53,242.25
2026-02-03 12:13:01.685,7.50,133.31,READY,1.71,1.37,126.06,0.73,242.25
2026-02-03 12:13:01.834,7.67,130.32,READY,2.17,0.65,122.78,0.57,242.25
2026-02-03 12:13:01.971,8.26,121.06,READY,2.57,1.11,113.50,0.60,242.25
2026-02-03 12:13:02.110,8.18,122.18,READY,2.17,1.50,115.04,0.70,242.25
2026-02-03 12:13:02.359,4.30,232.46,READY,1.99,122.22,105.03,0.54,242.25
2026-02-03 12:13:02.497,8.56,116.81,READY,1.61,1.64,109.95,0.53,242.25
2026-02-03 12:13:02.627,8.89,112.45,READY,2.20,0.66,105.68,0.58,242.25
2026-02-03 12:13:02.754,8.97,111.53,READY,1.95,0.61,105.29,0.54,242.25
2026-02-03 12:13:02.881,9.00,111.08,READY,2.44,0.65,104.31,0.56,242.25
2026-02-03 12:13:03.117,4.55,219.95,READY,2.25,112.42,101.07,0.57,242.25
2026-02-03 12:13:03.254,8.68,115.15,READY,1.53,1.84,107.81,0.54,242.25
2026-02-03 12:13:03.398,7.85,127.32,READY,2.16,1.14,119.68,0.62,242.25
2026-02-03 12:13:03.529,8.74,114.43,READY,2.45,1.21,106.45,0.56,242.25
2026-02-03 12:13:03.658,8.84,113.14,READY,2.33,1.26,106.64,0.66,242.25
2026-02-03 12:13:03.894,4.54,220.24,READY,2.40,114.02,100.89,0.62,242.25
2026-02-03 12:13:04.023,8.89,112.48,READY,2.37,1.19,104.60,0.57,242.25
2026-02-03 12:13:04.169,7.85,127.45,READY,2.74,1.09,120.39,0.53,242.25
2026-02-03 12:13:04.302,8.60,116.24,READY,2.92,1.10,108.76,0.53,242.25
2026-02-03 12:13:04.434,8.56,116.80,READY,4.83,0.67,108.60,0.65,242.25
2026-02-03 12:13:04.679,4.38,228.50,READY,2.38,122.21,100.95,0.54,242.25
2026-02-03 12:13:04.823,7.77,128.64,READY,1.33,1.28,120.98,0.65,242.25
2026-02-03 12:13:04.967,7.86,127.25,READY,2.56,0.86,120.93,0.58,242.25
2026-02-03 12:13:05.110,7.97,125.49,READY,1.64,0.50,119.65,0.63,242.25
2026-02-03 12:13:05.249,8.18,122.24,READY,2.32,1.22,114.66,0.61,242.25
2026-02-03 12:13:05.499,4.28,233.72,READY,2.19,118.08,110.43,0.61,242.25
2026-02-03 12:13:05.648,7.57,132.17,READY,2.24,0.82,124.52,0.62,242.25
2026-02-03 12:13:05.794,7.76,128.92,READY,5.27,0.73,120.25,0.59,242.25
2026-02-03 12:13:05.938,7.97,125.54,READY,2.22,0.56,118.17,0.59,242.25
2026-02-03 12:13:06.080,7.99,125.12,READY,2.64,0.61,118.64,0.57,242.25
2026-02-03 12:13:06.325,4.37,229.01,READY,3.42,114.67,106.19,0.60,242.25
2026-02-03 12:13:06.465,8.20,121.90,READY,1.36,0.81,113.23,0.96,242.25
2026-02-03 12:13:06.608,7.94,125.97,READY,2.07,0.84,119.79,0.65,242.25
2026-02-03 12:13:06.743,8.48,117.92,READY,3.54,0.79,110.06,0.60,242.25
2026-02-03 12:13:06.874,8.73,114.48,READY,1.96,1.06,107.02,0.59,242.25
2026-02-03 12:13:07.114,4.45,224.60,READY,4.84,116.00,101.13,0.59,242.25
2026-02-03 12:13:07.249,8.39,119.25,READY,1.97,0.58,112.99,0.72,242.25
2026-02-03 12:13:07.381,8.64,115.73,READY,2.32,0.64,108.53,0.62,242.25
2026-02-03 12:13:07.512,8.77,114.04,READY,2.85,0.60,106.97,0.60,242.25
2026-02-03 12:13:07.642,8.75,114.33,READY,2.03,1.06,107.03,0.59,242.25
2026-02-03 12:13:07.878,4.54,220.42,READY,1.95,114.27,100.36,0.61,242.25
2026-02-03 12:13:08.022,8.22,121.71,READY,2.40,1.44,113.42,0.72,242.25
2026-02-03 12:13:08.167,7.91,126.46,READY,2.45,0.69,118.50,0.57,242.25
2026-02-03 12:13:08.299,8.69,115.11,READY,1.98,1.03,107.52,0.57,242.25
2026-02-03 12:13:08.428,8.84,113.13,READY,1.98,0.80,107.06,0.54,242.25
2026-02-03 12:13:08.669,4.44,225.17,READY,1.99,118.36,100.70,0.57,242.25
2026-02-03 12:13:08.811,8.34,119.90,READY,1.87,1.38,112.39,1.08,242.25
2026-02-03 12:13:08.957,7.76,128.92,READY,2.11,0.62,123.19,0.61,242.25
2026-02-03 12:13:09.086,8.90,112.36,READY,2.08,0.59,106.57,0.83,242.25
2026-02-03 12:13:09.215,8.81,113.47,READY,2.36,0.59,106.97,0.53,242.25
2026-02-03 12:13:09.457,4.43,225.62,READY,2.07,119.85,100.80,0.58,242.25
2026-02-03 12:13:09.595,8.38,119.34,READY,2.19,0.96,112.65,0.66,242.25
2026-02-03 12:13:09.731,8.43,118.68,READY,2.68,1.34,109.76,0.55,242.25
2026-02-03 12:13:09.863,8.66,115.50,READY,1.83,0.88,108.13,0.55,242.25
2026-02-03 12:13:09.991,8.89,112.49,READY,2.34,0.77,106.26,0.58,242.25
2026-02-03 12:13:10.230,4.49,222.58,READY,1.80,115.93,100.33,0.55,242.25
2026-02-03 12:13:10.371,8.34,119.91,READY,1.36,1.25,114.16,0.74,242.25
2026-02-03 12:13:10.505,8.52,117.31,READY,2.23,0.75,109.88,0.60,242.25
2026-02-03 12:13:10.634,8.89,112.51,READY,1.61,0.58,107.26,0.62,242.25
2026-02-03 12:13:10.763,8.82,113.39,READY,2.31,0.56,106.90,0.53,242.25
2026-02-03 12:13:10.999,4.54,220.13,READY,2.25,113.49,100.42,0.53,242.25
2026-02-03 12:13:11.143,8.16,122.53,READY,1.33,1.51,114.79,0.73,242.25
2026-02-03 12:13:11.275,8.69,115.02,READY,1.93,0.66,108.94,0.56,242.25
2026-02-03 12:13:11.404,8.81,113.53,READY,2.54,1.09,106.63,0.55,242.25
2026-02-03 12:13:11.533,8.81,113.54,READY,1.86,0.65,107.46,0.58,242.25
2026-02-03 12:13:11.772,4.50,221.98,READY,2.42,113.65,102.29,0.53,242.25
2026-02-03 12:13:11.914,8.29,120.67,READY,1.40,1.58,113.89,0.65,242.25
2026-02-03 12:13:12.055,8.14,122.91,READY,2.56,0.66,115.15,0.59,242.25
2026-02-03 12:13:12.183,8.90,112.35,READY,2.23,0.95,105.68,0.59,242.25
2026-02-03 12:13:12.315,8.62,116.02,READY,4.59,1.13,106.66,0.55,242.25
2026-02-03 12:13:12.552,4.51,221.63,READY,1.95,115.36,101.11,0.59,242.25
2026-02-03 12:13:12.695,8.24,121.40,READY,1.42,1.73,114.69,0.67,242.25
2026-02-03 12:13:12.829,8.55,116.94,READY,2.33,0.79,110.88,0.55,242.25
2026-02-03 12:13:12.960,8.71,114.80,READY,2.04,0.61,108.10,0.58,242.25
2026-02-03 12:13:13.091,8.67,115.29,READY,2.07,1.10,107.53,0.87,242.25
2026-02-03 12:13:13.328,4.52,221.41,READY,1.97,115.23,100.94,0.61,242.25
2026-02-03 12:13:13.474,8.05,124.19,READY,2.40,1.37,114.96,0.69,242.25
2026-02-03 12:13:13.616,8.13,123.07,READY,2.01,1.34,115.37,0.56,242.25
2026-02-03 12:13:13.743,9.07,110.27,READY,2.30,0.47,103.35,0.56,242.25
2026-02-03 12:13:13.869,9.10,109.88,READY,2.22,0.61,104.00,0.54,242.25
2026-02-03 12:13:14.105,4.55,219.93,READY,1.97,113.06,100.47,0.60,242.25
2026-02-03 12:13:14.254,7.91,126.46,READY,2.79,1.83,117.81,0.56,242.25
2026-02-03 12:13:14.398,7.87,127.09,READY,1.95,0.81,115.71,0.53,242.25
2026-02-03 12:13:14.526,8.95,111.69,READY,2.20,0.75,105.26,0.57,242.25
2026-02-03 12:13:14.654,8.92,112.08,READY,2.16,0.70,105.63,0.56,242.25
2026-02-03 12:13:14.897,4.41,226.97,READY,4.79,117.26,102.32,0.60,242.25
2026-02-03 12:13:15.031,8.85,112.99,READY,1.63,1.16,107.38,0.59,242.25
2026-02-03 12:13:15.163,8.73,114.50,READY,1.99,0.62,108.57,0.60,242.25
2026-02-03 12:13:15.292,8.86,112.90,READY,1.97,0.46,107.21,0.56,242.25
2026-02-03 12:13:15.422,8.74,114.39,READY,1.97,0.48,108.60,0.58,242.25
2026-02-03 12:13:15.665,4.41,226.90,READY,2.07,118.30,103.18,0.55,242.25
2026-02-03 12:13:15.808,8.26,121.02,READY,2.37,2.97,111.67,0.66,242.25
2026-02-03 12:13:15.950,8.04,124.32,READY,3.11,1.33,113.77,0.55,242.25
2026-02-03 12:13:16.079,8.85,113.00,READY,2.35,0.79,106.36,0.59,242.25
2026-02-03 12:13:16.208,8.85,112.94,READY,2.05,1.21,105.38,0.57,242.25
2026-02-03 12:13:16.446,4.51,221.89,READY,2.38,113.04,102.38,0.58,242.25
2026-02-03 12:13:16.595,7.73,129.38,READY,7.83,0.59,117.28,0.67,242.25
2026-02-03 12:13:16.740,7.77,128.67,READY,2.20,1.09,121.15,0.80,242.18
2026-02-03 12:13:16.872,8.85,113.03,READY,1.68,0.64,107.88,0.55,242.18
2026-02-03 12:13:17.003,8.71,114.82,READY,2.16,0.80,107.35,0.80,242.18
2026-02-03 12:13:17.240,4.54,220.46,READY,2.29,113.04,101.09,0.56,242.18
2026-02-03 12:13:17.379,8.40,119.08,READY,1.65,0.71,114.08,0.57,242.18
2026-02-03 12:13:17.517,8.24,121.36,READY,2.26,1.10,113.68,0.64,242.18
2026-02-03 12:13:17.652,8.44,118.51,READY,2.82,0.73,111.22,0.53,242.18
2026-02-03 12:13:17.786,8.44,118.44,READY,1.56,0.71,113.55,0.54,242.18
2026-02-03 12:13:18.025,4.48,223.00,READY,2.55,115.59,102.30,0.53,242.18
2026-02-03 12:13:18.165,8.40,119.10,READY,1.49,1.22,112.38,0.66,242.18
2026-02-03 12:13:18.303,8.28,120.74,READY,2.88,0.68,113.61,0.82,242.18
2026-02-03 12:13:18.433,8.77,114.08,READY,2.23,0.84,106.47,0.56,242.18
2026-02-03 12:13:18.566,8.57,116.75,READY,3.39,0.96,108.29,0.63,242.18
2026-02-03 12:13:18.803,4.53,220.55,READY,2.02,114.48,101.36,0.63,242.18
2026-02-03 12:13:18.946,8.11,123.32,READY,2.22,0.75,117.36,0.66,242.18
2026-02-03 12:13:19.082,8.39,119.20,READY,2.37,0.72,112.18,0.58,242.18
2026-02-03 12:13:19.210,8.90,112.30,READY,1.96,0.70,106.08,0.60,242.18
2026-02-03 12:13:19.339,8.90,112.34,READY,1.95,0.78,106.73,0.57,242.18
2026-02-03 12:13:19.576,4.51,221.52,READY,1.95,115.78,100.64,0.56,242.18
2026-02-03 12:13:19.724,8.03,124.58,READY,3.70,1.55,115.14,0.72,242.18
2026-02-03 12:13:19.859,8.53,117.18,READY,5.04,0.53,107.24,0.56,242.18
2026-02-03 12:13:19.987,8.93,111.96,READY,2.01,0.60,105.55,1.12,242.18
2026-02-03 12:13:20.116,8.83,113.24,READY,2.03,1.04,105.78,0.55,242.18
2026-02-03 12:13:20.351,4.57,218.70,READY,2.05,112.54,101.13,0.59,242.18
2026-02-03 12:13:20.486,8.63,115.89,READY,2.17,0.75,109.64,0.67,242.18
2026-02-03 12:13:20.623,8.31,120.35,READY,2.67,1.28,111.58,0.52,242.18
2026-02-03 12:13:20.753,8.82,113.33,READY,1.81,0.53,107.20,0.54,242.18
2026-02-03 12:13:20.888,8.41,118.92,READY,7.32,0.79,107.15,0.56,242.18
2026-02-03 12:13:21.124,4.54,220.26,READY,2.04,112.93,100.79,0.54,242.18
2026-02-03 12:13:21.260,8.78,113.91,READY,1.40,1.20,107.35,0.59,242.18
2026-02-03 12:13:21.403,7.92,126.26,READY,1.96,0.57,119.39,0.58,242.18
2026-02-03 12:13:21.533,8.79,113.75,READY,2.24,0.55,107.51,0.57,242.18
2026-02-03 12:13:21.661,8.93,111.96,READY,2.17,0.50,105.42,0.56,242.18
2026-02-03 12:13:21.902,4.45,224.52,READY,2.18,113.42,105.00,0.53,242.18
2026-02-03 12:13:22.044,8.30,120.47,READY,1.46,1.46,114.06,0.72,242.18
2026-02-03 12:13:22.184,8.16,122.56,READY,2.58,1.30,112.25,0.52,242.18
2026-02-03 12:13:22.314,8.81,113.56,READY,2.45,1.13,105.89,0.52,242.18
2026-02-03 12:13:22.443,8.79,113.72,READY,2.61,0.57,106.14,0.58,242.18
2026-02-03 12:13:22.680,4.52,221.24,READY,2.40,113.48,100.89,0.51,242.18
2026-02-03 12:13:22.824,8.17,122.39,READY,2.24,0.67,116.35,0.66,242.18
2026-02-03 12:13:22.965,8.10,123.47,READY,2.93,1.23,113.47,0.50,242.18
2026-02-03 12:13:23.098,8.57,116.63,READY,2.55,0.83,108.18,0.52,242.18
2026-02-03 12:13:23.229,8.76,114.18,READY,2.45,0.50,106.52,0.52,242.18
2026-02-03 12:13:23.476,4.34,230.18,READY,2.45,122.56,100.63,0.61,242.18
2026-02-03 12:13:23.624,7.92,126.32,READY,2.53,1.48,117.70,0.72,242.18
2026-02-03 12:13:23.773,7.62,131.17,READY,4.64,0.57,122.42,0.53,242.18
2026-02-03 12:13:23.904,8.73,114.56,READY,2.28,1.10,107.11,0.55,242.18
2026-02-03 12:13:24.034,8.75,114.26,READY,2.29,1.09,106.72,0.52,242.18
2026-02-03 12:13:24.272,4.50,222.15,READY,2.48,114.14,101.67,0.54,242.18
2026-02-03 12:13:24.414,8.25,121.26,READY,1.95,0.59,115.92,0.62,242.18
2026-02-03 12:13:24.558,7.91,126.48,READY,1.96,0.72,120.82,0.61,242.18
2026-02-03 12:13:24.690,8.66,115.45,READY,3.70,0.96,106.69,0.57,242.18
2026-02-03 12:13:24.818,8.94,111.83,READY,2.19,0.62,105.62,0.58,242.18
2026-02-03 12:13:25.064,4.35,230.02,READY,2.49,118.54,105.69,0.53,242.18
2026-02-03 12:13:25.203,8.55,117.02,READY,1.71,1.53,110.19,0.68,242.18
2026-02-03 12:13:25.353,7.57,132.13,READY,2.26,0.71,125.29,0.55,242.18
2026-02-03 12:13:25.483,8.78,113.85,READY,2.00,0.77,107.81,0.61,242.18
2026-02-03 12:13:25.612,8.82,113.33,READY,2.33,1.17,106.76,0.57,242.18
2026-02-03 12:13:25.849,4.52,221.39,READY,1.96,113.94,102.38,0.56,242.18
2026-02-03 12:13:25.993,8.20,121.90,READY,1.72,1.25,115.18,0.68,242.18
2026-02-03 12:13:26.131,8.32,120.15,READY,2.34,0.97,111.98,0.69,242.18
2026-02-03 12:13:26.261,8.77,114.08,READY,2.20,0.74,106.60,0.57,242.18
2026-02-03 12:13:26.391,8.81,113.52,READY,2.28,0.60,106.93,0.61,242.18
2026-02-03 12:13:26.637,4.36,229.56,READY,2.24,121.52,101.34,0.55,242.18
2026-02-03 12:13:26.776,8.46,118.23,READY,1.29,0.70,112.79,0.63,242.18
2026-02-03 12:13:26.917,8.13,122.98,READY,2.38,0.78,116.34,0.57,242.18
2026-02-03 12:13:27.046,8.86,112.90,READY,2.14,1.20,106.64,0.60,242.18
2026-02-03 12:13:27.177,8.70,115.00,READY,2.95,0.74,107.42,0.59,242.18
2026-02-03 12:13:27.412,4.55,219.92,READY,2.38,112.75,100.21,0.57,242.18
2026-02-03 12:13:27.556,8.20,121.90,READY,1.85,1.33,114.48,0.66,242.18
2026-02-03 12:13:27.691,8.53,117.18,READY,2.41,0.73,109.37,0.58,242.18
2026-02-03 12:13:27.820,8.80,113.58,READY,2.39,0.82,105.28,0.54,242.18
2026-02-03 12:13:27.949,8.86,112.85,READY,2.39,0.47,105.62,0.52,242.18
2026-02-03 12:13:28.187,4.52,221.37,READY,2.30,114.80,100.09,0.56,242.18
2026-02-03 12:13:28.348,7.25,137.87,READY,2.98,1.32,128.99,0.78,242.18
2026-02-03 12:13:28.490,8.02,124.71,READY,2.66,1.35,116.83,0.61,242.18
2026-02-03 12:13:28.631,8.08,123.72,READY,2.26,0.65,115.93,0.61,242.18
2026-02-03 12:13:28.770,8.28,120.78,READY,2.94,0.88,113.45,0.60,242.18
2026-02-03 12:13:29.017,4.33,230.83,READY,2.21,118.82,106.59,0.61,242.18
2026-02-03 12:13:29.171,7.63,131.05,READY,1.98,1.72,122.88,0.61,242.18
2026-02-03 12:13:29.324,7.47,133.93,READY,2.30,0.99,127.41,0.51,242.18
2026-02-03 12:13:29.466,7.92,126.33,READY,2.58,0.87,117.46,0.55,242.18
2026-02-03 12:13:29.607,8.10,123.40,READY,2.61,0.51,115.49,1.05,242.18
2026-02-03 12:13:29.854,4.34,230.62,READY,2.36,114.65,108.85,0.59,242.18
2026-02-03 12:13:30.018,7.22,138.45,READY,2.89,1.57,129.26,0.69,242.25
2026-02-03 12:13:30.158,8.29,120.70,READY,2.75,0.92,111.64,0.56,242.25
2026-02-03 12:13:30.290,8.62,116.04,READY,2.19,0.78,109.30,0.62,242.25
2026-02-03 12:13:30.419,8.86,112.85,READY,1.99,0.74,106.64,0.54,242.25
2026-02-03 12:13:30.664,4.36,229.37,READY,1.91,121.86,102.09,0.55,242.25
2026-02-03 12:13:30.811,8.10,123.44,READY,2.97,1.51,114.49,1.32,242.25
2026-02-03 12:13:30.958,7.78,128.59,READY,1.63,0.60,123.50,0.59,242.25
2026-02-03 12:13:31.090,8.61,116.08,READY,2.30,0.63,108.39,0.54,242.25
2026-02-03 12:13:31.220,8.76,114.16,READY,2.03,0.57,107.42,0.57,242.25
2026-02-03 12:13:31.463,4.42,226.25,READY,2.29,119.65,101.09,0.57,242.25
2026-02-03 12:13:31.607,8.14,122.82,READY,2.21,1.32,115.44,0.71,242.25
2026-02-03 12:13:31.747,8.13,123.03,READY,8.61,0.81,109.35,0.56,242.25
2026-02-03 12:13:31.878,8.80,113.67,READY,2.62,0.58,106.21,0.52,242.25
2026-02-03 12:13:32.012,8.48,117.90,READY,2.51,1.08,108.98,1.75,242.25
2026-02-03 12:13:32.255,4.40,227.23,READY,2.24,117.62,104.39,0.55,242.25
2026-02-03 12:13:32.400,8.06,124.02,READY,1.33,1.24,117.14,0.69,242.25
2026-02-03 12:13:32.543,7.98,125.36,READY,8.39,0.64,111.46,0.58,242.25
2026-02-03 12:13:32.680,8.29,120.57,READY,2.47,0.62,113.00,0.55,242.25
2026-02-03 12:13:32.817,8.32,120.22,READY,2.40,0.63,112.57,0.59,242.25
2026-02-03 12:13:33.158,3.08,324.79,READY,2.47,216.51,101.66,0.56,242.25
2026-02-03 12:13:33.303,8.11,123.26,READY,1.66,1.39,115.90,0.65,242.25
2026-02-03 12:13:33.442,8.31,120.37,READY,2.24,0.78,113.75,0.60,242.25
2026-02-03 12:13:33.570,8.86,112.93,READY,1.79,0.77,107.17,0.58,242.25
2026-02-03 12:13:33.698,8.93,112.00,READY,1.99,0.78,105.75,0.62,242.25
2026-02-03 12:13:33.937,4.49,222.93,READY,1.97,112.22,105.26,0.52,242.25
2026-02-03 12:13:34.078,8.33,120.03,READY,1.72,1.18,113.59,0.70,242.25
2026-02-03 12:13:34.214,8.41,118.93,READY,1.78,1.29,112.51,0.52,242.25
2026-02-03 12:13:34.343,8.82,113.39,READY,2.28,0.95,106.31,0.50,242.25
2026-02-03 12:13:34.471,8.94,111.88,READY,2.40,0.99,104.41,0.54,242.25
2026-02-03 12:13:34.803,3.17,315.19,READY,2.42,208.83,99.70,0.69,242.25
2026-02-03 12:13:34.948,8.10,123.48,READY,2.42,1.46,115.91,0.78,242.25
2026-02-03 12:13:35.096,7.65,130.75,READY,1.60,0.79,125.69,0.59,242.25
2026-02-03 12:13:35.230,8.45,118.34,READY,5.16,1.54,107.87,0.57,242.25
2026-02-03 12:13:35.358,8.92,112.14,READY,2.42,0.57,104.57,0.65,242.25
2026-02-03 12:13:35.693,3.14,318.72,READY,2.42,212.13,99.35,0.57,242.25
2026-02-03 12:13:35.836,8.21,121.79,READY,2.02,1.18,114.63,0.66,242.25
2026-02-03 12:13:35.971,8.54,117.09,READY,2.34,0.63,110.46,0.57,242.25
2026-02-03 12:13:36.099,8.93,112.00,READY,1.82,0.61,106.15,0.59,242.25
2026-02-03 12:13:36.230,8.65,115.57,READY,1.76,1.06,108.38,0.61,242.25
2026-02-03 12:13:36.467,4.52,221.20,READY,2.04,114.34,101.25,0.58,242.25
2026-02-03 12:13:36.612,8.07,123.87,READY,2.15,1.59,116.55,0.67,242.25
2026-02-03 12:13:36.746,8.63,115.83,READY,1.99,0.65,108.97,1.13,242.25
2026-02-03 12:13:36.875,8.80,113.57,READY,2.00,0.63,107.23,0.58,242.25
2026-02-03 12:13:37.005,8.79,113.80,READY,2.01,0.77,108.02,0.62,242.25
2026-02-03 12:13:37.188,5.98,167.29,PRE_ADJUST,2.02,115.18,47.29,0.57,242.25
2026-02-03 12:13:37.410,4.99,200.58,PRE_ADJUST,1.40,0.11,196.25,0.60,242.25
2026-02-03 12:13:37.627,5.16,193.73,PRE_ADJUST,1.89,0.11,188.51,0.58,242.25
2026-02-03 12:13:37.858,4.98,200.73,PRE_ADJUST,2.68,0.10,194.27,0.63,242.25
2026-02-03 12:13:38.088,5.05,198.20,PRE_ADJUST,4.07,0.12,190.35,0.59,242.25
2026-02-03 12:13:38.313,5.08,196.82,PRE_ADJUST,3.39,0.10,190.02,0.58,242.25
2026-02-03 12:13:38.546,4.85,206.32,PRE_ADJUST,2.82,0.13,199.55,0.61,242.25
2026-02-03 12:13:38.767,5.13,194.87,PRE_ADJUST,2.97,0.12,187.46,0.70,242.25
2026-02-03 12:13:38.990,5.10,196.19,PRE_ADJUST,2.98,0.13,189.10,0.60,242.25
2026-02-03 12:13:39.223,4.84,206.61,PRE_ADJUST,4.72,0.09,198.28,0.58,242.25
2026-02-03 12:13:39.447,5.06,197.82,PRE_ADJUST,2.80,0.10,190.99,0.58,242.25
2026-02-03 12:13:39.680,4.86,205.83,PRE_ADJUST,3.14,0.11,198.35,1.07,242.25
2026-02-03 12:13:39.903,5.09,196.34,PRE_ADJUST,2.94,0.11,189.62,0.62,242.25
2026-02-03 12:13:40.130,5.05,198.02,PRE_ADJUST,2.78,0.09,191.74,0.59,242.25
2026-02-03 12:13:40.367,4.85,206.12,PRE_ADJUST,3.25,0.11,199.13,0.51,242.25
2026-02-03 12:13:40.597,4.95,201.82,PRE_ADJUST,3.36,0.13,194.55,0.56,242.25
2026-02-03 12:13:40.830,4.87,205.51,PRE_ADJUST,2.71,0.12,198.47,0.57,242.25
2026-02-03 12:13:41.053,5.10,195.97,PRE_ADJUST,2.86,0.10,189.38,0.55,242.25
2026-02-03 12:13:41.276,5.08,196.92,PRE_ADJUST,2.96,0.11,190.17,0.69,242.25
2026-02-03 12:13:41.515,4.85,206.25,PRE_ADJUST,3.72,0.10,197.73,0.80,242.25
2026-02-03 12:13:41.749,4.86,205.61,PRE_ADJUST,2.86,0.11,198.95,0.58,242.25
2026-02-03 12:13:41.973,5.13,194.82,PRE_ADJUST,2.98,0.09,188.08,0.54,242.25
2026-02-03 12:13:42.207,4.88,204.93,PRE_ADJUST,2.93,0.10,198.43,0.61,242.25
2026-02-03 12:13:42.432,5.10,196.15,PRE_ADJUST,2.71,0.11,189.78,0.59,242.25
2026-02-03 12:13:42.649,5.00,199.91,PRE_ADJUST,2.47,0.09,192.74,0.67,242.25
2026-02-03 12:13:42.874,4.87,205.27,PRE_ADJUST,5.67,0.07,196.31,0.63,242.25
2026-02-03 12:13:43.088,5.23,191.08,PRE_ADJUST,1.40,0.09,186.70,0.58,242.25
2026-02-03 12:13:43.313,4.80,208.34,PRE_ADJUST,2.36,0.16,201.16,0.56,242.25
2026-02-03 12:13:43.535,5.01,199.50,PRE_ADJUST,1.96,0.12,193.47,0.72,242.25
2026-02-03 12:13:43.755,5.11,195.81,PRE_ADJUST,1.76,0.11,190.60,0.96,242.25
2026-02-03 12:13:43.837,16.96,58.97,ADJUST,1.49,0.44,54.17,0.60,242.25
2026-02-03 12:13:44.181,3.20,312.66,ADJUST,9.20,120.04,178.84,0.55,242.25
2026-02-03 12:13:44.412,4.80,208.39,ADJUST,1.80,1.46,201.82,0.58,242.25
2026-02-03 12:13:44.620,5.22,191.61,ADJUST,2.04,0.84,184.38,0.57,242.25
2026-02-03 12:13:44.831,5.14,194.62,ADJUST,2.39,0.94,187.73,0.66,242.25
2026-02-03 12:13:45.034,5.34,187.10,ADJUST,2.00,0.87,181.03,0.55,242.25
2026-02-03 12:13:45.351,3.31,301.96,ADJUST,1.99,120.93,175.41,0.53,242.25
2026-02-03 12:13:45.580,4.84,206.65,ADJUST,3.24,1.94,197.52,0.57,242.25
2026-02-03 12:13:45.798,5.00,200.17,ADJUST,4.86,2.17,190.23,0.60,242.25
2026-02-03 12:13:46.008,5.14,194.55,ADJUST,2.33,2.01,187.13,0.58,242.25
2026-02-03 12:13:46.214,5.27,189.77,ADJUST,2.08,1.24,183.17,0.57,242.25
2026-02-03 12:13:46.455,4.43,225.74,ADJUST,2.02,115.41,104.71,0.56,242.25
2026-02-03 12:13:46.616,7.34,136.24,ADJUST,2.67,1.36,127.44,0.53,242.25
2026-02-03 12:13:46.765,7.62,131.23,ADJUST,2.50,1.66,122.88,0.64,242.25
2026-02-03 12:13:46.900,8.46,118.22,ADJUST,2.28,0.74,111.39,0.53,242.25
2026-02-03 12:13:47.035,8.37,119.47,ADJUST,2.19,1.02,111.86,0.53,242.25
2026-02-03 12:13:47.281,4.34,230.29,ADJUST,2.27,119.29,104.23,0.55,242.25
2026-02-03 12:13:47.428,7.94,125.99,ADJUST,1.34,1.45,118.98,0.61,242.25
2026-02-03 12:13:47.567,8.34,119.96,ADJUST,1.35,1.44,113.37,0.56,242.25
2026-02-03 12:13:47.702,8.44,118.44,ADJUST,4.37,0.82,109.83,0.57,242.25
2026-02-03 12:13:47.833,8.65,115.55,ADJUST,2.31,1.44,108.16,0.55,242.25
2026-02-03 12:13:48.075,4.43,225.73,ADJUST,2.37,114.54,104.93,0.65,242.25
2026-02-03 12:13:48.223,7.92,126.31,ADJUST,1.45,1.47,119.48,0.72,242.25
2026-02-03 12:13:48.361,8.26,121.04,ADJUST,2.12,0.66,114.94,0.55,242.25
2026-02-03 12:13:48.493,8.59,116.46,ADJUST,2.00,0.72,110.51,0.58,242.25
2026-02-03 12:13:48.626,8.54,117.05,ADJUST,2.05,0.73,110.89,0.57,242.25
2026-02-03 12:13:48.875,4.30,232.63,ADJUST,2.28,123.10,104.41,0.69,242.25
2026-02-03 12:13:49.021,8.00,125.01,ADJUST,1.32,1.51,118.25,0.62,242.25
2026-02-03 12:13:49.157,8.41,118.92,ADJUST,2.27,0.83,112.86,0.54,242.25
2026-02-03 12:13:49.291,8.47,118.12,ADJUST,2.01,0.83,112.46,0.54,242.25
2026-02-03 12:13:49.424,8.53,117.23,ADJUST,1.99,0.86,111.09,0.59,242.25
2026-02-03 12:13:49.666,4.43,225.63,ADJUST,1.82,115.53,105.09,0.55,242.25
2026-02-03 12:13:49.814,7.90,126.50,ADJUST,1.53,1.64,119.17,0.66,242.25
2026-02-03 12:13:49.955,8.39,119.24,ADJUST,2.16,0.77,113.53,0.62,242.25
2026-02-03 12:13:50.088,8.50,117.69,ADJUST,1.98,0.89,111.19,0.53,242.25
2026-02-03 12:13:50.222,8.44,118.42,ADJUST,2.22,1.12,111.08,0.57,242.25
2026-02-03 12:13:50.464,4.44,225.48,ADJUST,2.37,114.24,105.36,0.52,242.25
2026-02-03 12:13:50.612,7.86,127.24,ADJUST,1.51,1.62,120.11,0.66,242.25
2026-02-03 12:13:50.751,8.24,121.34,ADJUST,2.10,0.72,114.17,0.61,242.25
2026-02-03 12:13:50.887,8.34,119.93,ADJUST,2.11,1.36,112.14,0.67,242.25
2026-02-03 12:13:51.021,8.48,117.98,ADJUST,1.97,1.34,110.40,0.55,242.25
2026-02-03 12:13:51.261,4.45,224.54,ADJUST,2.01,113.65,104.77,0.63,242.25
2026-02-03 12:13:51.406,7.91,126.48,ADJUST,1.34,1.28,117.95,0.67,242.25
2026-02-03 12:13:51.547,8.46,118.18,ADJUST,1.32,0.84,112.50,0.56,242.25
2026-02-03 12:13:51.682,8.43,118.57,ADJUST,2.30,1.48,110.10,0.58,242.25
2026-02-03 12:13:51.815,8.49,117.77,ADJUST,2.37,1.53,108.56,1.40,242.25
2026-02-03 12:13:52.125,3.40,293.86,ADJUST,2.38,112.85,174.58,0.51,242.25
2026-02-03 12:13:52.347,4.98,200.96,ADJUST,1.55,1.70,194.01,0.60,242.25
2026-02-03 12:13:52.555,5.24,190.96,ADJUST,2.24,1.71,184.21,0.58,242.25
2026-02-03 12:13:52.761,5.26,189.98,ADJUST,1.98,1.33,183.05,0.57,242.25
2026-02-03 12:13:52.965,5.30,188.71,ADJUST,2.04,1.07,181.62,0.57,242.25
2026-02-03 12:13:53.282,3.32,300.98,ADJUST,1.91,120.27,174.77,0.53,242.25
2026-02-03 12:13:53.497,5.13,194.84,ADJUST,1.95,0.94,189.24,0.56,242.25
2026-02-03 12:13:53.717,4.91,203.69,ADJUST,2.60,1.06,195.74,0.78,242.25
2026-02-03 12:13:53.940,4.86,205.58,ADJUST,2.93,2.34,195.77,0.54,242.25
2026-02-03 12:13:54.155,5.05,197.98,ADJUST,2.54,1.72,190.26,0.60,242.25
2026-02-03 12:13:54.472,3.32,300.83,ADJUST,2.09,114.13,181.48,0.60,242.25
2026-02-03 12:13:54.698,4.91,203.75,ADJUST,3.53,1.50,195.09,0.57,242.25
2026-02-03 12:13:54.916,4.97,201.29,ADJUST,2.13,1.58,194.26,0.56,242.25
2026-02-03 12:13:55.125,5.18,193.19,ADJUST,2.31,1.71,184.43,0.56,242.25
2026-02-03 12:13:55.329,5.32,188.08,ADJUST,1.94,1.22,181.41,0.59,242.25
2026-02-03 12:13:55.640,3.40,294.49,ADJUST,2.00,114.91,174.15,0.58,242.25
2026-02-03 12:13:55.859,5.04,198.26,ADJUST,1.41,1.12,192.91,0.67,242.25
2026-02-03 12:13:56.067,5.33,187.73,ADJUST,1.70,0.85,180.80,0.72,242.25
2026-02-03 12:13:56.272,5.29,189.02,ADJUST,2.38,1.40,180.97,0.62,242.25
2026-02-03 12:13:56.474,5.37,186.32,ADJUST,2.19,1.47,178.42,0.54,242.25
2026-02-03 12:13:56.787,3.36,297.48,ADJUST,1.82,117.64,174.13,0.58,242.25
2026-02-03 12:13:57.015,4.89,204.69,ADJUST,1.33,2.41,197.74,0.56,242.25
2026-02-03 12:13:57.224,5.20,192.19,ADJUST,2.51,1.96,183.22,0.56,242.25
2026-02-03 12:13:57.429,5.30,188.67,ADJUST,2.35,0.96,180.74,0.56,242.25
2026-02-03 12:13:57.630,5.38,185.84,ADJUST,2.30,0.70,178.54,0.59,242.25
2026-02-03 12:13:57.946,3.33,300.34,ADJUST,2.42,117.62,176.88,0.60,242.25
2026-02-03 12:13:58.166,5.04,198.41,ADJUST,1.58,1.94,191.43,0.58,242.25
2026-02-03 12:13:58.375,5.21,191.86,ADJUST,2.13,1.37,183.81,0.53,242.25
2026-02-03 12:13:58.581,5.27,189.93,ADJUST,2.22,1.02,182.14,0.57,242.25
2026-02-03 12:13:58.783,5.37,186.33,ADJUST,2.27,0.87,179.24,0.59,242.25
2026-02-03 12:13:59.004,4.88,204.80,TAKE_PICTURE,2.23,112.84,85.26,0.54,242.25
2026-02-03 12:13:59.207,5.49,182.14,TAKE_PICTURE,1.38,2.39,175.57,0.56,242.25
2026-02-03 12:13:59.401,5.86,170.61,TAKE_PICTURE,1.83,1.45,164.63,0.57,242.25
2026-02-03 12:13:59.596,5.76,173.57,TAKE_PICTURE,2.18,2.52,165.79,0.58,242.25
2026-02-03 12:13:59.805,5.34,187.20,TAKE_PICTURE,1.99,2.28,179.95,0.56,242.25
2026-02-03 12:14:00.120,3.42,292.46,TAKE_PICTURE,2.18,120.68,166.83,0.55,242.25
2026-02-03 12:14:00.315,5.74,174.27,TAKE_PICTURE,2.31,0.85,166.18,0.52,242.25
2026-02-03 12:14:00.508,5.68,176.04,TAKE_PICTURE,1.93,1.21,168.38,0.65,242.25
2026-02-03 12:14:00.711,5.52,181.01,TAKE_PICTURE,1.92,2.08,169.13,0.57,242.25
2026-02-03 12:14:00.908,5.72,174.97,TAKE_PICTURE,1.74,1.55,168.02,0.58,242.25
2026-02-03 12:14:01.199,3.63,275.79,TAKE_PICTURE,2.28,112.66,156.73,0.58,242.25
2026-02-03 12:14:01.402,5.51,181.49,TAKE_PICTURE,1.34,1.39,174.97,0.51,242.25
2026-02-03 12:14:01.592,5.79,172.83,TAKE_PICTURE,2.50,1.29,164.52,0.54,242.25
2026-02-03 12:14:01.779,5.84,171.14,TAKE_PICTURE,2.38,0.53,164.92,0.57,242.25
2026-02-03 12:14:01.966,5.84,171.15,TAKE_PICTURE,2.30,0.57,164.19,0.62,242.25
2026-02-03 12:14:02.266,3.52,284.26,TAKE_PICTURE,4.97,117.38,159.27,0.52,242.25
2026-02-03 12:14:02.481,5.13,194.95,TAKE_PICTURE,2.48,1.45,185.90,0.59,242.25
2026-02-03 12:14:02.687,5.43,184.14,TAKE_PICTURE,2.46,0.65,176.66,0.56,242.25
2026-02-03 12:14:02.880,5.64,177.22,TAKE_PICTURE,2.44,0.58,169.72,0.63,242.25
2026-02-03 12:14:03.074,5.66,176.83,TAKE_PICTURE,2.47,0.59,168.86,0.59,242.25
2026-02-03 12:14:03.378,3.48,287.69,TAKE_PICTURE,2.62,116.96,163.57,0.57,242.25
2026-02-03 12:14:03.593,5.19,192.84,TAKE_PICTURE,2.46,1.16,185.28,0.59,242.25
2026-02-03 12:14:03.797,5.36,186.68,TAKE_PICTURE,2.56,0.98,177.47,0.59,242.25
2026-02-03 12:14:03.997,5.46,183.27,TAKE_PICTURE,2.86,0.73,175.45,0.58,242.25
2026-02-03 12:14:04.195,5.50,181.80,TAKE_PICTURE,3.71,0.75,173.33,0.63,242.25
2026-02-03 12:14:04.497,3.50,285.72,TAKE_PICTURE,2.40,117.57,160.84,0.56,242.25
2026-02-03 12:14:04.709,5.26,190.06,TAKE_PICTURE,1.63,1.83,183.03,0.67,242.25
2026-02-03 12:14:04.912,5.40,185.17,TAKE_PICTURE,2.54,1.27,176.16,0.59,242.25
2026-02-03 12:14:05.123,5.15,194.32,TAKE_PICTURE,3.33,1.10,185.42,0.56,242.25
2026-02-03 12:14:05.319,5.57,179.44,TAKE_PICTURE,2.48,0.59,171.76,0.56,242.25
2026-02-03 12:14:05.624,3.47,288.48,TAKE_PICTURE,2.59,117.08,164.42,0.63,242.25
2026-02-03 12:14:05.840,5.14,194.66,TAKE_PICTURE,1.60,1.27,188.09,0.53,242.25
2026-02-03 12:14:06.042,5.41,184.69,TAKE_PICTURE,4.90,0.74,176.39,0.58,242.25
2026-02-03 12:14:06.242,5.44,183.94,TAKE_PICTURE,2.71,0.63,177.50,0.56,242.25
2026-02-03 12:14:06.441,5.48,182.48,TAKE_PICTURE,2.49,0.63,176.20,0.58,242.25
2026-02-03 12:14:06.752,3.40,294.28,TAKE_PICTURE,5.26,121.16,164.93,0.54,242.25
2026-02-03 12:14:06.965,5.23,191.08,TAKE_PICTURE,1.30,1.64,184.26,0.56,242.25
2026-02-03 12:14:07.163,5.57,179.65,TAKE_PICTURE,2.35,1.31,170.42,1.12,242.25
2026-02-03 12:14:07.361,5.51,181.62,TAKE_PICTURE,2.61,0.57,174.00,0.59,242.25
2026-02-03 12:14:07.557,5.57,179.65,TAKE_PICTURE,2.31,0.58,172.03,0.65,242.25
2026-02-03 12:14:07.867,3.41,293.47,TAKE_PICTURE,2.20,118.46,168.39,0.53,242.25
2026-02-03 12:14:08.084,5.13,195.03,TAKE_PICTURE,2.40,1.23,187.27,0.54,242.25
2026-02-03 12:14:08.295,5.20,192.49,TAKE_PICTURE,1.92,1.15,186.08,0.57,242.25
2026-02-03 12:14:08.496,5.40,185.05,TAKE_PICTURE,2.26,1.52,177.80,0.52,242.25
2026-02-03 12:14:08.697,5.42,184.66,TAKE_PICTURE,2.36,0.48,177.57,0.60,242.25
2026-02-03 12:14:08.997,3.52,283.84,TAKE_PICTURE,2.13,112.98,164.84,0.60,242.25
2026-02-03 12:14:09.214,5.15,194.16,TAKE_PICTURE,2.50,1.41,186.84,0.54,242.25
2026-02-03 12:14:09.420,5.31,188.26,TAKE_PICTURE,2.20,1.65,181.06,0.53,242.25
2026-02-03 12:14:09.633,5.10,196.11,TAKE_PICTURE,1.99,0.97,187.32,0.54,242.25
2026-02-03 12:14:09.827,5.63,177.55,TAKE_PICTURE,1.98,0.66,170.84,0.53,242.25
2026-02-03 12:14:10.129,3.50,285.67,TAKE_PICTURE,2.29,117.74,161.58,0.55,242.25
2026-02-03 12:14:10.343,5.22,191.59,TAKE_PICTURE,2.40,1.50,183.75,0.54,242.25
2026-02-03 12:14:10.557,5.13,195.09,TAKE_PICTURE,2.14,1.23,188.44,0.53,242.25
2026-02-03 12:14:10.763,5.29,189.20,TAKE_PICTURE,4.92,0.58,180.98,0.58,242.25
2026-02-03 12:14:10.958,5.59,178.84,TAKE_PICTURE,2.29,0.48,172.05,0.65,242.25
2026-02-03 12:14:11.255,3.56,280.66,TAKE_PICTURE,2.18,112.00,162.82,0.56,242.25
2026-02-03 12:14:11.460,5.44,183.75,TAKE_PICTURE,2.36,1.59,175.89,0.55,242.25
2026-02-03 12:14:11.650,5.77,173.36,TAKE_PICTURE,2.21,1.24,165.79,0.58,242.25
2026-02-03 12:14:11.837,5.84,171.10,TAKE_PICTURE,2.17,0.87,164.89,0.62,242.25
2026-02-03 12:14:12.023,5.91,169.21,TAKE_PICTURE,2.24,1.13,161.65,0.59,242.25
2026-02-03 12:14:12.321,3.55,281.81,TAKE_PICTURE,2.29,114.52,161.12,0.66,242.25
2026-02-03 12:14:12.517,5.57,179.68,TAKE_PICTURE,1.96,0.47,173.08,0.66,242.25
2026-02-03 12:14:12.707,5.73,174.51,TAKE_PICTURE,1.68,1.01,168.39,0.53,242.25
2026-02-03 12:14:12.894,5.84,171.31,TAKE_PICTURE,2.06,1.07,163.85,0.58,242.25
2026-02-03 12:14:13.078,5.95,168.13,TAKE_PICTURE,2.40,0.63,161.82,0.56,242.25
2026-02-03 12:14:13.369,3.64,274.96,TAKE_PICTURE,2.11,112.99,156.54,0.52,242.25
2026-02-03 12:14:13.572,5.46,183.25,TAKE_PICTURE,2.08,0.91,177.23,0.54,242.25
2026-02-03 12:14:13.762,5.78,172.92,TAKE_PICTURE,4.58,0.80,164.84,0.58,242.25
2026-02-03 12:14:13.947,5.92,169.06,TAKE_PICTURE,2.39,0.79,163.10,0.54,242.25
2026-02-03 12:14:14.132,5.92,168.89,TAKE_PICTURE,2.05,1.06,162.22,0.57,242.25
2026-02-03 12:14:14.423,3.63,275.28,TAKE_PICTURE,1.95,113.58,156.23,0.52,242.25
2026-02-03 12:14:14.628,5.44,183.99,TAKE_PICTURE,1.30,1.28,177.68,0.55,242.25
2026-02-03 12:14:14.817,5.78,172.91,TAKE_PICTURE,1.95,0.77,166.11,0.54,242.25
2026-02-03 12:14:15.003,5.87,170.27,TAKE_PICTURE,2.68,0.75,164.04,0.57,242.25
2026-02-03 12:14:15.191,5.95,168.02,TAKE_PICTURE,1.40,1.22,161.99,0.55,242.25
2026-02-03 12:14:15.481,3.65,274.06,TAKE_PICTURE,2.44,111.33,155.69,0.57,242.25
2026-02-03 12:14:15.691,5.30,188.76,TAKE_PICTURE,1.63,1.46,181.89,0.55,242.25
2026-02-03 12:14:15.881,5.78,173.11,TAKE_PICTURE,2.03,0.88,166.08,0.55,242.25
2026-02-03 12:14:16.068,5.86,170.52,TAKE_PICTURE,2.21,0.59,163.96,0.55,242.25
2026-02-03 12:14:16.251,5.96,167.90,TAKE_PICTURE,2.00,1.16,160.54,0.60,242.25
2026-02-03 12:14:16.543,3.63,275.30,TAKE_PICTURE,1.98,113.23,155.99,0.58,242.25
2026-02-03 12:14:16.747,5.48,182.38,TAKE_PICTURE,2.11,1.45,175.04,0.57,242.25
2026-02-03 12:14:16.936,5.80,172.41,TAKE_PICTURE,2.04,1.19,164.93,0.54,242.25
2026-02-03 12:14:17.121,5.93,168.74,TAKE_PICTURE,2.19,0.50,161.85,0.55,242.25
2026-02-03 12:14:17.310,5.81,172.22,TAKE_PICTURE,5.05,0.56,163.92,0.54,242.25
2026-02-03 12:14:17.604,3.59,278.68,TAKE_PICTURE,4.93,111.56,159.48,0.54,242.25
2026-02-03 12:14:17.809,5.45,183.36,TAKE_PICTURE,1.92,1.58,176.02,0.57,242.25
2026-02-03 12:14:17.999,5.78,172.99,TAKE_PICTURE,2.37,1.30,164.58,0.68,242.25
2026-02-03 12:14:18.185,5.86,170.58,TAKE_PICTURE,2.32,1.09,162.92,0.54,242.25
2026-02-03 12:14:18.373,5.81,172.19,TAKE_PICTURE,5.26,0.83,163.46,0.58,242.25
2026-02-03 12:14:18.681,3.42,292.41,TAKE_PICTURE,2.48,122.39,163.03,0.57,242.25
2026-02-03 12:14:18.901,5.11,195.74,TAKE_PICTURE,3.46,2.03,186.05,0.55,242.25
2026-02-03 12:14:19.108,5.30,188.74,TAKE_PICTURE,2.18,1.09,182.03,0.57,242.25
2026-02-03 12:14:19.305,5.54,180.59,TAKE_PICTURE,2.21,1.38,174.00,0.53,242.25
2026-02-03 12:14:19.495,5.82,171.86,TAKE_PICTURE,2.25,1.43,164.07,0.62,242.25
2026-02-03 12:14:19.788,3.60,277.59,TAKE_PICTURE,2.00,113.31,159.05,0.57,242.25
2026-02-03 12:14:20.011,4.99,200.51,TAKE_PICTURE,2.63,1.54,192.11,0.57,242.25
2026-02-03 12:14:20.214,5.41,184.78,TAKE_PICTURE,2.45,1.56,175.80,0.56,242.25
2026-02-03 12:14:20.417,5.37,186.34,TAKE_PICTURE,2.92,0.76,178.19,0.60,242.25
2026-02-03 12:14:20.612,5.61,178.25,TAKE_PICTURE,2.81,0.62,170.27,0.61,242.25
2026-02-03 12:14:21.019,2.56,390.49,TAKE_PICTURE,2.67,222.26,161.37,0.68,242.25
2026-02-03 12:14:21.236,5.12,195.24,TAKE_PICTURE,2.87,1.47,186.83,0.53,242.25
2026-02-03 12:14:21.448,5.17,193.34,TAKE_PICTURE,2.19,1.97,184.40,0.60,242.25
2026-02-03 12:14:21.636,5.82,171.91,TAKE_PICTURE,2.79,0.96,164.31,0.53,242.25
2026-02-03 12:14:21.824,5.84,171.23,TAKE_PICTURE,2.06,0.54,163.73,0.53,242.25
2026-02-03 12:14:22.120,3.57,280.50,TAKE_PICTURE,2.36,114.89,158.86,0.54,242.25
2026-02-03 12:14:22.322,5.58,179.06,TAKE_PICTURE,1.34,0.72,174.26,0.63,242.25
2026-02-03 12:14:22.518,5.57,179.46,TAKE_PICTURE,2.13,0.53,172.60,0.63,242.25
2026-02-03 12:14:22.706,5.82,171.76,TAKE_PICTURE,2.20,0.91,164.99,0.56,242.25
2026-02-03 12:14:22.893,5.84,171.17,TAKE_PICTURE,1.43,1.28,162.92,0.53,242.25
2026-02-03 12:14:23.186,3.61,276.64,TAKE_PICTURE,1.97,114.85,156.99,0.55,242.25
2026-02-03 12:14:23.388,5.51,181.55,TAKE_PICTURE,1.79,1.22,175.68,0.54,242.25
2026-02-03 12:14:23.579,5.74,174.31,TAKE_PICTURE,1.79,1.04,167.40,0.57,242.25
2026-02-03 12:14:23.766,5.84,171.36,TAKE_PICTURE,1.69,0.65,165.52,0.53,242.25
2026-02-03 12:14:23.951,5.92,169.05,TAKE_PICTURE,2.32,1.08,162.78,0.55,242.25
2026-02-03 12:14:24.247,3.56,280.51,TAKE_PICTURE,2.11,118.34,156.78,0.60,242.25
2026-02-03 12:14:24.467,5.06,197.61,TAKE_PICTURE,3.75,1.31,188.14,0.73,242.25
2026-02-03 12:14:24.664,5.58,179.28,TAKE_PICTURE,2.94,1.09,170.14,1.07,242.25
2026-02-03 12:14:24.861,5.56,180.00,TAKE_PICTURE,2.63,0.83,172.51,0.53,242.25
2026-02-03 12:14:25.055,5.63,177.67,TAKE_PICTURE,2.95,0.58,169.66,0.89,242.25
2026-02-03 12:14:25.355,3.52,283.94,TAKE_PICTURE,2.31,114.34,162.83,0.60,242.25
2026-02-03 12:14:25.558,5.38,185.99,TAKE_PICTURE,2.25,0.88,178.37,0.58,242.25
2026-02-03 12:14:25.747,5.79,172.70,TAKE_PICTURE,2.31,0.52,165.10,0.86,242.25
2026-02-03 12:14:25.943,5.56,179.72,TAKE_PICTURE,2.50,0.56,172.41,0.53,242.25
2026-02-03 12:14:26.137,5.62,177.96,TAKE_PICTURE,4.94,0.78,169.02,0.52,242.25
2026-02-03 12:14:26.433,3.59,278.85,TAKE_PICTURE,2.54,112.23,159.70,0.54,242.25
2026-02-03 12:14:26.633,5.62,178.02,TAKE_PICTURE,2.49,1.60,169.83,0.56,242.25
2026-02-03 12:14:26.827,5.66,176.80,TAKE_PICTURE,2.32,1.25,168.23,0.61,242.25
2026-02-03 12:14:27.017,5.75,174.06,TAKE_PICTURE,2.22,0.57,166.49,0.53,242.25
2026-02-03 12:14:27.210,5.67,176.49,TAKE_PICTURE,2.63,0.57,168.86,0.56,242.25
2026-02-03 12:14:27.516,3.45,289.56,TAKE_PICTURE,2.35,117.74,164.87,0.68,242.25
2026-02-03 12:14:27.715,5.64,177.23,TAKE_PICTURE,1.60,1.54,169.77,0.58,242.25
2026-02-03 12:14:27.913,5.54,180.62,TAKE_PICTURE,2.28,1.22,172.12,0.55,242.25
2026-02-03 12:14:28.114,5.44,183.99,TAKE_PICTURE,2.23,0.88,177.49,0.55,242.25
2026-02-03 12:14:28.323,5.22,191.56,TAKE_PICTURE,1.94,0.65,184.24,0.66,242.25
2026-02-03 12:14:28.731,2.56,391.10,TAKE_PICTURE,2.02,225.09,159.54,0.67,242.25
2026-02-03 12:14:28.934,5.53,180.86,TAKE_PICTURE,1.67,1.58,173.75,0.52,242.25
2026-02-03 12:14:29.122,5.85,171.00,TAKE_PICTURE,2.19,1.22,163.56,0.51,242.25
2026-02-03 12:14:29.309,5.85,170.99,TAKE_PICTURE,2.19,0.81,164.25,0.51,242.25
2026-02-03 12:14:29.494,5.92,168.87,TAKE_PICTURE,2.33,1.00,161.43,0.51,242.25
2026-02-03 12:14:29.787,3.60,277.63,TAKE_PICTURE,2.20,114.42,157.03,0.52,242.25
2026-02-03 12:14:29.988,5.54,180.48,TAKE_PICTURE,1.48,0.58,175.58,0.57,242.25
2026-02-03 12:14:30.176,5.83,171.56,TAKE_PICTURE,2.34,0.59,164.65,0.56,242.25
2026-02-03 12:14:30.363,5.84,171.23,TAKE_PICTURE,2.31,1.01,164.25,0.54,242.25
2026-02-03 12:14:30.548,5.91,169.19,TAKE_PICTURE,2.05,0.63,163.16,0.55,242.25
2026-02-03 12:14:30.840,3.62,276.04,TAKE_PICTURE,2.23,112.96,156.98,0.57,242.25
2026-02-03 12:14:31.040,5.56,179.76,TAKE_PICTURE,1.60,0.96,174.67,0.54,242.25
2026-02-03 12:14:31.229,5.81,172.12,TAKE_PICTURE,1.96,0.88,166.08,0.60,242.25
2026-02-03 12:14:31.415,5.88,169.98,TAKE_PICTURE,1.99,1.07,163.96,0.55,242.25
2026-02-03 12:14:31.599,5.96,167.89,TAKE_PICTURE,2.00,0.61,162.11,0.55,242.25
2026-02-03 12:14:31.897,3.54,282.34,TAKE_PICTURE,1.85,120.72,156.53,0.54,242.25
2026-02-03 12:14:32.099,5.52,181.05,TAKE_PICTURE,1.47,1.21,174.70,0.54,242.25
2026-02-03 12:14:32.290,5.76,173.53,TAKE_PICTURE,6.65,0.59,163.18,0.59,242.25
2026-02-03 12:14:32.478,5.79,172.80,TAKE_PICTURE,2.12,1.32,166.13,0.65,242.25
2026-02-03 12:14:32.665,5.87,170.28,TAKE_PICTURE,2.17,0.57,164.07,0.78,242.25
2026-02-03 12:14:32.959,3.59,278.34,TAKE_PICTURE,2.17,115.83,157.43,0.52,242.25
2026-02-03 12:14:33.161,5.54,180.49,TAKE_PICTURE,1.34,1.57,174.09,0.61,242.25
2026-02-03 12:14:33.350,5.79,172.81,TAKE_PICTURE,5.01,1.16,163.50,0.58,242.25
2026-02-03 12:14:33.535,5.92,168.82,TAKE_PICTURE,2.35,0.78,162.88,0.57,242.25
2026-02-03 12:14:33.721,5.89,169.92,TAKE_PICTURE,2.10,0.80,164.12,0.57,242.25
2026-02-03 12:14:34.013,3.63,275.71,TAKE_PICTURE,2.09,115.05,155.51,0.61,242.25
2026-02-03 12:14:34.218,5.44,183.79,TAKE_PICTURE,1.58,1.20,177.24,0.57,242.25
2026-02-03 12:14:34.409,5.77,173.26,TAKE_PICTURE,2.15,1.13,165.63,0.58,242.25
2026-02-03 12:14:34.596,5.85,171.04,TAKE_PICTURE,2.17,0.62,165.33,0.66,242.25
2026-02-03 12:14:34.782,5.86,170.67,TAKE_PICTURE,2.28,0.61,164.97,0.58,242.25
2026-02-03 12:14:35.077,3.59,278.54,TAKE_PICTURE,2.25,114.52,158.34,0.57,242.25
2026-02-03 12:14:35.278,5.54,180.48,TAKE_PICTURE,1.51,0.76,175.60,0.61,242.25
2026-02-03 12:14:35.467,5.79,172.69,TAKE_PICTURE,1.88,0.77,166.75,0.60,242.25
2026-02-03 12:14:35.654,5.87,170.24,TAKE_PICTURE,2.36,1.11,163.21,0.57,242.25
2026-02-03 12:14:35.841,5.84,171.13,TAKE_PICTURE,2.36,1.17,163.41,0.61,242.25
2026-02-03 12:14:36.146,3.46,288.96,TAKE_PICTURE,2.27,120.45,162.08,0.57,242.25
2026-02-03 12:14:36.353,5.39,185.61,TAKE_PICTURE,1.92,1.33,178.37,0.58,242.25
2026-02-03 12:14:36.545,5.75,173.98,TAKE_PICTURE,2.11,0.86,166.17,0.62,242.25
2026-02-03 12:14:36.733,5.82,171.80,TAKE_PICTURE,2.95,0.88,163.67,0.60,242.25
2026-02-03 12:14:36.918,5.89,169.70,TAKE_PICTURE,2.30,1.19,162.22,0.55,242.25
2026-02-03 12:14:37.216,3.54,282.25,TAKE_PICTURE,2.39,119.95,156.08,0.53,242.25
2026-02-03 12:14:37.431,5.17,193.30,TAKE_PICTURE,1.81,1.25,185.75,0.52,242.25
2026-02-03 12:14:37.639,5.30,188.72,TAKE_PICTURE,2.01,0.84,181.85,0.54,242.25
2026-02-03 12:14:37.835,5.59,178.91,TAKE_PICTURE,2.14,0.78,171.10,0.58,242.25
2026-02-03 12:14:38.029,5.62,177.94,TAKE_PICTURE,2.28,1.73,170.45,0.64,242.25
2026-02-03 12:14:38.330,3.51,284.92,TAKE_PICTURE,4.05,115.93,161.75,0.56,242.25
2026-02-03 12:14:38.541,5.29,189.19,TAKE_PICTURE,2.48,1.27,181.71,0.57,242.25
2026-02-03 12:14:38.738,5.58,179.22,TAKE_PICTURE,1.98,1.27,172.30,0.68,242.25
2026-02-03 12:14:38.937,5.49,182.31,TAKE_PICTURE,2.47,1.16,175.29,0.65,242.25
2026-02-03 12:14:39.137,5.47,182.73,TAKE_PICTURE,2.30,1.15,176.04,0.58,242.25
2026-02-03 12:14:39.437,3.52,284.04,TAKE_PICTURE,2.53,118.28,160.03,0.63,242.25
2026-02-03 12:14:39.650,5.23,191.05,TAKE_PICTURE,2.36,1.81,183.00,0.65,242.25
2026-02-03 12:14:39.849,5.51,181.47,TAKE_PICTURE,2.42,0.97,173.51,0.61,242.25
2026-02-03 12:14:40.041,5.70,175.52,TAKE_PICTURE,2.14,1.48,167.81,0.58,242.25
2026-02-03 12:14:40.234,5.68,175.98,TAKE_PICTURE,2.25,1.12,168.35,0.64,242.25
2026-02-03 12:14:40.493,4.12,242.58,TAKE_PICTURE,2.24,115.93,120.60,0.54,242.25
2026-02-03 12:14:40.680,6.18,161.73,TAKE_PICTURE,1.76,0.14,156.58,0.59,242.25
2026-02-03 12:14:40.861,6.41,156.11,TAKE_PICTURE,1.72,0.11,150.92,0.58,242.25
2026-02-03 12:14:41.043,6.40,156.24,TAKE_PICTURE,1.74,0.10,150.76,0.53,242.25
2026-02-03 12:14:41.208,7.11,140.74,TAKE_PICTURE,1.47,0.11,135.53,0.55,242.25
2026-02-03 12:14:41.380,6.85,146.02,TAKE_PICTURE,3.14,0.10,139.45,0.57,242.25
2026-02-03 12:14:41.552,6.83,146.42,TAKE_PICTURE,1.67,0.12,140.90,0.68,242.25
2026-02-03 12:14:41.730,6.53,153.24,TAKE_PICTURE,1.72,0.11,147.15,0.55,242.25
2026-02-03 12:14:41.897,7.00,142.85,TAKE_PICTURE,1.53,0.11,137.37,0.65,242.25
2026-02-03 12:14:42.068,6.81,146.89,TAKE_PICTURE,2.03,0.14,140.20,0.56,242.25
2026-02-03 12:14:42.232,7.16,139.67,TAKE_PICTURE,1.58,0.10,134.62,0.53,242.25
2026-02-03 12:14:42.413,6.37,157.08,TAKE_PICTURE,1.78,0.13,151.20,0.54,242.25
2026-02-03 12:14:42.582,6.87,145.59,TAKE_PICTURE,1.59,0.10,140.30,0.58,242.25
2026-02-03 12:14:42.743,7.01,142.70,TAKE_PICTURE,2.53,0.07,137.33,0.63,242.25
2026-02-03 12:14:42.924,6.35,157.38,TAKE_PICTURE,3.30,0.16,149.72,0.63,242.25
2026-02-03 12:14:43.082,7.11,140.58,TAKE_PICTURE,2.01,0.09,135.22,0.60,242.25
2026-02-03 12:14:43.246,7.04,142.01,TAKE_PICTURE,1.77,0.12,136.49,0.55,242.25
2026-02-03 12:14:43.416,6.85,146.06,TAKE_PICTURE,1.55,0.10,140.72,0.62,242.25
2026-02-03 12:14:43.589,6.77,147.72,TAKE_PICTURE,1.64,0.12,141.70,0.55,242.25
2026-02-03 12:14:43.754,7.06,141.71,TAKE_PICTURE,1.47,0.10,136.62,0.57,242.25
2026-02-03 12:14:43.933,6.49,154.03,TAKE_PICTURE,1.37,0.10,148.75,0.66,242.25
2026-02-03 12:14:44.104,6.92,144.55,TAKE_PICTURE,1.93,0.11,139.05,0.53,242.25
2026-02-03 12:14:44.273,6.94,143.99,TAKE_PICTURE,3.35,0.13,137.08,0.54,242.25
2026-02-03 12:14:44.454,6.43,155.55,TAKE_PICTURE,1.82,0.12,149.24,0.67,242.25
2026-02-03 12:14:44.617,6.86,145.79,TAKE_PICTURE,2.26,0.13,140.53,0.69,242.25
2026-02-03 12:14:44.781,7.06,141.57,TAKE_PICTURE,1.68,0.22,135.53,0.56,242.25
2026-02-03 12:14:44.957,6.63,150.85,TAKE_PICTURE,3.33,0.14,143.63,0.53,242.25
2026-02-03 12:14:45.131,6.64,150.71,TAKE_PICTURE,1.61,0.10,145.38,0.72,242.25
2026-02-03 12:14:45.302,6.87,145.64,TAKE_PICTURE,1.89,0.08,140.85,0.58,242.25
2026-02-03 12:14:45.471,6.99,142.99,TAKE_PICTURE,3.13,0.11,136.17,0.54,242.25
2026-02-03 12:14:45.631,7.38,135.43,TAKE_PICTURE,1.32,0.11,130.87,0.52,242.25
2026-02-03 12:14:45.806,6.65,150.47,TAKE_PICTURE,1.57,0.12,144.81,0.64,242.25
2026-02-03 12:14:45.965,7.40,135.13,TAKE_PICTURE,1.83,0.10,129.34,0.57,242.25
2026-02-03 12:14:46.115,7.89,126.69,TAKE_PICTURE,1.95,0.09,121.65,1.04,242.25
2026-02-03 12:14:46.264,7.88,126.92,TAKE_PICTURE,1.50,0.15,122.71,0.56,242.25
2026-02-03 12:14:46.422,7.40,135.11,TAKE_PICTURE,1.40,0.19,130.65,0.62,242.25
2026-02-03 12:14:46.584,7.25,137.98,TAKE_PICTURE,3.52,0.07,130.93,0.60,242.25
2026-02-03 12:14:46.740,7.45,134.26,TAKE_PICTURE,2.66,0.07,127.65,0.56,242.20
2026-02-03 12:14:46.892,7.74,129.24,TAKE_PICTURE,1.55,0.07,124.14,0.60,242.20
2026-02-03 12:14:47.068,6.61,151.23,TAKE_PICTURE,2.12,0.09,145.62,0.60,242.20
2026-02-03 12:14:47.225,7.46,134.01,TAKE_PICTURE,1.87,0.11,128.64,0.57,242.20
2026-02-03 12:14:47.379,7.62,131.31,TAKE_PICTURE,2.66,0.10,125.24,0.63,242.20
2026-02-03 12:14:47.530,7.77,128.69,TAKE_PICTURE,1.38,0.11,123.78,0.60,242.20
2026-02-03 12:14:47.696,6.97,143.51,TAKE_PICTURE,1.45,0.21,138.57,0.57,242.20
2026-02-03 12:14:47.850,7.68,130.24,TAKE_PICTURE,1.33,0.11,125.26,0.58,242.20
2026-02-03 12:14:47.967,10.53,94.95,PICTURE_COOLDOWN,1.98,7.41,81.45,1.17,242.20
2026-02-03 12:14:48.187,5.04,198.56,PICTURE_COOLDOWN,2.09,5.40,188.08,0.60,242.20
2026-02-03 12:14:48.402,5.20,192.17,PICTURE_COOLDOWN,1.41,5.83,181.03,0.58,242.20
2026-02-03 12:14:48.623,5.12,195.47,PICTURE_COOLDOWN,1.31,5.12,186.11,0.61,242.20
2026-02-03 12:14:48.843,5.07,197.38,PICTURE_COOLDOWN,1.50,4.82,187.25,1.55,242.20
2026-02-03 12:14:49.063,5.06,197.57,PICTURE_COOLDOWN,1.48,5.67,187.56,0.56,242.20
2026-02-03 12:14:49.285,5.13,194.93,PICTURE_COOLDOWN,2.78,6.38,182.14,0.65,242.20
2026-02-03 12:14:49.504,5.11,195.88,PICTURE_COOLDOWN,2.33,4.82,185.71,0.51,242.20
2026-02-03 12:14:49.723,5.08,196.95,PICTURE_COOLDOWN,1.42,5.95,185.73,0.65,242.20
2026-02-03 12:14:49.940,5.19,192.82,PICTURE_COOLDOWN,1.53,7.00,181.14,0.59,242.20
2026-02-03 12:14:50.158,5.12,195.16,PICTURE_COOLDOWN,1.46,5.81,184.63,0.65,242.20
2026-02-03 12:14:50.379,5.07,197.17,PICTURE_COOLDOWN,1.92,7.35,184.14,0.51,242.20
2026-02-03 12:14:50.593,5.24,190.82,PICTURE_COOLDOWN,1.54,6.04,179.53,0.55,242.20
2026-02-03 12:14:50.818,4.97,201.14,PICTURE_COOLDOWN,1.97,7.64,187.72,0.51,242.20
2026-02-03 12:14:51.039,5.04,198.24,PICTURE_COOLDOWN,4.47,5.87,184.01,0.64,242.20
2026-02-03 12:14:51.263,4.97,201.08,PICTURE_COOLDOWN,1.53,5.99,189.84,1.18,242.20
2026-02-03 12:14:51.478,5.28,189.45,PICTURE_COOLDOWN,1.66,4.70,180.21,0.57,242.20
2026-02-03 12:14:51.693,5.19,192.79,PICTURE_COOLDOWN,1.39,4.48,183.99,0.66,242.20
2026-02-03 12:14:51.915,5.05,198.21,PICTURE_COOLDOWN,1.72,4.44,189.14,0.63,242.20
2026-02-03 12:14:52.129,5.23,191.37,PICTURE_COOLDOWN,1.41,5.74,181.37,0.60,242.20
2026-02-03 12:14:52.350,5.04,198.40,PICTURE_COOLDOWN,1.37,4.47,189.80,0.56,242.20
2026-02-03 12:14:52.562,5.27,189.77,PICTURE_COOLDOWN,1.39,4.50,181.08,0.73,242.20
2026-02-03 12:14:52.782,5.09,196.52,PICTURE_COOLDOWN,1.36,5.51,186.36,0.77,242.20
2026-02-03 12:14:53.005,5.03,198.63,PICTURE_COOLDOWN,2.37,5.20,188.04,0.58,242.20
2026-02-03 12:14:53.221,5.18,193.11,PICTURE_COOLDOWN,1.52,6.04,182.21,0.58,242.20
2026-02-03 12:14:53.433,5.26,189.96,PICTURE_COOLDOWN,1.69,4.88,180.50,0.56,242.20
2026-02-03 12:14:53.656,4.99,200.42,PICTURE_COOLDOWN,1.31,5.63,189.76,0.58,242.20
2026-02-03 12:14:53.867,5.32,187.90,PICTURE_COOLDOWN,1.52,5.33,177.95,0.78,242.20
2026-02-03 12:14:54.090,5.00,199.95,PICTURE_COOLDOWN,1.40,5.64,189.83,0.59,242.20
2026-02-03 12:14:54.307,5.19,192.81,PICTURE_COOLDOWN,2.78,5.77,180.27,0.63,242.20
2026-02-03 12:14:54.513,5.47,182.93,PICTURE_COOLDOWN,1.41,0.16,178.82,0.57,242.20
2026-02-03 12:14:54.647,8.93,112.01,TAKE_PICTURE,1.95,0.63,105.66,0.60,242.20
2026-02-03 12:14:54.849,5.79,172.71,TAKE_PICTURE,1.85,1.05,166.98,0.64,242.20
2026-02-03 12:14:55.043,5.83,171.66,TAKE_PICTURE,1.36,1.19,166.51,0.60,242.20
2026-02-03 12:14:55.245,5.56,179.72,TAKE_PICTURE,1.39,2.44,172.83,0.71,242.20
2026-02-03 12:14:55.445,5.70,175.46,TAKE_PICTURE,1.53,2.12,168.84,0.57,242.20
2026-02-03 12:14:55.759,3.43,291.40,TAKE_PICTURE,1.31,117.14,169.92,0.59,242.20
2026-02-03 12:14:55.958,5.69,175.75,TAKE_PICTURE,1.41,1.54,169.47,0.65,242.20
2026-02-03 12:14:56.149,5.76,173.65,TAKE_PICTURE,2.32,1.63,165.40,0.55,242.20
2026-02-03 12:14:56.349,5.44,183.98,TAKE_PICTURE,2.31,1.51,175.06,0.65,242.20
2026-02-03 12:14:56.543,5.65,177.06,TAKE_PICTURE,2.40,0.59,169.20,0.58,242.20
2026-02-03 12:14:56.836,3.60,277.83,TAKE_PICTURE,2.43,111.64,159.53,0.56,242.20
2026-02-03 12:14:57.043,5.38,185.85,TAKE_PICTURE,2.08,1.26,178.66,0.62,242.20
2026-02-03 12:14:57.238,5.63,177.51,TAKE_PICTURE,2.41,1.22,169.22,0.55,242.20
2026-02-03 12:14:57.425,5.83,171.46,TAKE_PICTURE,2.38,0.95,163.85,0.55,242.20
2026-02-03 12:14:57.610,5.92,169.06,TAKE_PICTURE,2.42,1.06,161.41,0.55,242.20
2026-02-03 12:14:57.903,3.60,277.50,TAKE_PICTURE,2.56,113.15,157.34,0.63,242.20
2026-02-03 12:14:58.109,5.45,183.57,TAKE_PICTURE,1.69,1.57,176.91,0.60,242.20
2026-02-03 12:14:58.301,5.72,174.86,TAKE_PICTURE,2.58,1.55,166.27,0.56,242.20
2026-02-03 12:14:58.492,5.71,175.22,TAKE_PICTURE,2.51,1.02,168.31,0.58,242.20
2026-02-03 12:14:58.681,5.77,173.20,TAKE_PICTURE,2.26,1.24,166.77,0.52,242.20
2026-02-03 12:14:58.974,3.60,277.81,TAKE_PICTURE,2.26,112.67,160.09,0.58,242.20
2026-02-03 12:14:59.180,5.41,184.77,TAKE_PICTURE,1.29,1.29,178.40,0.61,242.20
2026-02-03 12:14:59.373,5.68,176.01,TAKE_PICTURE,3.76,1.09,166.66,0.55,242.20
2026-02-03 12:14:59.561,5.82,171.70,TAKE_PICTURE,2.42,1.12,164.04,0.57,242.20
2026-02-03 12:14:59.748,5.83,171.42,TAKE_PICTURE,2.61,1.38,163.13,0.56,242.20
2026-02-03 12:15:00.041,3.61,276.74,TAKE_PICTURE,2.61,111.31,158.25,0.55,242.20
2026-02-03 12:15:00.246,5.43,184.27,TAKE_PICTURE,1.71,1.52,177.61,0.57,242.20
2026-02-03 12:15:00.441,5.64,177.41,TAKE_PICTURE,2.56,1.09,168.88,0.62,242.20
2026-02-03 12:15:00.632,5.71,175.01,TAKE_PICTURE,2.40,0.96,167.39,0.59,242.20
2026-02-03 12:15:00.821,5.77,173.35,TAKE_PICTURE,2.46,0.68,165.77,0.59,242.20
2026-02-03 12:15:01.117,3.57,280.10,TAKE_PICTURE,3.10,113.78,159.17,0.60,242.20
2026-02-03 12:15:01.321,5.46,183.18,TAKE_PICTURE,1.60,1.31,176.43,0.57,242.20
2026-02-03 12:15:01.512,5.77,173.33,TAKE_PICTURE,2.31,0.61,166.78,0.54,242.20
2026-02-03 12:15:01.699,5.85,170.85,TAKE_PICTURE,2.23,0.59,163.37,0.54,242.20
2026-02-03 12:15:01.884,5.90,169.43,TAKE_PICTURE,2.45,1.23,162.28,0.58,242.20
2026-02-03 12:15:02.183,3.53,283.47,TAKE_PICTURE,2.31,114.43,161.95,0.54,242.20
2026-02-03 12:15:02.391,5.39,185.68,TAKE_PICTURE,2.44,1.49,178.09,0.53,242.20
2026-02-03 12:15:02.583,5.71,175.15,TAKE_PICTURE,2.17,0.77,167.70,0.54,242.20
2026-02-03 12:15:02.774,5.71,175.15,TAKE_PICTURE,2.19,0.96,167.69,0.56,242.20
2026-02-03 12:15:02.959,5.93,168.65,TAKE_PICTURE,2.21,0.80,162.18,0.56,242.20
2026-02-03 12:15:03.250,3.63,275.46,TAKE_PICTURE,2.17,113.04,157.03,0.54,242.20
2026-02-03 12:15:03.454,5.48,182.54,TAKE_PICTURE,1.33,1.16,176.84,0.58,242.20
2026-02-03 12:15:03.644,5.78,173.07,TAKE_PICTURE,2.13,0.60,166.95,0.64,242.20
2026-02-03 12:15:03.831,5.88,170.08,TAKE_PICTURE,2.27,0.55,162.81,0.59,242.20
2026-02-03 12:15:04.017,5.88,170.03,TAKE_PICTURE,2.32,0.62,163.88,0.52,242.20
2026-02-03 12:15:04.310,3.61,277.29,TAKE_PICTURE,2.30,113.64,156.94,0.56,242.20
2026-02-03 12:15:04.515,5.44,183.86,TAKE_PICTURE,1.39,1.62,177.45,0.58,242.20
2026-02-03 12:15:04.705,5.75,173.80,TAKE_PICTURE,2.18,1.10,167.30,0.55,242.20
2026-02-03 12:15:04.895,5.77,173.30,TAKE_PICTURE,2.38,1.45,166.51,0.53,242.20
2026-02-03 12:15:05.082,5.83,171.55,TAKE_PICTURE,2.24,1.16,164.87,0.76,242.20
2026-02-03 12:15:05.383,3.51,284.86,TAKE_PICTURE,2.44,115.45,163.09,1.25,242.20
2026-02-03 12:15:05.599,5.16,193.92,TAKE_PICTURE,2.07,1.19,186.18,0.52,242.20
2026-02-03 12:15:05.803,5.38,185.83,TAKE_PICTURE,2.88,1.70,176.36,0.62,242.20
2026-02-03 12:15:05.999,5.58,179.18,TAKE_PICTURE,2.37,0.83,172.75,0.53,242.20
2026-02-03 12:15:06.192,5.66,176.54,TAKE_PICTURE,2.27,1.06,170.11,0.54,242.20
2026-02-03 12:15:06.495,3.50,285.97,TAKE_PICTURE,2.10,114.67,165.36,0.83,242.20
2026-02-03 12:15:06.710,5.17,193.30,TAKE_PICTURE,2.39,1.27,185.96,0.52,242.20
2026-02-03 12:15:06.911,5.44,183.84,TAKE_PICTURE,2.83,1.45,175.37,0.61,242.25
2026-02-03 12:15:07.100,5.79,172.65,TAKE_PICTURE,2.31,0.80,166.01,0.55,242.25
2026-02-03 12:15:07.285,5.90,169.44,TAKE_PICTURE,2.07,1.13,163.03,0.59,242.25
2026-02-03 12:15:07.582,3.55,281.39,TAKE_PICTURE,2.12,118.26,157.93,0.64,242.25
2026-02-03 12:15:07.781,5.46,183.21,TAKE_PICTURE,1.38,1.08,175.09,0.55,242.25
2026-02-03 12:15:07.973,5.68,175.98,TAKE_PICTURE,1.99,0.62,170.41,0.67,242.25
2026-02-03 12:15:08.163,5.76,173.70,TAKE_PICTURE,5.26,0.64,165.11,0.62,242.25
2026-02-03 12:15:08.349,5.87,170.32,TAKE_PICTURE,2.14,0.88,162.66,0.59,242.25
2026-02-03 12:15:08.646,3.56,281.06,TAKE_PICTURE,2.98,116.72,157.00,0.61,242.25
2026-02-03 12:15:08.860,5.12,195.38,TAKE_PICTURE,2.84,0.88,188.87,0.54,242.25
2026-02-03 12:15:09.079,5.00,200.07,TAKE_PICTURE,2.64,0.81,193.49,0.54,242.25
2026-02-03 12:15:09.270,5.76,173.56,TAKE_PICTURE,2.83,1.24,165.40,0.58,242.25
2026-02-03 12:15:09.459,5.78,172.88,TAKE_PICTURE,2.53,1.24,164.74,0.57,242.25
2026-02-03 12:15:09.766,3.44,291.08,TAKE_PICTURE,2.51,112.19,171.66,0.67,242.25
2026-02-03 12:15:09.981,5.34,187.09,TAKE_PICTURE,1.59,1.29,180.65,0.64,242.25
2026-02-03 12:15:10.171,5.76,173.58,TAKE_PICTURE,2.42,1.35,165.07,0.60,242.25
2026-02-03 12:15:10.356,5.92,168.99,TAKE_PICTURE,2.53,0.63,161.38,0.54,242.25
2026-02-03 12:15:10.541,5.95,168.18,TAKE_PICTURE,2.49,0.75,160.54,0.55,242.25
2026-02-03 12:15:10.833,3.62,276.39,TAKE_PICTURE,2.46,113.32,156.23,0.56,242.25
2026-02-03 12:15:11.037,5.46,183.12,TAKE_PICTURE,1.46,1.46,176.56,0.62,242.25
2026-02-03 12:15:11.226,5.80,172.34,TAKE_PICTURE,2.35,1.34,164.28,0.61,242.25
2026-02-03 12:15:11.411,5.93,168.75,TAKE_PICTURE,2.51,1.09,160.92,0.57,242.25
2026-02-03 12:15:11.595,5.95,168.05,TAKE_PICTURE,2.44,1.30,160.27,0.63,242.25
2026-02-03 12:15:11.886,3.64,274.68,TAKE_PICTURE,2.41,111.36,156.70,0.56,242.25
2026-02-03 12:15:12.082,5.55,180.34,TAKE_PICTURE,2.41,1.04,172.66,0.55,242.25
2026-02-03 12:15:12.268,5.88,170.21,TAKE_PICTURE,2.30,1.13,162.52,0.59,242.25
2026-02-03 12:15:12.456,5.83,171.52,TAKE_PICTURE,2.56,0.54,163.92,0.56,242.25
2026-02-03 12:15:12.641,5.91,169.28,TAKE_PICTURE,2.48,0.54,161.75,0.60,242.25
2026-02-03 12:15:12.933,3.62,276.44,TAKE_PICTURE,2.49,113.19,156.59,0.57,242.25
2026-02-03 12:15:13.137,5.48,182.41,TAKE_PICTURE,1.38,1.28,176.86,0.55,242.25
2026-02-03 12:15:13.329,5.70,175.56,TAKE_PICTURE,2.35,1.35,167.61,0.56,242.25
2026-02-03 12:15:13.518,5.77,173.31,TAKE_PICTURE,3.41,0.69,165.40,0.57,242.25
2026-02-03 12:15:13.704,5.90,169.44,TAKE_PICTURE,2.35,1.14,161.75,0.56,242.25
2026-02-03 12:15:13.995,3.63,275.34,TAKE_PICTURE,2.51,111.54,156.75,0.66,242.25
2026-02-03 12:15:14.202,5.42,184.40,TAKE_PICTURE,1.91,1.15,176.76,0.59,242.25
2026-02-03 12:15:14.393,5.76,173.68,TAKE_PICTURE,2.16,1.35,165.49,0.55,242.25
2026-02-03 12:15:14.581,5.81,172.09,TAKE_PICTURE,2.31,1.03,164.58,0.58,242.25
2026-02-03 12:15:14.767,5.88,170.20,TAKE_PICTURE,2.31,1.03,162.62,0.58,242.25
2026-02-03 12:15:15.064,3.55,281.38,TAKE_PICTURE,2.21,115.47,159.18,0.56,242.25
2026-02-03 12:15:15.271,5.40,185.17,TAKE_PICTURE,1.53,1.35,177.88,0.55,242.25
2026-02-03 12:15:15.464,5.69,175.71,TAKE_PICTURE,2.34,0.74,168.03,0.57,242.25
2026-02-03 12:15:15.654,5.73,174.48,TAKE_PICTURE,2.20,0.74,167.53,0.57,242.25
2026-02-03 12:15:15.840,5.89,169.75,TAKE_PICTURE,2.38,1.19,163.02,0.59,242.25
2026-02-03 12:15:16.142,3.49,286.19,TAKE_PICTURE,2.27,119.92,161.17,0.63,242.25
2026-02-03 12:15:16.347,5.45,183.39,TAKE_PICTURE,1.31,1.40,176.94,0.59,242.25
2026-02-03 12:15:16.538,5.86,170.55,TAKE_PICTURE,1.27,1.17,164.72,0.57,242.25
2026-02-03 12:15:16.726,5.81,172.02,TAKE_PICTURE,2.20,0.59,165.88,0.59,242.25
2026-02-03 12:15:16.914,5.79,172.84,TAKE_PICTURE,2.14,0.55,166.73,0.62,242.25
2026-02-03 12:15:17.208,3.60,277.75,TAKE_PICTURE,2.38,114.56,157.97,0.55,242.25
2026-02-03 12:15:17.416,5.35,186.87,TAKE_PICTURE,1.55,1.53,180.31,0.59,242.18
2026-02-03 12:15:17.607,5.73,174.42,TAKE_PICTURE,5.37,0.82,165.60,0.59,242.18
2026-02-03 12:15:17.798,5.73,174.63,TAKE_PICTURE,2.23,1.13,167.27,0.62,242.18
2026-02-03 12:15:17.983,5.91,169.11,TAKE_PICTURE,2.20,1.13,161.69,0.55,242.18
2026-02-03 12:15:18.276,3.61,277.32,TAKE_PICTURE,2.24,114.51,156.46,0.53,242.18
2026-02-03 12:15:18.482,5.44,183.92,TAKE_PICTURE,2.88,1.72,175.32,0.54,242.18
2026-02-03 12:15:18.672,5.78,173.12,TAKE_PICTURE,2.34,1.06,165.62,0.61,242.18
2026-02-03 12:15:18.862,5.72,174.70,TAKE_PICTURE,2.32,1.09,167.15,0.73,242.18
2026-02-03 12:15:19.048,5.89,169.67,TAKE_PICTURE,2.24,1.08,162.47,0.53,242.18
2026-02-03 12:15:19.348,3.52,284.16,TAKE_PICTURE,2.33,114.93,163.03,0.52,242.18
2026-02-03 12:15:19.556,5.34,187.40,TAKE_PICTURE,1.35,1.62,181.55,0.53,242.18
2026-02-03 12:15:19.746,5.78,172.93,TAKE_PICTURE,1.69,0.68,166.04,0.61,242.18
2026-02-03 12:15:19.933,5.82,171.68,TAKE_PICTURE,2.20,0.75,165.11,0.53,242.18
2026-02-03 12:15:20.120,5.85,170.95,TAKE_PICTURE,2.38,0.73,164.09,0.54,242.18
2026-02-03 12:15:20.420,3.52,283.95,TAKE_PICTURE,2.31,120.15,156.92,0.54,242.18
2026-02-03 12:15:20.626,5.46,183.00,TAKE_PICTURE,1.56,1.63,175.93,0.53,242.18
2026-02-03 12:15:20.816,5.78,173.09,TAKE_PICTURE,2.17,1.09,165.40,0.62,242.18
2026-02-03 12:15:21.002,5.87,170.36,TAKE_PICTURE,2.24,1.08,162.89,0.57,242.18
2026-02-03 12:15:21.189,5.85,170.92,TAKE_PICTURE,2.33,1.04,163.36,0.62,242.18
2026-02-03 12:15:21.480,3.64,275.04,TAKE_PICTURE,2.06,113.51,156.84,0.50,242.18
2026-02-03 12:15:21.684,5.47,182.98,TAKE_PICTURE,1.29,1.49,176.83,0.54,242.18
2026-02-03 12:15:21.873,5.80,172.38,TAKE_PICTURE,2.28,0.95,165.11,0.54,242.18
2026-02-03 12:15:22.058,5.91,169.29,TAKE_PICTURE,2.29,1.04,161.77,0.53,242.18
2026-02-03 12:15:22.245,5.87,170.49,TAKE_PICTURE,2.22,1.41,162.73,0.53,242.18
2026-02-03 12:15:22.535,3.64,274.72,TAKE_PICTURE,2.26,112.30,156.24,0.58,242.18
2026-02-03 12:15:22.739,5.49,182.18,TAKE_PICTURE,1.61,1.31,175.28,0.64,242.18
2026-02-03 12:15:22.929,5.78,173.09,TAKE_PICTURE,2.31,1.11,165.51,0.53,242.18
2026-02-03 12:15:23.114,5.90,169.62,TAKE_PICTURE,2.05,0.56,163.74,0.54,242.18
2026-02-03 12:15:23.298,5.94,168.33,TAKE_PICTURE,2.24,1.04,162.12,0.59,242.18
2026-02-03 12:15:23.591,3.62,276.35,TAKE_PICTURE,2.35,115.34,155.79,0.57,242.18
2026-02-03 12:15:23.794,5.48,182.38,TAKE_PICTURE,1.38,1.56,175.96,0.58,242.18
2026-02-03 12:15:23.985,5.76,173.51,TAKE_PICTURE,2.34,1.27,165.77,0.59,242.18
2026-02-03 12:15:24.173,5.80,172.36,TAKE_PICTURE,1.94,1.01,165.87,0.59,242.18
2026-02-03 12:15:24.359,5.89,169.65,TAKE_PICTURE,1.96,0.56,163.00,0.64,242.18
2026-02-03 12:15:24.657,3.54,282.26,TAKE_PICTURE,2.06,119.34,157.43,0.52,242.18
2026-02-03 12:15:24.863,5.43,184.16,TAKE_PICTURE,1.39,1.35,176.10,0.59,242.18
2026-02-03 12:15:25.060,5.59,178.99,TAKE_PICTURE,1.77,0.49,171.97,0.63,242.18
2026-02-03 12:15:25.246,5.89,169.75,TAKE_PICTURE,2.16,0.71,162.84,0.52,242.18
2026-02-03 12:15:25.430,5.94,168.32,TAKE_PICTURE,1.75,0.63,162.13,0.56,242.18
2026-02-03 12:15:25.725,3.57,279.81,TAKE_PICTURE,1.96,116.17,157.88,0.54,242.18
2026-02-03 12:15:25.931,5.42,184.39,TAKE_PICTURE,1.33,1.38,177.61,1.08,242.18
2026-02-03 12:15:26.121,5.75,173.99,TAKE_PICTURE,1.94,1.26,166.76,0.55,242.18
2026-02-03 12:15:26.308,5.85,170.92,TAKE_PICTURE,1.98,0.63,164.48,0.54,242.18
2026-02-03 12:15:26.492,5.95,168.15,TAKE_PICTURE,2.36,0.97,160.87,0.62,242.18
2026-02-03 12:15:26.784,3.64,275.08,TAKE_PICTURE,2.05,111.40,157.66,0.54,242.18
2026-02-03 12:15:26.993,5.26,189.95,TAKE_PICTURE,1.62,1.00,183.57,0.59,242.18
2026-02-03 12:15:27.189,5.57,179.40,TAKE_PICTURE,1.57,0.54,173.55,0.52,242.18
2026-02-03 12:15:27.378,5.80,172.41,TAKE_PICTURE,2.32,1.11,164.91,0.53,242.18
2026-02-03 12:15:27.564,5.86,170.53,TAKE_PICTURE,2.35,1.11,163.10,0.53,242.18
2026-02-03 12:15:27.956,2.66,375.80,TAKE_PICTURE,2.34,212.53,157.01,0.57,242.18
2026-02-03 12:15:28.162,5.41,184.78,TAKE_PICTURE,2.11,1.56,177.41,0.53,242.18
2026-02-03 12:15:28.358,5.61,178.29,TAKE_PICTURE,1.94,0.86,170.47,0.53,242.18
2026-02-03 12:15:28.548,5.77,173.30,TAKE_PICTURE,2.10,0.58,166.59,0.53,242.18
2026-02-03 12:15:28.732,5.95,168.07,TAKE_PICTURE,2.04,0.67,160.91,0.57,242.18
2026-02-03 12:15:29.027,3.59,278.34,TAKE_PICTURE,2.15,113.71,158.51,0.56,242.18
2026-02-03 12:15:29.242,5.19,192.76,TAKE_PICTURE,1.69,1.23,183.78,0.57,242.18
2026-02-03 12:15:29.439,5.75,173.92,TAKE_PICTURE,1.46,1.37,166.82,0.57,242.18
2026-02-03 12:15:29.626,5.83,171.39,TAKE_PICTURE,2.41,1.01,163.96,0.92,242.18
2026-02-03 12:15:29.811,5.92,169.04,TAKE_PICTURE,2.35,1.32,162.37,0.53,242.18
2026-02-03 12:15:30.105,3.59,278.59,TAKE_PICTURE,2.23,114.74,158.17,0.57,242.18
2026-02-03 12:15:30.314,5.36,186.61,TAKE_PICTURE,1.43,1.72,178.45,0.63,242.25
2026-02-03 12:15:30.503,5.78,173.07,TAKE_PICTURE,2.35,1.07,165.99,0.63,242.25
2026-02-03 12:15:30.690,5.87,170.36,TAKE_PICTURE,1.97,1.11,163.01,0.55,242.25
2026-02-03 12:15:30.876,5.86,170.63,TAKE_PICTURE,2.05,0.68,164.20,0.58,242.25
2026-02-03 12:15:31.273,2.62,380.96,TAKE_PICTURE,2.10,217.17,157.68,0.53,242.25
2026-02-03 12:15:31.477,5.46,183.14,TAKE_PICTURE,1.81,0.76,177.91,0.53,242.25
2026-02-03 12:15:31.674,5.53,180.73,TAKE_PICTURE,5.05,1.13,170.77,0.55,242.25
2026-02-03 12:15:31.867,5.69,175.88,TAKE_PICTURE,3.11,1.15,167.82,0.60,242.25
2026-02-03 12:15:32.057,5.84,171.31,TAKE_PICTURE,2.04,0.59,164.97,0.59,242.25
2026-02-03 12:15:32.311,4.20,238.37,TAKE_PICTURE,2.08,115.53,116.76,0.58,242.25
2026-02-03 12:15:32.477,6.88,145.28,TAKE_PICTURE,2.22,0.08,140.02,0.66,242.25
2026-02-03 12:15:32.638,7.29,137.24,TAKE_PICTURE,2.05,0.12,131.38,0.65,242.25
2026-02-03 12:15:32.794,7.52,132.91,TAKE_PICTURE,1.38,0.20,128.58,0.57,242.25
2026-02-03 12:15:32.952,7.39,135.34,TAKE_PICTURE,1.54,0.16,130.97,0.56,242.25
2026-02-03 12:15:33.136,6.22,160.88,TAKE_PICTURE,2.69,0.08,153.18,0.67,242.25
2026-02-03 12:15:33.306,6.77,147.71,TAKE_PICTURE,2.18,0.07,142.77,0.53,242.25
2026-02-03 12:15:33.479,6.43,155.51,TAKE_PICTURE,2.31,0.18,149.92,0.71,242.25
2026-02-03 12:15:33.648,6.85,146.09,TAKE_PICTURE,1.80,0.10,140.65,0.75,242.25
2026-02-03 12:15:33.822,6.75,148.23,TAKE_PICTURE,2.57,0.11,142.03,0.60,242.25
2026-02-03 12:15:34.009,6.28,159.25,TAKE_PICTURE,3.35,0.08,152.98,0.59,242.25
2026-02-03 12:15:34.171,7.13,140.17,TAKE_PICTURE,2.34,0.10,134.62,0.55,242.25
2026-02-03 12:15:34.330,7.38,135.41,TAKE_PICTURE,1.89,0.10,130.12,0.64,242.25
2026-02-03 12:15:34.509,6.37,156.91,TAKE_PICTURE,2.12,0.08,151.00,0.53,242.25
2026-02-03 12:15:34.669,7.32,136.65,TAKE_PICTURE,1.49,0.12,131.68,0.79,242.25
2026-02-03 12:15:34.823,7.32,136.67,TAKE_PICTURE,2.29,0.20,127.53,0.65,242.25
2026-02-03 12:15:35.017,6.00,166.58,TAKE_PICTURE,1.72,0.23,160.78,0.75,242.25
2026-02-03 12:15:35.175,7.46,134.08,TAKE_PICTURE,2.43,0.12,128.21,0.63,242.25
2026-02-03 12:15:35.347,7.02,142.51,TAKE_PICTURE,2.66,0.12,136.23,0.58,242.25
2026-02-03 12:15:35.525,6.74,148.41,TAKE_PICTURE,2.69,0.12,141.77,0.88,242.25
2026-02-03 12:15:35.710,6.51,153.62,TAKE_PICTURE,4.30,0.11,144.96,0.59,242.25
2026-02-03 12:15:35.879,7.03,142.15,TAKE_PICTURE,2.87,0.13,134.90,0.64,242.25
2026-02-03 12:15:36.052,6.74,148.28,TAKE_PICTURE,3.05,0.13,140.49,0.70,242.25
2026-02-03 12:15:36.224,6.98,143.18,TAKE_PICTURE,3.39,0.16,134.56,0.55,242.25
2026-02-03 12:15:36.388,7.18,139.35,TAKE_PICTURE,2.67,0.14,132.47,0.56,242.25
2026-02-03 12:15:36.555,7.26,137.66,TAKE_PICTURE,3.85,0.15,129.94,0.60,242.25
2026-02-03 12:15:36.725,6.90,144.83,TAKE_PICTURE,3.01,0.20,137.33,0.81,242.25
2026-02-03 12:15:36.904,6.75,148.18,TAKE_PICTURE,3.75,0.11,139.23,0.68,242.25
2026-02-03 12:15:37.072,7.04,141.95,TAKE_PICTURE,3.64,0.11,134.05,0.54,242.25
2026-02-03 12:15:37.243,7.12,140.54,TAKE_PICTURE,5.03,0.10,131.92,0.95,242.25
2026-02-03 12:15:37.424,6.61,151.31,TAKE_PICTURE,4.43,0.12,141.87,0.58,242.25
2026-02-03 12:15:37.588,7.32,136.54,TAKE_PICTURE,2.76,0.13,129.40,0.60,242.25
2026-02-03 12:15:37.752,7.18,139.28,TAKE_PICTURE,3.05,0.20,132.57,0.57,242.25
2026-02-03 12:15:37.912,7.37,135.62,TAKE_PICTURE,3.07,0.21,128.89,0.58,242.25
2026-02-03 12:15:38.089,6.59,151.67,TAKE_PICTURE,3.40,0.13,144.34,0.66,242.25
2026-02-03 12:15:38.255,7.31,136.77,TAKE_PICTURE,3.10,0.10,130.06,0.58,242.25
2026-02-03 12:15:38.424,7.18,139.22,TAKE_PICTURE,2.89,0.13,132.65,0.56,242.25
2026-02-03 12:15:38.593,6.96,143.73,TAKE_PICTURE,2.66,0.12,137.02,0.68,242.25
2026-02-03 12:15:38.767,7.03,142.23,TAKE_PICTURE,3.52,0.16,134.42,0.63,242.25
2026-02-03 12:15:38.933,7.19,139.11,TAKE_PICTURE,2.83,0.12,132.65,0.56,242.25
2026-02-03 12:15:39.104,6.90,144.93,TAKE_PICTURE,3.11,0.13,137.95,0.62,242.25
2026-02-03 12:15:39.280,6.89,145.18,TAKE_PICTURE,3.15,0.18,136.78,0.55,242.25
2026-02-03 12:15:39.446,7.18,139.18,TAKE_PICTURE,3.11,0.13,132.00,0.53,242.25
2026-02-03 12:15:39.610,7.23,138.29,TAKE_PICTURE,3.22,0.12,130.23,0.54,242.25
2026-02-03 12:15:39.791,6.64,150.56,TAKE_PICTURE,2.84,0.11,143.67,0.69,242.25
2026-02-03 12:15:39.921,9.73,102.74,PICTURE_COOLDOWN,3.51,8.48,86.82,0.61,242.25
2026-02-03 12:15:40.144,5.06,197.56,PICTURE_COOLDOWN,2.80,5.27,185.33,0.60,242.25
2026-02-03 12:15:40.370,5.05,198.09,PICTURE_COOLDOWN,3.01,5.21,185.96,0.60,242.25
2026-02-03 12:15:40.599,4.98,200.94,PICTURE_COOLDOWN,3.04,5.32,187.89,0.59,242.25
2026-02-03 12:15:40.830,4.90,203.94,PICTURE_COOLDOWN,2.88,5.19,191.44,0.72,242.25
2026-02-03 12:15:41.057,5.06,197.61,PICTURE_COOLDOWN,3.32,3.81,185.98,0.55,242.25
2026-02-03 12:15:41.288,4.89,204.44,PICTURE_COOLDOWN,2.90,5.35,192.20,0.72,242.25
2026-02-03 12:15:41.520,4.88,205.11,PICTURE_COOLDOWN,6.89,7.97,186.74,0.54,242.25
2026-02-03 12:15:41.759,4.74,211.11,PICTURE_COOLDOWN,3.12,5.77,196.61,0.57,242.25
2026-02-03 12:15:41.985,5.03,198.87,PICTURE_COOLDOWN,2.96,5.15,186.37,0.69,242.25
2026-02-03 12:15:42.224,4.80,208.41,PICTURE_COOLDOWN,3.62,7.59,191.66,0.57,242.25
2026-02-03 12:15:42.448,5.09,196.66,PICTURE_COOLDOWN,2.74,5.13,184.55,0.58,242.25
2026-02-03 12:15:42.680,4.86,205.56,PICTURE_COOLDOWN,2.69,5.51,193.35,0.58,242.25
2026-02-03 12:15:42.903,5.11,195.57,PICTURE_COOLDOWN,2.61,5.26,183.66,0.59,242.25
2026-02-03 12:15:43.136,4.87,205.32,PICTURE_COOLDOWN,2.73,5.42,192.86,0.56,242.25
2026-02-03 12:15:43.363,5.03,198.99,PICTURE_COOLDOWN,2.93,5.43,186.49,0.59,242.25
2026-02-03 12:15:43.598,4.83,207.17,PICTURE_COOLDOWN,2.88,5.29,194.77,0.56,242.25
2026-02-03 12:15:43.822,5.07,197.11,PICTURE_COOLDOWN,2.85,5.18,185.12,0.60,242.25
2026-02-03 12:15:44.044,5.14,194.63,PICTURE_COOLDOWN,2.94,5.31,182.28,0.55,242.25
2026-02-03 12:15:44.275,4.89,204.63,PICTURE_COOLDOWN,2.86,5.36,192.31,0.59,242.25
2026-02-03 12:15:44.501,5.02,199.29,PICTURE_COOLDOWN,3.52,5.69,185.37,0.56,242.25
2026-02-03 12:15:44.739,4.76,209.90,PICTURE_COOLDOWN,3.62,7.12,195.06,0.76,242.25
2026-02-03 12:15:44.964,5.04,198.26,PICTURE_COOLDOWN,2.73,5.46,185.88,0.64,242.25
2026-02-03 12:15:45.197,4.85,206.25,PICTURE_COOLDOWN,2.72,5.28,194.13,0.57,242.25
2026-02-03 12:15:45.422,5.05,198.02,PICTURE_COOLDOWN,3.14,5.23,185.33,0.63,242.25
2026-02-03 12:15:45.656,4.82,207.27,PICTURE_COOLDOWN,2.83,5.80,194.21,0.61,242.25
2026-02-03 12:15:45.881,5.04,198.38,PICTURE_COOLDOWN,3.19,5.37,185.67,0.61,242.25
2026-02-03 12:15:46.116,4.80,208.37,PICTURE_COOLDOWN,2.90,5.20,195.73,0.58,242.25
2026-02-03 12:15:46.343,5.01,199.42,PICTURE_COOLDOWN,3.06,5.44,187.13,0.56,242.25
2026-02-03 12:15:46.576,4.84,206.58,PICTURE_COOLDOWN,3.00,5.27,194.27,0.59,242.25
2026-02-03 12:15:46.793,5.25,190.35,PICTURE_COOLDOWN,2.97,0.13,183.33,0.57,242.25
2026-02-03 12:15:46.926,9.48,105.52,TAKE_PICTURE,2.82,0.47,98.07,0.59,242.25
2026-02-03 12:15:47.137,5.40,185.23,TAKE_PICTURE,2.89,2.28,175.75,0.64,242.25
2026-02-03 12:15:47.361,5.21,191.94,TAKE_PICTURE,6.03,2.61,178.79,0.56,242.25
2026-02-03 12:15:47.570,5.56,179.88,TAKE_PICTURE,2.79,2.44,170.55,0.58,242.25
2026-02-03 12:15:47.792,5.15,194.30,TAKE_PICTURE,4.12,2.45,183.06,0.54,242.25
2026-02-03 12:15:48.129,3.23,309.77,TAKE_PICTURE,2.86,123.14,180.61,0.68,242.25
2026-02-03 12:15:48.349,5.22,191.39,TAKE_PICTURE,2.78,1.66,181.89,0.56,242.25
2026-02-03 12:15:48.542,5.70,175.51,TAKE_PICTURE,2.40,1.14,168.10,0.64,242.25
2026-02-03 12:15:48.744,5.37,186.30,TAKE_PICTURE,5.28,1.37,176.09,0.59,242.25
2026-02-03 12:15:48.940,5.57,179.51,TAKE_PICTURE,3.61,1.41,171.46,0.54,242.25
2026-02-03 12:15:49.236,3.57,280.47,TAKE_PICTURE,1.88,115.54,158.65,0.53,242.25
2026-02-03 12:15:49.441,5.41,184.77,TAKE_PICTURE,4.13,1.05,176.33,0.57,242.25
2026-02-03 12:15:49.632,5.73,174.50,TAKE_PICTURE,5.13,0.63,166.12,0.55,242.25
2026-02-03 12:15:49.818,5.88,169.98,TAKE_PICTURE,1.86,0.51,164.29,0.59,242.25
2026-02-03 12:15:50.005,5.83,171.64,TAKE_PICTURE,4.72,1.09,162.72,0.53,242.25
2026-02-03 12:15:50.301,3.58,279.30,TAKE_PICTURE,3.12,115.13,158.29,0.57,242.25
2026-02-03 12:15:50.508,5.37,186.12,TAKE_PICTURE,1.43,1.41,179.55,0.56,242.25
2026-02-03 12:15:50.702,5.64,177.30,TAKE_PICTURE,1.70,0.60,171.35,0.58,242.25
2026-02-03 12:15:50.893,5.74,174.30,TAKE_PICTURE,2.00,1.09,167.10,0.53,242.25
2026-02-03 12:15:51.084,5.71,175.14,TAKE_PICTURE,5.25,0.79,166.26,0.63,242.25
2026-02-03 12:15:51.382,3.55,281.61,TAKE_PICTURE,1.89,115.10,160.80,0.63,242.25
2026-02-03 12:15:51.588,5.43,184.06,TAKE_PICTURE,1.30,1.42,177.77,0.59,242.25
2026-02-03 12:15:51.777,5.79,172.66,TAKE_PICTURE,2.08,0.58,166.05,0.54,242.25
2026-02-03 12:15:51.964,5.86,170.67,TAKE_PICTURE,2.30,0.57,164.15,0.53,242.25
2026-02-03 12:15:52.149,5.88,170.07,TAKE_PICTURE,1.73,0.71,164.40,0.56,242.25
2026-02-03 12:15:52.443,3.61,277.31,TAKE_PICTURE,2.08,113.10,157.97,0.93,242.25
2026-02-03 12:15:52.644,5.54,180.64,TAKE_PICTURE,1.32,0.93,175.75,0.59,242.25
2026-02-03 12:15:52.834,5.80,172.44,TAKE_PICTURE,2.15,1.28,164.78,0.54,242.25
2026-02-03 12:15:53.023,5.78,172.90,TAKE_PICTURE,2.16,1.16,165.32,0.58,242.25
2026-02-03 12:15:53.208,5.91,169.11,TAKE_PICTURE,2.22,1.13,161.58,0.54,242.25
2026-02-03 12:15:53.500,3.62,276.02,TAKE_PICTURE,2.23,112.95,156.92,0.52,242.25
2026-02-03 12:15:53.699,5.61,178.21,TAKE_PICTURE,1.26,0.60,173.27,0.71,242.25
2026-02-03 12:15:53.889,5.78,173.02,TAKE_PICTURE,2.27,1.17,165.55,0.54,242.25
2026-02-03 12:15:54.075,5.87,170.35,TAKE_PICTURE,2.16,0.65,163.30,0.57,242.25
2026-02-03 12:15:54.260,5.92,168.91,TAKE_PICTURE,2.23,1.10,161.39,0.55,242.25
2026-02-03 12:15:54.562,3.49,286.43,TAKE_PICTURE,2.23,122.55,157.36,0.50,242.25
2026-02-03 12:15:54.761,5.47,182.84,TAKE_PICTURE,2.16,1.02,174.95,0.51,242.25
2026-02-03 12:15:54.950,5.81,172.04,TAKE_PICTURE,2.05,1.09,164.44,0.53,242.25
2026-02-03 12:15:55.136,5.87,170.23,TAKE_PICTURE,2.09,0.61,163.75,0.53,242.25
2026-02-03 12:15:55.321,5.92,168.99,TAKE_PICTURE,2.32,1.12,161.73,0.54,242.25
2026-02-03 12:15:55.571,4.27,234.12,TAKE_PICTURE,2.06,112.77,115.49,0.54,242.25
2026-02-03 12:15:55.735,6.99,143.06,TAKE_PICTURE,1.25,0.12,138.39,0.67,242.25
2026-02-03 12:15:55.899,7.19,139.08,TAKE_PICTURE,2.89,0.11,132.73,0.58,242.25
2026-02-03 12:15:56.070,7.05,141.86,TAKE_PICTURE,2.54,0.12,135.83,0.59,242.25
2026-02-03 12:15:56.249,6.57,152.29,TAKE_PICTURE,2.81,0.14,145.65,0.66,242.25
2026-02-03 12:15:56.425,6.81,146.75,TAKE_PICTURE,4.92,0.13,137.76,0.56,242.25
2026-02-03 12:15:56.594,7.07,141.47,TAKE_PICTURE,3.05,0.12,134.55,0.56,242.25
2026-02-03 12:15:56.765,6.96,143.64,TAKE_PICTURE,3.57,0.11,135.76,0.59,242.25
2026-02-03 12:15:56.943,6.62,151.11,TAKE_PICTURE,2.80,0.12,144.05,0.63,242.25
2026-02-03 12:15:57.114,6.52,153.47,TAKE_PICTURE,4.33,0.07,144.52,0.55,242.25
2026-02-03 12:15:57.280,6.94,144.03,TAKE_PICTURE,1.71,0.18,137.65,0.63,242.25
2026-02-03 12:15:57.463,6.32,158.18,TAKE_PICTURE,1.45,0.22,151.78,0.78,242.25
2026-02-03 12:15:57.639,6.74,148.39,TAKE_PICTURE,1.72,0.11,142.43,0.59,242.25
2026-02-03 12:15:57.805,6.99,143.07,TAKE_PICTURE,1.57,0.10,137.66,0.55,242.25
2026-02-03 12:15:57.971,7.02,142.53,TAKE_PICTURE,2.05,0.11,137.64,0.57,242.25
2026-02-03 12:15:58.149,6.51,153.64,TAKE_PICTURE,2.23,0.18,147.30,0.54,242.25
2026-02-03 12:15:58.321,6.99,143.00,TAKE_PICTURE,2.85,0.13,135.77,0.55,242.25
2026-02-03 12:15:58.487,7.03,142.30,TAKE_PICTURE,1.61,0.18,137.44,0.61,242.25
2026-02-03 12:15:58.674,6.15,162.60,TAKE_PICTURE,1.92,0.10,156.68,0.59,242.25
2026-02-03 12:15:58.840,7.11,140.73,TAKE_PICTURE,2.32,0.11,134.63,0.52,242.25
2026-02-03 12:15:59.010,6.90,144.93,TAKE_PICTURE,2.08,0.12,139.06,0.59,242.25
2026-02-03 12:15:59.181,6.93,144.33,TAKE_PICTURE,3.00,0.11,137.75,0.53,242.25
2026-02-03 12:15:59.356,6.59,151.68,TAKE_PICTURE,2.63,0.16,145.38,0.60,242.25
2026-02-03 12:15:59.526,6.94,144.16,TAKE_PICTURE,2.84,0.11,136.92,0.58,242.25
2026-02-03 12:15:59.701,6.66,150.18,TAKE_PICTURE,2.45,0.11,143.75,0.66,242.25
2026-02-03 12:15:59.877,6.31,158.41,TAKE_PICTURE,2.80,0.16,151.41,1.20,242.25
2026-02-03 12:16:00.043,7.00,142.77,TAKE_PICTURE,2.45,0.18,136.42,0.53,242.25
2026-02-03 12:16:00.214,6.82,146.57,TAKE_PICTURE,1.74,0.12,141.19,0.67,242.25
2026-02-03 12:16:00.387,6.45,154.97,TAKE_PICTURE,2.91,0.19,146.65,0.65,242.25
2026-02-03 12:16:00.552,7.00,142.87,TAKE_PICTURE,1.67,0.13,137.28,0.57,242.25
2026-02-03 12:16:00.717,7.06,141.59,TAKE_PICTURE,1.93,0.22,135.40,0.65,242.25
2026-02-03 12:16:00.872,7.65,130.67,TAKE_PICTURE,1.42,0.07,126.72,0.53,242.25
2026-02-03 12:16:01.030,7.55,132.50,TAKE_PICTURE,1.82,0.10,126.77,0.52,242.25
2026-02-03 12:16:01.177,7.69,129.98,TAKE_PICTURE,2.15,0.07,124.80,0.53,242.25
2026-02-03 12:16:01.342,6.96,143.68,TAKE_PICTURE,3.00,0.15,136.82,0.53,242.25
2026-02-03 12:16:01.503,7.40,135.22,TAKE_PICTURE,1.36,0.14,130.60,0.53,242.25
2026-02-03 12:16:01.655,7.74,129.24,TAKE_PICTURE,1.31,0.12,124.92,0.53,242.25
2026-02-03 12:16:01.820,6.77,147.62,TAKE_PICTURE,2.24,0.07,142.19,0.65,242.25
2026-02-03 12:16:01.989,6.84,146.17,TAKE_PICTURE,2.62,0.12,139.92,0.58,242.25
2026-02-03 12:16:02.155,7.13,140.19,TAKE_PICTURE,2.42,0.29,133.54,0.54,242.20
2026-02-03 12:16:02.313,7.39,135.32,TAKE_PICTURE,1.29,0.11,130.52,0.67,242.20
2026-02-03 12:16:02.468,7.26,137.79,TAKE_PICTURE,2.36,0.08,132.35,0.55,242.20
2026-02-03 12:16:02.621,7.59,131.68,TAKE_PICTURE,2.33,0.12,125.38,0.55,242.20
2026-02-03 12:16:02.774,7.71,129.64,TAKE_PICTURE,1.39,0.11,124.82,0.58,242.20
2026-02-03 12:16:02.925,7.79,128.45,TAKE_PICTURE,1.40,0.16,124.32,0.57,242.20
2026-02-03 12:16:03.004,18.07,55.34,RESULT,1.62,7.35,42.66,0.70,242.20
