timestamp,fps,frame_time_ms,state,cap_read_ms,process_state_ms,draw_ui_ms,imshow_ms,memory_mb
2026-02-03 11:39:13.498,0.91,1099.46,READY,446.12,265.54,68.23,316.70,222.89
2026-02-03 11:39:13.653,8.71,114.76,READY,3.21,0.98,107.06,0.61,226.01
2026-02-03 11:39:13.762,10.10,98.97,READY,3.66,2.06,87.55,0.54,226.92
2026-02-03 11:39:13.863,11.26,88.81,READY,3.54,0.54,80.91,0.68,226.96
2026-02-03 11:39:13.977,9.20,108.67,READY,36.93,0.81,67.81,0.56,226.96
2026-02-03 11:39:14.169,5.36,186.50,READY,2.87,120.75,58.60,0.56,227.21
2026-02-03 11:39:14.261,11.80,84.71,READY,4.19,1.82,73.64,0.68,227.46
2026-02-03 11:39:14.382,8.57,116.67,READY,42.10,1.64,68.27,0.61,227.43
2026-02-03 11:39:14.462,13.55,73.81,READY,2.98,1.81,64.01,0.67,227.67
2026-02-03 11:39:14.576,9.18,108.94,READY,38.35,1.62,64.90,0.58,227.80
2026-02-03 11:39:14.766,5.42,184.46,READY,1.68,119.30,59.33,0.60,227.80
2026-02-03 11:39:14.871,10.19,98.15,READY,3.79,2.50,87.57,0.57,227.80
2026-02-03 11:39:14.964,11.57,86.42,READY,4.10,0.80,77.37,0.67,227.78
2026-02-03 11:39:15.049,12.95,77.24,READY,4.32,1.37,67.55,0.68,227.90
2026-02-03 11:39:15.145,11.50,86.92,READY,4.37,1.12,76.83,1.16,227.90
2026-02-03 11:39:15.354,4.92,203.10,READY,24.07,115.85,59.38,0.58,228.53
2026-02-03 11:39:15.448,11.64,85.89,READY,3.55,1.77,76.12,0.74,228.43
2026-02-03 11:39:15.541,11.53,86.70,READY,1.69,1.34,77.58,0.63,228.55
2026-02-03 11:39:15.658,9.74,102.62,READY,21.07,0.62,75.39,2.06,228.53
2026-02-03 11:39:15.743,13.06,76.58,READY,2.21,0.62,69.17,0.97,228.53
2026-02-03 11:39:15.997,4.06,246.01,READY,23.34,135.46,82.88,1.68,229.90
2026-02-03 11:39:16.101,11.05,90.51,READY,4.10,1.76,79.20,1.58,229.90
2026-02-03 11:39:16.184,13.37,74.77,READY,2.31,0.62,69.16,0.65,229.90
2026-02-03 11:39:16.333,6.96,143.69,READY,52.47,1.51,84.34,1.15,229.90
2026-02-03 11:39:16.444,9.63,103.88,READY,34.78,0.59,65.88,0.66,229.90
2026-02-03 11:39:16.636,5.34,187.26,READY,2.50,120.78,61.25,0.54,230.03
2026-02-03 11:39:16.731,12.06,82.93,READY,5.19,1.13,72.60,0.65,230.05
2026-02-03 11:39:16.858,8.33,120.11,READY,36.03,0.63,79.99,0.64,230.05
2026-02-03 11:39:16.936,13.79,72.50,READY,2.80,1.22,65.52,0.62,230.05
2026-02-03 11:39:17.048,9.38,106.62,READY,33.35,1.21,68.04,0.61,230.05
2026-02-03 11:39:17.242,5.30,188.76,READY,3.03,123.29,58.45,0.59,230.05
2026-02-03 11:39:17.325,13.06,76.56,READY,2.12,1.65,68.76,0.65,230.05
2026-02-03 11:39:17.443,8.88,112.62,READY,46.55,1.12,61.83,0.54,230.05
2026-02-03 11:39:17.519,14.06,71.11,READY,2.86,1.69,62.99,0.57,230.05
2026-02-03 11:39:17.644,8.28,120.77,READY,50.09,0.62,67.44,0.58,230.05
2026-02-03 11:39:17.832,5.49,182.31,READY,2.75,116.36,60.60,0.61,230.05
2026-02-03 11:39:17.941,9.52,105.02,READY,2.07,0.59,92.12,8.16,230.11
2026-02-03 11:39:18.078,8.97,111.51,READY,4.18,0.58,103.92,0.55,230.07
2026-02-03 11:39:18.186,10.33,96.84,READY,5.12,1.27,86.12,0.72,230.07
2026-02-03 11:39:18.292,10.19,98.16,READY,4.73,1.95,87.29,0.59,230.07
2026-02-03 11:39:18.492,5.19,192.64,READY,6.89,120.72,62.15,0.61,230.05
2026-02-03 11:39:18.574,13.34,74.94,READY,1.49,0.55,70.14,0.72,230.05
2026-02-03 11:39:18.658,13.54,73.85,READY,4.45,0.69,64.35,0.58,230.05
2026-02-03 11:39:18.775,8.95,111.74,READY,44.04,0.57,64.01,0.55,230.05
2026-02-03 11:39:18.863,12.08,82.81,READY,3.58,1.87,73.31,0.56,230.05
2026-02-03 11:39:19.103,4.25,235.08,READY,37.95,127.44,66.89,0.65,230.05
2026-02-03 11:39:19.216,9.98,100.19,READY,1.49,0.63,94.94,1.10,229.95
2026-02-03 11:39:19.325,10.37,96.45,READY,13.96,1.18,74.94,1.00,229.95
2026-02-03 11:39:19.453,9.25,108.08,READY,30.98,1.25,70.53,0.52,229.95
2026-02-03 11:39:19.551,12.00,83.36,READY,3.58,1.22,74.17,0.52,229.95
2026-02-03 11:39:19.771,4.68,213.86,READY,16.90,129.23,65.16,0.54,229.95
2026-02-03 11:39:19.867,11.30,88.48,READY,2.94,0.95,80.76,0.56,229.95
2026-02-03 11:39:19.977,9.51,105.11,READY,34.46,1.49,65.74,0.57,229.95
2026-02-03 11:39:20.053,14.04,71.23,READY,2.63,0.65,64.80,0.66,229.95
2026-02-03 11:39:20.175,8.53,117.20,READY,48.04,0.59,65.98,0.63,229.95
2026-02-03 11:39:20.360,5.56,179.70,READY,2.69,112.53,60.80,0.58,229.95
2026-02-03 11:39:20.453,11.83,84.56,READY,3.18,1.65,75.18,0.57,229.82
2026-02-03 11:39:20.527,14.44,69.26,READY,1.34,1.15,63.53,0.59,229.82
2026-02-03 11:39:20.642,9.12,109.69,READY,43.47,0.67,62.30,0.59,229.82
2026-02-03 11:39:20.715,14.59,68.55,READY,1.77,1.27,61.97,0.56,229.77
2026-02-03 11:39:20.955,4.26,234.98,READY,54.46,117.55,59.93,0.57,231.39
2026-02-03 11:39:21.050,11.47,87.18,READY,3.05,2.04,78.15,0.61,231.39
2026-02-03 11:39:21.130,13.96,71.61,READY,2.80,1.52,63.65,0.74,231.39
2026-02-03 11:39:21.241,9.40,106.39,READY,41.08,1.09,60.43,0.61,231.39
2026-02-03 11:39:21.317,14.03,71.26,READY,3.21,0.90,62.32,0.59,231.39
2026-02-03 11:39:21.543,4.52,221.06,READY,52.17,108.76,57.47,0.54,231.39
2026-02-03 11:39:21.632,12.31,81.25,READY,2.85,2.28,72.00,0.54,231.39
2026-02-03 11:39:21.713,13.58,73.65,READY,6.18,1.24,61.65,0.56,231.39
2026-02-03 11:39:21.850,7.57,132.03,READY,56.64,0.65,72.04,0.65,231.39
2026-02-03 11:39:21.939,11.98,83.46,READY,3.58,1.75,74.63,0.55,231.39
2026-02-03 11:39:22.146,4.95,201.88,READY,30.53,111.40,57.21,0.61,231.39
2026-02-03 11:39:22.235,12.27,81.51,READY,3.32,1.77,72.40,0.63,231.39
2026-02-03 11:39:22.312,14.04,71.21,READY,2.60,1.98,63.21,0.55,231.39
2026-02-03 11:39:22.437,8.29,120.62,READY,59.07,0.60,58.18,0.54,231.39
2026-02-03 11:39:22.511,14.53,68.84,READY,2.58,1.33,60.91,0.54,231.39
2026-02-03 11:39:22.744,4.38,228.49,READY,58.71,110.17,56.78,0.52,231.39
2026-02-03 11:39:22.840,11.35,88.08,READY,3.34,1.80,79.24,0.58,231.39
2026-02-03 11:39:22.917,13.79,72.50,READY,2.90,1.80,63.37,0.58,231.39
2026-02-03 11:39:23.038,8.66,115.52,READY,52.51,0.65,59.76,0.64,231.39
2026-02-03 11:39:23.111,14.46,69.14,READY,2.84,1.27,61.14,0.62,231.39
2026-02-03 11:39:23.342,4.43,225.74,READY,58.19,106.54,58.48,0.55,231.51
2026-02-03 11:39:23.440,11.25,88.85,READY,2.91,1.96,79.50,1.06,231.51
2026-02-03 11:39:23.528,12.14,82.38,READY,3.27,1.21,74.01,0.62,231.51
2026-02-03 11:39:23.649,8.62,115.99,READY,42.69,0.56,68.93,0.59,231.51
2026-02-03 11:39:23.729,13.35,74.91,READY,3.53,1.70,66.02,0.62,231.51
2026-02-03 11:39:23.960,4.43,225.87,READY,41.37,115.33,65.81,0.62,231.51
2026-02-03 11:39:24.046,12.35,80.98,READY,2.49,0.77,75.08,0.67,231.51
2026-02-03 11:39:24.133,12.23,81.78,READY,3.45,1.75,71.85,0.63,231.51
2026-02-03 11:39:24.257,8.39,119.15,READY,39.76,1.21,74.62,0.59,231.51
2026-02-03 11:39:24.339,12.97,77.11,READY,3.07,1.31,68.97,0.58,231.51
2026-02-03 11:39:24.549,4.88,205.02,READY,30.75,111.26,60.42,0.55,231.63
2026-02-03 11:39:24.634,12.45,80.31,READY,4.51,1.84,70.39,0.65,231.63
2026-02-03 11:39:24.712,13.71,72.93,READY,4.65,1.64,62.84,0.56,231.63
2026-02-03 11:39:24.837,8.33,120.03,READY,57.47,0.57,59.36,0.56,231.63
2026-02-03 11:39:24.911,14.46,69.17,READY,2.68,1.32,61.56,0.55,231.63
2026-02-03 11:39:25.144,4.39,227.91,READY,58.49,108.93,57.88,0.54,231.63
2026-02-03 11:39:25.227,12.81,78.07,READY,2.67,1.27,70.35,0.61,231.63
2026-02-03 11:39:25.313,12.42,80.50,READY,14.06,0.58,62.71,0.88,231.63
2026-02-03 11:39:25.437,8.40,119.09,READY,57.28,0.64,58.60,0.58,231.63
2026-02-03 11:39:25.511,14.47,69.11,READY,3.17,1.11,60.84,0.57,231.63
2026-02-03 11:39:25.742,4.41,226.81,READY,59.40,107.40,57.44,0.60,231.63
2026-02-03 11:39:25.831,12.30,81.28,READY,2.92,1.73,72.50,0.57,231.63
2026-02-03 11:39:25.914,12.95,77.19,READY,10.00,1.12,62.85,0.60,231.63
2026-02-03 11:39:26.038,8.38,119.27,READY,57.04,0.60,59.04,0.63,231.63
2026-02-03 11:39:26.114,14.08,71.02,READY,2.68,1.23,63.30,0.57,231.63
2026-02-03 11:39:26.345,4.41,226.73,READY,56.47,110.30,57.38,0.57,231.76
2026-02-03 11:39:26.440,11.55,86.56,READY,3.33,1.57,77.78,0.66,231.76
2026-02-03 11:39:26.522,13.15,76.07,READY,3.15,1.93,65.72,0.59,231.76
2026-02-03 11:39:26.644,8.53,117.28,READY,48.40,0.55,65.51,0.58,231.76
2026-02-03 11:39:26.727,12.93,77.36,READY,2.67,1.48,69.34,0.66,231.76
2026-02-03 11:39:26.951,4.55,219.64,READY,45.28,110.84,60.50,0.64,231.88
2026-02-03 11:39:27.041,12.18,82.11,READY,3.48,1.84,72.75,0.56,231.88
2026-02-03 11:39:27.119,13.73,72.82,READY,2.67,1.27,65.14,0.59,231.88
2026-02-03 11:39:27.246,8.20,121.89,READY,50.85,0.57,67.77,0.63,231.88
2026-02-03 11:39:27.320,14.47,69.13,READY,2.66,0.56,63.31,0.55,231.88
2026-02-03 11:39:27.552,4.41,226.63,READY,50.23,114.20,59.40,0.57,231.88
2026-02-03 11:39:27.647,11.54,86.68,READY,2.88,1.85,77.50,0.81,231.76
2026-02-03 11:39:27.727,13.49,74.12,READY,2.69,1.14,66.04,0.65,231.76
2026-02-03 11:39:27.849,8.54,117.15,READY,44.80,0.65,68.33,0.60,231.76
2026-02-03 11:39:27.925,14.17,70.58,READY,2.50,1.00,64.01,0.98,231.76
2026-02-03 11:39:28.151,4.58,218.38,READY,43.29,112.51,59.49,0.65,231.64
2026-02-03 11:39:28.234,12.78,78.25,READY,2.86,1.44,70.31,0.56,231.64
2026-02-03 11:39:28.315,13.19,75.82,READY,9.06,1.15,61.75,0.59,231.64
2026-02-03 11:39:28.390,14.32,69.82,READY,1.58,0.58,63.51,0.59,231.64
2026-02-03 11:39:28.511,8.56,116.85,READY,48.68,0.56,65.03,0.60,231.64
2026-02-03 11:39:28.693,5.67,176.40,READY,3.61,112.03,57.16,0.58,231.64
2026-02-03 11:39:28.787,11.64,85.89,READY,3.75,1.97,76.40,0.65,231.64
2026-02-03 11:39:28.862,14.33,69.80,READY,2.80,0.61,62.96,0.57,231.64
2026-02-03 11:39:28.977,9.08,110.09,READY,45.43,0.67,61.20,0.56,231.64
2026-02-03 11:39:29.109,7.86,127.18,READY,61.32,0.63,62.21,0.57,231.64
2026-02-03 11:39:29.289,5.71,175.08,READY,2.62,111.11,57.64,0.55,231.64
2026-02-03 11:39:29.381,11.97,83.54,READY,3.38,1.78,74.14,0.55,231.64
2026-02-03 11:39:29.455,14.43,69.31,READY,2.52,0.69,62.64,0.70,231.64
2026-02-03 11:39:29.581,8.28,120.80,READY,51.36,0.81,64.62,0.62,231.76
2026-02-03 11:39:29.706,8.29,120.57,READY,57.82,0.50,59.57,0.63,231.76
2026-02-03 11:39:29.892,5.54,180.52,READY,3.46,112.19,61.33,0.67,231.76
2026-02-03 11:39:29.987,11.38,87.86,READY,3.27,1.88,78.67,0.62,231.64
2026-02-03 11:39:30.066,13.57,73.70,READY,3.22,1.18,64.91,0.59,231.64
2026-02-03 11:39:30.180,9.19,108.86,READY,41.63,1.12,61.86,1.17,231.74
2026-02-03 11:39:30.306,8.31,120.38,READY,58.08,0.62,59.05,0.63,231.74
2026-02-03 11:39:30.497,5.41,184.69,READY,3.30,114.14,63.05,0.73,231.72
2026-02-03 11:39:30.594,11.63,85.99,READY,3.91,1.13,76.98,0.71,231.74
2026-02-03 11:39:30.672,13.61,73.49,READY,3.45,1.10,63.66,0.63,231.74
2026-02-03 11:39:30.781,9.64,103.72,READY,34.27,1.60,63.21,0.65,231.74
2026-02-03 11:39:30.906,8.36,119.68,READY,57.55,0.56,59.03,0.55,231.74
2026-02-03 11:39:31.097,5.36,186.68,READY,1.72,121.17,60.10,0.60,232.24
2026-02-03 11:39:31.182,12.54,79.75,READY,3.08,1.41,71.04,0.62,232.24
2026-02-03 11:39:31.266,12.57,79.54,READY,4.59,2.39,67.50,0.63,232.24
2026-02-03 11:39:31.378,9.37,106.69,READY,42.23,1.15,59.53,0.54,232.24
2026-02-03 11:39:31.506,8.11,123.23,READY,60.86,0.64,59.23,0.54,232.24
2026-02-03 11:39:31.686,5.71,175.09,READY,2.65,111.06,57.73,0.58,232.24
2026-02-03 11:39:31.766,13.24,75.51,READY,1.81,1.02,69.49,0.65,232.24
2026-02-03 11:39:31.850,12.71,78.66,READY,7.44,1.56,65.09,0.53,232.24
2026-02-03 11:39:31.927,13.91,71.89,READY,2.43,0.75,65.57,0.61,232.24
2026-02-03 11:39:32.041,9.10,109.91,READY,45.09,0.57,61.40,0.53,232.24
2026-02-03 11:39:32.229,5.48,182.55,READY,2.55,117.52,58.64,0.53,232.24
2026-02-03 11:39:32.320,12.01,83.26,READY,3.99,1.80,73.12,0.58,232.24
2026-02-03 11:39:32.400,13.24,75.51,READY,2.98,1.37,66.63,0.72,232.24
2026-02-03 11:39:32.520,8.73,114.57,READY,40.65,1.19,69.14,0.56,232.23
2026-02-03 11:39:32.598,13.71,72.94,READY,2.74,1.32,64.90,0.57,232.20
2026-02-03 11:39:32.817,4.67,214.21,READY,43.56,109.57,57.85,0.59,232.20
2026-02-03 11:39:32.915,11.27,88.73,READY,1.83,2.24,79.12,0.63,232.32
2026-02-03 11:39:32.995,13.34,74.98,READY,2.80,1.43,65.74,0.67,232.32
2026-02-03 11:39:33.112,8.94,111.81,READY,44.78,0.55,63.47,0.61,232.32
2026-02-03 11:39:33.187,14.25,70.19,READY,2.66,1.37,62.23,0.62,232.32
2026-02-03 11:39:33.417,4.45,224.81,READY,51.72,113.21,57.09,0.60,232.32
2026-02-03 11:39:33.511,11.58,86.34,READY,3.53,1.75,76.93,0.61,232.32
2026-02-03 11:39:33.591,13.48,74.20,READY,2.86,0.71,67.86,0.55,232.32
2026-02-03 11:39:33.711,8.64,115.77,READY,48.36,0.60,64.05,0.55,232.32
2026-02-03 11:39:33.785,14.51,68.90,READY,2.58,1.53,61.74,0.56,232.32
2026-02-03 11:39:34.012,4.51,221.86,READY,53.94,107.59,57.79,0.53,232.32
2026-02-03 11:39:34.102,12.21,81.91,READY,3.45,1.86,72.59,0.58,232.32
2026-02-03 11:39:34.183,13.03,76.72,READY,7.96,1.20,63.56,0.63,232.32
2026-02-03 11:39:34.308,8.34,119.96,READY,55.61,0.57,61.09,0.61,232.32
2026-02-03 11:39:34.385,13.95,71.71,READY,2.23,1.43,64.44,0.54,232.32
2026-02-03 11:39:34.615,4.43,225.59,READY,54.08,109.41,59.53,0.54,232.32
2026-02-03 11:39:34.708,11.75,85.14,READY,3.32,1.85,75.91,0.64,232.32
2026-02-03 11:39:34.787,13.65,73.28,READY,2.67,1.75,64.76,0.57,232.32
2026-02-03 11:39:34.910,8.42,118.82,READY,52.70,0.67,62.63,0.75,232.32
2026-02-03 11:39:34.987,13.90,71.97,READY,2.94,1.25,63.87,0.65,232.32
2026-02-03 11:39:35.221,4.37,228.96,READY,51.95,113.80,60.39,0.53,232.32
2026-02-03 11:39:35.318,11.20,89.30,READY,2.89,2.13,80.35,0.63,232.36
2026-02-03 11:39:35.396,13.80,72.47,READY,1.52,0.57,66.40,0.67,232.36
2026-02-03 11:39:35.513,8.88,112.67,READY,44.42,0.56,64.35,0.57,232.36
2026-02-03 11:39:35.587,14.52,68.87,READY,2.30,1.04,62.45,0.60,232.36
2026-02-03 11:39:35.822,4.36,229.57,READY,51.95,113.53,61.52,0.59,232.38
2026-02-03 11:39:35.922,10.94,91.45,READY,3.40,1.81,81.79,0.67,232.38
2026-02-03 11:39:36.002,13.27,75.38,READY,3.44,1.52,66.06,0.68,232.38
2026-02-03 11:39:36.122,8.75,114.29,READY,38.29,1.28,70.45,0.60,232.38
2026-02-03 11:39:36.201,13.56,73.76,READY,3.25,1.46,65.14,0.55,232.38
2026-02-03 11:39:36.421,4.64,215.30,READY,40.38,110.22,61.30,0.60,232.38
2026-02-03 11:39:36.519,11.26,88.77,READY,4.23,1.40,78.66,0.62,232.38
2026-02-03 11:39:36.600,13.13,76.17,READY,4.06,1.49,66.17,0.61,232.38
2026-02-03 11:39:36.716,8.96,111.61,READY,41.03,1.12,66.07,0.54,232.38
2026-02-03 11:39:36.794,13.99,71.49,READY,4.03,1.79,61.59,0.56,232.38
2026-02-03 11:39:37.014,4.63,215.86,READY,45.83,109.92,57.56,0.60,232.38
2026-02-03 11:39:37.103,12.34,81.05,READY,3.32,1.82,71.82,0.63,232.38
2026-02-03 11:39:37.183,13.46,74.28,READY,5.97,2.11,62.22,0.58,232.38
2026-02-03 11:39:37.306,8.40,119.05,READY,56.91,0.67,58.81,0.65,232.38
2026-02-03 11:39:37.383,14.05,71.15,READY,2.84,1.41,63.10,0.60,232.38
2026-02-03 11:39:37.615,4.39,227.72,READY,57.07,109.74,58.33,0.62,232.38
2026-02-03 11:39:37.709,11.74,85.20,READY,2.98,1.98,76.13,0.56,232.38
2026-02-03 11:39:37.787,13.63,73.38,READY,2.80,1.54,64.94,0.62,232.38
2026-02-03 11:39:37.909,8.56,116.86,READY,53.11,0.60,60.55,0.60,232.38
2026-02-03 11:39:37.984,14.26,70.13,READY,2.60,1.37,62.40,0.64,232.38
2026-02-03 11:39:38.214,4.44,225.24,READY,55.43,110.24,56.93,0.63,232.38
2026-02-03 11:39:38.308,11.68,85.64,READY,3.37,1.84,76.05,0.61,232.38
2026-02-03 11:39:38.390,13.00,76.93,READY,2.98,0.58,69.66,0.64,232.38
2026-02-03 11:39:38.525,7.70,129.93,READY,50.17,0.77,75.30,0.63,232.38
2026-02-03 11:39:38.596,15.14,66.04,READY,2.58,0.63,60.12,0.58,232.38
2026-02-03 11:39:38.819,4.59,217.68,READY,45.12,110.11,59.18,0.59,232.38
2026-02-03 11:39:38.916,11.25,88.90,READY,4.42,1.36,79.00,0.51,232.26
2026-02-03 11:39:38.994,13.75,72.71,READY,3.04,1.32,64.09,0.51,232.26
2026-02-03 11:39:39.114,8.65,115.58,READY,47.02,0.55,64.84,0.61,232.26
2026-02-03 11:39:39.190,14.06,71.10,READY,3.64,1.26,62.60,0.60,232.26
2026-02-03 11:39:39.421,4.43,225.78,READY,49.54,115.11,58.50,0.59,232.26
2026-02-03 11:39:39.512,12.00,83.36,READY,2.95,2.05,74.76,0.64,232.26
2026-02-03 11:39:39.586,14.52,68.86,READY,3.28,0.79,61.95,0.56,232.26
2026-02-03 11:39:39.707,8.62,116.00,READY,53.92,0.61,58.86,0.60,232.26
2026-02-03 11:39:39.783,14.36,69.65,READY,2.68,0.53,62.86,0.63,232.26
2026-02-03 11:39:40.017,4.37,228.63,READY,56.46,111.07,58.46,0.58,232.26
2026-02-03 11:39:40.109,11.86,84.34,READY,3.25,1.79,75.36,0.60,232.26
2026-02-03 11:39:40.188,13.60,73.52,READY,4.11,1.99,63.31,0.74,232.26
2026-02-03 11:39:40.309,8.60,116.22,READY,52.09,0.55,61.00,0.63,232.26
2026-02-03 11:39:40.384,14.26,70.11,READY,2.59,1.40,62.43,0.58,232.26
2026-02-03 11:39:40.615,4.42,226.11,READY,56.09,107.71,59.13,1.17,232.26
2026-02-03 11:39:40.707,11.82,84.63,READY,3.57,1.96,75.47,0.57,232.26
2026-02-03 11:39:40.784,13.96,71.63,READY,4.96,2.21,60.46,0.64,232.26
2026-02-03 11:39:40.906,8.52,117.30,READY,55.60,0.62,58.39,0.64,232.26
2026-02-03 11:39:40.982,14.14,70.71,READY,3.05,1.23,62.50,0.57,232.26
2026-02-03 11:39:41.215,4.39,227.80,READY,57.48,109.56,58.10,0.62,232.26
2026-02-03 11:39:41.309,11.62,86.04,READY,3.68,1.89,76.69,0.71,232.14
2026-02-03 11:39:41.382,14.82,67.49,READY,2.05,0.57,61.75,0.60,232.14
2026-02-03 11:39:41.508,8.21,121.77,READY,58.99,0.57,59.33,0.81,232.14
2026-02-03 11:39:41.584,14.17,70.59,READY,3.60,1.19,61.72,0.59,232.14
2026-02-03 11:39:41.812,4.47,223.89,READY,56.30,107.72,56.95,0.73,232.14
2026-02-03 11:39:41.909,11.35,88.12,READY,3.01,1.68,77.70,0.72,232.14
2026-02-03 11:39:42.019,9.65,103.61,READY,5.00,1.65,92.43,0.54,232.14
2026-02-03 11:39:42.113,11.31,88.42,READY,20.90,0.61,59.98,0.53,232.14
2026-02-03 11:39:42.184,14.99,66.72,READY,2.55,0.67,60.95,0.59,232.14
2026-02-03 11:39:42.414,4.44,225.06,READY,55.73,109.01,57.67,0.60,232.14
2026-02-03 11:39:42.508,11.63,85.95,READY,2.52,1.31,77.72,0.59,232.14
2026-02-03 11:39:42.585,13.80,72.48,READY,2.85,1.61,63.30,0.65,232.14
2026-02-03 11:39:42.709,8.40,119.03,READY,55.06,0.56,60.67,0.64,232.14
2026-02-03 11:39:42.786,13.95,71.71,READY,2.62,1.42,63.87,0.59,232.14
2026-02-03 11:39:43.013,4.49,222.84,READY,54.62,107.86,57.75,0.56,232.14
2026-02-03 11:39:43.109,11.56,86.50,READY,2.78,1.75,76.71,0.61,232.20
2026-02-03 11:39:43.193,13.13,76.17,READY,2.58,1.35,69.33,0.63,232.20
2026-02-03 11:39:43.312,8.90,112.38,READY,45.10,0.67,63.97,0.61,232.20
2026-02-03 11:39:43.390,13.68,73.10,READY,4.53,1.79,62.71,0.62,232.20
2026-02-03 11:39:43.618,4.48,223.00,READY,50.08,111.84,58.43,0.62,232.20
2026-02-03 11:39:43.708,12.25,81.67,READY,3.01,1.63,72.46,0.62,232.20
2026-02-03 11:39:43.781,14.72,67.91,READY,2.89,0.71,61.67,0.56,232.20
2026-02-03 11:39:43.859,13.92,71.86,READY,2.88,1.53,63.23,0.87,232.20
2026-02-03 11:39:43.984,8.48,117.99,READY,46.97,0.55,67.73,0.58,232.20
2026-02-03 11:39:44.167,5.59,179.03,READY,1.44,114.35,58.05,0.58,232.20
2026-02-03 11:39:44.262,11.45,87.37,READY,3.01,2.12,78.67,0.56,232.32
2026-02-03 11:39:44.342,13.47,74.23,READY,3.63,2.06,64.54,0.63,232.32
2026-02-03 11:39:44.449,9.79,102.13,READY,35.59,1.80,60.66,0.64,232.32
2026-02-03 11:39:44.575,8.30,120.47,READY,58.92,0.65,58.20,0.56,232.32
2026-02-03 11:39:44.768,5.31,188.25,READY,4.13,122.08,58.48,0.56,232.32
2026-02-03 11:39:44.862,11.52,86.79,READY,3.00,1.88,78.26,0.63,232.32
2026-02-03 11:39:44.941,13.51,74.00,READY,3.83,2.02,63.30,0.76,232.32
2026-02-03 11:39:45.050,9.63,103.83,READY,34.99,1.79,61.34,0.59,232.32
2026-02-03 11:39:45.177,8.19,122.12,READY,58.46,0.53,59.14,0.61,232.32
2026-02-03 11:39:45.361,5.59,178.80,READY,3.17,113.08,58.63,0.62,232.32
2026-02-03 11:39:45.452,12.00,83.34,READY,3.23,1.86,74.19,0.62,232.32
2026-02-03 11:39:45.530,13.73,72.83,READY,2.80,1.95,62.68,0.57,232.32
2026-02-03 11:39:45.648,8.85,112.99,READY,46.40,0.62,62.87,0.69,232.32
2026-02-03 11:39:45.776,8.15,122.63,READY,60.44,0.64,58.89,0.61,232.32
2026-02-03 11:39:45.965,5.42,184.38,READY,3.01,113.52,62.70,1.25,232.32
2026-02-03 11:39:46.061,11.71,85.42,READY,3.43,1.25,76.75,0.62,232.32
2026-02-03 11:39:46.137,13.97,71.56,READY,2.38,1.42,64.20,0.58,232.32
2026-02-03 11:39:46.248,9.47,105.54,READY,41.01,1.12,60.06,0.56,232.32
2026-02-03 11:39:46.377,8.05,124.27,READY,61.15,0.57,59.84,0.63,232.32
2026-02-03 11:39:46.562,5.55,180.06,READY,2.86,113.84,59.27,0.62,232.32
2026-02-03 11:39:46.654,11.87,84.27,READY,3.43,1.95,74.48,0.74,232.32
2026-02-03 11:39:46.732,13.74,72.80,READY,2.97,1.29,64.29,0.58,232.32
2026-02-03 11:39:46.848,9.04,110.64,READY,45.45,0.54,61.58,0.61,232.32
2026-02-03 11:39:46.979,7.95,125.85,READY,60.60,0.64,61.92,0.63,232.32
2026-02-03 11:39:47.198,4.66,214.50,READY,2.68,149.43,59.48,0.57,232.32
2026-02-03 11:39:47.287,12.38,80.79,READY,3.28,1.84,71.26,0.61,232.32
2026-02-03 11:39:47.381,11.22,89.15,READY,22.52,0.68,63.04,0.57,232.32
2026-02-03 11:39:47.453,14.90,67.10,READY,2.95,0.57,60.75,0.58,232.32
2026-02-03 11:39:47.576,8.46,118.22,READY,55.72,0.56,59.28,0.57,232.32
2026-02-03 11:39:47.755,5.76,173.59,READY,2.65,110.21,57.03,0.62,232.32
2026-02-03 11:39:47.847,11.92,83.90,READY,3.47,1.72,74.61,0.56,232.32
2026-02-03 11:39:47.921,14.57,68.63,READY,1.35,0.84,63.19,0.58,232.32
2026-02-03 11:39:48.043,8.58,116.55,READY,55.66,0.65,57.59,0.60,232.32
2026-02-03 11:39:48.178,7.63,131.01,READY,66.34,0.65,61.13,0.61,232.36
2026-02-03 11:39:48.463,3.57,279.99,READY,2.58,216.07,57.71,0.54,232.48
2026-02-03 11:39:48.556,11.77,84.94,READY,3.75,1.81,74.95,0.63,232.48
2026-02-03 11:39:48.649,11.32,88.34,READY,20.74,0.73,63.98,0.57,232.48
2026-02-03 11:39:48.777,8.17,122.39,READY,59.56,0.57,59.63,0.58,232.48
2026-02-03 11:39:48.853,14.02,71.35,READY,2.93,1.26,63.37,0.61,232.48
2026-02-03 11:39:49.083,4.44,225.06,READY,56.80,108.67,57.02,0.60,232.48
2026-02-03 11:39:49.182,10.89,91.79,READY,4.34,2.74,80.91,0.60,232.48
2026-02-03 11:39:49.267,12.70,78.77,READY,4.33,1.89,66.63,0.92,232.48
2026-02-03 11:39:49.382,9.15,109.31,READY,41.27,1.12,63.18,0.58,232.48
2026-02-03 11:39:49.457,14.33,69.79,READY,2.54,1.15,62.77,0.59,232.48
2026-02-03 11:39:49.780,3.15,317.59,READY,51.84,205.41,57.55,0.56,232.48
2026-02-03 11:39:49.873,11.67,85.68,READY,3.35,1.78,76.13,0.60,232.38
2026-02-03 11:39:49.982,9.66,103.48,READY,36.74,1.81,60.82,0.63,232.38
2026-02-03 11:39:50.058,14.04,71.23,READY,2.96,1.63,63.24,0.59,232.38
2026-02-03 11:39:50.183,8.34,119.90,READY,51.06,0.86,65.24,0.67,232.38
2026-02-03 11:39:50.361,5.76,173.72,READY,2.57,110.91,57.68,0.61,232.38
2026-02-03 11:39:50.464,10.54,94.85,READY,3.35,1.85,84.77,0.92,232.38
2026-02-03 11:39:50.549,12.80,78.12,READY,3.28,1.60,69.07,0.71,232.38
2026-02-03 11:39:50.651,10.33,96.84,READY,27.62,0.64,65.85,0.59,232.38
2026-02-03 11:39:50.778,8.33,120.04,READY,56.38,0.61,60.34,0.60,232.38
2026-02-03 11:39:51.064,3.59,278.24,READY,4.55,211.44,57.87,0.55,232.38
2026-02-03 11:39:51.157,11.65,85.84,READY,3.73,1.72,76.30,0.60,232.38
2026-02-03 11:39:51.266,9.71,103.02,READY,22.33,1.76,73.61,1.18,232.38
2026-02-03 11:39:51.385,9.63,103.89,READY,33.98,0.56,66.54,0.54,232.38
2026-02-03 11:39:51.479,13.45,74.36,READY,2.13,0.54,68.73,0.60,232.38
2026-02-03 11:39:51.695,4.91,203.55,READY,23.47,114.75,62.44,0.61,232.36
2026-02-03 11:39:51.793,12.09,82.68,READY,4.25,0.58,73.41,0.67,232.36
2026-02-03 11:39:51.871,13.89,72.01,READY,3.06,0.63,65.70,0.55,232.36
2026-02-03 11:39:51.984,9.28,107.80,READY,39.83,1.11,63.17,0.57,232.36
2026-02-03 11:39:52.059,14.36,69.64,READY,2.67,1.49,61.57,0.78,232.36
2026-02-03 11:39:52.325,3.83,261.37,READY,51.02,146.20,61.14,0.57,232.36
2026-02-03 11:39:52.423,11.18,89.44,READY,2.94,1.39,80.67,0.66,232.26
2026-02-03 11:39:52.523,10.69,93.55,READY,17.24,1.23,72.46,0.55,232.26
2026-02-03 11:39:52.613,11.55,86.59,READY,2.03,0.72,79.99,0.71,232.26
2026-02-03 11:39:52.723,9.54,104.82,READY,27.68,0.56,74.03,0.57,232.26
2026-02-03 11:39:52.919,5.25,190.52,READY,3.34,116.03,67.48,0.59,232.26
2026-02-03 11:39:53.006,12.26,81.58,READY,3.28,1.47,72.28,0.74,232.26
2026-02-03 11:39:53.132,8.24,121.41,READY,38.44,1.87,76.57,0.56,232.26
2026-02-03 11:39:53.212,13.48,74.20,READY,3.87,2.08,64.26,0.56,232.26
2026-02-03 11:39:53.324,9.42,106.20,READY,29.72,0.65,72.41,0.62,232.26
2026-02-03 11:39:53.517,5.31,188.27,READY,3.15,119.35,61.22,0.76,232.26
2026-02-03 11:39:53.602,12.98,77.03,READY,3.53,1.89,67.28,0.59,232.26
2026-02-03 11:39:53.724,8.58,116.54,READY,41.45,1.23,70.27,0.61,232.26
2026-02-03 11:39:53.800,14.25,70.20,READY,2.54,1.44,62.20,0.73,232.26
2026-02-03 11:39:53.915,9.05,110.53,READY,42.44,1.12,63.33,0.55,232.26
2026-02-03 11:39:54.106,5.39,185.65,READY,3.59,119.92,57.79,0.59,232.38
2026-02-03 11:39:54.199,11.68,85.60,READY,3.38,1.93,76.56,0.52,232.38
2026-02-03 11:39:54.280,13.24,75.55,READY,1.43,0.61,70.37,0.61,232.38
2026-02-03 11:39:54.379,10.65,93.92,READY,29.26,0.64,61.38,0.62,232.38
2026-02-03 11:39:54.454,14.39,69.49,READY,2.72,1.45,61.49,0.59,232.38
2026-02-03 11:39:54.684,4.44,225.11,READY,56.01,108.81,57.63,0.60,232.38
2026-02-03 11:39:54.775,12.11,82.58,READY,2.87,1.57,73.77,0.85,232.38
2026-02-03 11:39:54.854,13.59,73.59,READY,5.72,2.61,61.30,0.58,232.38
2026-02-03 11:39:54.976,8.50,117.62,READY,55.99,0.56,58.34,0.72,232.38
2026-02-03 11:39:55.052,14.08,71.02,READY,4.22,1.58,61.59,0.61,232.38
2026-02-03 11:39:55.288,4.34,230.47,READY,57.52,108.92,60.40,1.06,232.36
2026-02-03 11:39:55.386,11.24,88.95,READY,3.39,1.77,79.29,0.65,232.36
2026-02-03 11:39:55.476,11.75,85.07,READY,3.80,1.87,75.17,0.61,232.36
2026-02-03 11:39:55.587,9.49,105.39,READY,32.62,1.73,68.23,0.62,232.36
2026-02-03 11:39:55.668,13.31,75.12,READY,3.07,1.19,66.87,0.58,232.36
2026-02-03 11:39:55.890,4.59,217.63,READY,43.10,110.47,60.58,0.62,232.36
2026-02-03 11:39:55.985,11.57,86.42,READY,3.30,2.02,77.07,0.56,232.36
2026-02-03 11:39:56.068,12.73,78.56,READY,3.23,1.39,70.37,0.53,232.36
2026-02-03 11:39:56.187,8.83,113.22,READY,41.80,1.14,66.59,0.73,232.36
2026-02-03 11:39:56.266,13.48,74.20,READY,3.30,1.36,65.39,0.78,232.36
2026-02-03 11:39:56.488,4.68,213.73,READY,41.55,109.64,59.61,0.49,232.36
2026-02-03 11:39:56.584,11.41,87.62,READY,3.02,1.76,78.43,0.59,232.43
2026-02-03 11:39:56.667,12.85,77.84,READY,2.75,2.79,67.44,0.61,232.43
2026-02-03 11:39:56.789,8.54,117.03,READY,43.81,0.53,69.47,0.57,232.43
2026-02-03 11:39:56.867,13.75,72.73,READY,1.70,1.41,65.16,0.74,232.43
2026-02-03 11:39:57.090,4.60,217.58,READY,43.79,109.59,60.88,0.66,232.43
2026-02-03 11:39:57.182,11.90,84.07,READY,3.22,1.96,74.39,0.63,232.48
2026-02-03 11:39:57.261,14.16,70.62,READY,2.62,1.02,63.88,0.56,232.48
2026-02-03 11:39:57.382,8.61,116.18,READY,48.55,0.53,64.51,0.58,232.48
2026-02-03 11:39:57.456,14.49,69.02,READY,2.58,0.92,62.88,0.57,232.48
2026-02-03 11:39:57.685,4.46,224.02,READY,53.67,109.98,57.83,0.55,232.48
2026-02-03 11:39:57.768,12.80,78.13,READY,2.60,1.26,69.34,0.65,232.50
2026-02-03 11:39:57.853,12.59,79.44,READY,10.62,1.10,64.30,0.58,232.50
2026-02-03 11:39:57.978,8.36,119.55,READY,57.01,0.64,59.30,0.57,232.50
2026-02-03 11:39:58.050,14.89,67.14,READY,2.55,0.68,60.78,0.66,232.50
2026-02-03 11:39:58.287,4.31,232.27,READY,61.27,110.81,57.55,0.63,232.50
2026-02-03 11:39:58.380,11.62,86.03,READY,3.09,1.76,77.13,0.65,232.50
2026-02-03 11:39:58.461,13.18,75.88,READY,2.95,0.56,68.93,0.58,232.50
2026-02-03 11:39:58.583,8.55,116.93,READY,49.14,0.52,64.58,0.61,232.50
2026-02-03 11:39:58.659,14.05,71.20,READY,2.76,1.68,63.17,0.58,232.50
2026-02-03 11:39:58.900,4.24,235.80,READY,51.13,123.59,58.49,0.53,232.50
2026-02-03 11:39:58.995,11.41,87.62,READY,3.45,1.90,78.43,0.60,232.50
2026-02-03 11:39:59.074,13.62,73.44,READY,3.40,1.07,65.06,0.54,232.50
2026-02-03 11:39:59.185,9.37,106.72,READY,38.34,1.13,63.09,0.72,232.50
2026-02-03 11:39:59.261,14.04,71.24,READY,2.84,1.31,63.39,0.55,232.50
2026-02-03 11:39:59.494,4.39,227.64,READY,48.85,117.37,58.76,0.57,232.50
2026-02-03 11:39:59.585,11.98,83.50,READY,2.76,1.89,75.16,0.62,232.50
2026-02-03 11:39:59.660,14.27,70.07,READY,1.92,1.02,64.50,0.58,232.50
2026-02-03 11:39:59.787,8.22,121.72,READY,50.36,0.62,68.12,0.57,232.50
2026-02-03 11:39:59.858,15.03,66.54,READY,2.68,0.57,60.58,0.76,232.50
2026-02-03 11:40:00.092,4.39,227.77,READY,51.59,114.28,59.19,0.61,232.50
2026-02-03 11:40:00.191,11.06,90.44,READY,3.49,1.70,80.34,0.58,232.36
2026-02-03 11:40:00.278,12.71,78.67,READY,4.19,1.89,67.07,1.02,232.36
2026-02-03 11:40:00.383,10.02,99.81,READY,32.53,0.67,63.98,0.63,232.36
2026-02-03 11:40:00.459,13.98,71.51,READY,3.29,1.29,62.60,0.68,232.36
2026-02-03 11:40:00.689,4.44,225.48,READY,51.62,112.65,58.69,0.56,232.36
2026-02-03 11:40:00.789,10.91,91.68,READY,3.18,1.78,82.60,0.58,232.36
2026-02-03 11:40:00.868,13.60,73.50,READY,4.55,2.18,63.18,0.64,232.36
2026-02-03 11:40:00.987,8.79,113.80,READY,43.86,1.01,65.06,0.56,232.36
2026-02-03 11:40:01.064,14.00,71.42,READY,3.05,1.32,63.28,0.60,232.36
2026-02-03 11:40:01.292,4.48,223.10,READY,46.60,115.36,58.39,0.61,232.36
2026-02-03 11:40:01.385,11.76,85.03,READY,4.85,1.34,74.50,0.63,232.36
2026-02-03 11:40:01.462,13.92,71.86,READY,2.60,0.60,65.66,0.54,232.36
2026-02-03 11:40:01.583,8.61,116.21,READY,48.76,0.57,64.18,0.58,232.36
2026-02-03 11:40:01.653,15.19,65.81,READY,2.68,0.68,59.84,0.62,232.36
2026-02-03 11:40:01.886,4.41,226.95,READY,56.52,109.88,57.97,0.56,232.36
2026-02-03 11:40:01.979,11.71,85.40,READY,3.29,1.86,76.40,0.60,232.36
2026-02-03 11:40:02.056,13.83,72.30,READY,2.84,0.63,65.92,0.58,232.36
2026-02-03 11:40:02.135,13.56,73.75,READY,3.16,1.55,65.87,0.60,232.36
2026-02-03 11:40:02.252,8.95,111.67,READY,44.57,0.56,63.73,0.59,232.36
2026-02-03 11:40:02.437,5.55,180.09,READY,3.14,113.07,60.28,0.58,232.36
2026-02-03 11:40:02.528,11.96,83.60,READY,4.24,1.89,73.61,0.62,232.36
2026-02-03 11:40:02.602,14.45,69.22,READY,3.49,0.70,62.48,0.53,232.36
2026-02-03 11:40:02.716,9.17,108.99,READY,44.49,0.64,61.31,0.52,232.36
2026-02-03 11:40:02.846,7.99,125.14,READY,62.52,0.65,59.36,0.53,232.36
2026-02-03 11:40:03.040,5.31,188.47,READY,2.73,123.83,58.29,0.55,232.36
2026-02-03 11:40:03.134,11.58,86.35,READY,3.39,2.09,77.35,0.62,232.36
2026-02-03 11:40:03.212,13.78,72.56,READY,2.87,1.38,64.40,0.56,232.36
2026-02-03 11:40:03.325,9.28,107.80,READY,36.33,1.96,64.97,0.62,232.38
2026-02-03 11:40:03.447,8.53,117.29,READY,53.78,0.59,59.72,0.61,232.38
2026-02-03 11:40:03.630,5.62,178.04,READY,2.69,113.31,58.31,0.60,232.38
2026-02-03 11:40:03.717,12.75,78.42,READY,2.95,1.50,69.58,0.59,232.38
2026-02-03 11:40:03.798,13.33,75.02,READY,2.22,1.48,68.04,0.58,232.38
2026-02-03 11:40:03.920,8.52,117.39,READY,49.29,0.72,64.69,0.62,232.38
2026-02-03 11:40:04.046,8.25,121.18,READY,58.71,0.63,59.15,0.62,232.38
2026-02-03 11:40:04.231,5.55,180.31,READY,3.28,116.02,57.52,0.54,232.38
2026-02-03 11:40:04.325,11.79,84.85,READY,2.80,1.53,76.35,0.59,232.38
2026-02-03 11:40:04.404,13.59,73.56,READY,3.11,1.37,65.19,0.63,232.38
2026-02-03 11:40:04.520,9.07,110.21,READY,43.53,0.60,62.83,0.55,232.38
2026-02-03 11:40:04.646,8.36,119.68,READY,57.80,0.57,58.76,0.54,232.38
2026-02-03 11:40:04.829,5.59,178.85,READY,2.69,115.68,57.48,0.54,232.38
2026-02-03 11:40:04.919,12.32,81.16,READY,2.96,1.63,72.28,0.58,232.38
2026-02-03 11:40:04.999,13.37,74.79,READY,2.77,1.35,66.69,0.64,232.38
2026-02-03 11:40:05.121,8.57,116.70,READY,47.78,0.70,65.70,0.59,232.38
2026-02-03 11:40:05.246,8.32,120.24,READY,58.13,0.69,58.85,0.58,232.38
2026-02-03 11:40:05.433,5.50,181.92,READY,2.71,117.47,57.79,0.54,232.38
2026-02-03 11:40:05.526,11.87,84.28,READY,3.75,1.71,74.75,0.60,232.38
2026-02-03 11:40:05.604,13.72,72.87,READY,2.70,1.35,64.35,0.66,232.38
2026-02-03 11:40:05.718,9.13,109.54,READY,44.20,0.50,61.64,0.62,232.38
2026-02-03 11:40:05.847,8.08,123.69,READY,60.89,0.65,59.56,0.55,232.38
2026-02-03 11:40:06.031,5.59,178.97,READY,2.93,113.07,59.43,0.58,232.38
2026-02-03 11:40:06.125,11.51,86.92,READY,3.68,1.95,77.13,0.61,232.38
2026-02-03 11:40:06.201,14.01,71.40,READY,2.83,1.47,63.26,0.60,232.38
2026-02-03 11:40:06.318,8.95,111.72,READY,45.91,0.66,62.58,0.57,232.38
2026-02-03 11:40:06.448,7.99,125.11,READY,61.24,0.67,60.60,0.62,232.38
2026-02-03 11:40:06.637,5.44,183.73,READY,1.93,116.34,61.23,0.60,232.36
2026-02-03 11:40:06.729,11.90,84.04,READY,2.82,1.33,76.13,0.65,232.36
2026-02-03 11:40:06.809,13.22,75.64,READY,2.60,1.22,67.43,0.76,232.36
2026-02-03 11:40:06.924,9.25,108.15,READY,39.46,1.15,63.79,0.63,232.48
2026-02-03 11:40:07.046,8.54,117.12,READY,55.05,0.63,58.51,0.59,232.48
2026-02-03 11:40:07.228,5.66,176.75,READY,2.54,113.45,57.24,0.57,232.48
2026-02-03 11:40:07.317,11.83,84.53,READY,2.56,1.10,75.96,0.64,232.48
2026-02-03 11:40:07.392,14.31,69.90,READY,2.56,0.61,64.04,0.61,232.48
2026-02-03 11:40:07.514,8.57,116.67,READY,55.05,0.66,58.35,0.62,232.48
2026-02-03 11:40:07.647,7.90,126.57,READY,64.16,0.67,59.17,0.56,232.48
2026-02-03 11:40:07.929,3.60,277.41,READY,2.80,213.38,57.36,0.58,232.50
2026-02-03 11:40:08.018,12.23,81.73,READY,2.92,2.01,72.70,0.59,232.50
2026-02-03 11:40:08.117,11.14,89.74,READY,25.21,0.56,60.08,0.58,232.50
2026-02-03 11:40:08.248,7.97,125.49,READY,62.18,0.59,59.87,0.56,232.50
2026-02-03 11:40:08.322,14.47,69.09,READY,2.69,1.35,60.99,0.58,232.50
2026-02-03 11:40:08.552,4.44,225.16,READY,57.74,108.06,56.80,0.54,232.50
2026-02-03 11:40:08.643,12.04,83.06,READY,3.18,1.52,73.81,0.57,232.50
2026-02-03 11:40:08.722,13.65,73.25,READY,5.91,2.15,61.28,0.54,232.50
2026-02-03 11:40:08.849,8.16,122.62,READY,57.58,0.66,61.83,0.55,232.50
2026-02-03 11:40:08.925,14.29,69.98,READY,3.07,1.21,62.27,0.59,232.50
2026-02-03 11:40:09.153,4.49,222.81,READY,54.15,108.53,57.53,0.59,232.50
2026-02-03 11:40:09.253,10.96,91.28,READY,3.18,1.52,82.12,0.60,232.38
2026-02-03 11:40:09.340,12.30,81.29,READY,3.17,1.28,72.79,0.69,232.38
2026-02-03 11:40:09.465,8.33,120.01,READY,41.08,1.38,73.28,1.49,232.26
2026-02-03 11:40:09.543,13.77,72.62,READY,3.06,1.17,64.35,0.62,232.38
2026-02-03 11:40:09.735,5.33,187.45,PRE_ADJUST,39.73,126.45,17.73,0.60,232.38
2026-02-03 11:40:09.877,7.45,134.15,PRE_ADJUST,3.37,0.08,126.92,0.56,232.44
2026-02-03 11:40:10.004,8.30,120.46,PRE_ADJUST,2.35,0.03,114.97,0.58,232.44
2026-02-03 11:40:10.135,8.17,122.39,PRE_ADJUST,3.14,0.07,115.23,0.66,232.44
2026-02-03 11:40:10.265,8.27,120.90,PRE_ADJUST,3.73,0.16,113.66,0.61,232.44
2026-02-03 11:40:10.407,7.49,133.46,PRE_ADJUST,3.54,0.08,126.38,0.58,232.44
2026-02-03 11:40:10.537,8.23,121.44,PRE_ADJUST,3.16,0.06,114.32,0.56,232.44
2026-02-03 11:40:10.673,7.90,126.54,PRE_ADJUST,3.13,0.06,119.42,0.65,232.44
2026-02-03 11:40:10.801,8.12,123.23,PRE_ADJUST,2.53,0.03,117.24,0.60,232.44
2026-02-03 11:40:10.927,8.48,117.91,PRE_ADJUST,3.34,0.02,111.78,0.57,232.44
2026-02-03 11:40:11.079,7.00,142.84,PRE_ADJUST,3.66,0.06,133.40,0.80,232.42
2026-02-03 11:40:11.213,8.00,125.05,PRE_ADJUST,2.77,0.04,118.44,0.59,232.54
2026-02-03 11:40:11.355,7.60,131.56,PRE_ADJUST,3.00,0.05,124.29,0.71,232.54
2026-02-03 11:40:11.489,8.02,124.64,PRE_ADJUST,1.83,0.04,118.58,0.59,232.54
2026-02-03 11:40:11.621,8.17,122.38,PRE_ADJUST,3.01,0.04,115.40,0.57,232.54
2026-02-03 11:40:11.760,7.85,127.40,PRE_ADJUST,3.54,0.04,119.73,0.63,232.54
2026-02-03 11:40:11.905,7.44,134.48,PRE_ADJUST,2.83,0.05,127.41,0.57,232.42
2026-02-03 11:40:12.037,8.18,122.26,PRE_ADJUST,3.83,0.05,114.52,0.61,232.42
2026-02-03 11:40:12.170,8.04,124.44,PRE_ADJUST,3.19,0.05,117.13,0.63,232.42
2026-02-03 11:40:12.304,7.99,125.10,PRE_ADJUST,3.42,0.04,118.35,0.62,232.42
2026-02-03 11:40:12.442,8.07,123.85,PRE_ADJUST,5.25,0.04,114.84,0.58,232.42
2026-02-03 11:40:12.591,7.20,138.83,PRE_ADJUST,4.68,0.02,127.96,1.24,232.42
2026-02-03 11:40:12.721,8.28,120.75,PRE_ADJUST,3.03,0.04,113.84,0.55,232.42
2026-02-03 11:40:12.854,8.09,123.66,PRE_ADJUST,4.75,0.04,114.91,0.62,232.42
2026-02-03 11:40:12.991,7.83,127.71,PRE_ADJUST,3.04,0.05,121.30,0.62,232.42
2026-02-03 11:40:13.124,8.08,123.80,PRE_ADJUST,4.68,0.04,115.09,0.62,232.42
2026-02-03 11:40:13.255,8.15,122.64,PRE_ADJUST,4.88,0.06,113.73,0.57,232.42
2026-02-03 11:40:13.394,7.70,129.87,PRE_ADJUST,3.63,0.04,122.92,0.58,232.42
2026-02-03 11:40:13.527,8.04,124.44,PRE_ADJUST,4.62,0.04,116.02,0.57,232.42
2026-02-03 11:40:13.664,7.79,128.35,PRE_ADJUST,2.36,0.04,121.87,0.65,232.42
2026-02-03 11:40:13.705,30.04,33.29,ADJUST,4.14,0.39,24.43,0.60,232.42
2026-02-03 11:40:13.957,4.86,205.97,ADJUST,35.74,120.18,47.29,0.69,232.42
2026-02-03 11:40:14.018,17.23,58.05,ADJUST,1.91,1.46,49.86,1.75,232.42
2026-02-03 11:40:14.111,13.47,74.21,ADJUST,17.32,1.50,51.21,1.06,232.42
2026-02-03 11:40:14.241,8.03,124.52,ADJUST,69.19,0.83,51.74,0.53,232.42
2026-02-03 11:40:14.307,16.43,60.88,ADJUST,9.53,2.22,45.70,0.58,232.42
2026-02-03 11:40:14.582,3.77,264.95,ADJUST,68.32,111.88,82.22,0.57,232.42
2026-02-03 11:40:14.696,9.38,106.61,ADJUST,3.36,2.80,96.19,0.61,232.42
2026-02-03 11:40:14.815,8.91,112.25,ADJUST,18.13,1.07,90.40,0.65,232.42
2026-02-03 11:40:14.946,7.96,125.65,ADJUST,32.92,1.02,88.90,0.82,232.42
2026-02-03 11:40:15.078,7.87,127.12,ADJUST,34.55,1.97,87.36,0.61,232.42
2026-02-03 11:40:15.253,5.88,170.19,ADJUST,2.54,119.52,44.13,0.68,232.54
2026-02-03 11:40:15.323,16.06,62.28,ADJUST,1.33,0.89,57.41,0.66,232.54
2026-02-03 11:40:15.434,10.01,99.85,ADJUST,51.30,0.82,45.06,0.62,232.54
2026-02-03 11:40:15.509,14.26,70.13,ADJUST,18.51,1.47,45.58,1.16,232.54
2026-02-03 11:40:15.574,16.55,60.42,ADJUST,8.90,1.81,45.55,0.64,232.54
2026-02-03 11:40:15.806,4.52,221.02,ADJUST,68.12,107.60,42.65,0.61,232.54
2026-02-03 11:40:15.872,17.12,58.40,ADJUST,1.28,0.78,53.61,0.73,232.54
2026-02-03 11:40:15.973,11.45,87.31,ADJUST,35.08,0.79,48.83,0.53,232.54
2026-02-03 11:40:16.100,8.24,121.40,ADJUST,74.97,0.78,42.92,0.68,232.54
2026-02-03 11:40:16.174,14.43,69.29,ADJUST,19.43,1.30,44.81,0.55,232.54
2026-02-03 11:40:16.408,4.37,228.70,ADJUST,74.47,108.28,43.18,0.55,232.54
2026-02-03 11:40:16.485,14.63,68.33,ADJUST,1.35,0.81,63.49,0.59,232.56
2026-02-03 11:40:16.579,11.40,87.73,ADJUST,29.97,0.79,54.33,0.62,232.56
2026-02-03 11:40:16.706,8.19,122.03,ADJUST,69.24,0.88,48.25,0.59,232.56
2026-02-03 11:40:16.774,15.97,62.63,ADJUST,10.92,1.52,45.86,1.01,232.56
2026-02-03 11:40:17.018,4.25,235.30,ADJUST,71.39,115.59,45.34,0.59,232.54
2026-02-03 11:40:17.092,15.36,65.09,ADJUST,4.71,0.86,56.59,0.69,232.54
2026-02-03 11:40:17.183,11.98,83.50,ADJUST,22.07,0.79,54.68,0.63,232.54
2026-02-03 11:40:17.301,8.84,113.18,ADJUST,65.52,0.76,44.14,0.65,232.54
2026-02-03 11:40:17.376,14.34,69.75,ADJUST,17.39,1.31,47.06,0.61,232.54
2026-02-03 11:40:17.617,4.24,236.13,ADJUST,72.37,115.57,45.65,0.61,232.54
2026-02-03 11:40:17.685,16.82,59.44,ADJUST,1.87,1.10,53.61,0.58,232.54
2026-02-03 11:40:17.777,13.00,76.91,ADJUST,22.12,0.82,50.13,1.03,232.52
2026-02-03 11:40:17.900,8.45,118.34,ADJUST,72.09,0.80,42.77,0.62,232.54
2026-02-03 11:40:17.973,14.67,68.15,ADJUST,18.80,1.32,44.16,0.67,232.54
2026-02-03 11:40:18.250,3.68,271.54,ADJUST,75.18,109.81,83.97,0.62,232.54
2026-02-03 11:40:18.373,8.64,115.72,ADJUST,3.47,2.26,106.48,0.63,232.44
2026-02-03 11:40:18.483,9.58,104.40,ADJUST,9.73,1.54,89.76,0.67,232.44
2026-02-03 11:40:18.591,9.62,103.94,ADJUST,4.76,2.47,93.08,0.62,232.44
2026-02-03 11:40:18.696,10.29,97.22,ADJUST,3.35,2.46,87.78,0.58,232.44
2026-02-03 11:40:18.887,5.39,185.51,ADJUST,19.98,118.55,44.11,0.59,232.44
2026-02-03 11:40:18.955,16.56,60.37,ADJUST,1.40,1.00,55.12,0.70,232.44
2026-02-03 11:40:19.036,14.81,67.51,ADJUST,17.26,0.78,46.67,0.56,232.44
2026-02-03 11:40:19.105,15.76,63.44,ADJUST,14.36,1.44,44.31,0.56,232.44
2026-02-03 11:40:19.174,16.32,61.29,ADJUST,11.20,1.35,45.30,0.62,232.44
2026-02-03 11:40:19.456,3.68,271.59,ADJUST,69.71,114.72,83.36,0.58,232.54
2026-02-03 11:40:19.580,8.53,117.20,ADJUST,2.48,1.91,108.55,0.73,232.42
2026-02-03 11:40:19.689,9.67,103.43,ADJUST,4.81,2.69,92.04,0.63,232.42
2026-02-03 11:40:19.797,9.68,103.33,ADJUST,3.06,1.86,94.80,0.58,232.42
2026-02-03 11:40:19.904,9.80,102.03,ADJUST,2.99,1.92,93.32,0.65,232.42
2026-02-03 11:40:20.131,4.51,221.57,ADJUST,13.60,119.08,83.72,0.97,232.42
2026-02-03 11:40:20.251,8.96,111.61,ADJUST,3.81,1.96,101.02,1.36,232.42
2026-02-03 11:40:20.352,10.48,95.41,ADJUST,2.06,1.38,88.80,0.63,232.42
2026-02-03 11:40:20.475,8.43,118.56,ADJUST,28.85,0.93,86.11,0.60,232.42
2026-02-03 11:40:20.578,10.21,97.98,ADJUST,3.37,1.91,88.92,0.64,232.42
2026-02-03 11:40:20.753,5.97,167.41,ADJUST,2.66,117.10,43.65,0.79,232.42
2026-02-03 11:40:20.822,16.46,60.76,ADJUST,2.11,1.04,54.16,1.24,232.42
2026-02-03 11:40:20.903,14.88,67.23,ADJUST,18.92,0.81,44.97,0.58,232.42
2026-02-03 11:40:20.977,14.44,69.23,ADJUST,16.27,1.90,47.56,0.61,232.42
2026-02-03 11:40:21.102,8.33,120.02,ADJUST,72.38,0.78,44.21,0.63,232.42
2026-02-03 11:40:21.286,5.57,179.38,ADJUST,17.47,113.49,44.80,0.60,232.42
2026-02-03 11:40:21.353,16.85,59.34,ADJUST,1.37,1.11,54.04,0.59,232.42
2026-02-03 11:40:21.447,12.41,80.60,ADJUST,20.98,1.27,51.31,0.65,232.42
2026-02-03 11:40:21.509,17.48,57.22,ADJUST,3.32,0.90,49.66,1.09,232.42
2026-02-03 11:40:21.579,17.95,55.72,ADJUST,2.75,0.82,48.43,1.68,232.42
2026-02-03 11:40:21.819,4.45,224.65,ADJUST,59.70,115.72,45.77,0.86,232.32
2026-02-03 11:40:21.890,15.77,63.43,ADJUST,2.48,0.83,57.37,0.77,232.44
2026-02-03 11:40:21.978,13.10,76.36,ADJUST,20.43,0.82,51.38,1.14,232.44
2026-02-03 11:40:22.105,8.40,119.05,ADJUST,67.86,0.75,46.85,1.21,232.56
2026-02-03 11:40:22.173,16.00,62.50,ADJUST,11.82,0.79,46.75,1.04,232.56
2026-02-03 11:40:22.465,3.53,283.15,ADJUST,72.16,157.12,50.82,0.62,232.56
2026-02-03 11:40:22.553,12.51,79.92,ADJUST,2.88,2.50,70.94,0.73,232.44
2026-02-03 11:40:22.644,11.70,85.50,ADJUST,27.38,0.97,54.41,0.63,232.44
2026-02-03 11:40:22.711,16.21,61.68,ADJUST,4.64,0.97,53.57,0.57,232.44
2026-02-03 11:40:22.778,17.31,57.76,ADJUST,2.91,0.99,51.37,0.61,232.44
2026-02-03 11:40:23.015,4.47,223.52,TAKE_PICTURE,62.26,112.15,46.38,0.55,232.56
2026-02-03 11:40:23.136,8.83,113.24,TAKE_PICTURE,2.56,1.13,106.76,0.66,232.56
2026-02-03 11:40:23.255,9.22,108.44,TAKE_PICTURE,4.08,2.37,97.41,0.60,232.56
2026-02-03 11:40:23.368,9.54,104.80,TAKE_PICTURE,4.26,2.17,93.86,0.56,232.56
2026-02-03 11:40:23.490,8.73,114.54,TAKE_PICTURE,11.98,1.06,98.30,0.61,232.56
2026-02-03 11:40:23.719,4.52,221.20,TAKE_PICTURE,3.05,122.30,90.72,0.56,232.56
2026-02-03 11:40:23.833,9.38,106.57,TAKE_PICTURE,3.05,2.18,97.70,0.70,232.44
2026-02-03 11:40:23.954,8.80,113.70,TAKE_PICTURE,14.32,0.58,95.94,0.57,232.44
2026-02-03 11:40:24.068,9.08,110.14,TAKE_PICTURE,1.35,1.82,101.31,0.68,232.44
2026-02-03 11:40:24.178,9.54,104.86,TAKE_PICTURE,2.34,1.67,96.95,0.64,232.44
2026-02-03 11:40:24.394,4.71,212.09,TAKE_PICTURE,5.67,113.27,89.49,0.59,232.44
2026-02-03 11:40:24.522,8.31,120.32,TAKE_PICTURE,4.98,2.08,109.42,0.71,232.44
2026-02-03 11:40:24.635,9.22,108.48,TAKE_PICTURE,3.27,1.67,100.88,0.54,232.44
2026-02-03 11:40:24.761,8.31,120.34,TAKE_PICTURE,17.10,0.66,99.98,0.52,232.44
2026-02-03 11:40:24.877,8.99,111.20,TAKE_PICTURE,2.64,1.43,104.04,0.58,232.44
2026-02-03 11:40:25.095,4.68,213.54,TAKE_PICTURE,2.49,112.16,95.79,0.54,232.44
2026-02-03 11:40:25.232,7.77,128.64,TAKE_PICTURE,3.37,1.83,119.57,0.57,232.44
2026-02-03 11:40:25.354,8.72,114.69,TAKE_PICTURE,2.61,0.59,108.50,0.63,232.44
2026-02-03 11:40:25.468,9.11,109.77,TAKE_PICTURE,2.90,1.49,101.75,0.62,232.44
2026-02-03 11:40:25.578,9.60,104.13,TAKE_PICTURE,3.48,1.28,94.87,0.62,232.44
2026-02-03 11:40:25.799,4.61,216.87,TAKE_PICTURE,5.99,116.53,90.39,0.56,232.44
2026-02-03 11:40:25.925,8.50,117.60,TAKE_PICTURE,3.00,1.58,108.68,0.64,232.44
2026-02-03 11:40:26.034,9.67,103.45,TAKE_PICTURE,2.76,1.32,94.28,0.64,232.44
2026-02-03 11:40:26.151,8.91,112.30,TAKE_PICTURE,15.72,0.61,93.37,0.57,232.44
2026-02-03 11:40:26.273,8.59,116.38,TAKE_PICTURE,2.93,1.22,107.58,1.19,232.44
2026-02-03 11:40:26.538,3.92,255.28,TAKE_PICTURE,1.49,138.39,112.04,1.21,232.44
2026-02-03 11:40:26.694,7.30,136.95,TAKE_PICTURE,2.57,1.87,127.50,1.10,232.44
2026-02-03 11:40:26.835,8.13,122.97,TAKE_PICTURE,2.50,1.72,115.64,0.54,232.44
2026-02-03 11:40:26.974,7.77,128.71,TAKE_PICTURE,2.80,1.08,118.98,2.56,232.44
2026-02-03 11:40:27.101,8.27,120.86,TAKE_PICTURE,3.74,1.36,110.95,0.64,232.44
2026-02-03 11:40:27.348,4.17,239.76,TAKE_PICTURE,1.87,126.51,106.42,0.55,232.44
2026-02-03 11:40:27.482,7.97,125.47,TAKE_PICTURE,2.62,1.18,117.00,1.34,232.44
2026-02-03 11:40:27.609,8.16,122.49,TAKE_PICTURE,3.09,2.12,113.74,0.59,232.44
2026-02-03 11:40:27.721,9.93,100.68,TAKE_PICTURE,3.01,1.19,93.08,0.64,232.44
2026-02-03 11:40:27.843,8.53,117.29,TAKE_PICTURE,3.10,1.60,108.60,0.73,232.44
2026-02-03 11:40:28.080,4.32,231.59,TAKE_PICTURE,6.83,122.59,99.48,0.62,232.44
2026-02-03 11:40:28.228,7.32,136.70,TAKE_PICTURE,3.79,1.32,127.13,1.28,232.44
2026-02-03 11:40:28.374,7.57,132.08,TAKE_PICTURE,3.14,0.56,125.39,0.68,232.44
2026-02-03 11:40:28.522,7.15,139.91,TAKE_PICTURE,1.92,0.56,133.50,1.74,232.51
2026-02-03 11:40:28.620,10.71,93.37,TAKE_PICTURE,1.50,0.60,88.64,0.73,232.42
2026-02-03 11:40:28.861,4.24,235.80,TAKE_PICTURE,31.29,109.70,91.12,0.55,232.42
2026-02-03 11:40:28.963,10.56,94.65,TAKE_PICTURE,1.27,0.64,90.13,0.59,232.42
2026-02-03 11:40:29.099,7.63,131.13,TAKE_PICTURE,23.91,0.96,103.37,0.63,232.42
2026-02-03 11:40:29.224,8.32,120.17,TAKE_PICTURE,19.42,0.62,97.53,0.54,232.42
2026-02-03 11:40:29.356,7.86,127.15,TAKE_PICTURE,27.99,0.65,95.59,0.56,232.42
2026-02-03 11:40:29.570,4.77,209.55,TAKE_PICTURE,1.55,112.79,92.41,0.64,232.42
2026-02-03 11:40:29.687,9.22,108.43,TAKE_PICTURE,3.45,0.62,101.10,0.59,232.30
2026-02-03 11:40:29.810,8.55,116.95,TAKE_PICTURE,3.19,1.13,107.60,1.08,232.30
2026-02-03 11:40:29.935,8.30,120.51,TAKE_PICTURE,3.79,1.58,109.50,1.41,232.30
2026-02-03 11:40:30.050,9.34,107.09,TAKE_PICTURE,2.74,0.55,100.67,0.62,232.30
2026-02-03 11:40:30.385,3.03,329.80,TAKE_PICTURE,4.02,223.35,98.27,0.58,232.30
2026-02-03 11:40:30.486,10.65,93.92,TAKE_PICTURE,1.28,0.65,89.22,0.61,232.30
2026-02-03 11:40:30.638,6.83,146.33,TAKE_PICTURE,33.42,1.12,108.32,0.51,232.30
2026-02-03 11:40:30.767,8.06,124.14,TAKE_PICTURE,12.42,0.58,107.83,1.30,232.30
2026-02-03 11:40:30.876,9.65,103.57,TAKE_PICTURE,4.93,1.85,92.92,0.60,232.30
2026-02-03 11:40:31.091,4.75,210.62,TAKE_PICTURE,1.73,115.11,91.21,0.59,232.30
2026-02-03 11:40:31.193,10.60,94.32,TAKE_PICTURE,1.26,0.62,89.93,0.56,232.30
2026-02-03 11:40:31.292,10.55,94.78,TAKE_PICTURE,1.58,0.59,90.18,0.60,232.30
2026-02-03 11:40:31.426,7.77,128.73,TAKE_PICTURE,26.59,1.34,96.68,0.54,232.30
2026-02-03 11:40:31.554,8.14,122.90,TAKE_PICTURE,24.68,0.56,94.55,0.65,232.30
2026-02-03 11:40:31.762,4.92,203.43,TAKE_PICTURE,1.46,108.99,90.37,0.64,232.30
2026-02-03 11:40:31.865,10.49,95.32,TAKE_PICTURE,1.39,0.65,90.75,0.58,232.30
2026-02-03 11:40:31.967,10.29,97.15,TAKE_PICTURE,1.45,0.64,92.47,0.60,232.30
2026-02-03 11:40:32.095,8.15,122.65,TAKE_PICTURE,19.26,0.64,99.89,0.81,232.30
2026-02-03 11:40:32.225,8.00,125.02,TAKE_PICTURE,23.63,1.11,94.93,0.65,232.30
2026-02-03 11:40:32.432,4.94,202.56,TAKE_PICTURE,1.58,110.38,88.01,0.55,232.30
2026-02-03 11:40:32.537,10.39,96.28,TAKE_PICTURE,1.74,0.72,91.22,0.58,232.30
2026-02-03 11:40:32.637,10.49,95.36,TAKE_PICTURE,1.64,0.59,90.59,0.60,232.30
2026-02-03 11:40:32.755,8.92,112.13,TAKE_PICTURE,13.52,0.79,95.23,0.79,232.42
2026-02-03 11:40:32.857,10.27,97.42,TAKE_PICTURE,1.53,0.56,92.52,0.59,232.40
2026-02-03 11:40:33.074,4.72,211.94,TAKE_PICTURE,1.76,116.41,90.99,0.59,232.40
2026-02-03 11:40:33.176,10.46,95.60,TAKE_PICTURE,1.36,0.66,91.07,0.59,232.40
2026-02-03 11:40:33.293,8.96,111.66,TAKE_PICTURE,10.04,0.62,98.38,0.60,232.40
2026-02-03 11:40:33.426,7.80,128.13,TAKE_PICTURE,26.10,1.22,97.12,0.66,232.40
2026-02-03 11:40:33.526,10.55,94.75,TAKE_PICTURE,1.80,0.59,89.78,0.57,232.40
2026-02-03 11:40:33.738,4.82,207.33,TAKE_PICTURE,1.66,111.71,91.34,0.61,232.40
2026-02-03 11:40:33.838,10.76,92.91,TAKE_PICTURE,1.40,0.61,88.33,0.57,232.40
2026-02-03 11:40:33.952,9.20,108.75,TAKE_PICTURE,12.50,0.58,93.35,0.52,232.40
2026-02-03 11:40:34.054,10.22,97.89,TAKE_PICTURE,2.22,0.59,92.29,0.61,232.40
2026-02-03 11:40:34.152,10.64,94.02,TAKE_PICTURE,1.52,0.58,89.37,0.56,232.40
2026-02-03 11:40:34.398,4.16,240.67,TAKE_PICTURE,35.10,112.09,90.12,0.54,232.40
2026-02-03 11:40:34.499,10.71,93.39,TAKE_PICTURE,1.39,0.64,88.73,0.70,232.40
2026-02-03 11:40:34.627,8.09,123.66,TAKE_PICTURE,20.10,0.96,99.82,0.55,232.40
2026-02-03 11:40:34.726,10.62,94.14,TAKE_PICTURE,1.52,0.63,89.33,0.57,232.40
2026-02-03 11:40:34.825,10.64,94.02,TAKE_PICTURE,1.48,0.67,89.28,0.58,232.40
2026-02-03 11:40:35.067,4.21,237.37,TAKE_PICTURE,26.34,117.68,89.62,0.54,232.40
2026-02-03 11:40:35.168,10.63,94.05,TAKE_PICTURE,1.25,0.59,89.65,0.55,232.40
2026-02-03 11:40:35.286,8.89,112.49,TAKE_PICTURE,18.18,0.59,91.20,0.55,232.40
2026-02-03 11:40:35.420,7.75,129.03,TAKE_PICTURE,33.85,1.09,90.68,0.56,232.40
2026-02-03 11:40:35.518,10.74,93.13,TAKE_PICTURE,1.52,0.58,88.53,0.55,232.40
2026-02-03 11:40:35.731,4.81,207.99,TAKE_PICTURE,1.50,114.59,89.28,0.64,232.40
2026-02-03 11:40:35.833,10.56,94.68,TAKE_PICTURE,1.47,0.64,90.27,0.55,232.40
2026-02-03 11:40:35.950,8.87,112.70,TAKE_PICTURE,18.04,0.63,91.40,0.61,232.40
2026-02-03 11:40:36.052,10.34,96.70,TAKE_PICTURE,1.50,0.64,91.95,0.61,232.40
2026-02-03 11:40:36.152,10.48,95.44,TAKE_PICTURE,1.53,0.63,90.72,0.59,232.40
2026-02-03 11:40:36.366,4.79,208.81,TAKE_PICTURE,1.63,109.89,94.70,0.60,232.40
2026-02-03 11:40:36.469,10.46,95.59,TAKE_PICTURE,1.38,0.61,91.14,0.54,232.40
2026-02-03 11:40:36.570,10.43,95.88,TAKE_PICTURE,1.55,0.59,91.19,0.60,232.40
2026-02-03 11:40:36.688,8.81,113.45,TAKE_PICTURE,17.21,0.58,93.01,0.63,232.40
2026-02-03 11:40:36.828,7.40,135.11,TAKE_PICTURE,33.15,1.13,97.66,0.55,232.40
2026-02-03 11:40:37.055,4.50,222.38,TAKE_PICTURE,2.03,122.25,95.42,0.60,232.40
2026-02-03 11:40:37.170,9.35,106.91,TAKE_PICTURE,1.26,0.56,101.68,0.60,232.30
2026-02-03 11:40:37.304,7.77,128.67,TAKE_PICTURE,17.09,0.64,106.64,0.59,232.42
2026-02-03 11:40:37.426,8.51,117.48,TAKE_PICTURE,16.25,0.65,97.67,0.57,232.42
2026-02-03 11:40:37.527,10.41,96.04,TAKE_PICTURE,1.83,0.56,90.83,0.64,232.42
2026-02-03 11:40:37.740,4.80,208.34,TAKE_PICTURE,1.57,109.78,94.21,0.75,232.42
2026-02-03 11:40:37.842,10.59,94.40,TAKE_PICTURE,1.33,0.63,89.95,0.57,232.42
2026-02-03 11:40:37.956,9.17,109.08,TAKE_PICTURE,9.21,0.56,95.34,0.56,232.42
2026-02-03 11:40:38.062,9.85,101.55,TAKE_PICTURE,2.05,0.58,96.28,0.64,232.42
2026-02-03 11:40:38.173,9.45,105.86,TAKE_PICTURE,1.54,0.66,101.02,0.62,232.52
2026-02-03 11:40:38.406,4.39,227.91,TAKE_PICTURE,13.92,113.28,98.09,0.54,232.42
2026-02-03 11:40:38.519,9.48,105.50,TAKE_PICTURE,1.44,0.66,100.72,0.72,232.42
2026-02-03 11:40:38.627,9.80,102.05,TAKE_PICTURE,1.45,0.65,97.27,0.61,232.42
2026-02-03 11:40:38.731,10.02,99.82,TAKE_PICTURE,1.52,0.72,94.95,0.61,232.42
2026-02-03 11:40:38.835,10.18,98.20,TAKE_PICTURE,1.32,0.62,93.50,0.59,232.42
2026-02-03 11:40:39.067,4.40,227.04,TAKE_PICTURE,16.60,115.23,92.56,0.59,232.42
2026-02-03 11:40:39.173,10.14,98.59,TAKE_PICTURE,1.40,0.62,94.07,0.57,232.42
2026-02-03 11:40:39.294,8.59,116.47,TAKE_PICTURE,14.45,0.61,98.87,0.62,232.42
2026-02-03 11:40:39.431,7.58,132.00,TAKE_PICTURE,25.22,1.34,102.25,0.67,232.42
2026-02-03 11:40:39.537,9.90,101.01,TAKE_PICTURE,1.34,0.57,96.25,0.52,232.42
2026-02-03 11:40:39.756,4.69,213.20,TAKE_PICTURE,1.54,115.14,93.67,0.57,232.42
2026-02-03 11:40:39.861,10.15,98.55,TAKE_PICTURE,1.40,0.64,93.89,0.53,232.42
2026-02-03 11:40:39.964,10.25,97.56,TAKE_PICTURE,1.54,0.68,92.85,0.54,232.49
2026-02-03 11:40:40.097,7.78,128.48,TAKE_PICTURE,23.71,0.75,101.05,0.58,232.42
2026-02-03 11:40:40.229,7.89,126.79,TAKE_PICTURE,22.36,0.81,100.69,0.68,232.42
2026-02-03 11:40:40.451,4.64,215.54,TAKE_PICTURE,2.16,116.93,93.73,0.62,232.52
2026-02-03 11:40:40.556,10.19,98.16,TAKE_PICTURE,1.34,0.62,93.74,0.55,232.52
2026-02-03 11:40:40.658,10.37,96.46,TAKE_PICTURE,1.63,0.58,91.73,0.58,232.52
2026-02-03 11:40:40.759,10.42,95.93,TAKE_PICTURE,1.50,0.60,91.34,0.57,232.52
2026-02-03 11:40:40.894,7.69,130.07,TAKE_PICTURE,30.42,1.23,94.57,0.57,232.52
2026-02-03 11:40:41.141,4.12,242.78,TAKE_PICTURE,26.57,122.37,90.70,0.56,232.52
2026-02-03 11:40:41.243,10.66,93.82,TAKE_PICTURE,1.34,0.64,89.38,0.61,232.52
2026-02-03 11:40:41.356,9.21,108.61,TAKE_PICTURE,9.09,0.62,96.31,0.56,232.52
2026-02-03 11:40:41.459,10.16,98.38,TAKE_PICTURE,1.59,0.64,93.61,0.57,232.52
2026-02-03 11:40:41.559,10.54,94.91,TAKE_PICTURE,1.52,0.64,90.17,0.58,232.52
2026-02-03 11:40:41.817,3.96,252.72,TAKE_PICTURE,30.25,123.11,95.49,0.59,232.40
2026-02-03 11:40:41.921,10.33,96.83,TAKE_PICTURE,1.30,0.62,92.38,0.56,232.40
2026-02-03 11:40:42.021,10.46,95.56,TAKE_PICTURE,1.61,0.58,90.82,0.58,232.40
2026-02-03 11:40:42.122,10.44,95.79,TAKE_PICTURE,1.59,0.59,91.10,0.58,232.40
2026-02-03 11:40:42.222,10.55,94.81,TAKE_PICTURE,1.61,0.62,90.06,0.59,232.40
2026-02-03 11:40:42.467,4.15,240.97,TAKE_PICTURE,32.47,113.45,91.82,0.59,232.40
2026-02-03 11:40:42.568,10.72,93.28,TAKE_PICTURE,1.32,0.69,88.73,0.60,232.40
2026-02-03 11:40:42.694,8.26,121.03,TAKE_PICTURE,19.76,0.62,98.09,0.64,232.40
2026-02-03 11:40:42.827,7.79,128.42,TAKE_PICTURE,26.51,1.65,97.02,0.62,232.40
2026-02-03 11:40:42.928,10.47,95.49,TAKE_PICTURE,1.49,0.65,90.69,0.60,232.40
2026-02-03 11:40:43.142,4.76,210.11,TAKE_PICTURE,1.50,115.83,90.09,0.65,232.40
2026-02-03 11:40:43.243,10.68,93.63,TAKE_PICTURE,1.42,0.61,89.06,0.61,232.40
2026-02-03 11:40:43.357,9.21,108.55,TAKE_PICTURE,12.53,0.57,92.85,0.62,232.40
2026-02-03 11:40:43.492,7.67,130.44,TAKE_PICTURE,32.88,1.13,93.15,0.61,232.40
2026-02-03 11:40:43.625,7.84,127.60,TAKE_PICTURE,29.12,1.75,92.77,0.69,232.40
2026-02-03 11:40:43.838,4.80,208.34,TAKE_PICTURE,1.54,112.09,91.98,0.56,232.46
2026-02-03 11:40:43.940,10.54,94.84,TAKE_PICTURE,1.38,0.62,89.90,0.61,232.46
2026-02-03 11:40:44.038,10.62,94.14,TAKE_PICTURE,1.76,0.64,88.83,0.52,232.46
2026-02-03 11:40:44.171,7.81,127.99,TAKE_PICTURE,18.04,0.67,105.46,0.62,232.48
2026-02-03 11:40:44.285,9.12,109.62,TAKE_PICTURE,17.09,0.59,89.31,0.57,232.48
2026-02-03 11:40:44.539,4.03,248.28,TAKE_PICTURE,35.71,115.82,93.39,0.69,232.48
2026-02-03 11:40:44.647,9.99,100.06,TAKE_PICTURE,1.51,0.58,94.39,0.75,232.48
2026-02-03 11:40:44.763,9.02,110.82,TAKE_PICTURE,9.25,0.57,98.32,0.61,232.48
2026-02-03 11:40:44.908,7.12,140.52,TAKE_PICTURE,25.38,0.60,111.45,0.66,232.46
2026-02-03 11:40:45.029,8.65,115.64,TAKE_PICTURE,11.10,0.56,101.30,0.64,232.46
2026-02-03 11:40:45.250,4.64,215.58,TAKE_PICTURE,1.67,117.98,93.18,0.56,232.46
2026-02-03 11:40:45.356,10.15,98.55,TAKE_PICTURE,1.43,0.62,93.81,0.66,232.46
2026-02-03 11:40:45.460,10.15,98.54,TAKE_PICTURE,1.52,0.62,93.54,0.64,232.46
2026-02-03 11:40:45.561,10.40,96.15,TAKE_PICTURE,4.03,0.59,88.82,0.59,232.54
2026-02-03 11:40:45.691,7.99,125.11,TAKE_PICTURE,28.61,1.87,90.96,0.56,232.54
2026-02-03 11:40:45.944,4.04,247.67,TAKE_PICTURE,31.02,120.36,92.45,0.54,232.54
2026-02-03 11:40:46.045,10.68,93.60,TAKE_PICTURE,1.31,0.65,89.12,0.57,232.54
2026-02-03 11:40:46.159,9.15,109.25,TAKE_PICTURE,11.57,0.58,94.56,0.54,232.54
2026-02-03 11:40:46.293,7.73,129.31,TAKE_PICTURE,31.38,1.17,93.30,0.56,232.54
2026-02-03 11:40:46.424,7.91,126.46,TAKE_PICTURE,28.06,0.72,94.82,0.68,232.54
2026-02-03 11:40:46.638,4.79,208.79,TAKE_PICTURE,3.10,109.86,92.57,0.68,232.54
2026-02-03 11:40:46.743,10.27,97.35,TAKE_PICTURE,1.33,0.67,91.99,0.60,232.54
2026-02-03 11:40:46.844,10.47,95.49,TAKE_PICTURE,2.01,0.55,89.78,0.69,232.54
2026-02-03 11:40:46.958,9.18,108.98,TAKE_PICTURE,12.79,0.65,92.65,0.58,232.54
2026-02-03 11:40:47.094,7.65,130.73,TAKE_PICTURE,33.37,1.10,92.09,0.71,232.54
2026-02-03 11:40:47.339,4.17,239.77,TAKE_PICTURE,27.89,114.74,92.93,0.61,232.54
2026-02-03 11:40:47.458,8.92,112.07,TAKE_PICTURE,1.32,0.61,107.46,0.65,232.54
2026-02-03 11:40:47.580,8.62,116.02,TAKE_PICTURE,2.35,0.69,109.96,0.61,232.54
2026-02-03 11:40:47.690,9.48,105.51,TAKE_PICTURE,8.60,0.53,93.40,0.59,232.54
2026-02-03 11:40:47.790,10.57,94.57,TAKE_PICTURE,1.59,0.57,89.84,0.57,232.54
2026-02-03 11:40:47.998,4.92,203.41,TAKE_PICTURE,1.52,109.64,89.70,0.56,232.54
2026-02-03 11:40:48.097,10.89,91.87,TAKE_PICTURE,1.39,0.64,87.30,0.58,232.54
2026-02-03 11:40:48.223,8.29,120.58,TAKE_PICTURE,23.55,0.70,93.71,0.58,232.54
2026-02-03 11:40:48.322,10.61,94.29,TAKE_PICTURE,1.68,0.63,89.31,0.61,232.54
2026-02-03 11:40:48.423,10.47,95.55,TAKE_PICTURE,1.78,0.60,89.80,0.63,232.54
2026-02-03 11:40:48.646,4.58,218.30,TAKE_PICTURE,1.56,121.11,92.62,0.53,232.54
2026-02-03 11:40:48.749,10.38,96.38,TAKE_PICTURE,1.36,0.54,91.17,0.58,232.54
2026-02-03 11:40:48.851,10.39,96.24,TAKE_PICTURE,1.59,0.62,91.51,0.56,232.54
2026-02-03 11:40:48.954,10.16,98.41,TAKE_PICTURE,6.11,0.58,89.16,0.60,232.54
2026-02-03 11:40:49.091,7.59,131.80,TAKE_PICTURE,35.81,0.58,92.04,0.73,232.54
2026-02-03 11:40:49.305,4.77,209.85,TAKE_PICTURE,1.65,113.18,92.30,0.63,232.54
2026-02-03 11:40:49.405,10.88,91.87,TAKE_PICTURE,1.50,0.63,87.12,0.65,232.54
2026-02-03 11:40:49.502,10.79,92.64,TAKE_PICTURE,1.97,0.60,87.63,0.52,232.54
2026-02-03 11:40:49.618,9.02,110.86,TAKE_PICTURE,18.63,0.63,88.49,1.06,232.54
2026-02-03 11:40:49.715,10.82,92.39,TAKE_PICTURE,1.70,0.65,86.91,1.17,232.54
2026-02-03 11:40:49.935,4.64,215.42,TAKE_PICTURE,5.60,117.45,89.77,0.56,232.54
2026-02-03 11:40:50.035,10.82,92.46,TAKE_PICTURE,1.26,0.65,88.03,0.59,232.54
2026-02-03 11:40:50.164,8.07,123.88,TAKE_PICTURE,21.82,0.73,98.34,0.74,232.54
2026-02-03 11:40:50.301,7.62,131.28,TAKE_PICTURE,25.42,1.31,100.00,0.74,232.54
2026-02-03 11:40:50.411,9.52,104.99,TAKE_PICTURE,3.38,0.59,97.24,0.63,232.54
2026-02-03 11:40:50.625,4.78,209.09,TAKE_PICTURE,2.50,111.32,92.33,0.58,232.54
2026-02-03 11:40:50.729,10.32,96.89,TAKE_PICTURE,1.39,0.62,92.22,0.60,232.54
2026-02-03 11:40:50.828,10.60,94.32,TAKE_PICTURE,1.64,0.62,89.15,0.54,232.54
2026-02-03 11:40:50.960,7.84,127.53,TAKE_PICTURE,30.64,1.10,91.69,0.53,232.54
2026-02-03 11:40:51.093,7.96,125.58,TAKE_PICTURE,27.74,1.07,92.37,0.60,232.54
2026-02-03 11:40:51.311,4.75,210.50,TAKE_PICTURE,1.30,117.15,88.69,0.70,232.54
2026-02-03 11:40:51.416,10.32,96.94,TAKE_PICTURE,1.76,0.65,91.48,0.52,232.54
2026-02-03 11:40:51.515,10.66,93.83,TAKE_PICTURE,1.75,0.57,88.98,0.55,232.54
2026-02-03 11:40:51.619,10.14,98.63,TAKE_PICTURE,5.67,0.58,89.77,0.57,232.54
2026-02-03 11:40:51.718,10.59,94.44,TAKE_PICTURE,1.66,0.59,89.57,0.60,232.54
2026-02-03 11:40:51.937,4.68,213.67,TAKE_PICTURE,2.96,117.71,90.47,0.54,232.54
2026-02-03 11:40:52.036,10.83,92.36,TAKE_PICTURE,1.34,0.62,87.81,0.56,232.54
2026-02-03 11:40:52.160,8.41,118.92,TAKE_PICTURE,20.82,0.93,94.29,0.58,232.54
2026-02-03 11:40:52.293,7.82,127.82,TAKE_PICTURE,30.57,1.81,91.57,0.61,232.54
2026-02-03 11:40:52.391,10.72,93.30,TAKE_PICTURE,1.48,0.62,88.56,0.63,232.54
2026-02-03 11:40:52.599,4.93,202.98,TAKE_PICTURE,1.59,108.93,89.90,0.58,232.54
2026-02-03 11:40:52.699,10.79,92.70,TAKE_PICTURE,1.27,0.60,88.27,0.54,232.54
2026-02-03 11:40:52.828,8.06,124.01,TAKE_PICTURE,22.44,0.85,97.95,0.60,232.54
2026-02-03 11:40:52.928,10.45,95.66,TAKE_PICTURE,1.69,0.56,90.50,0.56,232.54
2026-02-03 11:40:53.027,10.64,93.98,TAKE_PICTURE,1.56,0.62,89.29,0.56,232.54
2026-02-03 11:40:53.270,4.21,237.78,TAKE_PICTURE,32.26,111.60,90.59,0.61,232.54
2026-02-03 11:40:53.371,10.63,94.09,TAKE_PICTURE,1.36,0.67,89.36,0.56,232.54
2026-02-03 11:40:53.490,8.79,113.80,TAKE_PICTURE,18.00,0.62,92.44,0.64,232.54
2026-02-03 11:40:53.588,10.70,93.48,TAKE_PICTURE,1.52,0.63,88.72,0.60,232.54
2026-02-03 11:40:53.688,10.60,94.35,TAKE_PICTURE,1.60,0.66,89.37,0.53,232.54
2026-02-03 11:40:53.897,4.89,204.33,TAKE_PICTURE,1.51,110.60,89.30,0.57,232.54
2026-02-03 11:40:53.998,10.65,93.88,TAKE_PICTURE,1.32,0.59,89.41,0.56,232.54
2026-02-03 11:40:54.098,10.34,96.72,TAKE_PICTURE,1.86,0.57,91.46,0.60,232.54
2026-02-03 11:40:54.226,8.17,122.32,TAKE_PICTURE,23.64,0.64,95.01,0.66,232.54
2026-02-03 11:40:54.326,10.60,94.32,TAKE_PICTURE,1.74,0.60,89.30,0.63,232.54
2026-02-03 11:40:54.537,4.84,206.56,TAKE_PICTURE,1.63,111.58,90.70,0.61,232.54
2026-02-03 11:40:54.641,10.43,95.85,TAKE_PICTURE,1.35,0.65,91.35,0.56,232.54
2026-02-03 11:40:54.756,9.05,110.54,TAKE_PICTURE,16.63,0.65,90.75,0.61,232.54
2026-02-03 11:40:54.891,7.68,130.29,TAKE_PICTURE,34.33,1.12,91.58,0.57,232.54
2026-02-03 11:40:54.991,10.53,94.96,TAKE_PICTURE,1.62,0.62,90.08,0.56,232.54
2026-02-03 11:40:55.202,4.85,206.24,TAKE_PICTURE,1.59,110.49,91.54,0.61,232.54
2026-02-03 11:40:55.304,10.63,94.06,TAKE_PICTURE,1.36,0.62,89.58,0.59,232.54
2026-02-03 11:40:55.428,8.52,117.43,TAKE_PICTURE,16.34,0.61,97.07,0.67,232.54
2026-02-03 11:40:55.528,10.54,94.89,TAKE_PICTURE,1.83,0.58,89.61,0.77,232.54
2026-02-03 11:40:55.627,10.60,94.38,TAKE_PICTURE,2.22,0.58,89.06,0.60,232.54
2026-02-03 11:40:55.872,4.18,239.45,TAKE_PICTURE,32.31,113.58,90.26,0.58,232.54
2026-02-03 11:40:55.973,10.66,93.80,TAKE_PICTURE,1.27,0.63,89.34,0.55,232.54
2026-02-03 11:40:56.089,9.00,111.05,TAKE_PICTURE,16.39,0.65,91.39,0.59,232.54
2026-02-03 11:40:56.189,10.54,94.92,TAKE_PICTURE,1.46,0.63,90.27,0.63,232.54
2026-02-03 11:40:56.290,10.45,95.72,TAKE_PICTURE,1.59,0.66,90.93,0.56,232.54
2026-02-03 11:40:56.509,4.66,214.76,TAKE_PICTURE,1.63,112.18,98.46,0.67,232.54
2026-02-03 11:40:56.613,10.32,96.89,TAKE_PICTURE,1.36,0.62,92.29,0.67,232.54
2026-02-03 11:40:56.717,10.11,98.88,TAKE_PICTURE,2.64,0.61,92.54,0.63,232.54
2026-02-03 11:40:56.823,9.97,100.32,TAKE_PICTURE,4.79,0.57,90.87,0.72,232.54
2026-02-03 11:40:56.925,10.22,97.85,TAKE_PICTURE,1.73,0.58,92.91,0.62,232.54
2026-02-03 11:40:57.136,4.85,206.20,TAKE_PICTURE,1.55,111.13,90.94,0.59,232.54
2026-02-03 11:40:57.237,10.71,93.34,TAKE_PICTURE,1.30,0.63,88.74,0.57,232.54
2026-02-03 11:40:57.366,8.05,124.22,TAKE_PICTURE,20.91,0.90,99.52,0.61,232.54
2026-02-03 11:40:57.498,7.89,126.79,TAKE_PICTURE,23.82,0.60,99.60,0.55,232.54
2026-02-03 11:40:57.598,10.50,95.25,TAKE_PICTURE,1.96,0.58,89.73,0.58,232.54
2026-02-03 11:40:57.813,4.77,209.66,TAKE_PICTURE,2.37,111.81,92.54,0.62,232.54
2026-02-03 11:40:57.912,10.55,94.78,TAKE_PICTURE,1.65,0.56,89.67,0.64,232.54
2026-02-03 11:40:58.026,9.27,107.91,TAKE_PICTURE,9.54,0.60,94.00,0.64,232.54
2026-02-03 11:40:58.125,10.64,93.96,TAKE_PICTURE,1.52,0.62,89.31,0.57,232.54
2026-02-03 11:40:58.224,10.54,94.91,TAKE_PICTURE,1.53,0.56,90.22,0.57,232.54
2026-02-03 11:40:58.470,4.15,240.92,TAKE_PICTURE,34.22,111.74,91.69,0.63,232.54
2026-02-03 11:40:58.572,10.61,94.22,TAKE_PICTURE,1.42,0.68,89.56,0.63,232.54
2026-02-03 11:40:58.691,8.75,114.30,TAKE_PICTURE,18.10,0.63,93.07,0.61,232.54
2026-02-03 11:40:58.792,10.42,95.95,TAKE_PICTURE,2.08,0.64,90.57,0.64,232.54
2026-02-03 11:40:58.892,10.47,95.54,TAKE_PICTURE,1.63,0.64,90.74,0.56,232.54
2026-02-03 11:40:59.155,3.88,257.93,TAKE_PICTURE,34.70,126.47,93.39,0.59,232.54
2026-02-03 11:40:59.256,10.64,93.96,TAKE_PICTURE,1.29,0.64,89.47,0.61,232.54
2026-02-03 11:40:59.356,10.59,94.39,TAKE_PICTURE,1.66,0.58,89.54,0.67,232.54
2026-02-03 11:40:59.496,7.41,135.00,TAKE_PICTURE,35.22,0.56,95.69,0.60,232.54
2026-02-03 11:40:59.597,10.37,96.45,TAKE_PICTURE,3.38,0.66,89.84,0.56,232.54
2026-02-03 11:40:59.806,4.92,203.26,TAKE_PICTURE,1.53,109.44,89.76,0.58,232.54
2026-02-03 11:40:59.905,10.91,91.67,TAKE_PICTURE,1.46,0.65,87.08,0.55,232.54
2026-02-03 11:41:00.033,8.10,123.40,TAKE_PICTURE,21.62,0.78,98.21,0.53,232.54
2026-02-03 11:41:00.164,7.90,126.55,TAKE_PICTURE,27.49,1.21,94.12,0.58,232.54
2026-02-03 11:41:00.293,8.09,123.53,TAKE_PICTURE,26.21,1.14,92.20,0.54,232.54
2026-02-03 11:41:00.516,4.58,218.24,TAKE_PICTURE,1.59,118.62,95.42,0.54,232.54
2026-02-03 11:41:00.624,10.03,99.65,TAKE_PICTURE,1.63,0.77,94.50,0.55,232.54
2026-02-03 11:41:00.723,10.61,94.21,TAKE_PICTURE,1.54,0.58,89.56,0.59,232.54
2026-02-03 11:41:00.822,10.62,94.16,TAKE_PICTURE,3.36,0.61,87.62,0.60,232.54
2026-02-03 11:41:00.960,7.48,133.65,TAKE_PICTURE,37.13,0.55,93.31,0.62,232.54
2026-02-03 11:41:01.212,4.05,247.09,TAKE_PICTURE,31.48,119.53,92.33,0.59,232.54
2026-02-03 11:41:01.314,10.64,94.02,TAKE_PICTURE,1.28,0.63,89.26,0.61,232.54
2026-02-03 11:41:01.431,9.00,111.16,TAKE_PICTURE,11.84,0.63,96.06,0.65,232.54
2026-02-03 11:41:01.566,7.62,131.15,TAKE_PICTURE,29.27,1.48,96.26,0.93,232.54
2026-02-03 11:41:01.701,7.75,128.98,TAKE_PICTURE,25.20,1.41,97.90,0.61,232.54
2026-02-03 11:41:01.931,4.43,225.91,TAKE_PICTURE,2.01,119.56,101.94,0.54,232.44
2026-02-03 11:41:02.034,10.73,93.24,TAKE_PICTURE,1.29,0.65,88.78,0.54,232.44
2026-02-03 11:41:02.164,8.10,123.42,TAKE_PICTURE,23.51,1.24,95.38,0.59,232.44
2026-02-03 11:41:02.304,7.41,134.99,TAKE_PICTURE,27.58,1.84,101.37,0.57,232.42
2026-02-03 11:41:02.414,9.52,105.09,TAKE_PICTURE,1.74,0.59,99.52,0.56,232.42
2026-02-03 11:41:02.626,4.82,207.31,TAKE_PICTURE,1.67,111.51,91.14,0.65,232.42
2026-02-03 11:41:02.731,10.32,96.86,TAKE_PICTURE,4.94,0.60,88.56,0.66,232.42
2026-02-03 11:41:02.829,10.63,94.06,TAKE_PICTURE,1.82,0.63,88.70,0.59,232.42
2026-02-03 11:41:02.976,7.16,139.65,TAKE_PICTURE,30.42,1.26,104.74,0.56,232.36
2026-02-03 11:41:03.089,9.22,108.45,TAKE_PICTURE,14.26,0.64,90.99,0.53,232.36
2026-02-03 11:41:03.303,4.79,208.61,TAKE_PICTURE,1.54,113.97,89.98,1.18,232.36
2026-02-03 11:41:03.405,10.58,94.53,TAKE_PICTURE,1.29,0.59,89.81,0.86,232.36
2026-02-03 11:41:03.504,10.65,93.92,TAKE_PICTURE,1.51,0.58,89.25,0.61,232.36
2026-02-03 11:41:03.630,8.22,121.63,TAKE_PICTURE,22.97,0.73,95.06,0.71,232.36
2026-02-03 11:41:03.765,7.74,129.20,TAKE_PICTURE,29.26,1.36,94.56,0.57,232.36
2026-02-03 11:41:03.972,4.93,203.00,TAKE_PICTURE,1.57,109.16,89.48,0.59,232.36
2026-02-03 11:41:04.070,10.66,93.85,TAKE_PICTURE,2.01,0.60,88.30,0.55,232.36
2026-02-03 11:41:04.169,10.91,91.66,TAKE_PICTURE,1.54,0.64,86.94,0.56,232.36
2026-02-03 11:41:04.295,8.22,121.62,TAKE_PICTURE,22.05,0.77,96.02,0.54,232.36
2026-02-03 11:41:04.394,10.71,93.36,TAKE_PICTURE,1.53,0.64,88.54,0.56,232.36
2026-02-03 11:41:04.606,4.82,207.47,TAKE_PICTURE,1.56,112.53,90.77,0.58,232.36
2026-02-03 11:41:04.705,10.89,91.83,TAKE_PICTURE,1.41,0.61,87.29,0.60,232.36
2026-02-03 11:41:04.835,8.01,124.88,TAKE_PICTURE,21.75,0.72,99.55,0.59,232.36
2026-02-03 11:41:04.972,7.61,131.48,TAKE_PICTURE,23.74,1.22,97.71,0.55,232.36
2026-02-03 11:41:05.070,10.65,93.92,TAKE_PICTURE,1.62,0.61,89.12,0.60,232.36
2026-02-03 11:41:05.277,4.96,201.68,TAKE_PICTURE,1.54,109.06,88.48,0.57,232.36
2026-02-03 11:41:05.384,9.75,102.55,TAKE_PICTURE,1.63,2.00,95.93,0.57,232.32
2026-02-03 11:41:05.487,10.26,97.50,TAKE_PICTURE,6.62,0.61,87.63,0.67,232.32
2026-02-03 11:41:05.585,10.65,93.94,TAKE_PICTURE,1.91,0.64,88.65,0.71,232.32
2026-02-03 11:41:05.688,10.28,97.23,TAKE_PICTURE,5.43,0.63,88.63,0.54,232.32
2026-02-03 11:41:05.905,4.71,212.52,TAKE_PICTURE,1.85,116.97,91.10,0.62,232.32
2026-02-03 11:41:06.005,10.81,92.53,TAKE_PICTURE,1.29,0.62,88.02,0.64,232.32
2026-02-03 11:41:06.102,10.85,92.16,TAKE_PICTURE,1.57,0.58,87.54,0.65,232.32
2026-02-03 11:41:06.229,8.23,121.50,TAKE_PICTURE,24.71,1.05,92.98,0.62,232.32
2026-02-03 11:41:06.365,7.64,130.96,TAKE_PICTURE,32.15,1.14,94.23,0.60,232.32
2026-02-03 11:41:06.580,4.75,210.57,TAKE_PICTURE,1.55,110.89,95.33,0.67,232.32
2026-02-03 11:41:06.688,10.04,99.65,TAKE_PICTURE,2.41,0.64,93.42,0.60,232.32
2026-02-03 11:41:06.794,9.91,100.93,TAKE_PICTURE,3.10,0.68,94.59,0.56,232.32
2026-02-03 11:41:06.897,10.16,98.42,TAKE_PICTURE,2.18,0.62,93.01,0.57,232.32
2026-02-03 11:41:07.030,7.82,127.94,TAKE_PICTURE,31.48,1.19,91.56,0.59,232.32
2026-02-03 11:41:07.285,4.00,249.83,TAKE_PICTURE,30.26,124.61,90.92,0.60,232.32
2026-02-03 11:41:07.397,9.71,102.99,TAKE_PICTURE,1.64,0.57,98.43,0.57,232.44
2026-02-03 11:41:07.501,10.08,99.16,TAKE_PICTURE,1.53,0.58,94.49,0.57,232.42
2026-02-03 11:41:07.629,8.10,123.50,TAKE_PICTURE,26.38,0.57,93.76,0.62,232.42
2026-02-03 11:41:07.764,7.70,129.83,TAKE_PICTURE,31.11,1.12,93.75,0.54,232.42
2026-02-03 11:41:07.971,4.96,201.70,TAKE_PICTURE,1.63,110.98,86.32,0.60,232.42
2026-02-03 11:41:08.075,10.29,97.22,TAKE_PICTURE,1.45,0.61,92.17,0.64,232.42
2026-02-03 11:41:08.172,10.93,91.49,TAKE_PICTURE,2.41,0.62,85.75,0.54,232.42
2026-02-03 11:41:08.295,8.39,119.13,TAKE_PICTURE,19.67,0.90,93.74,0.71,232.42
2026-02-03 11:41:08.392,10.95,91.32,TAKE_PICTURE,1.85,0.62,86.21,0.63,232.42
2026-02-03 11:41:08.601,4.91,203.53,TAKE_PICTURE,1.61,110.57,88.78,0.60,232.42
2026-02-03 11:41:08.699,11.00,90.93,TAKE_PICTURE,1.27,0.59,86.40,0.67,232.42
2026-02-03 11:41:08.832,7.80,128.15,TAKE_PICTURE,29.58,1.11,93.63,0.54,232.42
2026-02-03 11:41:08.963,7.94,125.94,TAKE_PICTURE,27.85,1.62,91.65,0.57,232.42
2026-02-03 11:41:09.060,10.84,92.27,TAKE_PICTURE,1.67,0.59,87.43,0.57,232.42
2026-02-03 11:41:09.267,4.94,202.59,TAKE_PICTURE,1.66,110.60,87.79,0.58,232.42
2026-02-03 11:41:09.365,11.05,90.49,TAKE_PICTURE,1.32,0.75,85.84,0.64,232.42
2026-02-03 11:41:09.496,7.94,125.99,TAKE_PICTURE,28.86,1.92,91.51,0.56,232.42
2026-02-03 11:41:09.592,11.05,90.51,TAKE_PICTURE,1.62,0.62,85.69,0.65,232.42
2026-02-03 11:41:09.690,10.69,93.55,TAKE_PICTURE,1.47,0.62,88.71,0.62,232.42
2026-02-03 11:41:09.902,4.83,206.92,TAKE_PICTURE,1.62,112.02,90.60,0.67,232.42
2026-02-03 11:41:10.014,9.63,103.87,TAKE_PICTURE,2.53,0.76,97.66,0.65,232.54
2026-02-03 11:41:10.113,10.65,93.87,TAKE_PICTURE,1.45,0.58,88.24,0.57,232.56
2026-02-03 11:41:10.230,8.97,111.50,TAKE_PICTURE,13.87,0.63,94.55,0.50,232.54
2026-02-03 11:41:10.369,7.44,134.38,TAKE_PICTURE,31.99,1.24,97.04,0.55,232.44
2026-02-03 11:41:10.596,4.50,222.28,TAKE_PICTURE,1.51,122.34,95.89,0.62,232.44
2026-02-03 11:41:10.701,10.31,97.00,TAKE_PICTURE,1.65,0.61,91.41,1.05,232.44
2026-02-03 11:41:10.839,7.55,132.52,TAKE_PICTURE,27.51,1.82,99.43,0.59,232.44
2026-02-03 11:41:10.976,7.63,131.10,TAKE_PICTURE,20.09,0.62,107.56,0.59,232.44
2026-02-03 11:41:11.080,10.03,99.69,TAKE_PICTURE,1.41,0.64,95.02,0.53,232.44
2026-02-03 11:41:11.302,4.65,215.09,TAKE_PICTURE,1.50,113.18,97.71,0.59,232.44
2026-02-03 11:41:11.416,9.36,106.83,TAKE_PICTURE,2.10,0.59,101.57,0.61,232.44
2026-02-03 11:41:11.522,9.96,100.41,TAKE_PICTURE,2.02,0.64,95.28,0.58,232.44
2026-02-03 11:41:11.635,9.28,107.80,TAKE_PICTURE,5.89,0.59,98.18,0.66,232.44
2026-02-03 11:41:11.771,7.66,130.50,TAKE_PICTURE,23.73,0.84,102.61,0.71,232.44
2026-02-03 11:41:11.997,4.53,220.54,TAKE_PICTURE,1.36,116.45,100.02,0.60,232.44
2026-02-03 11:41:12.105,9.97,100.28,TAKE_PICTURE,1.28,0.60,95.72,0.54,232.44
2026-02-03 11:41:12.235,8.00,125.07,TAKE_PICTURE,22.89,0.75,98.63,0.71,232.54
2026-02-03 11:41:12.365,8.02,124.64,TAKE_PICTURE,25.84,0.50,94.64,0.79,232.54
2026-02-03 11:41:12.470,9.98,100.19,TAKE_PICTURE,1.55,0.65,95.48,0.58,232.54
2026-02-03 11:41:12.679,4.89,204.34,TAKE_PICTURE,2.18,109.69,89.94,0.54,232.54
2026-02-03 11:41:12.779,10.79,92.64,TAKE_PICTURE,1.46,0.61,87.99,0.63,232.54
2026-02-03 11:41:12.893,9.17,109.03,TAKE_PICTURE,12.44,0.61,93.46,0.52,232.54
2026-02-03 11:41:12.992,10.67,93.73,TAKE_PICTURE,1.49,0.58,89.05,0.64,232.54
2026-02-03 11:41:13.090,10.70,93.44,TAKE_PICTURE,1.54,0.58,88.77,0.56,232.54
2026-02-03 11:41:13.298,4.94,202.63,TAKE_PICTURE,1.60,109.65,88.79,0.56,232.54
2026-02-03 11:41:13.397,10.86,92.10,TAKE_PICTURE,1.35,0.63,87.56,0.61,232.54
2026-02-03 11:41:13.496,10.65,93.87,TAKE_PICTURE,1.52,0.63,89.11,0.60,232.54
2026-02-03 11:41:13.632,7.59,131.68,TAKE_PICTURE,33.33,1.13,93.57,0.66,232.54
2026-02-03 11:41:13.767,7.72,129.51,TAKE_PICTURE,29.07,1.60,94.99,0.58,232.54
2026-02-03 11:41:13.987,4.65,215.28,TAKE_PICTURE,2.25,119.19,90.84,0.59,232.54
2026-02-03 11:41:14.094,9.74,102.70,TAKE_PICTURE,2.32,0.60,96.34,0.51,232.54
2026-02-03 11:41:14.193,10.89,91.80,TAKE_PICTURE,1.52,0.59,87.08,0.61,232.54
2026-02-03 11:41:14.289,10.97,91.19,TAKE_PICTURE,1.55,0.60,86.64,0.56,232.54
2026-02-03 11:41:14.385,10.91,91.70,TAKE_PICTURE,1.70,0.54,86.93,0.55,232.54
2026-02-03 11:41:14.597,4.83,207.09,TAKE_PICTURE,6.52,110.08,87.93,0.54,232.54
2026-02-03 11:41:14.696,10.98,91.07,TAKE_PICTURE,1.77,0.63,86.04,0.66,232.54
2026-02-03 11:41:14.829,7.80,128.24,TAKE_PICTURE,33.90,1.14,89.86,0.60,232.54
2026-02-03 11:41:14.962,7.80,128.24,TAKE_PICTURE,33.31,1.22,90.27,0.52,232.54
2026-02-03 11:41:15.060,10.91,91.65,TAKE_PICTURE,1.92,0.64,86.52,0.60,232.54
2026-02-03 11:41:15.270,4.88,204.78,TAKE_PICTURE,2.15,110.88,88.39,0.54,232.54
2026-02-03 11:41:15.370,10.74,93.10,TAKE_PICTURE,1.35,0.59,88.43,0.61,232.52
2026-02-03 11:41:15.499,8.20,122.01,TAKE_PICTURE,26.67,1.85,89.81,0.56,232.52
2026-02-03 11:41:15.631,8.02,124.72,TAKE_PICTURE,27.73,1.21,91.96,0.61,232.52
2026-02-03 11:41:15.765,7.88,126.86,TAKE_PICTURE,28.19,1.16,93.61,0.61,232.52
2026-02-03 11:41:15.976,4.87,205.46,TAKE_PICTURE,1.56,110.97,90.45,0.55,232.52
2026-02-03 11:41:16.076,10.77,92.82,TAKE_PICTURE,1.42,0.64,88.27,0.52,232.52
2026-02-03 11:41:16.174,10.68,93.67,TAKE_PICTURE,1.61,0.60,88.87,0.62,232.52
2026-02-03 11:41:16.301,8.22,121.71,TAKE_PICTURE,22.00,0.71,95.96,0.70,232.52
2026-02-03 11:41:16.434,7.83,127.79,TAKE_PICTURE,29.73,1.89,92.30,0.58,232.52
2026-02-03 11:41:16.682,4.12,242.77,TAKE_PICTURE,28.03,120.10,91.23,0.54,232.52
2026-02-03 11:41:16.782,10.75,93.04,TAKE_PICTURE,1.33,0.63,88.61,0.53,232.52
2026-02-03 11:41:16.895,9.23,108.39,TAKE_PICTURE,14.05,0.57,91.19,0.55,232.52
2026-02-03 11:41:17.034,7.46,134.06,TAKE_PICTURE,33.97,1.18,95.47,0.57,232.52
2026-02-03 11:41:17.164,7.99,125.18,TAKE_PICTURE,26.44,1.34,93.71,0.67,232.52
2026-02-03 11:41:17.381,4.75,210.46,TAKE_PICTURE,1.47,112.30,91.69,0.54,232.52
2026-02-03 11:41:17.482,10.73,93.22,TAKE_PICTURE,1.27,0.63,88.62,0.62,232.52
2026-02-03 11:41:17.581,10.60,94.35,TAKE_PICTURE,1.73,0.61,89.39,0.54,232.52
2026-02-03 11:41:17.696,9.12,109.61,TAKE_PICTURE,14.70,0.63,90.18,2.01,232.52
2026-02-03 11:41:17.831,7.70,129.91,TAKE_PICTURE,33.26,0.68,92.67,0.62,232.52
2026-02-03 11:41:18.072,4.24,236.02,TAKE_PICTURE,31.72,112.20,88.66,0.55,232.52
2026-02-03 11:41:18.171,10.87,91.96,TAKE_PICTURE,1.31,0.63,87.48,0.55,232.52
2026-02-03 11:41:18.302,7.91,126.47,TAKE_PICTURE,25.81,0.91,97.16,0.63,232.52
2026-02-03 11:41:18.433,7.95,125.76,TAKE_PICTURE,28.10,1.89,92.34,0.59,232.52
2026-02-03 11:41:18.569,7.65,130.71,TAKE_PICTURE,28.81,1.95,96.54,0.59,232.52
2026-02-03 11:41:18.776,4.94,202.32,TAKE_PICTURE,1.74,109.14,89.02,0.56,232.52
2026-02-03 11:41:18.875,10.89,91.85,TAKE_PICTURE,1.36,0.63,87.29,0.54,232.52
2026-02-03 11:41:18.973,10.78,92.79,TAKE_PICTURE,1.62,0.63,87.89,0.61,232.52
2026-02-03 11:41:19.101,8.07,123.88,TAKE_PICTURE,24.09,0.72,96.40,0.66,232.52
2026-02-03 11:41:19.231,8.00,125.02,TAKE_PICTURE,28.19,0.79,92.40,0.61,232.52
2026-02-03 11:41:19.473,4.23,236.19,TAKE_PICTURE,31.81,112.17,88.76,0.62,232.52
2026-02-03 11:41:19.571,11.02,90.71,TAKE_PICTURE,1.31,0.60,86.21,0.59,232.52
2026-02-03 11:41:19.703,7.82,127.85,TAKE_PICTURE,26.70,1.66,95.92,0.60,232.52
2026-02-03 11:41:19.829,8.26,121.02,TAKE_PICTURE,25.44,0.47,92.01,0.61,232.52
2026-02-03 11:41:19.963,7.78,128.51,TAKE_PICTURE,33.34,1.14,90.71,0.57,232.52
2026-02-03 11:41:20.173,4.85,206.06,TAKE_PICTURE,2.16,110.89,90.41,0.55,232.52
2026-02-03 11:41:20.272,10.89,91.81,TAKE_PICTURE,1.27,0.63,87.29,0.59,232.52
2026-02-03 11:41:20.368,10.99,91.02,TAKE_PICTURE,1.56,0.63,86.13,0.71,232.52
2026-02-03 11:41:20.497,8.08,123.79,TAKE_PICTURE,29.83,1.13,88.69,0.57,232.52
2026-02-03 11:41:20.629,7.85,127.46,TAKE_PICTURE,33.30,1.21,89.64,0.55,232.52
2026-02-03 11:41:20.845,4.77,209.73,TAKE_PICTURE,3.27,114.73,89.03,0.56,232.52
2026-02-03 11:41:20.939,11.11,89.99,TAKE_PICTURE,1.77,0.58,84.76,0.62,232.52
2026-02-03 11:41:21.037,10.87,92.00,TAKE_PICTURE,2.22,0.57,86.42,0.63,232.52
2026-02-03 11:41:21.161,8.36,119.68,TAKE_PICTURE,24.64,0.58,91.89,0.60,232.52
2026-02-03 11:41:21.259,10.74,93.14,TAKE_PICTURE,1.39,0.54,88.06,0.62,232.52
2026-02-03 11:41:21.477,4.75,210.74,TAKE_PICTURE,1.46,117.08,89.62,0.59,232.52
2026-02-03 11:41:21.576,10.97,91.14,TAKE_PICTURE,1.57,0.66,86.25,0.63,232.52
2026-02-03 11:41:21.701,8.38,119.38,TAKE_PICTURE,20.42,0.69,94.13,0.59,232.52
2026-02-03 11:41:21.832,7.94,125.94,TAKE_PICTURE,29.76,0.90,91.26,0.60,232.52
2026-02-03 11:41:21.928,10.87,91.99,TAKE_PICTURE,1.62,0.64,87.13,0.61,232.52
2026-02-03 11:41:22.145,4.72,211.76,TAKE_PICTURE,1.58,118.31,89.23,0.56,232.52
2026-02-03 11:41:22.247,10.55,94.75,TAKE_PICTURE,1.28,0.61,90.31,0.59,232.52
2026-02-03 11:41:22.359,9.35,106.90,TAKE_PICTURE,13.69,0.59,90.13,0.54,232.52
2026-02-03 11:41:22.457,10.76,92.90,TAKE_PICTURE,1.57,0.59,88.11,0.65,232.52
2026-02-03 11:41:22.556,10.60,94.34,TAKE_PICTURE,3.97,0.58,87.18,0.60,232.52
2026-02-03 11:41:22.763,4.96,201.55,TAKE_PICTURE,1.58,109.18,88.18,0.65,232.52
2026-02-03 11:41:22.860,11.08,90.25,TAKE_PICTURE,1.34,0.63,85.71,0.60,232.52
2026-02-03 11:41:22.959,10.66,93.78,TAKE_PICTURE,1.57,0.66,88.95,0.63,232.52
2026-02-03 11:41:23.057,10.69,93.51,TAKE_PICTURE,1.84,0.64,88.42,0.60,232.52
2026-02-03 11:41:23.157,10.58,94.48,TAKE_PICTURE,3.71,0.63,87.51,0.56,232.52
2026-02-03 11:41:23.371,4.78,209.28,TAKE_PICTURE,1.50,116.11,89.03,0.58,232.52
2026-02-03 11:41:23.473,10.54,94.86,TAKE_PICTURE,1.28,0.61,90.43,0.57,232.52
2026-02-03 11:41:23.569,10.96,91.27,TAKE_PICTURE,1.48,0.58,86.64,0.60,232.52
2026-02-03 11:41:23.702,7.81,127.99,TAKE_PICTURE,29.40,1.35,93.29,0.58,232.52
2026-02-03 11:41:23.831,8.03,124.54,TAKE_PICTURE,28.90,1.73,90.02,0.55,232.52
2026-02-03 11:41:24.055,4.57,218.62,TAKE_PICTURE,2.49,122.88,90.14,0.64,232.52
2026-02-03 11:41:24.085,43.30,23.09,READY,1.41,0.29,18.71,0.77,232.52
2026-02-03 11:41:24.316,5.62,178.09,READY,1.50,113.34,59.95,0.61,232.52
2026-02-03 11:41:24.398,13.46,74.30,READY,1.38,0.51,68.76,0.64,232.52
2026-02-03 11:41:24.471,15.14,66.04,READY,1.31,0.59,61.50,0.64,232.54
2026-02-03 11:41:24.603,7.86,127.25,READY,58.44,0.57,65.74,0.62,232.42
2026-02-03 11:41:24.673,15.31,65.30,READY,1.64,0.57,60.51,0.60,232.42
2026-02-03 11:41:24.910,4.32,231.32,READY,55.21,109.24,64.26,0.63,232.42
2026-02-03 11:41:24.986,14.52,68.85,READY,1.36,0.64,64.25,0.67,232.42
2026-02-03 11:41:25.076,11.75,85.07,READY,10.90,0.63,71.01,0.55,232.42
2026-02-03 11:41:25.208,7.90,126.62,READY,52.96,0.63,70.37,0.58,232.38
2026-02-03 11:41:25.287,13.54,73.85,READY,1.62,0.70,67.18,1.12,232.36
2026-02-03 11:41:25.513,4.53,220.51,READY,41.93,114.98,60.66,0.61,232.36
2026-02-03 11:41:25.585,15.43,64.80,READY,1.31,0.58,59.99,0.61,232.36
2026-02-03 11:41:25.668,13.12,76.19,READY,10.86,0.66,61.53,0.63,232.36
2026-02-03 11:41:25.812,7.14,140.04,READY,62.63,0.66,71.47,1.03,232.26
2026-02-03 11:41:25.893,13.46,74.27,READY,1.40,0.56,69.62,0.54,232.26
2026-02-03 11:41:26.123,4.44,225.02,READY,37.39,111.95,71.48,0.61,232.30
2026-02-03 11:41:26.204,13.72,72.87,READY,1.58,0.63,68.02,0.56,232.32
2026-02-03 11:41:26.275,15.12,66.14,READY,1.46,0.61,61.16,0.60,232.32
2026-02-03 11:41:26.404,8.19,122.14,READY,53.06,0.74,65.72,0.55,232.32
2026-02-03 11:41:26.475,15.07,66.34,READY,1.45,0.70,61.14,0.62,232.32
2026-02-03 11:41:26.709,4.39,227.83,READY,53.22,109.33,62.30,0.62,232.32
2026-02-03 11:41:26.786,14.45,69.18,READY,1.41,0.57,63.66,0.62,232.32
2026-02-03 11:41:26.869,12.80,78.13,READY,11.15,0.58,63.53,0.65,232.32
2026-02-03 11:41:27.000,7.97,125.41,READY,60.20,0.57,62.12,0.57,232.32
2026-02-03 11:41:27.070,15.37,65.07,READY,2.17,0.57,59.74,0.67,232.32
2026-02-03 11:41:27.315,4.18,239.20,READY,58.88,117.43,60.21,0.55,232.32
2026-02-03 11:41:27.383,15.63,63.97,READY,1.54,0.61,59.13,0.63,232.32
2026-02-03 11:41:27.467,13.12,76.20,READY,12.58,0.64,59.70,0.63,232.32
2026-02-03 11:41:27.599,7.87,127.06,READY,62.92,0.62,60.57,1.01,232.32
2026-02-03 11:41:27.670,15.07,66.38,READY,2.29,0.59,60.78,0.65,232.32
2026-02-03 11:41:27.908,4.28,233.42,READY,59.53,108.61,61.83,1.37,232.42
2026-02-03 11:41:27.984,14.81,67.51,READY,1.33,0.58,62.59,0.54,232.42
2026-02-03 11:41:28.069,12.40,80.67,READY,13.81,0.58,63.77,0.55,232.42
2026-02-03 11:41:28.198,8.09,123.59,READY,60.36,0.57,60.10,0.60,232.42
2026-02-03 11:41:28.267,15.54,64.35,READY,1.53,0.60,59.70,0.56,232.42
2026-02-03 11:41:28.585,3.21,311.06,READY,60.61,186.38,61.38,0.60,232.42
2026-02-03 11:41:28.657,15.46,64.68,READY,1.32,0.61,60.10,0.60,232.42
2026-02-03 11:41:28.733,14.37,69.61,READY,3.19,0.56,63.17,0.55,232.42
2026-02-03 11:41:28.803,15.48,64.59,READY,2.01,0.61,59.36,0.61,232.42
2026-02-03 11:41:28.930,8.26,121.09,READY,57.38,0.62,60.48,0.59,232.42
2026-02-03 11:41:29.114,5.58,179.07,READY,1.62,115.68,59.04,0.65,232.42
2026-02-03 11:41:29.188,15.08,66.31,READY,1.35,0.59,61.78,0.63,232.42
2026-02-03 11:41:29.270,12.96,77.14,READY,9.94,0.57,64.07,0.59,232.42
2026-02-03 11:41:29.397,8.18,122.32,READY,59.88,0.56,59.35,0.54,232.42
2026-02-03 11:41:29.469,14.99,66.72,READY,1.51,0.74,61.71,0.63,232.42
2026-02-03 11:41:29.708,4.27,234.17,READY,60.99,110.06,60.32,0.63,232.42
2026-02-03 11:41:29.788,13.67,73.18,READY,1.29,0.53,68.05,0.55,232.42
2026-02-03 11:41:29.875,12.29,81.34,READY,9.72,0.63,65.59,0.65,232.42
2026-02-03 11:41:30.001,8.25,121.16,READY,55.27,0.61,62.72,0.54,232.42
2026-02-03 11:41:30.071,15.34,65.17,READY,1.65,0.62,60.27,0.70,232.42
2026-02-03 11:41:30.309,4.32,231.63,READY,58.44,109.47,61.13,0.53,232.42
2026-02-03 11:41:30.380,15.47,64.63,READY,1.25,0.58,60.22,0.58,232.42
2026-02-03 11:41:30.465,12.89,77.57,READY,15.57,0.56,59.02,0.53,232.42
2026-02-03 11:41:30.597,7.84,127.56,READY,64.99,0.56,59.46,0.58,232.42
2026-02-03 11:41:30.668,15.28,65.44,READY,2.23,0.55,60.05,0.60,232.42
2026-02-03 11:41:30.908,4.26,234.53,READY,61.18,110.59,60.18,0.60,232.40
2026-02-03 11:41:30.983,14.97,66.79,READY,1.28,0.60,62.27,0.58,232.40
2026-02-03 11:41:31.068,12.36,80.88,READY,15.51,0.62,62.17,0.57,232.40
2026-02-03 11:41:31.199,7.94,125.94,READY,61.75,0.62,60.70,0.57,232.40
2026-02-03 11:41:31.268,15.65,63.91,READY,2.12,0.55,58.49,0.66,232.40
2026-02-03 11:41:31.510,4.26,234.77,READY,59.56,107.72,63.57,2.01,232.52
2026-02-03 11:41:31.583,14.76,67.75,READY,1.61,0.54,61.73,0.60,232.42
2026-02-03 11:41:31.675,11.60,86.19,READY,13.89,0.49,67.89,0.55,232.54
2026-02-03 11:41:31.799,8.46,118.18,READY,54.50,0.56,60.59,0.65,232.54
2026-02-03 11:41:31.869,15.63,63.99,READY,1.33,0.53,59.52,0.63,232.54
2026-02-03 11:41:32.108,4.30,232.41,READY,59.08,110.84,59.89,0.62,232.54
2026-02-03 11:41:32.179,15.73,63.56,READY,1.30,0.58,59.06,0.56,232.54
2026-02-03 11:41:32.271,11.85,84.39,READY,16.15,0.63,65.03,0.54,232.54
2026-02-03 11:41:32.400,8.08,123.75,READY,59.03,0.60,61.47,0.57,232.54
2026-02-03 11:41:32.469,15.68,63.78,READY,1.66,0.63,58.91,0.57,232.54
2026-02-03 11:41:32.731,3.92,255.30,READY,59.11,133.55,59.58,0.60,232.54
2026-02-03 11:41:32.802,15.84,63.11,READY,1.26,0.60,58.56,0.57,232.54
2026-02-03 11:41:32.933,8.12,123.11,READY,61.06,0.56,58.59,0.58,232.54
2026-02-03 11:41:33.070,7.58,131.88,READY,65.66,0.72,62.60,0.67,232.54
2026-02-03 11:41:33.204,7.82,127.91,READY,59.56,0.97,64.38,0.59,232.54
2026-02-03 11:41:33.388,5.57,179.49,READY,2.21,111.96,62.57,0.60,232.52
2026-02-03 11:41:33.462,14.99,66.72,READY,1.40,0.59,61.21,0.94,232.54
2026-02-03 11:41:33.539,14.00,71.41,READY,3.81,0.61,62.71,0.60,232.54
2026-02-03 11:41:33.669,8.06,124.03,READY,58.45,0.57,61.11,0.61,232.54
2026-02-03 11:41:33.802,7.83,127.69,READY,61.14,0.62,63.12,0.54,232.48
2026-02-03 11:41:33.996,5.34,187.39,READY,1.96,113.29,68.15,1.16,232.46
2026-02-03 11:41:34.070,15.08,66.30,READY,1.94,0.57,61.16,0.63,232.46
2026-02-03 11:41:34.201,7.95,125.80,READY,61.25,0.64,61.05,0.72,232.46
2026-02-03 11:41:34.277,13.92,71.82,READY,1.72,0.57,66.17,0.57,232.46
2026-02-03 11:41:34.400,8.46,118.25,READY,53.17,0.56,61.78,0.55,232.46
2026-02-03 11:41:34.589,5.44,183.92,READY,1.81,116.53,62.78,0.60,232.46
2026-02-03 11:41:34.668,14.49,69.00,READY,3.14,0.61,62.39,0.65,232.46
2026-02-03 11:41:34.748,13.38,74.73,READY,4.03,0.62,66.46,0.62,232.48
2026-02-03 11:41:34.870,8.57,116.73,READY,51.25,0.83,61.01,0.61,232.48
2026-02-03 11:41:35.005,7.69,130.03,READY,61.79,0.65,64.85,0.61,232.48
2026-02-03 11:41:35.191,5.53,180.90,READY,1.54,116.65,60.06,0.63,232.48
2026-02-03 11:41:35.263,15.59,64.15,READY,1.47,0.63,59.37,0.69,232.48
2026-02-03 11:41:35.336,15.19,65.85,READY,2.03,0.56,59.44,0.59,232.48
2026-02-03 11:41:35.471,7.69,130.00,READY,62.33,0.54,64.29,0.64,232.48
2026-02-03 11:41:35.603,7.99,125.15,READY,57.33,0.52,64.35,0.67,232.48
2026-02-03 11:41:35.790,5.49,182.19,READY,1.27,117.80,60.06,0.59,232.48
2026-02-03 11:41:35.872,13.63,73.37,READY,1.29,0.70,68.76,0.60,232.48
2026-02-03 11:41:35.944,14.99,66.72,READY,1.54,0.62,61.69,0.63,232.48
2026-02-03 11:41:36.067,8.44,118.50,READY,54.53,0.62,60.71,0.63,232.48
2026-02-03 11:41:36.137,15.40,64.94,READY,2.24,0.61,59.54,0.59,232.48
2026-02-03 11:41:36.379,4.26,235.00,READY,60.14,109.22,60.97,0.67,232.48
2026-02-03 11:41:36.454,14.72,67.92,READY,1.35,0.54,62.91,0.54,232.48
2026-02-03 11:41:36.536,12.90,77.52,READY,12.68,0.56,61.64,0.63,232.48
2026-02-03 11:41:36.666,8.01,124.81,READY,62.26,0.55,59.59,0.53,232.48
2026-02-03 11:41:36.735,15.60,64.08,READY,1.49,0.57,59.40,0.61,232.48
2026-02-03 11:41:36.978,4.24,235.68,READY,61.39,113.00,58.66,0.54,232.48
2026-02-03 11:41:37.051,15.25,65.56,READY,1.40,0.60,60.95,0.64,232.48
2026-02-03 11:41:37.135,12.67,78.91,READY,15.69,0.57,59.22,0.69,232.48
2026-02-03 11:41:37.269,7.78,128.61,READY,63.50,0.60,61.70,0.54,232.48
2026-02-03 11:41:37.336,16.05,62.30,READY,1.59,0.62,57.53,0.53,232.48
2026-02-03 11:41:37.588,4.11,243.02,READY,58.67,119.30,62.32,0.60,232.48
2026-02-03 11:41:37.678,12.02,83.22,READY,1.25,0.57,78.67,0.65,232.48
2026-02-03 11:41:37.765,12.39,80.68,READY,3.28,0.59,72.85,0.62,232.48
2026-02-03 11:41:37.872,9.79,102.19,READY,35.06,0.73,63.07,0.57,232.48
2026-02-03 11:41:37.943,15.06,66.38,READY,1.55,0.65,61.46,0.65,232.48
2026-02-03 11:41:38.179,4.33,230.89,READY,55.69,110.88,61.76,0.59,232.48
2026-02-03 11:41:38.251,15.37,65.06,READY,1.32,0.66,60.49,0.63,232.48
2026-02-03 11:41:38.335,12.92,77.38,READY,13.86,0.61,60.29,0.57,232.48
2026-02-03 11:41:38.471,7.66,130.60,READY,63.67,0.64,63.29,0.71,232.48
2026-02-03 11:41:38.539,15.73,63.57,READY,1.33,0.58,58.41,0.59,232.48
2026-02-03 11:41:38.793,4.08,244.81,READY,55.46,120.43,64.63,0.63,232.44
2026-02-03 11:41:38.871,14.36,69.66,READY,1.36,0.61,65.09,0.62,232.44
2026-02-03 11:41:38.945,14.29,69.96,READY,1.86,0.56,64.66,0.61,232.44
2026-02-03 11:41:39.071,8.29,120.65,READY,53.21,0.57,64.06,0.66,232.44
2026-02-03 11:41:39.142,15.50,64.51,READY,1.30,0.57,59.80,0.62,232.44
2026-02-03 11:41:39.384,4.24,235.73,READY,55.68,109.12,65.33,2.37,232.42
2026-02-03 11:41:39.462,14.18,70.50,READY,1.54,0.63,65.49,0.65,232.42
2026-02-03 11:41:39.542,13.42,74.49,READY,5.29,0.62,64.58,0.55,232.42
2026-02-03 11:41:39.667,8.27,120.88,READY,57.38,0.64,60.24,0.63,232.42
2026-02-03 11:41:39.736,15.67,63.80,READY,1.57,0.61,58.94,0.53,232.42
2026-02-03 11:41:39.987,4.10,243.66,READY,60.55,121.64,58.54,0.75,232.42
2026-02-03 11:41:40.067,13.87,72.11,READY,1.60,0.67,67.07,0.68,232.42
2026-02-03 11:41:40.145,13.80,72.45,READY,1.44,0.57,67.61,0.59,232.42
2026-02-03 11:41:40.270,8.34,119.90,READY,54.03,0.64,62.73,0.56,232.42
2026-02-03 11:41:40.343,14.69,68.09,READY,1.47,0.70,62.89,0.53,232.42
2026-02-03 11:41:40.580,4.31,232.19,READY,55.87,112.96,60.34,0.90,232.42
2026-02-03 11:41:40.660,13.93,71.79,READY,1.72,0.61,66.34,0.77,232.42
2026-02-03 11:41:40.742,12.98,77.06,READY,8.18,0.69,65.50,0.62,232.42
2026-02-03 11:41:40.873,7.95,125.82,READY,57.38,0.66,64.92,0.67,232.42
2026-02-03 11:41:40.947,14.56,68.66,READY,1.68,0.66,63.73,0.59,232.42
2026-02-03 11:41:41.182,4.33,230.76,READY,52.62,110.03,65.28,0.63,232.42
2026-02-03 11:41:41.258,14.56,68.67,READY,1.46,0.59,64.11,0.54,232.42
2026-02-03 11:41:41.341,12.78,78.23,READY,8.96,0.60,66.18,0.55,232.42
2026-02-03 11:41:41.470,8.12,123.19,READY,57.85,0.58,62.14,0.64,232.42
2026-02-03 11:41:41.539,15.44,64.76,READY,1.58,0.61,60.05,0.59,232.42
2026-02-03 11:41:41.781,4.27,234.41,READY,57.86,114.09,59.93,0.56,232.42
2026-02-03 11:41:41.854,15.11,66.19,READY,1.26,0.59,61.66,0.62,232.42
2026-02-03 11:41:41.936,13.14,76.09,READY,12.76,0.64,60.21,0.57,232.42
2026-02-03 11:41:42.070,7.72,129.50,READY,64.27,0.59,61.89,0.58,232.42
2026-02-03 11:41:42.138,15.73,63.56,READY,1.33,0.63,58.56,0.63,232.42
2026-02-03 11:41:42.376,4.36,229.54,READY,57.61,109.35,60.01,0.53,232.54
2026-02-03 11:41:42.448,15.54,64.34,READY,1.48,0.58,59.58,0.63,232.54
2026-02-03 11:41:42.538,11.99,83.37,READY,17.46,0.63,62.65,0.67,232.54
2026-02-03 11:41:42.669,7.94,125.92,READY,61.11,0.60,61.65,0.62,232.54
2026-02-03 11:41:42.750,13.20,75.76,READY,1.61,0.55,70.87,0.67,232.54
2026-02-03 11:41:43.016,3.84,260.23,READY,49.18,144.75,62.37,0.56,232.42
2026-02-03 11:41:43.087,15.58,64.17,READY,1.36,0.65,59.51,0.56,232.42
2026-02-03 11:41:43.205,9.07,110.22,READY,42.01,0.56,63.16,0.57,232.54
2026-02-03 11:41:43.273,15.66,63.85,READY,1.64,0.64,59.12,0.54,232.54
2026-02-03 11:41:43.401,8.32,120.26,READY,55.84,0.58,61.11,0.70,232.54
2026-02-03 11:41:43.586,5.55,180.20,READY,1.69,114.55,61.32,0.61,232.54
2026-02-03 11:41:43.658,15.64,63.93,READY,1.34,0.57,59.40,0.61,232.54
2026-02-03 11:41:43.739,13.45,74.34,READY,7.39,0.61,63.76,0.62,232.54
2026-02-03 11:41:43.869,8.03,124.58,READY,60.27,0.55,60.91,0.60,232.54
2026-02-03 11:41:43.940,15.15,65.99,READY,1.71,0.61,60.72,0.65,232.54
2026-02-03 11:41:44.181,4.24,235.70,READY,59.95,113.77,59.26,0.57,232.54
2026-02-03 11:41:44.256,14.85,67.32,READY,1.43,0.55,62.03,0.65,232.54
2026-02-03 11:41:44.339,12.71,78.67,READY,11.96,0.59,63.46,0.61,232.54
2026-02-03 11:41:44.471,7.91,126.48,READY,60.52,0.59,62.55,0.63,232.54
2026-02-03 11:41:44.540,15.43,64.79,READY,1.52,0.59,60.02,0.59,232.54
2026-02-03 11:41:44.786,4.17,239.87,READY,58.33,118.46,60.12,0.59,232.54
2026-02-03 11:41:44.865,13.82,72.34,READY,1.77,0.58,66.11,0.54,232.54
2026-02-03 11:41:44.935,15.35,65.15,READY,2.57,0.56,59.44,0.54,232.54
2026-02-03 11:41:45.072,7.62,131.20,READY,63.45,0.56,64.58,0.57,232.54
2026-02-03 11:41:45.142,15.52,64.44,READY,1.53,0.57,59.78,0.55,232.54
2026-02-03 11:41:45.381,4.30,232.29,READY,56.19,110.49,63.00,0.56,232.54
2026-02-03 11:41:45.452,15.68,63.78,READY,1.28,0.62,58.98,0.64,232.54
2026-02-03 11:41:45.537,12.87,77.72,READY,13.27,0.58,60.86,0.60,232.54
2026-02-03 11:41:45.676,7.44,134.40,READY,64.35,0.64,65.29,0.56,232.54
2026-02-03 11:41:45.750,14.92,67.03,READY,3.17,0.62,60.63,0.57,232.54
2026-02-03 11:41:45.981,4.42,226.42,READY,50.19,113.16,59.70,0.58,232.54
2026-02-03 11:41:46.054,15.23,65.67,READY,1.27,0.61,61.12,0.67,232.54
2026-02-03 11:41:46.137,12.98,77.04,READY,13.15,0.55,60.81,0.55,232.54
2026-02-03 11:41:46.268,7.89,126.78,READY,63.18,0.55,60.38,0.65,232.54
2026-02-03 11:41:46.338,15.41,64.90,READY,1.61,0.56,60.11,0.58,232.54
2026-02-03 11:41:46.584,4.17,239.96,READY,60.35,113.82,62.82,0.59,232.52
2026-02-03 11:41:46.661,14.64,68.28,READY,2.17,0.62,62.88,0.63,232.54
2026-02-03 11:41:46.737,14.02,71.31,READY,6.74,0.59,61.36,0.55,232.54
2026-02-03 11:41:46.870,7.81,128.03,READY,62.51,0.60,62.29,0.61,232.54
2026-02-03 11:41:46.939,15.64,63.92,READY,1.70,0.61,58.91,0.61,232.54
2026-02-03 11:41:47.178,4.32,231.70,READY,58.28,110.71,59.98,0.60,232.54
2026-02-03 11:41:47.256,14.20,70.45,READY,1.41,0.53,65.06,0.72,232.42
2026-02-03 11:41:47.342,12.47,80.16,READY,12.12,0.58,64.61,0.61,232.36
2026-02-03 11:41:47.475,7.76,128.87,READY,58.62,0.55,63.54,0.56,232.48
2026-02-03 11:41:47.544,15.87,63.02,READY,2.06,0.56,57.93,0.60,232.48
2026-02-03 11:41:47.778,4.46,224.39,READY,50.97,110.13,60.53,0.76,232.48
2026-02-03 11:41:47.852,15.50,64.53,READY,1.54,0.59,59.70,0.60,232.48
2026-02-03 11:41:47.950,10.96,91.24,READY,14.36,0.58,72.77,0.63,232.48
2026-02-03 11:41:48.079,8.08,123.73,READY,50.00,0.72,69.65,0.60,232.36
2026-02-03 11:41:48.149,15.38,65.02,READY,1.78,0.63,60.07,0.56,232.36
2026-02-03 11:41:48.394,4.19,238.42,READY,49.80,122.56,60.17,0.55,232.36
2026-02-03 11:41:48.463,15.50,64.52,READY,1.48,0.53,59.55,0.59,232.36
2026-02-03 11:41:48.535,15.31,65.31,READY,2.93,0.55,59.14,0.61,232.36
2026-02-03 11:41:48.669,7.89,126.71,READY,62.51,0.57,60.38,1.13,232.36
2026-02-03 11:41:48.751,13.00,76.92,READY,3.57,0.56,69.46,0.59,232.34
2026-02-03 11:41:48.993,4.26,234.64,READY,47.59,120.08,59.98,0.59,232.34
2026-02-03 11:41:49.069,14.90,67.13,READY,1.35,0.60,62.00,0.66,232.34
2026-02-03 11:41:49.141,15.24,65.60,READY,1.39,0.64,61.03,0.53,232.34
2026-02-03 11:41:49.271,8.04,124.44,READY,58.78,0.61,62.09,0.57,232.34
2026-02-03 11:41:49.340,15.59,64.13,READY,1.61,0.61,59.30,0.53,232.34
2026-02-03 11:41:49.577,4.41,226.69,READY,55.05,109.10,59.78,0.54,232.34
2026-02-03 11:41:49.649,15.32,65.27,READY,1.24,0.59,60.89,0.54,232.34
2026-02-03 11:41:49.742,11.59,86.29,READY,17.82,0.61,65.18,0.59,232.34
2026-02-03 11:41:49.875,7.86,127.17,READY,58.47,0.61,65.48,0.62,232.46
2026-02-03 11:41:49.943,15.86,63.03,READY,1.56,0.57,58.23,0.63,232.46
2026-02-03 11:41:50.175,4.47,223.57,READY,54.26,108.86,57.77,0.60,232.46
2026-02-03 11:41:50.248,15.04,66.47,READY,1.33,0.61,61.89,0.63,232.46
2026-02-03 11:41:50.340,11.49,87.01,READY,20.93,0.89,62.18,0.72,232.46
2026-02-03 11:41:50.470,8.04,124.43,READY,60.18,0.62,60.97,0.62,232.46
2026-02-03 11:41:50.538,15.70,63.71,READY,2.15,0.58,58.34,0.58,232.46
2026-02-03 11:41:50.777,4.33,231.07,READY,59.65,108.74,60.01,0.58,232.46
2026-02-03 11:41:50.847,15.27,65.47,READY,1.50,0.56,60.87,0.58,232.46
2026-02-03 11:41:50.942,11.26,88.81,READY,20.54,0.59,64.96,0.55,232.46
2026-02-03 11:41:51.068,8.26,121.11,READY,58.69,0.56,59.32,0.54,232.46
2026-02-03 11:41:51.136,15.89,62.93,READY,1.54,0.58,58.23,0.62,232.46
2026-02-03 11:41:51.379,4.26,234.58,READY,61.29,108.24,62.06,0.98,232.46
2026-02-03 11:41:51.447,15.77,63.41,READY,1.62,0.62,58.55,0.59,232.46
2026-02-03 11:41:51.537,12.11,82.57,READY,19.00,0.72,60.00,0.56,232.46
2026-02-03 11:41:51.669,7.88,126.93,READY,63.36,0.60,58.53,0.63,232.46
2026-02-03 11:41:51.737,16.07,62.23,READY,1.51,0.62,57.45,0.62,232.46
2026-02-03 11:41:51.976,4.33,230.98,READY,59.97,108.97,58.96,0.67,232.46
2026-02-03 11:41:52.047,15.79,63.34,READY,1.32,0.59,58.89,0.56,232.46
2026-02-03 11:41:52.141,11.67,85.69,READY,18.53,0.76,63.55,0.58,232.46
2026-02-03 11:41:52.268,8.20,121.90,READY,59.74,0.56,59.02,0.57,232.46
2026-02-03 11:41:52.339,15.13,66.10,READY,1.53,0.58,61.41,0.58,232.46
2026-02-03 11:41:52.524,5.56,179.99,READY,1.56,115.83,59.96,0.62,232.46
2026-02-03 11:41:52.596,15.37,65.08,READY,1.32,0.66,60.59,0.56,232.46
2026-02-03 11:41:52.671,14.61,68.45,READY,4.16,0.61,60.47,0.56,232.46
2026-02-03 11:41:52.739,15.74,63.54,READY,1.60,0.62,58.69,0.59,232.46
2026-02-03 11:41:52.870,8.09,123.67,READY,58.98,0.60,61.51,0.60,232.46
2026-02-03 11:41:53.067,5.23,191.34,READY,1.77,110.52,76.00,0.71,232.44
2026-02-03 11:41:53.157,12.13,82.47,READY,2.00,0.65,76.60,0.92,232.36
2026-02-03 11:41:53.228,15.14,66.03,READY,1.52,0.61,60.43,0.61,232.36
2026-02-03 11:41:53.344,9.05,110.47,READY,40.29,0.52,66.94,0.54,232.36
2026-02-03 11:41:53.414,15.45,64.74,READY,1.77,0.60,59.30,0.91,232.36
2026-02-03 11:41:53.647,4.40,227.07,READY,53.60,110.93,60.04,0.50,232.36
2026-02-03 11:41:53.718,15.15,65.99,READY,2.19,0.64,59.72,1.65,232.36
2026-02-03 11:41:53.809,11.63,85.96,READY,18.42,0.63,64.19,0.63,232.36
2026-02-03 11:41:53.943,7.75,129.04,READY,60.58,0.59,65.21,0.67,232.42
2026-02-03 11:41:54.013,15.43,64.83,READY,1.52,0.61,59.98,0.67,232.42
2026-02-03 11:41:54.259,4.18,239.22,READY,54.18,115.04,66.88,0.53,232.40
2026-02-03 11:41:54.338,14.13,70.79,READY,2.15,0.57,64.88,0.61,232.40
2026-02-03 11:41:54.407,15.66,63.87,READY,1.64,0.58,58.71,0.61,232.40
2026-02-03 11:41:54.536,8.19,122.14,READY,59.75,0.56,59.14,0.62,232.40
2026-02-03 11:41:54.606,15.44,64.76,READY,1.52,0.54,60.06,0.59,232.40
2026-02-03 11:41:54.855,4.13,242.08,READY,61.29,117.61,60.55,0.60,232.40
2026-02-03 11:41:54.927,15.32,65.25,READY,1.46,0.55,60.64,0.56,232.52
2026-02-03 11:41:55.009,13.30,75.21,READY,8.52,0.56,63.51,0.54,232.52
2026-02-03 11:41:55.137,8.08,123.71,READY,60.43,0.61,60.06,0.58,232.52
2026-02-03 11:41:55.209,15.07,66.38,READY,1.60,0.59,61.61,0.54,232.52
2026-02-03 11:41:55.447,4.28,233.60,READY,60.49,110.73,59.75,0.60,232.52
2026-02-03 11:41:55.519,15.51,64.49,READY,1.32,0.56,60.02,0.67,232.52
2026-02-03 11:41:55.605,12.89,77.56,READY,15.00,0.57,59.40,0.68,232.52
2026-02-03 11:41:55.738,7.80,128.16,READY,64.69,0.57,60.25,0.60,232.52
2026-02-03 11:41:55.805,15.93,62.77,READY,1.58,0.60,58.04,0.64,232.52
2026-02-03 11:41:56.044,4.34,230.16,READY,60.13,107.88,59.40,0.54,232.52
2026-02-03 11:41:56.117,15.29,65.42,READY,1.36,0.59,60.89,0.51,232.52
2026-02-03 11:41:56.216,10.66,93.79,READY,21.24,0.73,66.71,0.57,232.52
2026-02-03 11:41:56.339,8.67,115.39,READY,50.96,0.62,60.89,0.64,232.52
2026-02-03 11:41:56.409,15.25,65.59,READY,1.58,0.61,60.28,0.70,232.52
2026-02-03 11:41:56.655,4.16,240.42,READY,59.31,116.57,61.83,0.57,232.52
2026-02-03 11:41:56.729,14.99,66.73,READY,1.26,0.58,62.28,0.65,232.52
2026-02-03 11:41:56.813,12.75,78.41,READY,7.92,0.54,67.31,0.72,232.52
2026-02-03 11:41:56.942,8.06,124.02,READY,56.70,0.57,64.23,0.58,232.52
2026-02-03 11:41:57.013,14.95,66.89,READY,1.67,0.67,62.00,0.60,232.52
2026-02-03 11:41:57.246,4.39,227.71,READY,55.89,108.94,60.31,0.61,232.52
2026-02-03 11:41:57.319,15.17,65.92,READY,1.39,0.63,61.35,0.60,232.52
2026-02-03 11:41:57.405,12.41,80.57,READY,17.62,0.62,59.29,1.09,232.52
2026-02-03 11:41:57.542,7.80,128.27,READY,60.29,0.64,64.81,0.63,232.52
2026-02-03 11:41:57.611,15.66,63.87,READY,1.51,0.61,59.20,0.58,232.52
2026-02-03 11:41:57.852,4.28,233.64,READY,55.90,114.05,61.08,0.57,232.52
2026-02-03 11:41:57.921,15.69,63.72,READY,1.56,0.58,59.01,0.60,232.52
2026-02-03 11:41:58.006,12.88,77.63,READY,13.77,0.57,60.71,0.66,232.52
2026-02-03 11:41:58.151,7.12,140.44,READY,64.20,0.57,72.28,0.64,232.52
2026-02-03 11:41:58.245,11.49,87.05,READY,2.28,0.74,80.84,0.58,232.52
2026-02-03 11:41:58.450,4.99,200.51,READY,25.36,111.98,59.91,0.55,232.52
2026-02-03 11:41:58.521,15.73,63.58,READY,1.38,0.64,58.98,0.60,232.52
2026-02-03 11:41:58.607,12.77,78.34,READY,14.02,0.61,61.13,0.55,232.52
2026-02-03 11:41:58.742,7.74,129.18,READY,61.34,0.62,64.42,0.79,232.52
2026-02-03 11:41:58.815,14.82,67.49,READY,2.04,0.62,62.22,0.62,232.52
2026-02-03 11:41:59.049,4.36,229.35,READY,54.59,112.84,59.31,0.60,232.52
2026-02-03 11:41:59.118,15.61,64.08,READY,1.58,0.58,59.37,0.62,232.52
2026-02-03 11:41:59.210,11.87,84.23,READY,16.97,0.62,64.01,0.62,232.52
2026-02-03 11:41:59.340,7.98,125.33,READY,59.88,0.68,62.10,0.56,232.52
2026-02-03 11:41:59.409,15.72,63.63,READY,1.52,0.57,58.99,0.60,232.52
2026-02-03 11:41:59.646,4.35,230.00,READY,58.48,108.15,60.90,0.57,232.52
2026-02-03 11:41:59.719,15.15,65.99,READY,1.43,0.65,61.35,0.60,232.52
2026-02-03 11:41:59.809,11.84,84.47,READY,17.95,0.62,63.26,0.62,232.52
2026-02-03 11:41:59.938,8.09,123.66,READY,60.56,0.58,59.90,0.67,232.52
2026-02-03 11:42:00.006,15.70,63.69,READY,1.60,0.63,58.90,0.60,232.52
2026-02-03 11:42:00.245,4.33,230.79,READY,60.77,107.78,59.66,0.58,232.52
2026-02-03 11:42:00.317,15.40,64.94,READY,1.26,0.58,60.46,0.62,232.52
2026-02-03 11:42:00.407,11.89,84.09,READY,20.29,0.66,60.33,0.58,232.52
2026-02-03 11:42:00.538,7.94,125.94,READY,62.48,0.58,60.19,0.64,232.52
2026-02-03 11:42:00.609,15.13,66.10,READY,1.70,0.56,61.26,0.57,232.52
2026-02-03 11:42:00.858,4.11,243.28,READY,60.29,119.24,60.79,0.74,232.52
2026-02-03 11:42:00.936,14.11,70.86,READY,1.52,0.64,65.40,0.62,232.52
2026-02-03 11:42:01.012,14.23,70.26,READY,1.65,0.60,64.65,0.67,232.40
2026-02-03 11:42:01.139,8.18,122.23,READY,58.16,0.60,60.96,0.58,232.40
2026-02-03 11:42:01.209,15.26,65.54,READY,1.64,0.62,60.64,0.59,232.40
2026-02-03 11:42:01.447,4.31,231.93,READY,59.94,108.71,60.45,0.62,232.40
2026-02-03 11:42:01.518,15.57,64.24,READY,1.26,0.60,59.81,0.63,232.40
2026-02-03 11:42:01.610,11.87,84.21,READY,17.37,0.59,63.68,0.60,232.40
2026-02-03 11:42:01.738,8.10,123.45,READY,60.33,0.56,59.98,0.63,232.40
2026-02-03 11:42:01.811,14.65,68.25,READY,1.72,0.55,63.35,0.63,232.40
2026-02-03 11:42:02.062,4.07,245.70,READY,58.87,118.80,65.49,0.58,232.48
2026-02-03 11:42:02.141,14.07,71.06,READY,1.32,0.60,65.86,1.38,232.48
2026-02-03 11:42:02.216,14.68,68.13,READY,2.53,0.60,62.38,0.58,232.50
2026-02-03 11:42:02.341,8.36,119.64,READY,53.36,0.60,61.19,0.58,232.50
2026-02-03 11:42:02.413,15.33,65.23,READY,1.29,0.60,60.61,0.60,232.50
2026-02-03 11:42:02.653,4.31,232.27,READY,54.46,109.84,65.08,0.51,232.48
2026-02-03 11:42:02.731,14.46,69.17,READY,1.81,0.56,64.24,0.66,232.54
2026-02-03 11:42:02.814,12.80,78.13,READY,7.63,0.58,67.29,0.59,232.54
2026-02-03 11:42:02.938,8.38,119.39,READY,56.32,0.57,59.88,0.60,232.54
2026-02-03 11:42:03.011,14.83,67.41,READY,3.36,0.66,60.96,0.62,232.54
2026-02-03 11:42:03.258,4.12,242.87,READY,59.50,107.97,72.57,0.69,232.54
2026-02-03 11:42:03.348,12.38,80.78,READY,1.43,0.67,75.65,0.63,232.54
2026-02-03 11:42:03.417,15.71,63.64,READY,1.77,0.61,58.51,0.58,232.54
2026-02-03 11:42:03.537,8.82,113.37,READY,50.96,0.63,59.15,0.61,232.54
2026-02-03 11:42:03.611,14.55,68.73,READY,1.49,0.63,63.97,0.63,232.54
2026-02-03 11:42:03.853,4.21,237.40,READY,59.39,115.84,59.52,0.62,232.54
2026-02-03 11:42:03.941,12.41,80.56,READY,1.34,0.60,76.05,0.68,232.54
2026-02-03 11:42:04.034,12.18,82.09,READY,3.64,1.18,73.20,1.08,232.54
2026-02-03 11:42:04.153,9.09,110.01,READY,32.65,0.91,71.14,1.04,232.56
2026-02-03 11:42:04.230,13.82,72.35,READY,1.45,0.57,67.69,0.69,232.56
2026-02-03 11:42:04.456,4.52,221.04,READY,40.28,114.97,63.21,0.60,232.54
2026-02-03 11:42:04.535,14.02,71.34,READY,1.27,0.86,66.09,0.60,232.54
2026-02-03 11:42:04.609,14.71,67.98,READY,2.51,0.51,60.83,0.62,232.54
2026-02-03 11:42:04.738,8.02,124.62,READY,61.63,0.80,59.00,0.64,232.56
2026-02-03 11:42:04.807,15.65,63.89,READY,1.48,0.58,59.31,0.55,232.56
2026-02-03 11:42:05.051,4.22,236.92,READY,60.90,108.56,62.89,1.06,232.54
2026-02-03 11:42:05.126,14.82,67.50,READY,2.03,0.55,62.29,0.66,232.54
2026-02-03 11:42:05.211,12.63,79.18,READY,12.08,0.56,63.90,0.64,232.54
2026-02-03 11:42:05.353,7.53,132.79,READY,56.39,1.42,70.38,0.59,232.54
2026-02-03 11:42:05.435,12.88,77.67,READY,1.58,1.41,71.13,1.26,232.54
2026-02-03 11:42:05.670,4.41,226.83,READY,32.58,129.96,60.82,0.66,232.54
2026-02-03 11:42:05.741,15.15,66.00,READY,2.15,0.59,60.32,0.56,232.54
2026-02-03 11:42:05.810,15.72,63.60,READY,1.48,0.64,58.86,0.64,232.54
2026-02-03 11:42:05.947,7.78,128.53,READY,58.06,0.53,67.10,0.68,232.54
2026-02-03 11:42:06.037,12.30,81.27,READY,1.47,0.57,75.40,0.53,232.44
2026-02-03 11:42:06.257,4.64,215.30,READY,34.82,112.22,64.59,0.60,232.44
2026-02-03 11:42:06.338,13.84,72.26,READY,1.71,0.59,67.48,0.63,232.44
2026-02-03 11:42:06.423,12.51,79.91,READY,2.99,2.37,70.47,0.66,232.44
2026-02-03 11:42:06.557,7.71,129.76,READY,47.96,0.50,78.00,0.57,232.44
2026-02-03 11:42:06.652,11.62,86.03,READY,4.88,1.02,76.23,0.60,232.44
2026-02-03 11:42:06.916,3.92,255.12,READY,15.66,143.74,90.63,0.60,232.44
2026-02-03 11:42:07.021,11.10,90.10,READY,2.48,0.62,79.63,3.60,232.44
2026-02-03 11:42:07.112,12.23,81.80,READY,2.25,0.59,75.26,1.16,232.44
2026-02-03 11:42:07.235,9.36,106.80,READY,18.14,0.70,79.55,1.35,232.48
2026-02-03 11:42:07.348,9.96,100.40,READY,28.88,0.60,67.76,0.63,232.48
2026-02-03 11:42:07.574,4.58,218.34,READY,3.92,133.36,77.74,0.57,232.48
2026-02-03 11:42:07.675,11.54,86.62,READY,5.79,0.98,74.68,1.19,232.58
2026-02-03 11:42:07.775,11.88,84.21,READY,4.09,1.39,74.12,0.91,232.58
2026-02-03 11:42:07.883,9.84,101.61,READY,34.98,1.06,61.89,0.65,232.60
2026-02-03 11:42:08.005,8.54,117.05,READY,56.27,0.56,57.60,0.61,232.60
2026-02-03 11:42:08.249,4.18,239.00,READY,65.73,113.55,57.18,0.54,232.60
2026-02-03 11:42:08.354,10.29,97.17,READY,3.29,1.89,87.22,0.66,232.60
2026-02-03 11:42:08.443,11.93,83.82,READY,2.65,0.97,75.54,0.65,232.60
